0.00.538.273 W model has unused tensor blk.64.attn_norm.weight (size = 20480 bytes) -- ignoring
0.00.538.280 W model has unused tensor blk.64.post_attention_norm.weight (size = 20480 bytes) -- ignoring
0.00.538.282 W model has unused tensor blk.64.attn_q.weight (size = 43253760 bytes) -- ignoring
0.00.538.284 W model has unused tensor blk.64.attn_k.weight (size = 3604480 bytes) -- ignoring
0.00.538.285 W model has unused tensor blk.64.attn_v.weight (size = 3604480 bytes) -- ignoring
0.00.538.289 W model has unused tensor blk.64.attn_output.weight (size = 21626880 bytes) -- ignoring
0.00.538.290 W model has unused tensor blk.64.attn_q_norm.weight (size = 1024 bytes) -- ignoring
0.00.538.292 W model has unused tensor blk.64.attn_k_norm.weight (size = 1024 bytes) -- ignoring
0.00.538.293 W model has unused tensor blk.64.ffn_gate.weight (size = 61276160 bytes) -- ignoring
0.00.538.294 W model has unused tensor blk.64.ffn_down.weight (size = 61276160 bytes) -- ignoring
0.00.538.296 W model has unused tensor blk.64.ffn_up.weight (size = 61276160 bytes) -- ignoring
0.00.538.298 W model has unused tensor blk.64.nextn.eh_proj.weight (size = 36044800 bytes) -- ignoring
0.00.538.300 W model has unused tensor blk.64.nextn.enorm.weight (size = 20480 bytes) -- ignoring
0.00.538.301 W model has unused tensor blk.64.nextn.hnorm.weight (size = 20480 bytes) -- ignoring
0.00.538.305 W model has unused tensor blk.64.nextn.shared_head_norm.weight (size = 20480 bytes) -- ignoring
0.03.420.728 I 
0.03.420.803 I system_info: n_threads = 16 (n_threads_batch = 16) / 32 | CUDA : ARCHS = 1200 | USE_GRAPHS = 1 | BLACKWELL_NATIVE_FP4 = 1 | CPU : SSE3 = 1 | SSSE3 = 1 | AVX = 1 | AVX_VNNI = 1 | AVX2 = 1 | F16C = 1 | FMA = 1 | BMI2 = 1 | AVX512 = 1 | AVX512_VBMI = 1 | AVX512_VNNI = 1 | AVX512_BF16 = 1 | LLAMAFILE = 1 | OPENMP = 1 | REPACK = 1 | 
0.03.425.106 I hellaswag_score : loaded 10042 tasks from prompt.
0.03.425.109 I ================================= is_spm = 0
0.03.425.110 I hellaswag_score : selecting 10042 randomized tasks.
0.06.084.609 I hellaswag_score : calculating hellaswag score over selected tasks.

task	acc_norm	95% confidence interval
1	100.00000000%	[20.6549%, 100.0000%]
2	100.00000000%	[34.2380%, 100.0000%]
3	100.00000000%	[43.8503%, 100.0000%]
4	100.00000000%	[51.0109%, 100.0000%]
5	100.00000000%	[56.5518%, 100.0000%]
6	100.00000000%	[60.9666%, 100.0000%]
7	100.00000000%	[64.5670%, 100.0000%]
8	87.50000000%	[52.9112%, 97.7583%]
9	77.77777778%	[45.2589%, 93.6775%]
10	70.00000000%	[39.6778%, 89.2209%]
11	63.63636364%	[35.3801%, 84.8335%]
12	66.66666667%	[39.0622%, 86.1880%]
13	61.53846154%	[35.5229%, 82.2903%]
14	57.14285714%	[32.5906%, 78.6192%]
15	60.00000000%	[35.7468%, 80.1755%]
16	62.50000000%	[38.6410%, 81.5188%]
17	64.70588235%	[41.3004%, 82.6903%]
18	66.66666667%	[43.7495%, 83.7212%]
19	68.42105263%	[46.0104%, 84.6356%]
20	70.00000000%	[48.1027%, 85.4523%]
21	71.42857143%	[50.0436%, 86.1861%]
22	72.72727273%	[51.8483%, 86.8492%]
23	73.91304348%	[53.5300%, 87.4514%]
24	75.00000000%	[55.1006%, 88.0006%]
25	72.00000000%	[52.4234%, 85.7161%]
26	73.07692308%	[53.9170%, 86.2956%]
27	74.07407407%	[55.3214%, 86.8296%]
28	71.42857143%	[52.9407%, 84.7460%]
29	72.41379310%	[54.2829%, 85.3012%]
30	73.33333333%	[55.5520%, 85.8173%]
31	74.19354839%	[56.7539%, 86.2983%]
32	75.00000000%	[57.8934%, 86.7476%]
33	75.75757576%	[58.9754%, 87.1683%]
34	76.47058824%	[60.0039%, 87.5630%]
35	77.14285714%	[60.9827%, 87.9341%]
36	77.77777778%	[61.9153%, 88.2837%]
37	78.37837838%	[62.8049%, 88.6135%]
38	78.94736842%	[63.6542%, 88.9252%]
39	79.48717949%	[64.4660%, 89.2203%]
40	80.00000000%	[65.2427%, 89.5000%]
41	80.48780488%	[65.9864%, 89.7656%]
42	80.95238095%	[66.6992%, 90.0180%]
43	81.39534884%	[67.3830%, 90.2582%]
44	81.81818182%	[68.0394%, 90.4872%]
45	82.22222222%	[68.6702%, 90.7056%]
46	82.60869565%	[69.2766%, 90.9142%]
47	82.97872340%	[69.8602%, 91.1136%]
48	83.33333333%	[70.4222%, 91.3045%]
49	83.67346939%	[70.9637%, 91.4873%]
50	84.00000000%	[71.4858%, 91.6626%]
51	84.31372549%	[71.9896%, 91.8308%]
52	84.61538462%	[72.4759%, 91.9923%]
53	84.90566038%	[72.9458%, 92.1476%]
54	83.33333333%	[71.2635%, 90.9756%]
55	83.63636364%	[71.7363%, 91.1446%]
56	82.14285714%	[70.1588%, 90.0001%]
57	82.45614035%	[70.6326%, 90.1811%]
58	82.75862069%	[71.0917%, 90.3557%]
59	83.05084746%	[71.5368%, 90.5242%]
60	83.33333333%	[71.9684%, 90.6868%]
61	83.60655738%	[72.3872%, 90.8440%]
62	83.87096774%	[72.7937%, 90.9959%]
63	84.12698413%	[73.1884%, 91.1429%]
64	84.37500000%	[73.5719%, 91.2852%]
65	84.61538462%	[73.9447%, 91.4229%]
66	84.84848485%	[74.3071%, 91.5564%]
67	85.07462687%	[74.6596%, 91.6857%]
68	85.29411765%	[75.0026%, 91.8112%]
69	85.50724638%	[75.3365%, 91.9329%]
70	84.28571429%	[74.0118%, 90.9924%]
71	84.50704225%	[74.3490%, 91.1227%]
72	84.72222222%	[74.6777%, 91.2493%]
73	84.93150685%	[74.9981%, 91.3723%]
74	85.13513514%	[75.3105%, 91.4919%]
75	84.00000000%	[74.0833%, 90.6035%]
76	84.21052632%	[74.3986%, 90.7305%]
77	83.11688312%	[73.2271%, 89.8593%]
78	83.33333333%	[73.5444%, 89.9931%]
79	83.54430380%	[73.8543%, 90.1233%]
80	83.75000000%	[74.1571%, 90.2502%]
81	83.95061728%	[74.4530%, 90.3738%]
82	84.14634146%	[74.7421%, 90.4944%]
83	83.13253012%	[73.6559%, 89.6779%]
84	83.33333333%	[73.9470%, 89.8043%]
85	82.35294118%	[72.9044%, 89.0036%]
86	82.55813953%	[73.1968%, 89.1352%]
87	82.75862069%	[73.4830%, 89.2637%]
88	82.95454545%	[73.7631%, 89.3892%]
89	83.14606742%	[74.0374%, 89.5117%]
90	83.33333333%	[74.3061%, 89.6315%]
91	83.51648352%	[74.5693%, 89.7486%]
92	83.69565217%	[74.8272%, 89.8630%]
93	83.87096774%	[75.0799%, 89.9749%]
94	84.04255319%	[75.3276%, 90.0844%]
95	84.21052632%	[75.5704%, 90.1915%]
96	84.37500000%	[75.8085%, 90.2963%]
97	84.53608247%	[76.0420%, 90.3989%]
98	83.67346939%	[75.1134%, 89.6932%]
99	83.83838384%	[75.3488%, 89.8001%]
100	83.00000000%	[74.4520%, 89.1064%]
101	83.16831683%	[74.6888%, 89.2172%]
102	82.35294118%	[73.8217%, 88.5357%]
103	82.52427184%	[74.0596%, 88.6501%]
104	82.69230769%	[74.2933%, 88.7623%]
105	82.85714286%	[74.5227%, 88.8722%]
106	83.01886792%	[74.7482%, 88.9800%]
107	83.17757009%	[74.9697%, 89.0858%]
108	83.33333333%	[75.1873%, 89.1895%]
109	83.48623853%	[75.4012%, 89.2913%]
110	83.63636364%	[75.6115%, 89.3912%]
111	83.78378378%	[75.8182%, 89.4892%]
112	83.92857143%	[76.0214%, 89.5855%]
113	84.07079646%	[76.2213%, 89.6800%]
114	83.33333333%	[75.4308%, 89.0626%]
115	83.47826087%	[75.6320%, 89.1602%]
116	83.62068966%	[75.8300%, 89.2560%]
117	83.76068376%	[76.0247%, 89.3502%]
118	83.05084746%	[75.2659%, 88.7517%]
119	83.19327731%	[75.4619%, 88.8487%]
120	82.50000000%	[74.7243%, 88.2595%]
121	82.64462810%	[74.9212%, 88.3591%]
122	82.78688525%	[75.1150%, 88.4570%]
123	82.92682927%	[75.3059%, 88.5533%]
124	83.06451613%	[75.4939%, 88.6480%]
125	83.20000000%	[75.6791%, 88.7412%]
126	83.33333333%	[75.8615%, 88.8328%]
127	83.46456693%	[76.0412%, 88.9230%]
128	82.81250000%	[75.3460%, 88.3669%]
129	82.94573643%	[75.5267%, 88.4594%]
130	83.07692308%	[75.7047%, 88.5504%]
131	83.20610687%	[75.8802%, 88.6401%]
132	82.57575758%	[75.2096%, 88.0995%]
133	82.70676692%	[75.3860%, 88.1913%]
134	82.08955224%	[74.7320%, 87.6585%]
135	82.22222222%	[74.9090%, 87.7524%]
136	82.35294118%	[75.0836%, 87.8448%]
137	82.48175182%	[75.2558%, 87.9358%]
138	82.60869565%	[75.4256%, 88.0255%]
139	82.73381295%	[75.5932%, 88.1138%]
140	82.85714286%	[75.7584%, 88.2009%]
141	82.26950355%	[75.1352%, 87.6921%]
142	82.39436620%	[75.3012%, 87.7810%]
143	82.51748252%	[75.4649%, 87.8687%]
144	82.63888889%	[75.6266%, 87.9551%]
145	82.75862069%	[75.7861%, 88.0402%]
146	82.87671233%	[75.9435%, 88.1242%]
147	82.99319728%	[76.0989%, 88.2070%]
148	83.10810811%	[76.2524%, 88.2886%]
149	83.22147651%	[76.4039%, 88.3692%]
150	83.33333333%	[76.5534%, 88.4486%]
151	82.78145695%	[75.9662%, 87.9701%]
152	82.89473684%	[76.1165%, 88.0512%]
153	83.00653595%	[76.2650%, 88.1313%]
154	82.46753247%	[75.6930%, 87.6617%]
155	82.58064516%	[75.8421%, 87.7433%]
156	82.69230769%	[75.9894%, 87.8238%]
157	82.80254777%	[76.1349%, 87.9033%]
158	82.91139241%	[76.2787%, 87.9817%]
159	83.01886792%	[76.4207%, 88.0591%]
160	83.12500000%	[76.5611%, 88.1356%]
161	83.22981366%	[76.6998%, 88.2110%]
162	83.33333333%	[76.8369%, 88.2855%]
163	83.43558282%	[76.9724%, 88.3591%]
164	83.53658537%	[77.1063%, 88.4317%]
165	83.63636364%	[77.2387%, 88.5035%]
166	83.73493976%	[77.3695%, 88.5743%]
167	83.83233533%	[77.4989%, 88.6443%]
168	83.92857143%	[77.6268%, 88.7134%]
169	84.02366864%	[77.7532%, 88.7817%]
170	84.11764706%	[77.8783%, 88.8492%]
171	84.21052632%	[78.0019%, 88.9159%]
172	84.30232558%	[78.1242%, 88.9817%]
173	84.39306358%	[78.2451%, 89.0468%]
174	84.48275862%	[78.3647%, 89.1112%]
175	84.57142857%	[78.4830%, 89.1747%]
176	84.65909091%	[78.6000%, 89.2376%]
177	84.74576271%	[78.7157%, 89.2997%]
178	84.83146067%	[78.8302%, 89.3611%]
179	84.91620112%	[78.9435%, 89.4218%]
180	85.00000000%	[79.0555%, 89.4818%]
181	85.08287293%	[79.1664%, 89.5411%]
182	85.16483516%	[79.2761%, 89.5998%]
183	85.24590164%	[79.3847%, 89.6578%]
184	85.32608696%	[79.4922%, 89.7151%]
185	85.40540541%	[79.5985%, 89.7719%]
186	85.48387097%	[79.7037%, 89.8280%]
187	85.02673797%	[79.2105%, 89.4328%]
188	85.10638298%	[79.3166%, 89.4902%]
189	85.18518519%	[79.4216%, 89.5470%]
190	85.26315789%	[79.5256%, 89.6031%]
191	85.34031414%	[79.6285%, 89.6586%]
192	85.41666667%	[79.7303%, 89.7136%]
193	84.97409326%	[79.2534%, 89.3298%]
194	85.05154639%	[79.3560%, 89.3859%]
195	85.12820513%	[79.4577%, 89.4414%]
196	85.20408163%	[79.5583%, 89.4964%]
197	85.27918782%	[79.6580%, 89.5508%]
198	84.84848485%	[79.1945%, 89.1760%]
199	84.92462312%	[79.2950%, 89.2315%]
200	84.50000000%	[78.8393%, 88.8604%]
201	84.57711443%	[78.9404%, 88.9169%]
202	84.65346535%	[79.0406%, 88.9729%]
203	84.72906404%	[79.1398%, 89.0284%]
204	84.31372549%	[78.6949%, 88.6642%]
205	83.90243902%	[78.2556%, 88.3020%]
206	83.98058252%	[78.3570%, 88.3600%]
207	84.05797101%	[78.4574%, 88.4174%]
208	84.13461538%	[78.5570%, 88.4743%]
209	84.21052632%	[78.6556%, 88.5306%]
210	84.28571429%	[78.7532%, 88.5864%]
211	84.36018957%	[78.8501%, 88.6416%]
212	83.96226415%	[78.4252%, 88.2905%]
213	84.03755869%	[78.5225%, 88.3466%]
214	83.64485981%	[78.1042%, 87.9989%]
215	83.25581395%	[77.6909%, 87.6532%]
216	83.33333333%	[77.7902%, 87.7116%]
217	83.41013825%	[77.8886%, 87.7694%]
218	83.48623853%	[77.9861%, 87.8267%]
219	83.56164384%	[78.0827%, 87.8835%]
220	83.63636364%	[78.1785%, 87.9397%]
221	83.71040724%	[78.2735%, 87.9954%]
222	83.33333333%	[77.8729%, 87.6598%]
223	83.40807175%	[77.9683%, 87.7163%]
224	83.48214286%	[78.0629%, 87.7723%]
225	83.55555556%	[78.1567%, 87.8278%]
226	83.62831858%	[78.2497%, 87.8828%]
227	83.70044053%	[78.3420%, 87.9373%]
228	83.77192982%	[78.4334%, 87.9913%]
229	83.84279476%	[78.5241%, 88.0448%]
230	83.91304348%	[78.6140%, 88.0979%]
231	83.98268398%	[78.7031%, 88.1505%]
232	84.05172414%	[78.7916%, 88.2026%]
233	84.12017167%	[78.8793%, 88.2542%]
234	83.76068376%	[78.4966%, 87.9342%]
235	83.82978723%	[78.5848%, 87.9866%]
236	83.89830508%	[78.6722%, 88.0385%]
237	83.96624473%	[78.7590%, 88.0900%]
238	84.03361345%	[78.8450%, 88.1411%]
239	84.10041841%	[78.9303%, 88.1917%]
240	83.75000000%	[78.5575%, 87.8791%]
241	83.81742739%	[78.6433%, 87.9304%]
242	83.88429752%	[78.7284%, 87.9813%]
243	83.53909465%	[78.3617%, 87.6726%]
244	83.60655738%	[78.4472%, 87.7241%]
245	83.67346939%	[78.5320%, 87.7752%]
246	83.73983740%	[78.6162%, 87.8259%]
247	83.80566802%	[78.6997%, 87.8762%]
248	83.46774194%	[78.3411%, 87.5734%]
249	83.53413655%	[78.4250%, 87.6243%]
250	83.60000000%	[78.5082%, 87.6749%]
251	83.66533865%	[78.5908%, 87.7249%]
252	83.73015873%	[78.6728%, 87.7746%]
253	83.79446640%	[78.7541%, 87.8239%]
254	83.85826772%	[78.8348%, 87.8728%]
255	83.92156863%	[78.9149%, 87.9213%]
256	83.59375000%	[78.5670%, 87.6272%]
257	83.65758755%	[78.6475%, 87.6764%]
258	83.33333333%	[78.3039%, 87.3847%]
259	83.01158301%	[77.9636%, 87.0946%]
260	82.69230769%	[77.6267%, 86.8059%]
261	82.75862069%	[77.7094%, 86.8575%]
262	82.44274809%	[77.3766%, 86.5713%]
263	82.50950570%	[77.4595%, 86.6235%]
264	82.57575758%	[77.5419%, 86.6752%]
265	82.64150943%	[77.6237%, 86.7265%]
266	82.70676692%	[77.7048%, 86.7775%]
267	82.77153558%	[77.7854%, 86.8280%]
268	82.83582090%	[77.8655%, 86.8782%]
269	82.89962825%	[77.9449%, 86.9279%]
270	82.96296296%	[78.0238%, 86.9773%]
271	83.02583026%	[78.1021%, 87.0264%]
272	83.08823529%	[78.1798%, 87.0750%]
273	82.78388278%	[77.8587%, 86.7992%]
274	82.84671533%	[77.9367%, 86.8484%]
275	82.90909091%	[78.0142%, 86.8972%]
276	82.97101449%	[78.0912%, 86.9456%]
277	83.03249097%	[78.1676%, 86.9937%]
278	83.09352518%	[78.2435%, 87.0414%]
279	83.15412186%	[78.3189%, 87.0888%]
280	82.85714286%	[78.0055%, 86.8194%]
281	82.91814947%	[78.0811%, 86.8673%]
282	82.97872340%	[78.1563%, 86.9148%]
283	83.03886926%	[78.2309%, 86.9619%]
284	83.09859155%	[78.3050%, 87.0088%]
285	83.15789474%	[78.3786%, 87.0552%]
286	82.86713287%	[78.0719%, 86.7912%]
287	82.92682927%	[78.1457%, 86.8381%]
288	82.98611111%	[78.2191%, 86.8847%]
289	83.04498270%	[78.2920%, 86.9310%]
290	83.10344828%	[78.3644%, 86.9770%]
291	83.16151203%	[78.4363%, 87.0226%]
292	83.21917808%	[78.5077%, 87.0679%]
293	83.27645051%	[78.5787%, 87.1129%]
294	83.33333333%	[78.6492%, 87.1576%]
295	83.38983051%	[78.7192%, 87.2020%]
296	83.44594595%	[78.7888%, 87.2461%]
297	83.16498316%	[78.4921%, 86.9909%]
298	83.22147651%	[78.5620%, 87.0354%]
299	83.27759197%	[78.6314%, 87.0796%]
300	83.33333333%	[78.7003%, 87.1235%]
301	83.38870432%	[78.7688%, 87.1671%]
302	83.11258278%	[78.4774%, 86.9159%]
303	83.16831683%	[78.5462%, 86.9599%]
304	83.22368421%	[78.6145%, 87.0037%]
305	83.27868852%	[78.6824%, 87.0471%]
306	83.33333333%	[78.7499%, 87.0902%]
307	83.38762215%	[78.8169%, 87.1331%]
308	83.44155844%	[78.8835%, 87.1757%]
309	83.49514563%	[78.9497%, 87.2180%]
310	83.22580645%	[78.6654%, 86.9728%]
311	83.27974277%	[78.7319%, 87.0155%]
312	83.33333333%	[78.7979%, 87.0579%]
313	83.38658147%	[78.8635%, 87.1000%]
314	83.43949045%	[78.9288%, 87.1419%]
315	83.49206349%	[78.9936%, 87.1835%]
316	83.54430380%	[79.0580%, 87.2248%]
317	83.59621451%	[79.1221%, 87.2659%]
318	83.64779874%	[79.1857%, 87.3067%]
319	83.69905956%	[79.2490%, 87.3472%]
320	83.75000000%	[79.3118%, 87.3875%]
321	83.80062305%	[79.3743%, 87.4275%]
322	83.85093168%	[79.4365%, 87.4672%]
323	83.90092879%	[79.4982%, 87.5068%]
324	83.95061728%	[79.5596%, 87.5460%]
325	84.00000000%	[79.6206%, 87.5850%]
326	84.04907975%	[79.6812%, 87.6238%]
327	84.09785933%	[79.7415%, 87.6623%]
328	84.14634146%	[79.8015%, 87.7006%]
329	83.89057751%	[79.5308%, 87.4681%]
330	83.93939394%	[79.5909%, 87.5068%]
331	83.98791541%	[79.6508%, 87.5452%]
332	84.03614458%	[79.7103%, 87.5834%]
333	83.78378378%	[79.4434%, 87.3536%]
334	83.83233533%	[79.5031%, 87.3922%]
335	83.88059701%	[79.5625%, 87.4305%]
336	83.92857143%	[79.6215%, 87.4686%]
337	83.97626113%	[79.6802%, 87.5064%]
338	84.02366864%	[79.7386%, 87.5441%]
339	84.07079646%	[79.7966%, 87.5815%]
340	84.11764706%	[79.8543%, 87.6186%]
341	83.87096774%	[79.5934%, 87.3939%]
342	83.91812865%	[79.6514%, 87.4314%]
343	83.96501458%	[79.7090%, 87.4687%]
344	84.01162791%	[79.7662%, 87.5058%]
345	83.76811594%	[79.5089%, 87.2836%]
346	83.52601156%	[79.2534%, 87.0623%]
347	83.57348703%	[79.3115%, 87.1003%]
348	83.62068966%	[79.3692%, 87.1380%]
349	83.66762178%	[79.4266%, 87.1756%]
350	83.42857143%	[79.1745%, 86.9568%]
351	83.47578348%	[79.2321%, 86.9946%]
352	83.52272727%	[79.2894%, 87.0323%]
353	83.56940510%	[79.3464%, 87.0697%]
354	83.61581921%	[79.4031%, 87.1068%]
355	83.66197183%	[79.4594%, 87.1438%]
356	83.70786517%	[79.5155%, 87.1806%]
357	83.75350140%	[79.5712%, 87.2171%]
358	83.79888268%	[79.6267%, 87.2535%]
359	83.84401114%	[79.6818%, 87.2896%]
360	83.88888889%	[79.7367%, 87.3255%]
361	83.65650970%	[79.4914%, 87.1128%]
362	83.70165746%	[79.5465%, 87.1491%]
363	83.74655647%	[79.6013%, 87.1851%]
364	83.51648352%	[79.3587%, 86.9742%]
365	83.56164384%	[79.4136%, 87.0106%]
366	83.60655738%	[79.4683%, 87.0467%]
367	83.65122616%	[79.5227%, 87.0826%]
368	83.69565217%	[79.5768%, 87.1183%]
369	83.46883469%	[79.3378%, 86.9102%]
370	83.51351351%	[79.3920%, 86.9462%]
371	83.55795148%	[79.4460%, 86.9821%]
372	83.60215054%	[79.4997%, 87.0177%]
373	83.64611260%	[79.5532%, 87.0531%]
374	83.68983957%	[79.6063%, 87.0883%]
375	83.46666667%	[79.3712%, 86.8834%]
376	83.51063830%	[79.4246%, 86.9189%]
377	83.55437666%	[79.4776%, 86.9542%]
378	83.59788360%	[79.5304%, 86.9893%]
379	83.64116095%	[79.5829%, 87.0243%]
380	83.68421053%	[79.6352%, 87.0590%]
381	83.46456693%	[79.4039%, 86.8572%]
382	83.50785340%	[79.4563%, 86.8922%]
383	83.55091384%	[79.5085%, 86.9270%]
384	83.59375000%	[79.5604%, 86.9616%]
385	83.63636364%	[79.6120%, 86.9961%]
386	83.67875648%	[79.6634%, 87.0304%]
387	83.46253230%	[79.4358%, 86.8315%]
388	83.50515464%	[79.4873%, 86.8660%]
389	83.54755784%	[79.5386%, 86.9004%]
390	83.58974359%	[79.5897%, 86.9346%]
391	83.37595908%	[79.3647%, 86.7378%]
392	83.41836735%	[79.4159%, 86.7722%]
393	83.46055980%	[79.4669%, 86.8064%]
394	83.50253807%	[79.5176%, 86.8405%]
395	83.54430380%	[79.5681%, 86.8744%]
396	83.58585859%	[79.6183%, 86.9081%]
397	83.37531486%	[79.3968%, 86.7141%]
398	83.41708543%	[79.4472%, 86.7481%]
399	83.45864662%	[79.4973%, 86.7819%]
400	83.50000000%	[79.5472%, 86.8155%]
401	83.54114713%	[79.5968%, 86.8489%]
402	83.58208955%	[79.6462%, 86.8822%]
403	83.62282878%	[79.6954%, 86.9153%]
404	83.41584158%	[79.4777%, 86.7245%]
405	83.45679012%	[79.5270%, 86.7579%]
406	83.49753695%	[79.5761%, 86.7910%]
407	83.53808354%	[79.6249%, 86.8240%]
408	83.57843137%	[79.6736%, 86.8569%]
409	83.61858191%	[79.7220%, 86.8896%]
410	83.65853659%	[79.7701%, 86.9221%]
411	83.69829684%	[79.8181%, 86.9544%]
412	83.73786408%	[79.8658%, 86.9866%]
413	83.77723971%	[79.9132%, 87.0187%]
414	83.57487923%	[79.7003%, 86.8321%]
415	83.61445783%	[79.7480%, 86.8644%]
416	83.65384615%	[79.7954%, 86.8965%]
417	83.69304556%	[79.8426%, 86.9284%]
418	83.73205742%	[79.8895%, 86.9602%]
419	83.77088305%	[79.9363%, 86.9919%]
420	83.80952381%	[79.9828%, 87.0234%]
421	83.61045131%	[79.7734%, 86.8397%]
422	83.64928910%	[79.8201%, 86.8714%]
423	83.68794326%	[79.8666%, 86.9030%]
424	83.49056604%	[79.6591%, 86.7207%]
425	83.52941176%	[79.7057%, 86.7524%]
426	83.56807512%	[79.7521%, 86.7840%]
427	83.60655738%	[79.7983%, 86.8155%]
428	83.64485981%	[79.8443%, 86.8468%]
429	83.44988345%	[79.6394%, 86.6666%]
430	83.48837209%	[79.6855%, 86.6981%]
431	83.29466357%	[79.4822%, 86.5189%]
432	83.33333333%	[79.5284%, 86.5506%]
433	83.37182448%	[79.5745%, 86.5822%]
434	83.41013825%	[79.6204%, 86.6137%]
435	83.44827586%	[79.6660%, 86.6449%]
436	83.25688073%	[79.4651%, 86.4677%]
437	83.29519451%	[79.5109%, 86.4992%]
438	83.33333333%	[79.5565%, 86.5305%]
439	83.37129841%	[79.6019%, 86.5617%]
440	83.18181818%	[79.4031%, 86.3861%]
441	83.21995465%	[79.4486%, 86.4175%]
442	83.25791855%	[79.4940%, 86.4488%]
443	83.29571106%	[79.5391%, 86.4799%]
444	83.33333333%	[79.5840%, 86.5108%]
445	83.37078652%	[79.6287%, 86.5416%]
446	83.40807175%	[79.6732%, 86.5723%]
447	83.44519016%	[79.7176%, 86.6029%]
448	83.48214286%	[79.7617%, 86.6333%]
449	83.51893096%	[79.8057%, 86.6635%]
450	83.55555556%	[79.8494%, 86.6936%]
451	83.59201774%	[79.8930%, 86.7236%]
452	83.62831858%	[79.9364%, 86.7535%]
453	83.66445916%	[79.9796%, 86.7832%]
454	83.70044053%	[80.0226%, 86.8128%]
455	83.73626374%	[80.0654%, 86.8422%]
456	83.77192982%	[80.1080%, 86.8716%]
457	83.58862144%	[79.9155%, 86.7018%]
458	83.62445415%	[79.9583%, 86.7313%]
459	83.66013072%	[80.0009%, 86.7607%]
460	83.69565217%	[80.0433%, 86.7899%]
461	83.51409978%	[79.8527%, 86.6216%]
462	83.54978355%	[79.8952%, 86.6510%]
463	83.36933045%	[79.7059%, 86.4836%]
464	83.18965517%	[79.5176%, 86.3167%]
465	83.22580645%	[79.5605%, 86.3466%]
466	83.26180258%	[79.6033%, 86.3764%]
467	83.29764454%	[79.6459%, 86.4060%]
468	83.33333333%	[79.6884%, 86.4356%]
469	83.36886994%	[79.7306%, 86.4649%]
470	83.40425532%	[79.7727%, 86.4942%]
471	83.43949045%	[79.8146%, 86.5234%]
472	83.47457627%	[79.8563%, 86.5524%]
473	83.50951374%	[79.8979%, 86.5813%]
474	83.54430380%	[79.9392%, 86.6100%]
475	83.57894737%	[79.9805%, 86.6387%]
476	83.40336134%	[79.7963%, 86.4756%]
477	83.43815514%	[79.8377%, 86.5044%]
478	83.47280335%	[79.8788%, 86.5331%]
479	83.50730689%	[79.9198%, 86.5616%]
480	83.54166667%	[79.9606%, 86.5901%]
481	83.57588358%	[80.0013%, 86.6184%]
482	83.60995851%	[80.0418%, 86.6466%]
483	83.64389234%	[80.0821%, 86.6747%]
484	83.67768595%	[80.1223%, 86.7027%]
485	83.71134021%	[80.1623%, 86.7305%]
486	83.74485597%	[80.2022%, 86.7583%]
487	83.57289528%	[80.0218%, 86.5985%]
488	83.60655738%	[80.0617%, 86.6264%]
489	83.64008180%	[80.1015%, 86.6542%]
490	83.67346939%	[80.1412%, 86.6819%]
491	83.50305499%	[79.9625%, 86.5234%]
492	83.53658537%	[80.0023%, 86.5513%]
493	83.56997972%	[80.0419%, 86.5790%]
494	83.60323887%	[80.0813%, 86.6066%]
495	83.63636364%	[80.1206%, 86.6341%]
496	83.46774194%	[79.9438%, 86.4772%]
497	83.29979879%	[79.7679%, 86.3208%]
498	83.33333333%	[79.8076%, 86.3488%]
499	83.36673347%	[79.8471%, 86.3765%]
500	83.40000000%	[79.8865%, 86.4042%]
501	83.43313373%	[79.9257%, 86.4318%]
502	83.46613546%	[79.9647%, 86.4592%]
503	83.49900596%	[80.0036%, 86.4866%]
504	83.53174603%	[80.0424%, 86.5138%]
505	83.56435644%	[80.0810%, 86.5410%]
506	83.59683794%	[80.1194%, 86.5680%]
507	83.62919132%	[80.1577%, 86.5949%]
508	83.66141732%	[80.1959%, 86.6217%]
509	83.49705305%	[80.0236%, 86.4686%]
510	83.33333333%	[79.8522%, 86.3161%]
511	83.36594912%	[79.8907%, 86.3433%]
512	83.39843750%	[79.9291%, 86.3704%]
513	83.43079922%	[79.9673%, 86.3973%]
514	83.26848249%	[79.7974%, 86.2460%]
515	83.30097087%	[79.8357%, 86.2731%]
516	83.13953488%	[79.6669%, 86.1224%]
517	83.17214700%	[79.7053%, 86.1497%]
518	83.20463320%	[79.7435%, 86.1769%]
519	83.23699422%	[79.7817%, 86.2039%]
520	83.26923077%	[79.8197%, 86.2309%]
521	83.30134357%	[79.8575%, 86.2577%]
522	83.33333333%	[79.8952%, 86.2844%]
523	83.36520076%	[79.9328%, 86.3111%]
524	83.20610687%	[79.7663%, 86.1626%]
525	83.23809524%	[79.8040%, 86.1893%]
526	83.26996198%	[79.8415%, 86.2160%]
527	83.30170778%	[79.8789%, 86.2426%]
528	83.33333333%	[79.9161%, 86.2690%]
529	83.36483932%	[79.9532%, 86.2954%]
530	83.39622642%	[79.9902%, 86.3216%]
531	83.42749529%	[80.0270%, 86.3478%]
532	83.45864662%	[80.0637%, 86.3739%]
533	83.48968105%	[80.1003%, 86.3998%]
534	83.52059925%	[80.1367%, 86.4257%]
535	83.55140187%	[80.1730%, 86.4514%]
536	83.58208955%	[80.2091%, 86.4771%]
537	83.61266294%	[80.2452%, 86.5027%]
538	83.64312268%	[80.2811%, 86.5281%]
539	83.67346939%	[80.3168%, 86.5535%]
540	83.51851852%	[80.1546%, 86.4089%]
541	83.54898336%	[80.1905%, 86.4344%]
542	83.57933579%	[80.2262%, 86.4598%]
543	83.60957643%	[80.2618%, 86.4852%]
544	83.63970588%	[80.2973%, 86.5104%]
545	83.66972477%	[80.3326%, 86.5355%]
546	83.69963370%	[80.3678%, 86.5605%]
547	83.72943327%	[80.4029%, 86.5855%]
548	83.75912409%	[80.4379%, 86.6103%]
549	83.78870674%	[80.4728%, 86.6351%]
550	83.81818182%	[80.5075%, 86.6597%]
551	83.66606171%	[80.3482%, 86.5178%]
552	83.69565217%	[80.3830%, 86.5426%]
553	83.72513562%	[80.4177%, 86.5673%]
554	83.75451264%	[80.4523%, 86.5919%]
555	83.78378378%	[80.4867%, 86.6164%]
556	83.63309353%	[80.3289%, 86.4757%]
557	83.66247756%	[80.3635%, 86.5003%]
558	83.69175627%	[80.3979%, 86.5249%]
559	83.72093023%	[80.4322%, 86.5494%]
560	83.75000000%	[80.4664%, 86.5737%]
561	83.77896613%	[80.5004%, 86.5980%]
562	83.80782918%	[80.5344%, 86.6222%]
563	83.83658970%	[80.5682%, 86.6463%]
564	83.86524823%	[80.6019%, 86.6704%]
565	83.89380531%	[80.6355%, 86.6943%]
566	83.92226148%	[80.6690%, 86.7182%]
567	83.95061728%	[80.7023%, 86.7419%]
568	83.97887324%	[80.7356%, 86.7656%]
569	83.83128295%	[80.5810%, 86.6278%]
570	83.68421053%	[80.4270%, 86.4904%]
571	83.71278459%	[80.4606%, 86.5144%]
572	83.74125874%	[80.4940%, 86.5383%]
573	83.76963351%	[80.5273%, 86.5622%]
574	83.79790941%	[80.5605%, 86.5859%]
575	83.82608696%	[80.5936%, 86.6096%]
576	83.85416667%	[80.6266%, 86.6332%]
577	83.88214905%	[80.6594%, 86.6567%]
578	83.91003460%	[80.6922%, 86.6801%]
579	83.93782383%	[80.7248%, 86.7035%]
580	83.96551724%	[80.7573%, 86.7267%]
581	83.99311532%	[80.7898%, 86.7499%]
582	84.02061856%	[80.8221%, 86.7730%]
583	84.04802744%	[80.8543%, 86.7960%]
584	84.07534247%	[80.8864%, 86.8190%]
585	84.10256410%	[80.9184%, 86.8418%]
586	84.12969283%	[80.9502%, 86.8646%]
587	83.98637138%	[80.8001%, 86.7307%]
588	84.01360544%	[80.8321%, 86.7536%]
589	84.04074703%	[80.8639%, 86.7764%]
590	84.06779661%	[80.8957%, 86.7992%]
591	84.09475465%	[80.9273%, 86.8218%]
592	84.12162162%	[80.9589%, 86.8444%]
593	84.14839798%	[80.9903%, 86.8669%]
594	84.17508418%	[81.0216%, 86.8893%]
595	84.20168067%	[81.0529%, 86.9117%]
596	84.22818792%	[81.0840%, 86.9340%]
597	84.25460637%	[81.1150%, 86.9562%]
598	84.28093645%	[81.1460%, 86.9783%]
599	84.30717863%	[81.1768%, 87.0003%]
600	84.33333333%	[81.2075%, 87.0223%]
601	84.35940100%	[81.2381%, 87.0442%]
602	84.38538206%	[81.2687%, 87.0660%]
603	84.41127695%	[81.2991%, 87.0878%]
604	84.43708609%	[81.3294%, 87.1095%]
605	84.29752066%	[81.1831%, 86.9791%]
606	84.32343234%	[81.2135%, 87.0009%]
607	84.18451400%	[81.0679%, 86.8711%]
608	84.21052632%	[81.0984%, 86.8930%]
609	84.23645320%	[81.1288%, 86.9149%]
610	84.26229508%	[81.1591%, 86.9366%]
611	84.28805237%	[81.1894%, 86.9583%]
612	84.31372549%	[81.2195%, 86.9799%]
613	84.33931485%	[81.2495%, 87.0014%]
614	84.36482085%	[81.2794%, 87.0229%]
615	84.39024390%	[81.3092%, 87.0443%]
616	84.41558442%	[81.3390%, 87.0656%]
617	84.44084279%	[81.3686%, 87.0869%]
618	84.46601942%	[81.3981%, 87.1081%]
619	84.32956381%	[81.2551%, 86.9806%]
620	84.35483871%	[81.2847%, 87.0019%]
621	84.38003221%	[81.3143%, 87.0231%]
622	84.40514469%	[81.3437%, 87.0442%]
623	84.43017657%	[81.3730%, 87.0653%]
624	84.45512821%	[81.4023%, 87.0863%]
625	84.48000000%	[81.4315%, 87.1073%]
626	84.34504792%	[81.2900%, 86.9811%]
627	84.37001595%	[81.3193%, 87.0022%]
628	84.39490446%	[81.3484%, 87.0232%]
629	84.41971383%	[81.3775%, 87.0441%]
630	84.44444444%	[81.4064%, 87.0649%]
631	84.46909667%	[81.4353%, 87.0857%]
632	84.49367089%	[81.4641%, 87.1064%]
633	84.51816746%	[81.4928%, 87.1271%]
634	84.54258675%	[81.5214%, 87.1477%]
635	84.56692913%	[81.5500%, 87.1682%]
636	84.59119497%	[81.5784%, 87.1886%]
637	84.45839874%	[81.4392%, 87.0645%]
638	84.48275862%	[81.4677%, 87.0850%]
639	84.50704225%	[81.4961%, 87.1055%]
640	84.53125000%	[81.5245%, 87.1260%]
641	84.55538222%	[81.5527%, 87.1463%]
642	84.57943925%	[81.5809%, 87.1666%]
643	84.60342146%	[81.6090%, 87.1868%]
644	84.62732919%	[81.6370%, 87.2070%]
645	84.65116279%	[81.6649%, 87.2271%]
646	84.52012384%	[81.5275%, 87.1046%]
647	84.54404946%	[81.5555%, 87.1248%]
648	84.56790123%	[81.5834%, 87.1449%]
649	84.59167951%	[81.6113%, 87.1650%]
650	84.61538462%	[81.6390%, 87.1850%]
651	84.63901690%	[81.6667%, 87.2050%]
652	84.66257669%	[81.6942%, 87.2249%]
653	84.68606432%	[81.7217%, 87.2447%]
654	84.55657492%	[81.5860%, 87.1236%]
655	84.58015267%	[81.6136%, 87.1435%]
656	84.60365854%	[81.6410%, 87.1634%]
657	84.47488584%	[81.5061%, 87.0428%]
658	84.49848024%	[81.5337%, 87.0628%]
659	84.52200303%	[81.5612%, 87.0827%]
660	84.54545455%	[81.5886%, 87.1025%]
661	84.41754917%	[81.4546%, 86.9828%]
662	84.44108761%	[81.4821%, 87.0027%]
663	84.31372549%	[81.3488%, 86.8834%]
664	84.18674699%	[81.2159%, 86.7643%]
665	84.06015038%	[81.0835%, 86.6455%]
666	83.93393393%	[80.9516%, 86.5270%]
667	83.95802099%	[80.9796%, 86.5475%]
668	83.98203593%	[81.0075%, 86.5679%]
669	84.00597907%	[81.0354%, 86.5883%]
670	84.02985075%	[81.0631%, 86.6086%]
671	84.05365127%	[81.0908%, 86.6288%]
672	83.92857143%	[80.9601%, 86.5113%]
673	83.95245171%	[80.9879%, 86.5317%]
674	83.97626113%	[81.0155%, 86.5519%]
675	84.00000000%	[81.0431%, 86.5721%]
676	83.87573964%	[80.9133%, 86.4554%]
677	83.89955687%	[80.9409%, 86.4756%]
678	83.77581121%	[80.8117%, 86.3593%]
679	83.79970545%	[80.8395%, 86.3797%]
680	83.67647059%	[80.7108%, 86.2637%]
681	83.70044053%	[80.7386%, 86.2842%]
682	83.72434018%	[80.7663%, 86.3046%]
683	83.74816984%	[80.7939%, 86.3249%]
684	83.62573099%	[80.6662%, 86.2097%]
685	83.64963504%	[80.6939%, 86.2301%]
686	83.67346939%	[80.7215%, 86.2504%]
687	83.69723435%	[80.7490%, 86.2707%]
688	83.72093023%	[80.7764%, 86.2910%]
689	83.59941945%	[80.6497%, 86.1766%]
690	83.62318841%	[80.6772%, 86.1969%]
691	83.64688857%	[80.7046%, 86.2171%]
692	83.52601156%	[80.5786%, 86.1033%]
693	83.54978355%	[80.6061%, 86.1236%]
694	83.57348703%	[80.6335%, 86.1439%]
695	83.59712230%	[80.6608%, 86.1641%]
696	83.62068966%	[80.6880%, 86.1843%]
697	83.64418938%	[80.7152%, 86.2044%]
698	83.66762178%	[80.7423%, 86.2244%]
699	83.54792561%	[80.6175%, 86.1116%]
700	83.42857143%	[80.4931%, 85.9991%]
701	83.45221113%	[80.5204%, 86.0194%]
702	83.47578348%	[80.5476%, 86.0395%]
703	83.49928876%	[80.5748%, 86.0597%]
704	83.52272727%	[80.6018%, 86.0798%]
705	83.40425532%	[80.4784%, 85.9680%]
706	83.28611898%	[80.3554%, 85.8566%]
707	83.30975955%	[80.3826%, 85.8769%]
708	83.33333333%	[80.4098%, 85.8971%]
709	83.35684062%	[80.4369%, 85.9172%]
710	83.23943662%	[80.3147%, 85.8064%]
711	83.26300985%	[80.3418%, 85.8267%]
712	83.28651685%	[80.3689%, 85.8469%]
713	83.30995792%	[80.3959%, 85.8670%]
714	83.33333333%	[80.4229%, 85.8870%]
715	83.21678322%	[80.3016%, 85.7770%]
716	83.24022346%	[80.3285%, 85.7971%]
717	83.26359833%	[80.3554%, 85.8172%]
718	83.28690808%	[80.3823%, 85.8372%]
719	83.31015299%	[80.4090%, 85.8572%]
720	83.33333333%	[80.4357%, 85.8771%]
721	83.21775312%	[80.3155%, 85.7680%]
722	83.24099723%	[80.3422%, 85.7880%]
723	83.26417704%	[80.3689%, 85.8079%]
724	83.28729282%	[80.3955%, 85.8278%]
725	83.31034483%	[80.4220%, 85.8476%]
726	83.33333333%	[80.4484%, 85.8673%]
727	83.35625860%	[80.4748%, 85.8870%]
728	83.37912088%	[80.5011%, 85.9067%]
729	83.40192044%	[80.5274%, 85.9263%]
730	83.28767123%	[80.4085%, 85.8184%]
731	83.31053352%	[80.4348%, 85.8380%]
732	83.19672131%	[80.3164%, 85.7305%]
733	83.21964529%	[80.3427%, 85.7502%]
734	83.24250681%	[80.3690%, 85.7699%]
735	83.26530612%	[80.3952%, 85.7895%]
736	83.28804348%	[80.4213%, 85.8091%]
737	83.31071913%	[80.4474%, 85.8286%]
738	83.19783198%	[80.3299%, 85.7219%]
739	83.08525034%	[80.2129%, 85.6154%]
740	83.10810811%	[80.2391%, 85.6351%]
741	83.13090418%	[80.2653%, 85.6548%]
742	83.15363881%	[80.2914%, 85.6744%]
743	83.17631225%	[80.3174%, 85.6939%]
744	83.19892473%	[80.3434%, 85.7134%]
745	83.22147651%	[80.3693%, 85.7329%]
746	83.24396783%	[80.3951%, 85.7522%]
747	83.26639893%	[80.4208%, 85.7716%]
748	83.28877005%	[80.4465%, 85.7909%]
749	83.31108144%	[80.4721%, 85.8101%]
750	83.33333333%	[80.4977%, 85.8293%]
751	83.35552597%	[80.5232%, 85.8484%]
752	83.37765957%	[80.5486%, 85.8675%]
753	83.39973440%	[80.5739%, 85.8865%]
754	83.42175066%	[80.5992%, 85.9054%]
755	83.31125828%	[80.4843%, 85.8010%]
756	83.33333333%	[80.5096%, 85.8200%]
757	83.35535007%	[80.5349%, 85.8390%]
758	83.37730871%	[80.5601%, 85.8579%]
759	83.39920949%	[80.5852%, 85.8768%]
760	83.42105263%	[80.6103%, 85.8956%]
761	83.44283837%	[80.6353%, 85.9144%]
762	83.46456693%	[80.6603%, 85.9332%]
763	83.35517693%	[80.5465%, 85.8297%]
764	83.37696335%	[80.5715%, 85.8485%]
765	83.39869281%	[80.5964%, 85.8673%]
766	83.28981723%	[80.4831%, 85.7643%]
767	83.31160365%	[80.5081%, 85.7831%]
768	83.20312500%	[80.3953%, 85.6804%]
769	83.09492848%	[80.2829%, 85.5779%]
770	83.11688312%	[80.3080%, 85.5969%]
771	83.13878080%	[80.3331%, 85.6159%]
772	83.16062176%	[80.3581%, 85.6347%]
773	83.18240621%	[80.3831%, 85.6536%]
774	83.20413437%	[80.4079%, 85.6724%]
775	83.22580645%	[80.4328%, 85.6911%]
776	83.24742268%	[80.4575%, 85.7098%]
777	83.26898327%	[80.4822%, 85.7284%]
778	83.29048843%	[80.5068%, 85.7470%]
779	83.31193838%	[80.5314%, 85.7656%]
780	83.33333333%	[80.5559%, 85.7840%]
781	83.35467350%	[80.5803%, 85.8025%]
782	83.37595908%	[80.6047%, 85.8209%]
783	83.26947637%	[80.4940%, 85.7201%]
784	83.16326531%	[80.3837%, 85.6195%]
785	83.18471338%	[80.4082%, 85.6380%]
786	83.20610687%	[80.4327%, 85.6565%]
787	83.22744600%	[80.4571%, 85.6750%]
788	83.24873096%	[80.4814%, 85.6934%]
789	83.14321926%	[80.3718%, 85.5935%]
790	83.16455696%	[80.3962%, 85.6119%]
791	83.05941846%	[80.2870%, 85.5123%]
792	83.08080808%	[80.3114%, 85.5308%]
793	83.10214376%	[80.3358%, 85.5493%]
794	83.12342569%	[80.3601%, 85.5678%]
795	83.14465409%	[80.3844%, 85.5862%]
796	83.04020101%	[80.2759%, 85.4871%]
797	83.06148055%	[80.3002%, 85.5056%]
798	83.08270677%	[80.3245%, 85.5240%]
799	83.10387985%	[80.3486%, 85.5423%]
800	83.12500000%	[80.3728%, 85.5606%]
801	83.14606742%	[80.3968%, 85.5789%]
802	83.16708229%	[80.4208%, 85.5971%]
803	83.18804483%	[80.4448%, 85.6153%]
804	83.20895522%	[80.4686%, 85.6334%]
805	83.22981366%	[80.4925%, 85.6515%]
806	83.25062035%	[80.5162%, 85.6696%]
807	83.14745973%	[80.4091%, 85.5717%]
808	83.16831683%	[80.4329%, 85.5898%]
809	83.18912237%	[80.4567%, 85.6079%]
810	83.20987654%	[80.4804%, 85.6259%]
811	83.23057953%	[80.5040%, 85.6438%]
812	83.25123153%	[80.5276%, 85.6618%]
813	83.14883149%	[80.4212%, 85.5646%]
814	83.16953317%	[80.4449%, 85.5826%]
815	83.19018405%	[80.4684%, 85.6005%]
816	83.21078431%	[80.4919%, 85.6184%]
817	83.10893513%	[80.3862%, 85.5218%]
818	83.12958435%	[80.4097%, 85.5397%]
819	83.15018315%	[80.4332%, 85.5576%]
820	83.17073171%	[80.4567%, 85.5755%]
821	83.19123021%	[80.4800%, 85.5933%]
822	83.21167883%	[80.5034%, 85.6110%]
823	83.23207776%	[80.5266%, 85.6287%]
824	83.25242718%	[80.5498%, 85.6464%]
825	83.27272727%	[80.5730%, 85.6640%]
826	83.29297821%	[80.5961%, 85.6816%]
827	83.31318017%	[80.6192%, 85.6991%]
828	83.33333333%	[80.6422%, 85.7166%]
829	83.35343788%	[80.6651%, 85.7341%]
830	83.37349398%	[80.6880%, 85.7515%]
831	83.39350181%	[80.7108%, 85.7689%]
832	83.41346154%	[80.7336%, 85.7862%]
833	83.31332533%	[80.6296%, 85.6912%]
834	83.33333333%	[80.6524%, 85.7086%]
835	83.35329341%	[80.6752%, 85.7259%]
836	83.37320574%	[80.6979%, 85.7432%]
837	83.39307049%	[80.7205%, 85.7605%]
838	83.41288783%	[80.7431%, 85.7777%]
839	83.43265793%	[80.7657%, 85.7949%]
840	83.45238095%	[80.7882%, 85.8120%]
841	83.47205707%	[80.8106%, 85.8291%]
842	83.49168646%	[80.8330%, 85.8461%]
843	83.39264531%	[80.7301%, 85.7522%]
844	83.41232227%	[80.7526%, 85.7693%]
845	83.31360947%	[80.6501%, 85.6756%]
846	83.33333333%	[80.6725%, 85.6928%]
847	83.35301063%	[80.6949%, 85.7099%]
848	83.25471698%	[80.5929%, 85.6166%]
849	83.27444052%	[80.6154%, 85.6338%]
850	83.29411765%	[80.6378%, 85.6509%]
851	83.31374853%	[80.6601%, 85.6680%]
852	83.33333333%	[80.6824%, 85.6850%]
853	83.23563892%	[80.5810%, 85.5923%]
854	83.25526932%	[80.6034%, 85.6093%]
855	83.15789474%	[80.5023%, 85.5169%]
856	83.06074766%	[80.4015%, 85.4246%]
857	83.08051342%	[80.4240%, 85.4418%]
858	83.10023310%	[80.4464%, 85.4590%]
859	83.00349243%	[80.3461%, 85.3670%]
860	83.02325581%	[80.3685%, 85.3843%]
861	83.04297329%	[80.3909%, 85.4015%]
862	83.06264501%	[80.4133%, 85.4186%]
863	83.08227115%	[80.4356%, 85.4357%]
864	82.98611111%	[80.3359%, 85.3443%]
865	83.00578035%	[80.3582%, 85.3615%]
866	83.02540416%	[80.3805%, 85.3786%]
867	83.04498270%	[80.4027%, 85.3957%]
868	83.06451613%	[80.4249%, 85.4127%]
869	83.08400460%	[80.4471%, 85.4297%]
870	83.10344828%	[80.4692%, 85.4467%]
871	83.12284730%	[80.4912%, 85.4636%]
872	83.14220183%	[80.5132%, 85.4805%]
873	83.04696449%	[80.4144%, 85.3900%]
874	83.06636156%	[80.4364%, 85.4069%]
875	83.08571429%	[80.4584%, 85.4238%]
876	83.10502283%	[80.4803%, 85.4406%]
877	83.12428734%	[80.5022%, 85.4574%]
878	83.14350797%	[80.5240%, 85.4742%]
879	83.16268487%	[80.5458%, 85.4910%]
880	83.18181818%	[80.5675%, 85.5077%]
881	83.08740068%	[80.4696%, 85.4179%]
882	83.10657596%	[80.4914%, 85.4346%]
883	83.12570781%	[80.5131%, 85.4513%]
884	83.14479638%	[80.5348%, 85.4680%]
885	83.16384181%	[80.5564%, 85.4846%]
886	83.18284424%	[80.5780%, 85.5012%]
887	83.20180383%	[80.5995%, 85.5178%]
888	83.10810811%	[80.5023%, 85.4287%]
889	83.12710911%	[80.5239%, 85.4453%]
890	83.14606742%	[80.5454%, 85.4618%]
891	83.16498316%	[80.5669%, 85.4784%]
892	83.18385650%	[80.5883%, 85.4948%]
893	83.20268757%	[80.6097%, 85.5113%]
894	83.22147651%	[80.6310%, 85.5277%]
895	83.24022346%	[80.6522%, 85.5441%]
896	83.25892857%	[80.6735%, 85.5604%]
897	83.27759197%	[80.6947%, 85.5767%]
898	83.18485523%	[80.5985%, 85.4885%]
899	83.20355951%	[80.6197%, 85.5049%]
900	83.22222222%	[80.6409%, 85.5212%]
901	83.24084351%	[80.6620%, 85.5374%]
902	83.25942350%	[80.6831%, 85.5537%]
903	83.27796235%	[80.7041%, 85.5699%]
904	83.29646018%	[80.7251%, 85.5860%]
905	83.31491713%	[80.7460%, 85.6022%]
906	83.33333333%	[80.7669%, 85.6183%]
907	83.35170893%	[80.7878%, 85.6343%]
908	83.37004405%	[80.8086%, 85.6503%]
909	83.27832783%	[80.7135%, 85.5631%]
910	83.29670330%	[80.7343%, 85.5792%]
911	83.31503842%	[80.7551%, 85.5952%]
912	83.33333333%	[80.7758%, 85.6112%]
913	83.35158817%	[80.7965%, 85.6272%]
914	83.36980306%	[80.8172%, 85.6431%]
915	83.38797814%	[80.8378%, 85.6590%]
916	83.40611354%	[80.8584%, 85.6748%]
917	83.31515812%	[80.7640%, 85.5883%]
918	83.33333333%	[80.7847%, 85.6042%]
919	83.35146899%	[80.8052%, 85.6201%]
920	83.36956522%	[80.8257%, 85.6359%]
921	83.38762215%	[80.8462%, 85.6517%]
922	83.40563991%	[80.8666%, 85.6674%]
923	83.42361863%	[80.8870%, 85.6832%]
924	83.44155844%	[80.9074%, 85.6988%]
925	83.45945946%	[80.9277%, 85.7145%]
926	83.47732181%	[80.9479%, 85.7301%]
927	83.49514563%	[80.9681%, 85.7457%]
928	83.51293103%	[80.9883%, 85.7612%]
929	83.53067815%	[81.0084%, 85.7768%]
930	83.44086022%	[80.9153%, 85.6913%]
931	83.45864662%	[80.9354%, 85.7069%]
932	83.36909871%	[80.8425%, 85.6217%]
933	83.38692390%	[80.8627%, 85.6373%]
934	83.40471092%	[80.8829%, 85.6529%]
935	83.31550802%	[80.7904%, 85.5680%]
936	83.33333333%	[80.8106%, 85.5836%]
937	83.35112060%	[80.8307%, 85.5992%]
938	83.36886994%	[80.8508%, 85.6147%]
939	83.28008520%	[80.7588%, 85.5302%]
940	83.29787234%	[80.7789%, 85.5458%]
941	83.31562168%	[80.7990%, 85.5613%]
942	83.33333333%	[80.8190%, 85.5769%]
943	83.35100742%	[80.8391%, 85.5923%]
944	83.36864407%	[80.8590%, 85.6078%]
945	83.38624339%	[80.8789%, 85.6232%]
946	83.40380550%	[80.8988%, 85.6386%]
947	83.42133052%	[80.9187%, 85.6539%]
948	83.43881857%	[80.9385%, 85.6693%]
949	83.35089568%	[80.8473%, 85.5856%]
950	83.36842105%	[80.8671%, 85.6009%]
951	83.38590957%	[80.8869%, 85.6163%]
952	83.40336134%	[80.9067%, 85.6315%]
953	83.42077650%	[80.9264%, 85.6468%]
954	83.43815514%	[80.9461%, 85.6620%]
955	83.35078534%	[80.8555%, 85.5789%]
956	83.36820084%	[80.8752%, 85.5941%]
957	83.38557994%	[80.8948%, 85.6094%]
958	83.29853862%	[80.8046%, 85.5265%]
959	83.31595412%	[80.8243%, 85.5418%]
960	83.33333333%	[80.8440%, 85.5570%]
961	83.35067638%	[80.8636%, 85.5722%]
962	83.36798337%	[80.8831%, 85.5874%]
963	83.38525441%	[80.9027%, 85.6025%]
964	83.29875519%	[80.8130%, 85.5202%]
965	83.21243523%	[80.7236%, 85.4379%]
966	83.22981366%	[80.7432%, 85.4532%]
967	83.24715615%	[80.7628%, 85.4684%]
968	83.16115702%	[80.6737%, 85.3864%]
969	83.17853457%	[80.6934%, 85.4017%]
970	83.19587629%	[80.7129%, 85.4169%]
971	83.21318229%	[80.7325%, 85.4321%]
972	83.23045267%	[80.7520%, 85.4473%]
973	83.24768756%	[80.7714%, 85.4624%]
974	83.26488706%	[80.7909%, 85.4775%]
975	83.28205128%	[80.8102%, 85.4926%]
976	83.29918033%	[80.8296%, 85.5077%]
977	83.31627431%	[80.8489%, 85.5227%]
978	83.33333333%	[80.8682%, 85.5377%]
979	83.35035751%	[80.8874%, 85.5526%]
980	83.26530612%	[80.7993%, 85.4716%]
981	83.28236493%	[80.8185%, 85.4865%]
982	83.29938900%	[80.8378%, 85.5015%]
983	83.31637843%	[80.8569%, 85.5164%]
984	83.33333333%	[80.8761%, 85.5313%]
985	83.35025381%	[80.8952%, 85.5462%]
986	83.26572008%	[80.8076%, 85.4656%]
987	83.28267477%	[80.8268%, 85.4805%]
988	83.29959514%	[80.8458%, 85.4954%]
989	83.31648129%	[80.8649%, 85.5102%]
990	83.33333333%	[80.8839%, 85.5251%]
991	83.24924319%	[80.7968%, 85.4449%]
992	83.26612903%	[80.8159%, 85.4597%]
993	83.18227593%	[80.7290%, 85.3798%]
994	83.19919517%	[80.7481%, 85.3947%]
995	83.21608040%	[80.7672%, 85.4095%]
996	83.13253012%	[80.6806%, 85.3298%]
997	83.14944835%	[80.6997%, 85.3447%]
998	83.16633267%	[80.7187%, 85.3596%]
999	83.18318318%	[80.7377%, 85.3744%]
1000	83.20000000%	[80.7567%, 85.3892%]
1001	83.21678322%	[80.7756%, 85.4040%]
1002	83.13373253%	[80.6896%, 85.3247%]
1003	83.15054835%	[80.7086%, 85.3396%]
1004	83.16733068%	[80.7275%, 85.3543%]
1005	83.18407960%	[80.7464%, 85.3691%]
1006	83.20079523%	[80.7652%, 85.3838%]
1007	83.21747766%	[80.7840%, 85.3985%]
1008	83.13492063%	[80.6985%, 85.3197%]
1009	83.15163528%	[80.7174%, 85.3344%]
1010	83.16831683%	[80.7362%, 85.3491%]
1011	83.18496538%	[80.7549%, 85.3638%]
1012	83.20158103%	[80.7736%, 85.3784%]
1013	83.21816387%	[80.7923%, 85.3930%]
1014	83.23471400%	[80.8109%, 85.4076%]
1015	83.25123153%	[80.8296%, 85.4222%]
1016	83.26771654%	[80.8481%, 85.4367%]
1017	83.28416912%	[80.8667%, 85.4512%]
1018	83.30058939%	[80.8852%, 85.4656%]
1019	83.31697743%	[80.9036%, 85.4801%]
1020	83.33333333%	[80.9221%, 85.4945%]
1021	83.25171401%	[80.8375%, 85.4166%]
1022	83.17025440%	[80.7532%, 85.3389%]
1023	83.18670577%	[80.7717%, 85.3534%]
1024	83.20312500%	[80.7902%, 85.3678%]
1025	83.21951220%	[80.8087%, 85.3823%]
1026	83.23586745%	[80.8271%, 85.3967%]
1027	83.25219085%	[80.8455%, 85.4111%]
1028	83.17120623%	[80.7616%, 85.3338%]
1029	83.18756074%	[80.7800%, 85.3482%]
1030	83.20388350%	[80.7984%, 85.3626%]
1031	83.22017459%	[80.8167%, 85.3770%]
1032	83.23643411%	[80.8350%, 85.3913%]
1033	83.25266215%	[80.8533%, 85.4056%]
1034	83.26885880%	[80.8715%, 85.4199%]
1035	83.28502415%	[80.8897%, 85.4341%]
1036	83.20463320%	[80.8065%, 85.3574%]
1037	83.22082932%	[80.8247%, 85.3717%]
1038	83.23699422%	[80.8429%, 85.3860%]
1039	83.25312801%	[80.8611%, 85.4002%]
1040	83.17307692%	[80.7782%, 85.3237%]
1041	83.18924111%	[80.7964%, 85.3380%]
1042	83.20537428%	[80.8146%, 85.3523%]
1043	83.22147651%	[80.8327%, 85.3665%]
1044	83.14176245%	[80.7502%, 85.2903%]
1045	83.15789474%	[80.7683%, 85.3046%]
1046	83.17399618%	[80.7864%, 85.3188%]
1047	83.09455587%	[80.7042%, 85.2429%]
1048	83.11068702%	[80.7224%, 85.2572%]
1049	83.12678742%	[80.7405%, 85.2714%]
1050	83.14285714%	[80.7585%, 85.2856%]
1051	83.15889629%	[80.7765%, 85.2997%]
1052	83.17490494%	[80.7945%, 85.3139%]
1053	83.19088319%	[80.8125%, 85.3280%]
1054	83.20683112%	[80.8304%, 85.3421%]
1055	83.22274882%	[80.8483%, 85.3561%]
1056	83.23863636%	[80.8662%, 85.3702%]
1057	83.25449385%	[80.8840%, 85.3842%]
1058	83.27032136%	[80.9018%, 85.3981%]
1059	83.19169027%	[80.8204%, 85.3230%]
1060	83.20754717%	[80.8382%, 85.3370%]
1061	83.22337418%	[80.8560%, 85.3510%]
1062	83.23917137%	[80.8738%, 85.3650%]
1063	83.16086548%	[80.7928%, 85.2902%]
1064	83.17669173%	[80.8105%, 85.3041%]
1065	83.09859155%	[80.7298%, 85.2295%]
1066	83.11444653%	[80.7476%, 85.2435%]
1067	83.13027179%	[80.7653%, 85.2575%]
1068	83.05243446%	[80.6848%, 85.1831%]
1069	83.06828812%	[80.7026%, 85.1971%]
1070	82.99065421%	[80.6224%, 85.1229%]
1071	83.00653595%	[80.6402%, 85.1370%]
1072	82.92910448%	[80.5601%, 85.0629%]
1073	82.94501398%	[80.5780%, 85.0770%]
1074	82.86778399%	[80.4982%, 85.0031%]
1075	82.79069767%	[80.4185%, 84.9293%]
1076	82.80669145%	[80.4365%, 84.9435%]
1077	82.82265552%	[80.4543%, 84.9577%]
1078	82.83858998%	[80.4722%, 84.9718%]
1079	82.85449490%	[80.4900%, 84.9859%]
1080	82.87037037%	[80.5078%, 84.9999%]
1081	82.88621647%	[80.5255%, 85.0140%]
1082	82.80961183%	[80.4464%, 84.9407%]
1083	82.82548476%	[80.4642%, 84.9547%]
1084	82.84132841%	[80.4819%, 84.9688%]
1085	82.85714286%	[80.4996%, 84.9828%]
1086	82.87292818%	[80.5173%, 84.9968%]
1087	82.88868445%	[80.5350%, 85.0108%]
1088	82.90441176%	[80.5526%, 85.0247%]
1089	82.92011019%	[80.5702%, 85.0386%]
1090	82.93577982%	[80.5877%, 85.0525%]
1091	82.85976169%	[80.5092%, 84.9797%]
1092	82.78388278%	[80.4308%, 84.9071%]
1093	82.79963403%	[80.4484%, 84.9211%]
1094	82.81535649%	[80.4660%, 84.9350%]
1095	82.73972603%	[80.3879%, 84.8626%]
1096	82.75547445%	[80.4056%, 84.8766%]
1097	82.77119417%	[80.4231%, 84.8905%]
1098	82.78688525%	[80.4407%, 84.9044%]
1099	82.80254777%	[80.4582%, 84.9183%]
1100	82.81818182%	[80.4757%, 84.9322%]
1101	82.83378747%	[80.4932%, 84.9461%]
1102	82.75862069%	[80.4156%, 84.8741%]
1103	82.77425204%	[80.4330%, 84.8880%]
1104	82.78985507%	[80.4505%, 84.9018%]
1105	82.80542986%	[80.4679%, 84.9156%]
1106	82.73056058%	[80.3906%, 84.8439%]
1107	82.74616079%	[80.4081%, 84.8578%]
1108	82.76173285%	[80.4255%, 84.8716%]
1109	82.77727683%	[80.4429%, 84.8854%]
1110	82.79279279%	[80.4602%, 84.8992%]
1111	82.71827183%	[80.3833%, 84.8278%]
1112	82.73381295%	[80.4006%, 84.8416%]
1113	82.74932615%	[80.4180%, 84.8554%]
1114	82.76481149%	[80.4353%, 84.8691%]
1115	82.69058296%	[80.3587%, 84.7980%]
1116	82.70609319%	[80.3760%, 84.8118%]
1117	82.72157565%	[80.3933%, 84.8256%]
1118	82.73703041%	[80.4106%, 84.8393%]
1119	82.75245755%	[80.4278%, 84.8530%]
1120	82.76785714%	[80.4450%, 84.8667%]
1121	82.69402319%	[80.3688%, 84.7959%]
1122	82.70944742%	[80.3860%, 84.8096%]
1123	82.72484417%	[80.4032%, 84.8233%]
1124	82.74021352%	[80.4204%, 84.8370%]
1125	82.75555556%	[80.4376%, 84.8506%]
1126	82.77087034%	[80.4547%, 84.8642%]
1127	82.78615794%	[80.4718%, 84.8778%]
1128	82.80141844%	[80.4888%, 84.8914%]
1129	82.81665190%	[80.5058%, 84.9049%]
1130	82.83185841%	[80.5228%, 84.9184%]
1131	82.75862069%	[80.4472%, 84.8483%]
1132	82.68551237%	[80.3718%, 84.7782%]
1133	82.70079435%	[80.3888%, 84.7918%]
1134	82.71604938%	[80.4059%, 84.8053%]
1135	82.73127753%	[80.4229%, 84.8189%]
1136	82.74647887%	[80.4398%, 84.8324%]
1137	82.76165347%	[80.4568%, 84.8459%]
1138	82.77680141%	[80.4737%, 84.8594%]
1139	82.79192274%	[80.4906%, 84.8728%]
1140	82.80701754%	[80.5074%, 84.8862%]
1141	82.82208589%	[80.5243%, 84.8996%]
1142	82.83712785%	[80.5411%, 84.9130%]
1143	82.76465442%	[80.4663%, 84.8436%]
1144	82.77972028%	[80.4831%, 84.8570%]
1145	82.79475983%	[80.4999%, 84.8703%]
1146	82.80977312%	[80.5166%, 84.8837%]
1147	82.82476024%	[80.5334%, 84.8970%]
1148	82.83972125%	[80.5501%, 84.9103%]
1149	82.76762402%	[80.4757%, 84.8412%]
1150	82.78260870%	[80.4924%, 84.8546%]
1151	82.79756733%	[80.5091%, 84.8679%]
1152	82.81250000%	[80.5257%, 84.8811%]
1153	82.82740676%	[80.5424%, 84.8944%]
1154	82.84228769%	[80.5590%, 84.9077%]
1155	82.77056277%	[80.4850%, 84.8389%]
1156	82.78546713%	[80.5016%, 84.8522%]
1157	82.80034572%	[80.5182%, 84.8654%]
1158	82.81519862%	[80.5348%, 84.8786%]
1159	82.74374461%	[80.4610%, 84.8101%]
1160	82.67241379%	[80.3874%, 84.7417%]
1161	82.68733850%	[80.4041%, 84.7550%]
1162	82.70223752%	[80.4207%, 84.7683%]
1163	82.63112640%	[80.3473%, 84.7001%]
1164	82.64604811%	[80.3640%, 84.7133%]
1165	82.66094421%	[80.3806%, 84.7266%]
1166	82.59005146%	[80.3075%, 84.6586%]
1167	82.60497001%	[80.3241%, 84.6719%]
1168	82.61986301%	[80.3407%, 84.6852%]
1169	82.63473054%	[80.3573%, 84.6984%]
1170	82.64957265%	[80.3738%, 84.7117%]
1171	82.66438941%	[80.3903%, 84.7249%]
1172	82.67918089%	[80.4068%, 84.7380%]
1173	82.69394714%	[80.4232%, 84.7512%]
1174	82.70868825%	[80.4397%, 84.7643%]
1175	82.72340426%	[80.4561%, 84.7775%]
1176	82.73809524%	[80.4724%, 84.7906%]
1177	82.75276126%	[80.4888%, 84.8036%]
1178	82.76740238%	[80.5051%, 84.8167%]
1179	82.78201866%	[80.5214%, 84.8297%]
1180	82.79661017%	[80.5377%, 84.8427%]
1181	82.81117697%	[80.5539%, 84.8557%]
1182	82.82571912%	[80.5701%, 84.8686%]
1183	82.84023669%	[80.5863%, 84.8816%]
1184	82.85472973%	[80.6025%, 84.8945%]
1185	82.86919831%	[80.6186%, 84.9074%]
1186	82.88364250%	[80.6347%, 84.9203%]
1187	82.81381634%	[80.5626%, 84.8533%]
1188	82.82828283%	[80.5788%, 84.8662%]
1189	82.75862069%	[80.5069%, 84.7993%]
1190	82.77310924%	[80.5230%, 84.8123%]
1191	82.70361041%	[80.4514%, 84.7456%]
1192	82.71812081%	[80.4675%, 84.7585%]
1193	82.64878458%	[80.3960%, 84.6920%]
1194	82.66331658%	[80.4122%, 84.7049%]
1195	82.67782427%	[80.4283%, 84.7179%]
1196	82.69230769%	[80.4445%, 84.7308%]
1197	82.62322473%	[80.3732%, 84.6645%]
1198	82.55425710%	[80.3021%, 84.5983%]
1199	82.48540450%	[80.2312%, 84.5322%]
1200	82.50000000%	[80.2474%, 84.5452%]
1201	82.51457119%	[80.2636%, 84.5582%]
1202	82.52911814%	[80.2798%, 84.5712%]
1203	82.54364090%	[80.2959%, 84.5842%]
1204	82.55813953%	[80.3121%, 84.5971%]
1205	82.57261411%	[80.3282%, 84.6101%]
1206	82.50414594%	[80.2576%, 84.5443%]
1207	82.51864126%	[80.2737%, 84.5572%]
1208	82.45033113%	[80.2033%, 84.4916%]
1209	82.46484698%	[80.2194%, 84.5046%]
1210	82.39669421%	[80.1492%, 84.4391%]
1211	82.41123039%	[80.1654%, 84.4521%]
1212	82.42574257%	[80.1815%, 84.4651%]
1213	82.35779060%	[80.1115%, 84.3998%]
1214	82.37232290%	[80.1276%, 84.4128%]
1215	82.38683128%	[80.1438%, 84.4258%]
1216	82.40131579%	[80.1598%, 84.4387%]
1217	82.41577650%	[80.1759%, 84.4516%]
1218	82.43021346%	[80.1920%, 84.4646%]
1219	82.44462674%	[80.2080%, 84.4774%]
1220	82.45901639%	[80.2240%, 84.4903%]
1221	82.47338247%	[80.2399%, 84.5032%]
1222	82.48772504%	[80.2558%, 84.5160%]
1223	82.50204415%	[80.2718%, 84.5288%]
1224	82.51633987%	[80.2876%, 84.5416%]
1225	82.44897959%	[80.2182%, 84.4768%]
1226	82.46329527%	[80.2341%, 84.4896%]
1227	82.39608802%	[80.1649%, 84.4251%]
1228	82.41042345%	[80.1808%, 84.4379%]
1229	82.42473556%	[80.1967%, 84.4507%]
1230	82.43902439%	[80.2126%, 84.4635%]
1231	82.45329001%	[80.2284%, 84.4762%]
1232	82.46753247%	[80.2442%, 84.4890%]
1233	82.48175182%	[80.2600%, 84.5017%]
1234	82.49594814%	[80.2758%, 84.5144%]
1235	82.51012146%	[80.2915%, 84.5271%]
1236	82.52427184%	[80.3073%, 84.5397%]
1237	82.53839935%	[80.3229%, 84.5524%]
1238	82.55250404%	[80.3386%, 84.5650%]
1239	82.56658596%	[80.3542%, 84.5776%]
1240	82.58064516%	[80.3699%, 84.5902%]
1241	82.59468171%	[80.3855%, 84.6027%]
1242	82.60869565%	[80.4010%, 84.6153%]
1243	82.62268705%	[80.4166%, 84.6278%]
1244	82.63665595%	[80.4321%, 84.6403%]
1245	82.65060241%	[80.4476%, 84.6528%]
1246	82.66452648%	[80.4630%, 84.6652%]
1247	82.67842823%	[80.4785%, 84.6777%]
1248	82.69230769%	[80.4939%, 84.6901%]
1249	82.70616493%	[80.5093%, 84.7025%]
1250	82.72000000%	[80.5247%, 84.7148%]
1251	82.65387690%	[80.4565%, 84.6513%]
1252	82.66773163%	[80.4719%, 84.6637%]
1253	82.68156425%	[80.4873%, 84.6761%]
1254	82.69537480%	[80.5026%, 84.6884%]
1255	82.70916335%	[80.5179%, 84.7008%]
1256	82.64331210%	[80.4501%, 84.6375%]
1257	82.65712013%	[80.4654%, 84.6499%]
1258	82.67090620%	[80.4807%, 84.6622%]
1259	82.68467037%	[80.4960%, 84.6745%]
1260	82.61904762%	[80.4284%, 84.6114%]
1261	82.63283109%	[80.4437%, 84.6238%]
1262	82.64659271%	[80.4589%, 84.6361%]
1263	82.66033254%	[80.4742%, 84.6484%]
1264	82.67405063%	[80.4894%, 84.6607%]
1265	82.68774704%	[80.5046%, 84.6729%]
1266	82.70142180%	[80.5198%, 84.6852%]
1267	82.71507498%	[80.5350%, 84.6974%]
1268	82.72870662%	[80.5501%, 84.7096%]
1269	82.74231678%	[80.5652%, 84.7218%]
1270	82.75590551%	[80.5803%, 84.7340%]
1271	82.76947286%	[80.5954%, 84.7461%]
1272	82.70440252%	[80.5283%, 84.6836%]
1273	82.71798900%	[80.5434%, 84.6957%]
1274	82.73155416%	[80.5584%, 84.7079%]
1275	82.66666667%	[80.4916%, 84.6455%]
1276	82.68025078%	[80.5066%, 84.6577%]
1277	82.69381363%	[80.5217%, 84.6698%]
1278	82.70735524%	[80.5367%, 84.6820%]
1279	82.72087568%	[80.5517%, 84.6941%]
1280	82.65625000%	[80.4851%, 84.6319%]
1281	82.59172521%	[80.4187%, 84.5699%]
1282	82.60530421%	[80.4337%, 84.5821%]
1283	82.61886204%	[80.4488%, 84.5942%]
1284	82.63239875%	[80.4638%, 84.6064%]
1285	82.64591440%	[80.4788%, 84.6185%]
1286	82.65940902%	[80.4937%, 84.6306%]
1287	82.67288267%	[80.5087%, 84.6426%]
1288	82.68633540%	[80.5236%, 84.6547%]
1289	82.69976726%	[80.5385%, 84.6667%]
1290	82.63565891%	[80.4724%, 84.6051%]
1291	82.64910922%	[80.4874%, 84.6171%]
1292	82.66253870%	[80.5022%, 84.6292%]
1293	82.67594741%	[80.5171%, 84.6412%]
1294	82.68933539%	[80.5320%, 84.6532%]
1295	82.62548263%	[80.4662%, 84.5918%]
1296	82.63888889%	[80.4810%, 84.6038%]
1297	82.65227448%	[80.4959%, 84.6158%]
1298	82.66563945%	[80.5107%, 84.6278%]
1299	82.67898383%	[80.5255%, 84.6398%]
1300	82.69230769%	[80.5403%, 84.6517%]
1301	82.70561107%	[80.5550%, 84.6636%]
1302	82.71889401%	[80.5697%, 84.6755%]
1303	82.73215656%	[80.5844%, 84.6874%]
1304	82.74539877%	[80.5991%, 84.6993%]
1305	82.75862069%	[80.6138%, 84.7112%]
1306	82.77182236%	[80.6284%, 84.7230%]
1307	82.78500383%	[80.6430%, 84.7348%]
1308	82.79816514%	[80.6576%, 84.7466%]
1309	82.81130634%	[80.6722%, 84.7584%]
1310	82.82442748%	[80.6868%, 84.7702%]
1311	82.83752860%	[80.7013%, 84.7819%]
1312	82.85060976%	[80.7158%, 84.7936%]
1313	82.86367098%	[80.7303%, 84.8053%]
1314	82.87671233%	[80.7447%, 84.8170%]
1315	82.88973384%	[80.7592%, 84.8287%]
1316	82.90273556%	[80.7736%, 84.8403%]
1317	82.91571754%	[80.7880%, 84.8520%]
1318	82.85280728%	[80.7232%, 84.7915%]
1319	82.86580743%	[80.7376%, 84.8032%]
1320	82.80303030%	[80.6729%, 84.7428%]
1321	82.81604845%	[80.6873%, 84.7545%]
1322	82.82904690%	[80.7017%, 84.7661%]
1323	82.84202570%	[80.7161%, 84.7778%]
1324	82.85498489%	[80.7305%, 84.7894%]
1325	82.86792453%	[80.7448%, 84.8010%]
1326	82.88084465%	[80.7591%, 84.8126%]
1327	82.89374529%	[80.7734%, 84.8242%]
1328	82.90662651%	[80.7877%, 84.8357%]
1329	82.91948834%	[80.8020%, 84.8472%]
1330	82.93233083%	[80.8162%, 84.8588%]
1331	82.94515402%	[80.8304%, 84.8703%]
1332	82.95795796%	[80.8446%, 84.8817%]
1333	82.97074269%	[80.8588%, 84.8932%]
1334	82.98350825%	[80.8730%, 84.9046%]
1335	82.99625468%	[80.8871%, 84.9161%]
1336	82.93413174%	[80.8231%, 84.8563%]
1337	82.94689604%	[80.8372%, 84.8678%]
1338	82.95964126%	[80.8513%, 84.8792%]
1339	82.97236744%	[80.8654%, 84.8906%]
1340	82.98507463%	[80.8795%, 84.9020%]
1341	82.99776286%	[80.8936%, 84.9134%]
1342	83.01043219%	[80.9076%, 84.9248%]
1343	82.94862249%	[80.8439%, 84.8654%]
1344	82.96130952%	[80.8580%, 84.8767%]
1345	82.97397770%	[80.8720%, 84.8881%]
1346	82.98662704%	[80.8861%, 84.8994%]
1347	82.99925761%	[80.9001%, 84.9108%]
1348	82.93768546%	[80.8366%, 84.8516%]
1349	82.95033358%	[80.8506%, 84.8629%]
1350	82.96296296%	[80.8646%, 84.8743%]
1351	82.97557365%	[80.8786%, 84.8856%]
1352	82.98816568%	[80.8925%, 84.8969%]
1353	83.00073910%	[80.9065%, 84.9082%]
1354	83.01329394%	[80.9204%, 84.9194%]
1355	83.02583026%	[80.9343%, 84.9307%]
1356	82.96460177%	[80.8712%, 84.8718%]
1357	82.97715549%	[80.8851%, 84.8831%]
1358	82.98969072%	[80.8990%, 84.8943%]
1359	83.00220751%	[80.9128%, 84.9055%]
1360	83.01470588%	[80.9267%, 84.9168%]
1361	83.02718589%	[80.9405%, 84.9280%]
1362	83.03964758%	[80.9543%, 84.9391%]
1363	83.05209098%	[80.9681%, 84.9503%]
1364	82.99120235%	[80.9053%, 84.8918%]
1365	83.00366300%	[80.9191%, 84.9029%]
1366	83.01610542%	[80.9329%, 84.9141%]
1367	83.02852963%	[80.9467%, 84.9253%]
1368	83.04093567%	[80.9604%, 84.9364%]
1369	83.05332359%	[80.9741%, 84.9475%]
1370	83.06569343%	[80.9878%, 84.9586%]
1371	83.07804522%	[81.0015%, 84.9697%]
1372	83.01749271%	[80.9391%, 84.9115%]
1373	83.02986162%	[80.9528%, 84.9226%]
1374	83.04221252%	[80.9665%, 84.9337%]
1375	82.98181818%	[80.9043%, 84.8756%]
1376	82.99418605%	[80.9180%, 84.8867%]
1377	83.00653595%	[80.9316%, 84.8978%]
1378	82.94629898%	[80.8696%, 84.8398%]
1379	82.88614938%	[80.8076%, 84.7820%]
1380	82.82608696%	[80.7458%, 84.7242%]
1381	82.76611151%	[80.6840%, 84.6664%]
1382	82.77858177%	[80.6978%, 84.6777%]
1383	82.79103398%	[80.7116%, 84.6888%]
1384	82.80346821%	[80.7253%, 84.7000%]
1385	82.81588448%	[80.7390%, 84.7112%]
1386	82.82828283%	[80.7528%, 84.7223%]
1387	82.84066330%	[80.7664%, 84.7335%]
1388	82.85302594%	[80.7801%, 84.7446%]
1389	82.86537077%	[80.7938%, 84.7557%]
1390	82.80575540%	[80.7324%, 84.6983%]
1391	82.81811646%	[80.7460%, 84.7094%]
1392	82.75862069%	[80.6848%, 84.6521%]
1393	82.77099785%	[80.6985%, 84.6633%]
1394	82.78335725%	[80.7121%, 84.6744%]
1395	82.72401434%	[80.6510%, 84.6173%]
1396	82.73638968%	[80.6647%, 84.6284%]
1397	82.74874732%	[80.6784%, 84.6395%]
1398	82.76108727%	[80.6920%, 84.6506%]
1399	82.77340958%	[80.7056%, 84.6617%]
1400	82.78571429%	[80.7192%, 84.6728%]
1401	82.72662384%	[80.6584%, 84.6159%]
1402	82.73894437%	[80.6720%, 84.6270%]
1403	82.75124733%	[80.6856%, 84.6380%]
1404	82.76353276%	[80.6992%, 84.6491%]
1405	82.70462633%	[80.6385%, 84.5924%]
1406	82.71692745%	[80.6521%, 84.6034%]
1407	82.72921109%	[80.6657%, 84.6145%]
1408	82.74147727%	[80.6792%, 84.6255%]
1409	82.75372605%	[80.6928%, 84.6366%]
1410	82.76595745%	[80.7063%, 84.6476%]
1411	82.77817151%	[80.7198%, 84.6586%]
1412	82.79036827%	[80.7332%, 84.6696%]
1413	82.80254777%	[80.7467%, 84.6805%]
1414	82.81471004%	[80.7601%, 84.6915%]
1415	82.82685512%	[80.7735%, 84.7024%]
1416	82.83898305%	[80.7869%, 84.7133%]
1417	82.85109386%	[80.8003%, 84.7242%]
1418	82.86318759%	[80.8137%, 84.7351%]
1419	82.80479211%	[80.7536%, 84.6789%]
1420	82.81690141%	[80.7669%, 84.6898%]
1421	82.82899367%	[80.7803%, 84.7007%]
1422	82.84106892%	[80.7936%, 84.7115%]
1423	82.85312720%	[80.8070%, 84.7224%]
1424	82.86516854%	[80.8203%, 84.7332%]
1425	82.80701754%	[80.7604%, 84.6772%]
1426	82.81907433%	[80.7737%, 84.6881%]
1427	82.76103714%	[80.7140%, 84.6322%]
1428	82.77310924%	[80.7273%, 84.6431%]
1429	82.78516445%	[80.7406%, 84.6539%]
1430	82.79720280%	[80.7539%, 84.6648%]
1431	82.73934312%	[80.6943%, 84.6090%]
1432	82.75139665%	[80.7077%, 84.6199%]
1433	82.76343336%	[80.7209%, 84.6307%]
1434	82.77545328%	[80.7342%, 84.6416%]
1435	82.71777003%	[80.6748%, 84.5860%]
1436	82.66016713%	[80.6156%, 84.5305%]
1437	82.67223382%	[80.6289%, 84.5414%]
1438	82.68428373%	[80.6422%, 84.5522%]
1439	82.69631689%	[80.6555%, 84.5631%]
1440	82.63888889%	[80.5964%, 84.5077%]
1441	82.65093685%	[80.6097%, 84.5186%]
1442	82.59361997%	[80.5507%, 84.4633%]
1443	82.60568261%	[80.5640%, 84.4742%]
1444	82.54847645%	[80.5052%, 84.4191%]
1445	82.56055363%	[80.5185%, 84.4300%]
1446	82.57261411%	[80.5318%, 84.4409%]
1447	82.58465791%	[80.5450%, 84.4517%]
1448	82.59668508%	[80.5583%, 84.4626%]
1449	82.53968254%	[80.4997%, 84.4076%]
1450	82.48275862%	[80.4411%, 84.3527%]
1451	82.49483115%	[80.4544%, 84.3636%]
1452	82.50688705%	[80.4677%, 84.3745%]
1453	82.45010323%	[80.4093%, 84.3197%]
1454	82.39339752%	[80.3510%, 84.2650%]
1455	82.40549828%	[80.3644%, 84.2760%]
1456	82.34890110%	[80.3062%, 84.2214%]
1457	82.36101579%	[80.3195%, 84.2323%]
1458	82.30452675%	[80.2615%, 84.1778%]
1459	82.31665524%	[80.2748%, 84.1888%]
1460	82.32876712%	[80.2882%, 84.1997%]
1461	82.34086242%	[80.3015%, 84.2106%]
1462	82.35294118%	[80.3148%, 84.2215%]
1463	82.36500342%	[80.3280%, 84.2324%]
1464	82.37704918%	[80.3413%, 84.2433%]
1465	82.38907850%	[80.3545%, 84.2542%]
1466	82.40109141%	[80.3678%, 84.2651%]
1467	82.41308793%	[80.3810%, 84.2759%]
1468	82.42506812%	[80.3942%, 84.2867%]
1469	82.43703199%	[80.4073%, 84.2975%]
1470	82.44897959%	[80.4205%, 84.3083%]
1471	82.46091094%	[80.4336%, 84.3191%]
1472	82.47282609%	[80.4467%, 84.3299%]
1473	82.48472505%	[80.4598%, 84.3406%]
1474	82.49660787%	[80.4729%, 84.3514%]
1475	82.50847458%	[80.4860%, 84.3621%]
1476	82.52032520%	[80.4990%, 84.3728%]
1477	82.53215978%	[80.5121%, 84.3835%]
1478	82.47631935%	[80.4547%, 84.3296%]
1479	82.48816768%	[80.4677%, 84.3403%]
1480	82.50000000%	[80.4807%, 84.3510%]
1481	82.51181634%	[80.4937%, 84.3617%]
1482	82.52361673%	[80.5067%, 84.3723%]
1483	82.53540121%	[80.5197%, 84.3830%]
1484	82.54716981%	[80.5327%, 84.3936%]
1485	82.55892256%	[80.5456%, 84.4042%]
1486	82.57065949%	[80.5585%, 84.4148%]
1487	82.58238063%	[80.5714%, 84.4254%]
1488	82.59408602%	[80.5843%, 84.4360%]
1489	82.60577569%	[80.5972%, 84.4466%]
1490	82.61744966%	[80.6100%, 84.4571%]
1491	82.62910798%	[80.6229%, 84.4676%]
1492	82.57372654%	[80.5659%, 84.4142%]
1493	82.58539853%	[80.5788%, 84.4248%]
1494	82.59705489%	[80.5916%, 84.4353%]
1495	82.60869565%	[80.6044%, 84.4458%]
1496	82.62032086%	[80.6172%, 84.4563%]
1497	82.63193053%	[80.6300%, 84.4668%]
1498	82.64352470%	[80.6428%, 84.4773%]
1499	82.65510340%	[80.6555%, 84.4878%]
1500	82.60000000%	[80.5988%, 84.4346%]
1501	82.61159227%	[80.6116%, 84.4451%]
1502	82.62316911%	[80.6243%, 84.4555%]
1503	82.63473054%	[80.6371%, 84.4660%]
1504	82.64627660%	[80.6498%, 84.4764%]
1505	82.65780731%	[80.6625%, 84.4869%]
1506	82.60292165%	[80.6060%, 84.4339%]
1507	82.61446583%	[80.6187%, 84.4443%]
1508	82.62599469%	[80.6314%, 84.4548%]
1509	82.63750828%	[80.6441%, 84.4652%]
1510	82.64900662%	[80.6568%, 84.4756%]
1511	82.66048974%	[80.6694%, 84.4859%]
1512	82.67195767%	[80.6820%, 84.4963%]
1513	82.68341044%	[80.6946%, 84.5067%]
1514	82.69484808%	[80.7072%, 84.5170%]
1515	82.64026403%	[80.6511%, 84.4643%]
1516	82.65171504%	[80.6637%, 84.4747%]
1517	82.66315096%	[80.6763%, 84.4850%]
1518	82.67457181%	[80.6888%, 84.4954%]
1519	82.68597762%	[80.7014%, 84.5057%]
1520	82.69736842%	[80.7139%, 84.5160%]
1521	82.70874425%	[80.7264%, 84.5263%]
1522	82.72010512%	[80.7389%, 84.5365%]
1523	82.73145108%	[80.7514%, 84.5468%]
1524	82.74278215%	[80.7639%, 84.5570%]
1525	82.75409836%	[80.7763%, 84.5673%]
1526	82.76539974%	[80.7888%, 84.5775%]
1527	82.77668631%	[80.8012%, 84.5877%]
1528	82.78795812%	[80.8136%, 84.5979%]
1529	82.79921517%	[80.8260%, 84.6080%]
1530	82.74509804%	[80.7703%, 84.5558%]
1531	82.75636839%	[80.7827%, 84.5660%]
1532	82.76762402%	[80.7951%, 84.5762%]
1533	82.77886497%	[80.8075%, 84.5864%]
1534	82.79009126%	[80.8198%, 84.5965%]
1535	82.80130293%	[80.8322%, 84.6067%]
1536	82.81250000%	[80.8445%, 84.6168%]
1537	82.82368250%	[80.8568%, 84.6269%]
1538	82.76983095%	[80.8014%, 84.5749%]
1539	82.78102664%	[80.8137%, 84.5851%]
1540	82.79220779%	[80.8260%, 84.5952%]
1541	82.80337443%	[80.8383%, 84.6053%]
1542	82.81452659%	[80.8506%, 84.6154%]
1543	82.82566429%	[80.8629%, 84.6254%]
1544	82.83678756%	[80.8751%, 84.6355%]
1545	82.84789644%	[80.8873%, 84.6455%]
1546	82.85899094%	[80.8995%, 84.6556%]
1547	82.87007111%	[80.9117%, 84.6656%]
1548	82.81653747%	[80.8567%, 84.6139%]
1549	82.82763073%	[80.8689%, 84.6240%]
1550	82.83870968%	[80.8810%, 84.6340%]
1551	82.78529981%	[80.8261%, 84.5825%]
1552	82.73195876%	[80.7713%, 84.5310%]
1553	82.74307791%	[80.7835%, 84.5411%]
1554	82.75418275%	[80.7957%, 84.5511%]
1555	82.76527331%	[80.8079%, 84.5611%]
1556	82.77634961%	[80.8201%, 84.5712%]
1557	82.72318561%	[80.7654%, 84.5199%]
1558	82.73427471%	[80.7776%, 84.5299%]
1559	82.74534958%	[80.7898%, 84.5399%]
1560	82.75641026%	[80.8020%, 84.5499%]
1561	82.76745676%	[80.8141%, 84.5599%]
1562	82.77848912%	[80.8262%, 84.5699%]
1563	82.78950736%	[80.8383%, 84.5799%]
1564	82.73657289%	[80.7839%, 84.5288%]
1565	82.68370607%	[80.7296%, 84.4778%]
1566	82.69476373%	[80.7417%, 84.4878%]
1567	82.70580728%	[80.7539%, 84.4978%]
1568	82.65306122%	[80.6997%, 84.4469%]
1569	82.66411727%	[80.7118%, 84.4569%]
1570	82.67515924%	[80.7239%, 84.4669%]
1571	82.68618714%	[80.7360%, 84.4769%]
1572	82.69720102%	[80.7481%, 84.4868%]
1573	82.70820089%	[80.7602%, 84.4968%]
1574	82.71918679%	[80.7723%, 84.5068%]
1575	82.73015873%	[80.7844%, 84.5167%]
1576	82.74111675%	[80.7964%, 84.5266%]
1577	82.75206088%	[80.8084%, 84.5365%]
1578	82.76299113%	[80.8204%, 84.5464%]
1579	82.77390754%	[80.8324%, 84.5563%]
1580	82.78481013%	[80.8444%, 84.5662%]
1581	82.79569892%	[80.8564%, 84.5760%]
1582	82.74336283%	[80.8026%, 84.5255%]
1583	82.75426406%	[80.8145%, 84.5354%]
1584	82.76515152%	[80.8265%, 84.5453%]
1585	82.77602524%	[80.8385%, 84.5551%]
1586	82.78688525%	[80.8504%, 84.5649%]
1587	82.73471960%	[80.7968%, 84.5146%]
1588	82.74559194%	[80.8087%, 84.5244%]
1589	82.75645060%	[80.8206%, 84.5343%]
1590	82.70440252%	[80.7671%, 84.4840%]
1591	82.71527341%	[80.7791%, 84.4939%]
1592	82.72613065%	[80.7910%, 84.5037%]
1593	82.67419962%	[80.7376%, 84.4536%]
1594	82.68506901%	[80.7496%, 84.4634%]
1595	82.69592476%	[80.7615%, 84.4733%]
1596	82.70676692%	[80.7734%, 84.4831%]
1597	82.71759549%	[80.7853%, 84.4929%]
1598	82.72841051%	[80.7972%, 84.5027%]
1599	82.73921201%	[80.8090%, 84.5125%]
1600	82.75000000%	[80.8209%, 84.5223%]
1601	82.76077452%	[80.8327%, 84.5320%]
1602	82.77153558%	[80.8445%, 84.5418%]
1603	82.71990019%	[80.7914%, 84.4919%]
1604	82.73067332%	[80.8033%, 84.5017%]
1605	82.74143302%	[80.8151%, 84.5114%]
1606	82.75217933%	[80.8269%, 84.5212%]
1607	82.76291226%	[80.8387%, 84.5309%]
1608	82.71144279%	[80.7858%, 84.4812%]
1609	82.72218769%	[80.7976%, 84.4909%]
1610	82.73291925%	[80.8093%, 84.5007%]
1611	82.74363749%	[80.8211%, 84.5104%]
1612	82.75434243%	[80.8329%, 84.5201%]
1613	82.70303782%	[80.7801%, 84.4705%]
1614	82.71375465%	[80.7919%, 84.4803%]
1615	82.72445820%	[80.8036%, 84.4900%]
1616	82.73514851%	[80.8154%, 84.4997%]
1617	82.74582560%	[80.8271%, 84.5093%]
1618	82.75648949%	[80.8388%, 84.5190%]
1619	82.76714021%	[80.8505%, 84.5287%]
1620	82.77777778%	[80.8622%, 84.5383%]
1621	82.78840222%	[80.8738%, 84.5480%]
1622	82.79901356%	[80.8855%, 84.5576%]
1623	82.74799754%	[80.8330%, 84.5083%]
1624	82.69704433%	[80.7807%, 84.4591%]
1625	82.70769231%	[80.7924%, 84.4687%]
1626	82.71832718%	[80.8040%, 84.4784%]
1627	82.72894899%	[80.8157%, 84.4880%]
1628	82.73955774%	[80.8273%, 84.4977%]
1629	82.75015347%	[80.8389%, 84.5073%]
1630	82.76073620%	[80.8506%, 84.5169%]
1631	82.77130595%	[80.8622%, 84.5264%]
1632	82.78186275%	[80.8737%, 84.5360%]
1633	82.79240661%	[80.8853%, 84.5456%]
1634	82.80293758%	[80.8969%, 84.5551%]
1635	82.81345566%	[80.9084%, 84.5647%]
1636	82.82396088%	[80.9199%, 84.5742%]
1637	82.77336591%	[80.8679%, 84.5253%]
1638	82.78388278%	[80.8795%, 84.5349%]
1639	82.79438682%	[80.8910%, 84.5444%]
1640	82.80487805%	[80.9025%, 84.5539%]
1641	82.81535649%	[80.9140%, 84.5634%]
1642	82.82582217%	[80.9255%, 84.5729%]
1643	82.77541083%	[80.8737%, 84.5242%]
1644	82.78588808%	[80.8852%, 84.5337%]
1645	82.79635258%	[80.8967%, 84.5432%]
1646	82.80680437%	[80.9081%, 84.5527%]
1647	82.75652702%	[80.8565%, 84.5042%]
1648	82.76699029%	[80.8679%, 84.5136%]
1649	82.77744087%	[80.8794%, 84.5231%]
1650	82.78787879%	[80.8908%, 84.5326%]
1651	82.79830406%	[80.9023%, 84.5421%]
1652	82.74818402%	[80.8508%, 84.4936%]
1653	82.75862069%	[80.8622%, 84.5031%]
1654	82.76904474%	[80.8736%, 84.5126%]
1655	82.71903323%	[80.8223%, 84.4643%]
1656	82.66908213%	[80.7710%, 84.4160%]
1657	82.67954134%	[80.7824%, 84.4255%]
1658	82.62967431%	[80.7312%, 84.3773%]
1659	82.64014467%	[80.7427%, 84.3868%]
1660	82.65060241%	[80.7541%, 84.3963%]
1661	82.66104756%	[80.7656%, 84.4058%]
1662	82.67148014%	[80.7770%, 84.4153%]
1663	82.68190018%	[80.7884%, 84.4247%]
1664	82.63221154%	[80.7374%, 84.3767%]
1665	82.64264264%	[80.7488%, 84.3862%]
1666	82.65306122%	[80.7602%, 84.3956%]
1667	82.60347930%	[80.7093%, 84.3477%]
1668	82.61390887%	[80.7207%, 84.3572%]
1669	82.62432594%	[80.7322%, 84.3667%]
1670	82.63473054%	[80.7436%, 84.3761%]
1671	82.64512268%	[80.7549%, 84.3856%]
1672	82.65550239%	[80.7663%, 84.3950%]
1673	82.66586970%	[80.7777%, 84.4044%]
1674	82.67622461%	[80.7890%, 84.4138%]
1675	82.62686567%	[80.7383%, 84.3661%]
1676	82.63723150%	[80.7497%, 84.3755%]
1677	82.64758497%	[80.7610%, 84.3849%]
1678	82.59833135%	[80.7104%, 84.3373%]
1679	82.60869565%	[80.7218%, 84.3467%]
1680	82.61904762%	[80.7331%, 84.3561%]
1681	82.62938727%	[80.7444%, 84.3655%]
1682	82.63971463%	[80.7558%, 84.3749%]
1683	82.65002971%	[80.7670%, 84.3843%]
1684	82.66033254%	[80.7783%, 84.3937%]
1685	82.67062315%	[80.7896%, 84.4030%]
1686	82.68090154%	[80.8009%, 84.4124%]
1687	82.69116775%	[80.8121%, 84.4217%]
1688	82.70142180%	[80.8233%, 84.4310%]
1689	82.71166371%	[80.8345%, 84.4403%]
1690	82.72189349%	[80.8458%, 84.4496%]
1691	82.73211118%	[80.8569%, 84.4589%]
1692	82.74231678%	[80.8681%, 84.4682%]
1693	82.75251034%	[80.8793%, 84.4774%]
1694	82.76269185%	[80.8904%, 84.4867%]
1695	82.77286136%	[80.9016%, 84.4959%]
1696	82.78301887%	[80.9127%, 84.5052%]
1697	82.79316441%	[80.9238%, 84.5144%]
1698	82.80329800%	[80.9349%, 84.5236%]
1699	82.81341966%	[80.9460%, 84.5328%]
1700	82.82352941%	[80.9571%, 84.5420%]
1701	82.83362728%	[80.9681%, 84.5512%]
1702	82.84371328%	[80.9792%, 84.5603%]
1703	82.85378743%	[80.9902%, 84.5695%]
1704	82.86384977%	[81.0012%, 84.5786%]
1705	82.87390029%	[81.0123%, 84.5877%]
1706	82.88393904%	[81.0232%, 84.5969%]
1707	82.83538371%	[80.9734%, 84.5499%]
1708	82.78688525%	[80.9236%, 84.5031%]
1709	82.79695728%	[80.9346%, 84.5122%]
1710	82.80701754%	[80.9456%, 84.5214%]
1711	82.81706604%	[80.9566%, 84.5305%]
1712	82.82710280%	[80.9676%, 84.5396%]
1713	82.83712785%	[80.9786%, 84.5487%]
1714	82.84714119%	[80.9895%, 84.5578%]
1715	82.79883382%	[80.9399%, 84.5111%]
1716	82.80885781%	[80.9509%, 84.5203%]
1717	82.81887012%	[80.9619%, 84.5294%]
1718	82.77066356%	[80.9123%, 84.4828%]
1719	82.78068645%	[80.9233%, 84.4919%]
1720	82.79069767%	[80.9343%, 84.5010%]
1721	82.80069727%	[80.9452%, 84.5101%]
1722	82.81068525%	[80.9562%, 84.5192%]
1723	82.82066164%	[80.9671%, 84.5282%]
1724	82.77262181%	[80.9177%, 84.4818%]
1725	82.78260870%	[80.9287%, 84.4909%]
1726	82.79258401%	[80.9396%, 84.4999%]
1727	82.80254777%	[80.9505%, 84.5090%]
1728	82.81250000%	[80.9614%, 84.5180%]
1729	82.82244072%	[80.9723%, 84.5271%]
1730	82.83236994%	[80.9831%, 84.5361%]
1731	82.84228769%	[80.9940%, 84.5451%]
1732	82.85219400%	[81.0048%, 84.5541%]
1733	82.80438546%	[80.9557%, 84.5079%]
1734	82.75663206%	[80.9067%, 84.4618%]
1735	82.76657061%	[80.9176%, 84.4708%]
1736	82.77649770%	[80.9284%, 84.4798%]
1737	82.78641336%	[80.9393%, 84.4888%]
1738	82.79631761%	[80.9501%, 84.4979%]
1739	82.74870615%	[80.9012%, 84.4518%]
1740	82.75862069%	[80.9121%, 84.4608%]
1741	82.71108558%	[80.8633%, 84.4149%]
1742	82.72101033%	[80.8741%, 84.4239%]
1743	82.73092369%	[80.8850%, 84.4329%]
1744	82.74082569%	[80.8958%, 84.4419%]
1745	82.75071633%	[80.9066%, 84.4509%]
1746	82.70332188%	[80.8580%, 84.4051%]
1747	82.71322267%	[80.8688%, 84.4141%]
1748	82.66590389%	[80.8202%, 84.3683%]
1749	82.67581475%	[80.8310%, 84.3774%]
1750	82.68571429%	[80.8419%, 84.3864%]
1751	82.69560251%	[80.8527%, 84.3954%]
1752	82.70547945%	[80.8635%, 84.4044%]
1753	82.71534512%	[80.8743%, 84.4134%]
1754	82.72519954%	[80.8850%, 84.4223%]
1755	82.73504274%	[80.8958%, 84.4313%]
1756	82.74487472%	[80.9066%, 84.4402%]
1757	82.75469550%	[80.9173%, 84.4492%]
1758	82.70762230%	[80.8690%, 84.4036%]
1759	82.71745310%	[80.8797%, 84.4126%]
1760	82.72727273%	[80.8905%, 84.4215%]
1761	82.73708120%	[80.9012%, 84.4305%]
1762	82.74687855%	[80.9119%, 84.4394%]
1763	82.69994328%	[80.8637%, 84.3940%]
1764	82.70975057%	[80.8744%, 84.4029%]
1765	82.71954674%	[80.8851%, 84.4118%]
1766	82.72933182%	[80.8958%, 84.4207%]
1767	82.73910583%	[80.9065%, 84.4296%]
1768	82.74886878%	[80.9172%, 84.4385%]
1769	82.75862069%	[80.9279%, 84.4474%]
1770	82.76836158%	[80.9385%, 84.4563%]
1771	82.77809147%	[80.9491%, 84.4652%]
1772	82.78781038%	[80.9598%, 84.4740%]
1773	82.74111675%	[80.9118%, 84.4288%]
1774	82.75084555%	[80.9225%, 84.4377%]
1775	82.76056338%	[80.9331%, 84.4465%]
1776	82.77027027%	[80.9437%, 84.4554%]
1777	82.77996624%	[80.9543%, 84.4642%]
1778	82.78965129%	[80.9649%, 84.4730%]
1779	82.79932546%	[80.9755%, 84.4819%]
1780	82.80898876%	[80.9860%, 84.4907%]
1781	82.81864121%	[80.9966%, 84.4994%]
1782	82.82828283%	[81.0071%, 84.5082%]
1783	82.78182838%	[80.9594%, 84.4633%]
1784	82.79147982%	[80.9700%, 84.4721%]
1785	82.80112045%	[80.9805%, 84.4809%]
1786	82.81075028%	[80.9910%, 84.4896%]
1787	82.82036933%	[81.0015%, 84.4984%]
1788	82.77404922%	[80.9540%, 84.4536%]
1789	82.78367803%	[80.9645%, 84.4624%]
1790	82.79329609%	[80.9750%, 84.4711%]
1791	82.74706868%	[80.9276%, 84.4264%]
1792	82.75669643%	[80.9381%, 84.4352%]
1793	82.76631344%	[80.9486%, 84.4439%]
1794	82.72017837%	[80.9012%, 84.3993%]
1795	82.72980501%	[80.9118%, 84.4081%]
1796	82.73942094%	[80.9223%, 84.4168%]
1797	82.74902615%	[80.9328%, 84.4256%]
1798	82.75862069%	[80.9432%, 84.4343%]
1799	82.76820456%	[80.9537%, 84.4431%]
1800	82.72222222%	[80.9065%, 84.3986%]
1801	82.73181566%	[80.9170%, 84.4073%]
1802	82.74139845%	[80.9275%, 84.4160%]
1803	82.75097060%	[80.9379%, 84.4248%]
1804	82.70509978%	[80.8908%, 84.3804%]
1805	82.71468144%	[80.9013%, 84.3891%]
1806	82.72425249%	[80.9118%, 84.3978%]
1807	82.73381295%	[80.9222%, 84.4066%]
1808	82.74336283%	[80.9326%, 84.4153%]
1809	82.75290216%	[80.9430%, 84.4240%]
1810	82.70718232%	[80.8961%, 84.3797%]
1811	82.71673109%	[80.9065%, 84.3884%]
1812	82.72626932%	[80.9170%, 84.3971%]
1813	82.73579702%	[80.9274%, 84.4058%]
1814	82.74531422%	[80.9378%, 84.4145%]
1815	82.75482094%	[80.9481%, 84.4231%]
1816	82.76431718%	[80.9585%, 84.4318%]
1817	82.77380297%	[80.9689%, 84.4405%]
1818	82.78327833%	[80.9792%, 84.4491%]
1819	82.79274327%	[80.9895%, 84.4577%]
1820	82.80219780%	[80.9999%, 84.4663%]
1821	82.81164195%	[81.0102%, 84.4750%]
1822	82.82107574%	[81.0205%, 84.4836%]
1823	82.83049918%	[81.0308%, 84.4921%]
1824	82.83991228%	[81.0411%, 84.5007%]
1825	82.84931507%	[81.0513%, 84.5093%]
1826	82.85870756%	[81.0616%, 84.5179%]
1827	82.86808976%	[81.0718%, 84.5264%]
1828	82.87746171%	[81.0821%, 84.5350%]
1829	82.88682340%	[81.0923%, 84.5435%]
1830	82.89617486%	[81.1025%, 84.5520%]
1831	82.90551611%	[81.1127%, 84.5605%]
1832	82.91484716%	[81.1229%, 84.5690%]
1833	82.92416803%	[81.1331%, 84.5775%]
1834	82.93347874%	[81.1433%, 84.5860%]
1835	82.94277929%	[81.1534%, 84.5945%]
1836	82.95206972%	[81.1636%, 84.6030%]
1837	82.96135003%	[81.1737%, 84.6114%]
1838	82.97062024%	[81.1838%, 84.6199%]
1839	82.97988037%	[81.1939%, 84.6283%]
1840	82.93478261%	[81.1476%, 84.5847%]
1841	82.94405215%	[81.1578%, 84.5931%]
1842	82.95331162%	[81.1679%, 84.6016%]
1843	82.96256104%	[81.1780%, 84.6100%]
1844	82.97180043%	[81.1881%, 84.6184%]
1845	82.92682927%	[81.1419%, 84.5749%]
1846	82.93607801%	[81.1520%, 84.5834%]
1847	82.94531673%	[81.1621%, 84.5918%]
1848	82.95454545%	[81.1722%, 84.6002%]
1849	82.96376420%	[81.1822%, 84.6086%]
1850	82.97297297%	[81.1923%, 84.6170%]
1851	82.98217180%	[81.2023%, 84.6254%]
1852	82.99136069%	[81.2124%, 84.6338%]
1853	82.94657312%	[81.1664%, 84.5904%]
1854	82.95577131%	[81.1764%, 84.5988%]
1855	82.96495957%	[81.1865%, 84.6072%]
1856	82.97413793%	[81.1965%, 84.6156%]
1857	82.98330641%	[81.2065%, 84.6239%]
1858	82.93864370%	[81.1606%, 84.5807%]
1859	82.94782141%	[81.1707%, 84.5891%]
1860	82.90322581%	[81.1249%, 84.5459%]
1861	82.91241268%	[81.1349%, 84.5543%]
1862	82.86788400%	[81.0892%, 84.5112%]
1863	82.87707998%	[81.0993%, 84.5196%]
1864	82.88626609%	[81.1093%, 84.5280%]
1865	82.89544236%	[81.1193%, 84.5364%]
1866	82.85101822%	[81.0737%, 84.4934%]
1867	82.86020354%	[81.0837%, 84.5017%]
1868	82.86937901%	[81.0937%, 84.5101%]
1869	82.87854468%	[81.1037%, 84.5185%]
1870	82.88770053%	[81.1137%, 84.5268%]
1871	82.89684661%	[81.1237%, 84.5352%]
1872	82.90598291%	[81.1337%, 84.5435%]
1873	82.91510945%	[81.1436%, 84.5518%]
1874	82.87086446%	[81.0982%, 84.5090%]
1875	82.88000000%	[81.1082%, 84.5174%]
1876	82.83582090%	[81.0629%, 84.4746%]
1877	82.79168887%	[81.0176%, 84.4319%]
1878	82.80085197%	[81.0276%, 84.4402%]
1879	82.81000532%	[81.0376%, 84.4486%]
1880	82.81914894%	[81.0475%, 84.4569%]
1881	82.82828283%	[81.0575%, 84.4653%]
1882	82.83740701%	[81.0674%, 84.4736%]
1883	82.84652151%	[81.0774%, 84.4819%]
1884	82.85562633%	[81.0873%, 84.4902%]
1885	82.86472149%	[81.0972%, 84.4985%]
1886	82.87380700%	[81.1071%, 84.5068%]
1887	82.88288288%	[81.1170%, 84.5151%]
1888	82.89194915%	[81.1269%, 84.5234%]
1889	82.90100582%	[81.1368%, 84.5317%]
1890	82.91005291%	[81.1467%, 84.5399%]
1891	82.91909043%	[81.1565%, 84.5482%]
1892	82.92811839%	[81.1664%, 84.5564%]
1893	82.93713682%	[81.1762%, 84.5647%]
1894	82.94614572%	[81.1860%, 84.5729%]
1895	82.95514512%	[81.1959%, 84.5811%]
1896	82.96413502%	[81.2057%, 84.5893%]
1897	82.97311545%	[81.2155%, 84.5975%]
1898	82.98208641%	[81.2252%, 84.6057%]
1899	82.99104792%	[81.2350%, 84.6139%]
1900	83.00000000%	[81.2448%, 84.6220%]
1901	82.95633877%	[81.2000%, 84.5798%]
1902	82.96529968%	[81.2097%, 84.5880%]
1903	82.97425118%	[81.2195%, 84.5961%]
1904	82.98319328%	[81.2293%, 84.6043%]
1905	82.99212598%	[81.2390%, 84.6125%]
1906	83.00104932%	[81.2487%, 84.6206%]
1907	83.00996329%	[81.2585%, 84.6287%]
1908	83.01886792%	[81.2682%, 84.6369%]
1909	83.02776323%	[81.2779%, 84.6450%]
1910	83.03664921%	[81.2876%, 84.6531%]
1911	83.04552590%	[81.2973%, 84.6612%]
1912	83.05439331%	[81.3069%, 84.6693%]
1913	83.06325144%	[81.3166%, 84.6774%]
1914	83.01985371%	[81.2720%, 84.6354%]
1915	83.02872063%	[81.2817%, 84.6435%]
1916	83.03757829%	[81.2914%, 84.6516%]
1917	83.04642671%	[81.3010%, 84.6596%]
1918	83.05526590%	[81.3107%, 84.6677%]
1919	83.06409588%	[81.3203%, 84.6758%]
1920	83.02083333%	[81.2759%, 84.6339%]
1921	83.02967205%	[81.2855%, 84.6420%]
1922	83.03850156%	[81.2952%, 84.6500%]
1923	83.04732189%	[81.3048%, 84.6581%]
1924	83.00415800%	[81.2605%, 84.6163%]
1925	83.01298701%	[81.2701%, 84.6244%]
1926	82.96988577%	[81.2259%, 84.5826%]
1927	82.97872340%	[81.2355%, 84.5907%]
1928	82.98755187%	[81.2451%, 84.5988%]
1929	82.99637118%	[81.2548%, 84.6068%]
1930	83.00518135%	[81.2644%, 84.6149%]
1931	83.01398239%	[81.2740%, 84.6229%]
1932	83.02277433%	[81.2835%, 84.6309%]
1933	83.03155717%	[81.2931%, 84.6390%]
1934	83.04033092%	[81.3027%, 84.6470%]
1935	83.04909561%	[81.3122%, 84.6550%]
1936	83.05785124%	[81.3218%, 84.6630%]
1937	83.06659783%	[81.3313%, 84.6710%]
1938	83.02373581%	[81.2873%, 84.6295%]
1939	83.03249097%	[81.2969%, 84.6375%]
1940	83.04123711%	[81.3064%, 84.6455%]
1941	83.04997424%	[81.3159%, 84.6535%]
1942	83.05870237%	[81.3255%, 84.6614%]
1943	83.06742151%	[81.3350%, 84.6694%]
1944	83.02469136%	[81.2911%, 84.6280%]
1945	83.03341902%	[81.3006%, 84.6360%]
1946	82.99075026%	[81.2568%, 84.5947%]
1947	82.99948639%	[81.2664%, 84.6027%]
1948	83.00821355%	[81.2759%, 84.6106%]
1949	83.01693176%	[81.2854%, 84.6186%]
1950	82.97435897%	[81.2417%, 84.5774%]
1951	82.98308560%	[81.2512%, 84.5853%]
1952	82.99180328%	[81.2607%, 84.5933%]
1953	83.00051203%	[81.2702%, 84.6013%]
1954	83.00921187%	[81.2797%, 84.6092%]
1955	83.01790281%	[81.2891%, 84.6172%]
1956	83.02658487%	[81.2986%, 84.6251%]
1957	83.03525805%	[81.3080%, 84.6330%]
1958	83.04392237%	[81.3175%, 84.6410%]
1959	83.05257785%	[81.3269%, 84.6489%]
1960	83.06122449%	[81.3363%, 84.6568%]
1961	83.01886792%	[81.2929%, 84.6158%]
1962	83.02752294%	[81.3023%, 84.6237%]
1963	83.03616913%	[81.3117%, 84.6316%]
1964	83.04480652%	[81.3211%, 84.6395%]
1965	83.05343511%	[81.3305%, 84.6474%]
1966	83.01119023%	[81.2872%, 84.6064%]
1967	82.96898831%	[81.2439%, 84.5656%]
1968	82.92682927%	[81.2006%, 84.5247%]
1969	82.93550025%	[81.2101%, 84.5326%]
1970	82.89340102%	[81.1669%, 84.4919%]
1971	82.90208016%	[81.1764%, 84.4998%]
1972	82.91075051%	[81.1858%, 84.5077%]
1973	82.91941206%	[81.1952%, 84.5157%]
1974	82.92806484%	[81.2046%, 84.5236%]
1975	82.93670886%	[81.2141%, 84.5315%]
1976	82.94534413%	[81.2235%, 84.5394%]
1977	82.95397066%	[81.2329%, 84.5473%]
1978	82.96258847%	[81.2422%, 84.5552%]
1979	82.97119757%	[81.2516%, 84.5630%]
1980	82.97979798%	[81.2610%, 84.5709%]
1981	82.98838970%	[81.2703%, 84.5788%]
1982	82.99697275%	[81.2797%, 84.5866%]
1983	83.00554715%	[81.2890%, 84.5944%]
1984	83.01411290%	[81.2983%, 84.6023%]
1985	82.97229219%	[81.2554%, 84.5618%]
1986	82.98086606%	[81.2648%, 84.5696%]
1987	82.98943130%	[81.2741%, 84.5774%]
1988	82.99798793%	[81.2834%, 84.5853%]
1989	83.00653595%	[81.2927%, 84.5931%]
1990	83.01507538%	[81.3020%, 84.6009%]
1991	83.02360623%	[81.3113%, 84.6087%]
1992	82.98192771%	[81.2686%, 84.5683%]
1993	82.99046663%	[81.2779%, 84.5761%]
1994	82.94884654%	[81.2352%, 84.5358%]
1995	82.95739348%	[81.2445%, 84.5436%]
1996	82.96593186%	[81.2538%, 84.5515%]
1997	82.92438658%	[81.2112%, 84.5112%]
1998	82.93293293%	[81.2205%, 84.5190%]
1999	82.94147074%	[81.2297%, 84.5268%]
2000	82.95000000%	[81.2390%, 84.5346%]
2001	82.95852074%	[81.2483%, 84.5424%]
2002	82.96703297%	[81.2576%, 84.5502%]
2003	82.97553669%	[81.2668%, 84.5580%]
2004	82.98403194%	[81.2761%, 84.5658%]
2005	82.99251870%	[81.2853%, 84.5736%]
2006	82.95114656%	[81.2429%, 84.5335%]
2007	82.95964126%	[81.2521%, 84.5412%]
2008	82.96812749%	[81.2613%, 84.5490%]
2009	82.92682927%	[81.2190%, 84.5090%]
2010	82.88557214%	[81.1767%, 84.4690%]
2011	82.89408255%	[81.1859%, 84.4768%]
2012	82.90258449%	[81.1952%, 84.4846%]
2013	82.91107799%	[81.2044%, 84.4924%]
2014	82.86991063%	[81.1622%, 84.4525%]
2015	82.87841191%	[81.1715%, 84.4602%]
2016	82.88690476%	[81.1807%, 84.4680%]
2017	82.89538919%	[81.1899%, 84.4758%]
2018	82.90386521%	[81.1991%, 84.4835%]
2019	82.91233284%	[81.2084%, 84.4913%]
2020	82.92079208%	[81.2176%, 84.4990%]
2021	82.92924295%	[81.2268%, 84.5068%]
2022	82.93768546%	[81.2359%, 84.5145%]
2023	82.94611962%	[81.2451%, 84.5222%]
2024	82.95454545%	[81.2543%, 84.5300%]
2025	82.96296296%	[81.2634%, 84.5377%]
2026	82.97137216%	[81.2726%, 84.5454%]
2027	82.93043907%	[81.2306%, 84.5057%]
2028	82.93885602%	[81.2398%, 84.5134%]
2029	82.94726466%	[81.2489%, 84.5211%]
2030	82.95566502%	[81.2580%, 84.5288%]
2031	82.96405711%	[81.2672%, 84.5365%]
2032	82.97244094%	[81.2763%, 84.5442%]
2033	82.98081653%	[81.2854%, 84.5518%]
2034	82.98918387%	[81.2945%, 84.5595%]
2035	82.99754300%	[81.3036%, 84.5671%]
2036	83.00589391%	[81.3127%, 84.5748%]
2037	83.01423662%	[81.3218%, 84.5824%]
2038	83.02257115%	[81.3308%, 84.5901%]
2039	83.03089750%	[81.3399%, 84.5977%]
2040	83.03921569%	[81.3489%, 84.6053%]
2041	83.04752572%	[81.3580%, 84.6129%]
2042	83.05582762%	[81.3670%, 84.6205%]
2043	83.01517376%	[81.3253%, 84.5811%]
2044	82.97455969%	[81.2837%, 84.5418%]
2045	82.98288509%	[81.2927%, 84.5494%]
2046	82.99120235%	[81.3018%, 84.5570%]
2047	82.99951148%	[81.3108%, 84.5646%]
2048	83.00781250%	[81.3198%, 84.5722%]
2049	83.01610542%	[81.3288%, 84.5798%]
2050	83.02439024%	[81.3378%, 84.5874%]
2051	82.98391029%	[81.2963%, 84.5482%]
2052	82.99220273%	[81.3053%, 84.5558%]
2053	83.00048709%	[81.3144%, 84.5634%]
2054	83.00876339%	[81.3234%, 84.5709%]
2055	82.96836983%	[81.2819%, 84.5318%]
2056	82.97665370%	[81.2909%, 84.5394%]
2057	82.98492951%	[81.2999%, 84.5470%]
2058	82.99319728%	[81.3089%, 84.5545%]
2059	82.95288975%	[81.2676%, 84.5155%]
2060	82.96116505%	[81.2766%, 84.5230%]
2061	82.96943231%	[81.2856%, 84.5306%]
2062	82.97769156%	[81.2946%, 84.5382%]
2063	82.98594280%	[81.3035%, 84.5457%]
2064	82.99418605%	[81.3125%, 84.5533%]
2065	82.95399516%	[81.2713%, 84.5143%]
2066	82.96224589%	[81.2802%, 84.5219%]
2067	82.92210934%	[81.2391%, 84.4830%]
2068	82.93036750%	[81.2481%, 84.4905%]
2069	82.93861769%	[81.2570%, 84.4981%]
2070	82.94685990%	[81.2660%, 84.5057%]
2071	82.95509416%	[81.2749%, 84.5132%]
2072	82.96332046%	[81.2839%, 84.5208%]
2073	82.92329957%	[81.2429%, 84.4820%]
2074	82.93153327%	[81.2518%, 84.4895%]
2075	82.89156627%	[81.2108%, 84.4507%]
2076	82.89980732%	[81.2198%, 84.4583%]
2077	82.90804044%	[81.2287%, 84.4658%]
2078	82.86814244%	[81.1878%, 84.4272%]
2079	82.82828283%	[81.1470%, 84.3885%]
2080	82.83653846%	[81.1559%, 84.3961%]
2081	82.84478616%	[81.1649%, 84.4036%]
2082	82.85302594%	[81.1738%, 84.4112%]
2083	82.86125780%	[81.1828%, 84.4187%]
2084	82.86948177%	[81.1917%, 84.4263%]
2085	82.87769784%	[81.2006%, 84.4338%]
2086	82.88590604%	[81.2096%, 84.4414%]
2087	82.89410637%	[81.2185%, 84.4489%]
2088	82.90229885%	[81.2274%, 84.4564%]
2089	82.91048348%	[81.2363%, 84.4639%]
2090	82.91866029%	[81.2451%, 84.4714%]
2091	82.92682927%	[81.2540%, 84.4789%]
2092	82.93499044%	[81.2629%, 84.4864%]
2093	82.94314381%	[81.2717%, 84.4938%]
2094	82.95128940%	[81.2806%, 84.5013%]
2095	82.95942721%	[81.2894%, 84.5088%]
2096	82.96755725%	[81.2983%, 84.5162%]
2097	82.92799237%	[81.2577%, 84.4779%]
2098	82.93612965%	[81.2665%, 84.4853%]
2099	82.94425917%	[81.2754%, 84.4928%]
2100	82.95238095%	[81.2842%, 84.5002%]
2101	82.91289862%	[81.2437%, 84.4619%]
2102	82.92102759%	[81.2525%, 84.4694%]
2103	82.92914883%	[81.2614%, 84.4769%]
2104	82.93726236%	[81.2702%, 84.4843%]
2105	82.94536817%	[81.2790%, 84.4917%]
2106	82.90598291%	[81.2386%, 84.4535%]
2107	82.91409587%	[81.2474%, 84.4610%]
2108	82.92220114%	[81.2562%, 84.4684%]
2109	82.88288288%	[81.2159%, 84.4303%]
2110	82.89099526%	[81.2247%, 84.4377%]
2111	82.89909995%	[81.2335%, 84.4452%]
2112	82.90719697%	[81.2423%, 84.4526%]
2113	82.86796025%	[81.2021%, 84.4145%]
2114	82.87606433%	[81.2109%, 84.4220%]
2115	82.88416076%	[81.2197%, 84.4294%]
2116	82.89224953%	[81.2285%, 84.4368%]
2117	82.90033066%	[81.2372%, 84.4442%]
2118	82.90840415%	[81.2460%, 84.4516%]
2119	82.86927796%	[81.2059%, 84.4137%]
2120	82.87735849%	[81.2147%, 84.4211%]
2121	82.88543140%	[81.2234%, 84.4285%]
2122	82.89349670%	[81.2322%, 84.4359%]
2123	82.90155440%	[81.2410%, 84.4433%]
2124	82.90960452%	[81.2497%, 84.4507%]
2125	82.91764706%	[81.2584%, 84.4581%]
2126	82.92568203%	[81.2671%, 84.4655%]
2127	82.93370945%	[81.2759%, 84.4728%]
2128	82.94172932%	[81.2846%, 84.4802%]
2129	82.94974166%	[81.2933%, 84.4875%]
2130	82.95774648%	[81.3020%, 84.4949%]
2131	82.96574378%	[81.3106%, 84.5022%]
2132	82.97373358%	[81.3193%, 84.5096%]
2133	82.98171589%	[81.3280%, 84.5169%]
2134	82.98969072%	[81.3366%, 84.5242%]
2135	82.95081967%	[81.2968%, 84.4865%]
2136	82.95880150%	[81.3055%, 84.4938%]
2137	82.91998128%	[81.2657%, 84.4562%]
2138	82.92797007%	[81.2743%, 84.4635%]
2139	82.93595138%	[81.2830%, 84.4708%]
2140	82.94392523%	[81.2917%, 84.4781%]
2141	82.90518449%	[81.2519%, 84.4406%]
2142	82.91316527%	[81.2606%, 84.4479%]
2143	82.92113859%	[81.2693%, 84.4552%]
2144	82.92910448%	[81.2779%, 84.4625%]
2145	82.93706294%	[81.2865%, 84.4698%]
2146	82.94501398%	[81.2952%, 84.4771%]
2147	82.95295762%	[81.3038%, 84.4844%]
2148	82.96089385%	[81.3124%, 84.4917%]
2149	82.96882271%	[81.3210%, 84.4990%]
2150	82.97674419%	[81.3296%, 84.5063%]
2151	82.98465830%	[81.3382%, 84.5135%]
2152	82.99256506%	[81.3468%, 84.5208%]
2153	82.95401765%	[81.3073%, 84.4834%]
2154	82.96193129%	[81.3159%, 84.4906%]
2155	82.96983759%	[81.3244%, 84.4979%]
2156	82.97773655%	[81.3330%, 84.5052%]
2157	82.98562819%	[81.3416%, 84.5124%]
2158	82.99351251%	[81.3501%, 84.5196%]
2159	83.00138953%	[81.3587%, 84.5269%]
2160	82.96296296%	[81.3193%, 84.4896%]
2161	82.97084683%	[81.3278%, 84.4968%]
2162	82.93246994%	[81.2885%, 84.4596%]
2163	82.94036061%	[81.2971%, 84.4668%]
2164	82.94824399%	[81.3056%, 84.4741%]
2165	82.95612009%	[81.3142%, 84.4813%]
2166	82.96398892%	[81.3227%, 84.4885%]
2167	82.97185048%	[81.3312%, 84.4958%]
2168	82.97970480%	[81.3398%, 84.5030%]
2169	82.98755187%	[81.3483%, 84.5102%]
2170	82.99539171%	[81.3568%, 84.5174%]
2171	83.00322432%	[81.3653%, 84.5246%]
2172	83.01104972%	[81.3738%, 84.5318%]
2173	83.01886792%	[81.3823%, 84.5389%]
2174	82.98068077%	[81.3431%, 84.5019%]
2175	82.98850575%	[81.3516%, 84.5091%]
2176	82.99632353%	[81.3601%, 84.5163%]
2177	82.95819936%	[81.3210%, 84.4793%]
2178	82.96602388%	[81.3295%, 84.4865%]
2179	82.92794860%	[81.2905%, 84.4495%]
2180	82.93577982%	[81.2990%, 84.4567%]
2181	82.94360385%	[81.3075%, 84.4639%]
2182	82.95142071%	[81.3159%, 84.4711%]
2183	82.95923042%	[81.3244%, 84.4783%]
2184	82.92124542%	[81.2855%, 84.4414%]
2185	82.92906178%	[81.2940%, 84.4486%]
2186	82.93687100%	[81.3024%, 84.4557%]
2187	82.94467307%	[81.3109%, 84.4629%]
2188	82.95246801%	[81.3194%, 84.4701%]
2189	82.96025582%	[81.3278%, 84.4772%]
2190	82.92237443%	[81.2890%, 84.4405%]
2191	82.88452761%	[81.2502%, 84.4037%]
2192	82.89233577%	[81.2587%, 84.4109%]
2193	82.85453716%	[81.2199%, 84.3742%]
2194	82.86235187%	[81.2284%, 84.3814%]
2195	82.87015945%	[81.2369%, 84.3886%]
2196	82.87795993%	[81.2453%, 84.3958%]
2197	82.88575330%	[81.2538%, 84.4029%]
2198	82.84804368%	[81.2152%, 84.3663%]
2199	82.85584357%	[81.2236%, 84.3735%]
2200	82.86363636%	[81.2321%, 84.3807%]
2201	82.87142208%	[81.2405%, 84.3878%]
2202	82.87920073%	[81.2489%, 84.3950%]
2203	82.88697231%	[81.2573%, 84.4021%]
2204	82.89473684%	[81.2658%, 84.4092%]
2205	82.90249433%	[81.2742%, 84.4164%]
2206	82.91024479%	[81.2826%, 84.4235%]
2207	82.91798822%	[81.2910%, 84.4306%]
2208	82.92572464%	[81.2994%, 84.4377%]
2209	82.93345405%	[81.3077%, 84.4448%]
2210	82.94117647%	[81.3161%, 84.4519%]
2211	82.94889190%	[81.3245%, 84.4590%]
2212	82.95660036%	[81.3328%, 84.4661%]
2213	82.96430185%	[81.3412%, 84.4732%]
2214	82.97199639%	[81.3495%, 84.4803%]
2215	82.97968397%	[81.3578%, 84.4873%]
2216	82.98736462%	[81.3662%, 84.4944%]
2217	82.99503834%	[81.3745%, 84.5014%]
2218	83.00270514%	[81.3828%, 84.5085%]
2219	83.01036503%	[81.3911%, 84.5155%]
2220	83.01801802%	[81.3994%, 84.5226%]
2221	83.02566412%	[81.4077%, 84.5296%]
2222	83.03330333%	[81.4160%, 84.5366%]
2223	83.04093567%	[81.4242%, 84.5436%]
2224	83.00359712%	[81.3860%, 84.5074%]
2225	83.01123596%	[81.3943%, 84.5144%]
2226	83.01886792%	[81.4025%, 84.5214%]
2227	83.02649304%	[81.4108%, 84.5284%]
2228	83.03411131%	[81.4191%, 84.5354%]
2229	83.04172275%	[81.4273%, 84.5424%]
2230	83.04932735%	[81.4355%, 84.5494%]
2231	83.05692515%	[81.4438%, 84.5564%]
2232	83.06451613%	[81.4520%, 84.5634%]
2233	83.02731751%	[81.4139%, 84.5273%]
2234	83.03491495%	[81.4221%, 84.5343%]
2235	83.04250559%	[81.4304%, 84.5413%]
2236	83.05008945%	[81.4386%, 84.5482%]
2237	83.01296379%	[81.4005%, 84.5122%]
2238	83.02055407%	[81.4088%, 84.5192%]
2239	83.02813756%	[81.4170%, 84.5262%]
2240	83.03571429%	[81.4252%, 84.5331%]
2241	83.04328425%	[81.4334%, 84.5401%]
2242	83.05084746%	[81.4416%, 84.5470%]
2243	83.05840392%	[81.4498%, 84.5540%]
2244	83.06595365%	[81.4580%, 84.5609%]
2245	83.07349666%	[81.4661%, 84.5679%]
2246	83.08103295%	[81.4743%, 84.5748%]
2247	83.04405874%	[81.4364%, 84.5389%]
2248	83.05160142%	[81.4446%, 84.5458%]
2249	83.05913739%	[81.4528%, 84.5528%]
2250	83.06666667%	[81.4609%, 84.5597%]
2251	83.07418925%	[81.4691%, 84.5666%]
2252	83.08170515%	[81.4772%, 84.5735%]
2253	83.08921438%	[81.4854%, 84.5804%]
2254	83.09671695%	[81.4935%, 84.5873%]
2255	83.10421286%	[81.5016%, 84.5942%]
2256	83.11170213%	[81.5097%, 84.6011%]
2257	83.11918476%	[81.5178%, 84.6080%]
2258	83.12666076%	[81.5259%, 84.6149%]
2259	83.13413015%	[81.5340%, 84.6217%]
2260	83.14159292%	[81.5421%, 84.6286%]
2261	83.14904909%	[81.5502%, 84.6354%]
2262	83.11229001%	[81.5125%, 84.5998%]
2263	83.11975254%	[81.5206%, 84.6066%]
2264	83.12720848%	[81.5287%, 84.6135%]
2265	83.13465784%	[81.5368%, 84.6203%]
2266	83.09796999%	[81.4992%, 84.5847%]
2267	83.10542567%	[81.5073%, 84.5916%]
2268	83.11287478%	[81.5153%, 84.5984%]
2269	83.12031732%	[81.5234%, 84.6053%]
2270	83.12775330%	[81.5315%, 84.6121%]
2271	83.09114927%	[81.4940%, 84.5766%]
2272	83.09859155%	[81.5020%, 84.5834%]
2273	83.10602728%	[81.5101%, 84.5903%]
2274	83.11345646%	[81.5181%, 84.5971%]
2275	83.12087912%	[81.5262%, 84.6039%]
2276	83.12829525%	[81.5342%, 84.6108%]
2277	83.13570487%	[81.5422%, 84.6176%]
2278	83.14310799%	[81.5502%, 84.6244%]
2279	83.15050461%	[81.5583%, 84.6312%]
2280	83.11403509%	[81.5209%, 84.5958%]
2281	83.12143797%	[81.5289%, 84.6026%]
2282	83.08501315%	[81.4916%, 84.5672%]
2283	83.09242225%	[81.4996%, 84.5741%]
2284	83.09982487%	[81.5076%, 84.5809%]
2285	83.10722101%	[81.5156%, 84.5877%]
2286	83.11461067%	[81.5236%, 84.5945%]
2287	83.12199388%	[81.5316%, 84.6013%]
2288	83.12937063%	[81.5396%, 84.6080%]
2289	83.13674093%	[81.5476%, 84.6148%]
2290	83.14410480%	[81.5556%, 84.6216%]
2291	83.15146224%	[81.5636%, 84.6284%]
2292	83.11518325%	[81.5264%, 84.5932%]
2293	83.12254688%	[81.5344%, 84.5999%]
2294	83.12990410%	[81.5423%, 84.6067%]
2295	83.13725490%	[81.5503%, 84.6135%]
2296	83.10104530%	[81.5132%, 84.5783%]
2297	83.10840226%	[81.5212%, 84.5851%]
2298	83.07223673%	[81.4841%, 84.5500%]
2299	83.03610265%	[81.4471%, 84.5149%]
2300	83.04347826%	[81.4551%, 84.5217%]
2301	83.05084746%	[81.4631%, 84.5285%]
2302	83.05821025%	[81.4710%, 84.5352%]
2303	83.06556665%	[81.4790%, 84.5420%]
2304	83.07291667%	[81.4870%, 84.5488%]
2305	83.03687636%	[81.4500%, 84.5138%]
2306	83.04423244%	[81.4580%, 84.5205%]
2307	83.05158214%	[81.4660%, 84.5273%]
2308	83.05892548%	[81.4739%, 84.5341%]
2309	83.06626245%	[81.4819%, 84.5408%]
2310	83.07359307%	[81.4898%, 84.5476%]
2311	83.03764604%	[81.4530%, 84.5127%]
2312	83.04498270%	[81.4609%, 84.5194%]
2313	83.05231301%	[81.4689%, 84.5262%]
2314	83.05963699%	[81.4768%, 84.5329%]
2315	83.06695464%	[81.4847%, 84.5396%]
2316	83.07426598%	[81.4926%, 84.5464%]
2317	83.08157100%	[81.5005%, 84.5531%]
2318	83.08886972%	[81.5084%, 84.5598%]
2319	83.09616214%	[81.5163%, 84.5665%]
2320	83.10344828%	[81.5242%, 84.5732%]
2321	83.11072813%	[81.5321%, 84.5799%]
2322	83.11800172%	[81.5400%, 84.5866%]
2323	83.12526905%	[81.5478%, 84.5933%]
2324	83.13253012%	[81.5557%, 84.6000%]
2325	83.13978495%	[81.5635%, 84.6067%]
2326	83.10404127%	[81.5269%, 84.5720%]
2327	83.06832832%	[81.4903%, 84.5373%]
2328	83.07560137%	[81.4982%, 84.5440%]
2329	83.08286818%	[81.5061%, 84.5507%]
2330	83.04721030%	[81.4696%, 84.5161%]
2331	83.05448305%	[81.4774%, 84.5228%]
2332	83.06174957%	[81.4853%, 84.5295%]
2333	83.06900986%	[81.4932%, 84.5361%]
2334	83.07626392%	[81.5010%, 84.5428%]
2335	83.04068522%	[81.4646%, 84.5083%]
2336	83.04794521%	[81.4724%, 84.5150%]
2337	83.05519897%	[81.4803%, 84.5216%]
2338	83.06244654%	[81.4881%, 84.5283%]
2339	83.06968790%	[81.4959%, 84.5350%]
2340	83.07692308%	[81.5038%, 84.5417%]
2341	83.08415207%	[81.5116%, 84.5483%]
2342	83.09137489%	[81.5194%, 84.5550%]
2343	83.09859155%	[81.5272%, 84.5616%]
2344	83.10580205%	[81.5350%, 84.5683%]
2345	83.11300640%	[81.5428%, 84.5749%]
2346	83.12020460%	[81.5506%, 84.5815%]
2347	83.12739668%	[81.5584%, 84.5881%]
2348	83.13458262%	[81.5662%, 84.5948%]
2349	83.14176245%	[81.5739%, 84.6014%]
2350	83.14893617%	[81.5817%, 84.6080%]
2351	83.15610379%	[81.5895%, 84.6146%]
2352	83.16326531%	[81.5972%, 84.6212%]
2353	83.17042074%	[81.6049%, 84.6278%]
2354	83.13508921%	[81.5688%, 84.5935%]
2355	83.14225053%	[81.5765%, 84.6000%]
2356	83.10696095%	[81.5404%, 84.5658%]
2357	83.11412813%	[81.5481%, 84.5724%]
2358	83.12128923%	[81.5559%, 84.5790%]
2359	83.08605341%	[81.5198%, 84.5448%]
2360	83.09322034%	[81.5275%, 84.5514%]
2361	83.10038119%	[81.5353%, 84.5580%]
2362	83.10753599%	[81.5430%, 84.5645%]
2363	83.11468472%	[81.5507%, 84.5711%]
2364	83.12182741%	[81.5585%, 84.5777%]
2365	83.08668076%	[81.5225%, 84.5436%]
2366	83.09382925%	[81.5302%, 84.5502%]
2367	83.10097169%	[81.5379%, 84.5567%]
2368	83.10810811%	[81.5457%, 84.5633%]
2369	83.11523850%	[81.5534%, 84.5699%]
2370	83.12236287%	[81.5611%, 84.5765%]
2371	83.08730493%	[81.5252%, 84.5424%]
2372	83.09443508%	[81.5329%, 84.5490%]
2373	83.10155921%	[81.5406%, 84.5555%]
2374	83.10867734%	[81.5483%, 84.5621%]
2375	83.11578947%	[81.5560%, 84.5686%]
2376	83.12289562%	[81.5637%, 84.5752%]
2377	83.12999579%	[81.5713%, 84.5817%]
2378	83.13708999%	[81.5790%, 84.5883%]
2379	83.14417823%	[81.5867%, 84.5948%]
2380	83.15126050%	[81.5943%, 84.6013%]
2381	83.11633767%	[81.5586%, 84.5674%]
2382	83.12342569%	[81.5662%, 84.5739%]
2383	83.13050776%	[81.5739%, 84.5805%]
2384	83.13758389%	[81.5816%, 84.5870%]
2385	83.14465409%	[81.5892%, 84.5935%]
2386	83.15171836%	[81.5968%, 84.6000%]
2387	83.15877671%	[81.6045%, 84.6065%]
2388	83.16582915%	[81.6121%, 84.6130%]
2389	83.17287568%	[81.6197%, 84.6195%]
2390	83.17991632%	[81.6273%, 84.6260%]
2391	83.18695107%	[81.6349%, 84.6325%]
2392	83.15217391%	[81.5993%, 84.5987%]
2393	83.15921438%	[81.6069%, 84.6052%]
2394	83.16624896%	[81.6146%, 84.6117%]
2395	83.13152401%	[81.5790%, 84.5779%]
2396	83.13856427%	[81.5866%, 84.5844%]
2397	83.14559866%	[81.5942%, 84.5909%]
2398	83.15262719%	[81.6018%, 84.5974%]
2399	83.11796582%	[81.5663%, 84.5637%]
2400	83.12500000%	[81.5739%, 84.5702%]
2401	83.13202832%	[81.5815%, 84.5767%]
2402	83.13905079%	[81.5891%, 84.5832%]
2403	83.14606742%	[81.5967%, 84.5896%]
2404	83.15307820%	[81.6043%, 84.5961%]
2405	83.16008316%	[81.6119%, 84.6026%]
2406	83.16708229%	[81.6194%, 84.6090%]
2407	83.17407561%	[81.6270%, 84.6155%]
2408	83.18106312%	[81.6345%, 84.6219%]
2409	83.14653383%	[81.5992%, 84.5883%]
2410	83.15352697%	[81.6067%, 84.5948%]
2411	83.11903774%	[81.5714%, 84.5613%]
2412	83.12603648%	[81.5790%, 84.5677%]
2413	83.13302942%	[81.5865%, 84.5742%]
2414	83.14001657%	[81.5941%, 84.5806%]
2415	83.10559006%	[81.5588%, 84.5472%]
2416	83.11258278%	[81.5664%, 84.5536%]
2417	83.07819611%	[81.5312%, 84.5202%]
2418	83.08519438%	[81.5388%, 84.5267%]
2419	83.09218685%	[81.5463%, 84.5331%]
2420	83.05785124%	[81.5112%, 84.4998%]
2421	83.06484924%	[81.5187%, 84.5062%]
2422	83.07184145%	[81.5263%, 84.5127%]
2423	83.03755675%	[81.4912%, 84.4793%]
2424	83.00330033%	[81.4561%, 84.4461%]
2425	83.01030928%	[81.4637%, 84.4525%]
2426	83.01731245%	[81.4712%, 84.4590%]
2427	83.02430985%	[81.4788%, 84.4654%]
2428	83.03130148%	[81.4864%, 84.4719%]
2429	83.03828736%	[81.4939%, 84.4783%]
2430	83.04526749%	[81.5014%, 84.4848%]
2431	83.01110654%	[81.4665%, 84.4516%]
2432	82.97697368%	[81.4315%, 84.4184%]
2433	82.98397041%	[81.4391%, 84.4249%]
2434	82.99096138%	[81.4466%, 84.4313%]
2435	82.99794661%	[81.4542%, 84.4377%]
2436	83.00492611%	[81.4617%, 84.4442%]
2437	83.01189988%	[81.4693%, 84.4506%]
2438	83.01886792%	[81.4768%, 84.4571%]
2439	83.02583026%	[81.4843%, 84.4635%]
2440	83.03278689%	[81.4918%, 84.4699%]
2441	82.99877100%	[81.4570%, 84.4368%]
2442	83.00573301%	[81.4645%, 84.4433%]
2443	83.01268932%	[81.4720%, 84.4497%]
2444	83.01963993%	[81.4795%, 84.4561%]
2445	83.02658487%	[81.4870%, 84.4625%]
2446	82.99264105%	[81.4523%, 84.4295%]
2447	82.99959134%	[81.4598%, 84.4359%]
2448	83.00653595%	[81.4673%, 84.4423%]
2449	82.97264189%	[81.4326%, 84.4094%]
2450	82.97959184%	[81.4401%, 84.4158%]
2451	82.98653611%	[81.4476%, 84.4222%]
2452	82.99347471%	[81.4551%, 84.4286%]
2453	82.95964126%	[81.4205%, 84.3957%]
2454	82.96658517%	[81.4280%, 84.4021%]
2455	82.97352342%	[81.4355%, 84.4085%]
2456	82.98045603%	[81.4430%, 84.4149%]
2457	82.94668295%	[81.4084%, 84.3821%]
2458	82.95362083%	[81.4159%, 84.3885%]
2459	82.96055307%	[81.4234%, 84.3949%]
2460	82.96747967%	[81.4308%, 84.4013%]
2461	82.97440065%	[81.4383%, 84.4077%]
2462	82.98131600%	[81.4458%, 84.4141%]
2463	82.94762485%	[81.4113%, 84.3813%]
2464	82.95454545%	[81.4188%, 84.3877%]
2465	82.92089249%	[81.3843%, 84.3550%]
2466	82.92781833%	[81.3918%, 84.3614%]
2467	82.93473855%	[81.3993%, 84.3678%]
2468	82.94165316%	[81.4067%, 84.3742%]
2469	82.94856217%	[81.4142%, 84.3806%]
2470	82.95546559%	[81.4217%, 84.3869%]
2471	82.92189397%	[81.3873%, 84.3543%]
2472	82.92880259%	[81.3948%, 84.3607%]
2473	82.93570562%	[81.4022%, 84.3670%]
2474	82.90218270%	[81.3679%, 84.3344%]
2475	82.90909091%	[81.3754%, 84.3408%]
2476	82.91599354%	[81.3828%, 84.3472%]
2477	82.88251918%	[81.3486%, 84.3147%]
2478	82.88942696%	[81.3560%, 84.3210%]
2479	82.85599032%	[81.3218%, 84.2885%]
2480	82.82258065%	[81.2876%, 84.2560%]
2481	82.82950423%	[81.2951%, 84.2624%]
2482	82.83642224%	[81.3025%, 84.2688%]
2483	82.84333468%	[81.3100%, 84.2752%]
2484	82.80998390%	[81.2759%, 84.2428%]
2485	82.81690141%	[81.2833%, 84.2492%]
2486	82.82381335%	[81.2908%, 84.2555%]
2487	82.83071974%	[81.2982%, 84.2619%]
2488	82.83762058%	[81.3057%, 84.2683%]
2489	82.84451587%	[81.3131%, 84.2747%]
2490	82.85140562%	[81.3206%, 84.2810%]
2491	82.85828984%	[81.3280%, 84.2874%]
2492	82.86516854%	[81.3354%, 84.2938%]
2493	82.87204172%	[81.3428%, 84.3001%]
2494	82.87890938%	[81.3502%, 84.3065%]
2495	82.88577154%	[81.3576%, 84.3128%]
2496	82.89262821%	[81.3650%, 84.3191%]
2497	82.89947938%	[81.3724%, 84.3255%]
2498	82.90632506%	[81.3798%, 84.3318%]
2499	82.91316527%	[81.3872%, 84.3381%]
2500	82.92000000%	[81.3946%, 84.3444%]
2501	82.88684526%	[81.3606%, 84.3122%]
2502	82.89368505%	[81.3680%, 84.3185%]
2503	82.90051938%	[81.3754%, 84.3248%]
2504	82.90734824%	[81.3828%, 84.3311%]
2505	82.91417166%	[81.3901%, 84.3374%]
2506	82.92098962%	[81.3975%, 84.3437%]
2507	82.92780215%	[81.4048%, 84.3500%]
2508	82.93460925%	[81.4122%, 84.3563%]
2509	82.94141092%	[81.4195%, 84.3626%]
2510	82.94820717%	[81.4268%, 84.3689%]
2511	82.95499801%	[81.4342%, 84.3752%]
2512	82.96178344%	[81.4415%, 84.3814%]
2513	82.96856347%	[81.4488%, 84.3877%]
2514	82.97533811%	[81.4561%, 84.3940%]
2515	82.98210736%	[81.4634%, 84.4002%]
2516	82.98887122%	[81.4707%, 84.4065%]
2517	82.99562972%	[81.4780%, 84.4127%]
2518	83.00238284%	[81.4853%, 84.4190%]
2519	83.00913061%	[81.4925%, 84.4252%]
2520	83.01587302%	[81.4998%, 84.4314%]
2521	83.02261008%	[81.5071%, 84.4376%]
2522	83.02934179%	[81.5144%, 84.4439%]
2523	82.99643282%	[81.4807%, 84.4119%]
2524	83.00316957%	[81.4879%, 84.4181%]
2525	83.00990099%	[81.4952%, 84.4243%]
2526	83.01662708%	[81.5025%, 84.4305%]
2527	83.02334784%	[81.5097%, 84.4367%]
2528	83.03006329%	[81.5170%, 84.4429%]
2529	83.03677343%	[81.5242%, 84.4491%]
2530	83.00395257%	[81.4906%, 84.4172%]
2531	83.01066772%	[81.4979%, 84.4234%]
2532	82.97788310%	[81.4643%, 84.3915%]
2533	82.98460324%	[81.4716%, 84.3978%]
2534	82.99131807%	[81.4788%, 84.4040%]
2535	82.99802761%	[81.4860%, 84.4102%]
2536	83.00473186%	[81.4933%, 84.4164%]
2537	83.01143082%	[81.5005%, 84.4226%]
2538	83.01812451%	[81.5077%, 84.4287%]
2539	82.98542733%	[81.4743%, 84.3969%]
2540	82.99212598%	[81.4815%, 84.4031%]
2541	82.99881936%	[81.4887%, 84.4093%]
2542	83.00550747%	[81.4959%, 84.4155%]
2543	83.01219033%	[81.5031%, 84.4217%]
2544	83.01886792%	[81.5103%, 84.4279%]
2545	83.02554028%	[81.5175%, 84.4340%]
2546	83.03220738%	[81.5247%, 84.4402%]
2547	83.03886926%	[81.5319%, 84.4463%]
2548	83.04552590%	[81.5391%, 84.4525%]
2549	83.05217732%	[81.5462%, 84.4586%]
2550	83.05882353%	[81.5534%, 84.4648%]
2551	83.06546452%	[81.5606%, 84.4709%]
2552	83.07210031%	[81.5677%, 84.4771%]
2553	83.07873090%	[81.5749%, 84.4832%]
2554	83.08535630%	[81.5820%, 84.4893%]
2555	83.09197652%	[81.5892%, 84.4954%]
2556	83.05946792%	[81.5559%, 84.4638%]
2557	83.02698475%	[81.5227%, 84.4322%]
2558	82.99452697%	[81.4895%, 84.4007%]
2559	83.00117233%	[81.4966%, 84.4068%]
2560	83.00781250%	[81.5038%, 84.4129%]
2561	82.97540023%	[81.4706%, 84.3814%]
2562	82.98204528%	[81.4778%, 84.3876%]
2563	82.98868513%	[81.4849%, 84.3937%]
2564	82.95631825%	[81.4518%, 84.3622%]
2565	82.96296296%	[81.4590%, 84.3684%]
2566	82.96960249%	[81.4661%, 84.3745%]
2567	82.97623685%	[81.4733%, 84.3806%]
2568	82.98286604%	[81.4804%, 84.3868%]
2569	82.98949007%	[81.4876%, 84.3929%]
2570	82.99610895%	[81.4947%, 84.3990%]
2571	82.96382730%	[81.4617%, 84.3676%]
2572	82.97045101%	[81.4688%, 84.3737%]
2573	82.93820443%	[81.4358%, 84.3424%]
2574	82.94483294%	[81.4430%, 84.3485%]
2575	82.91262136%	[81.4100%, 84.3171%]
2576	82.91925466%	[81.4172%, 84.3233%]
2577	82.88707800%	[81.3843%, 84.2920%]
2578	82.89371606%	[81.3914%, 84.2981%]
2579	82.90034897%	[81.3986%, 84.3043%]
2580	82.90697674%	[81.4057%, 84.3104%]
2581	82.87485471%	[81.3729%, 84.2791%]
2582	82.88148722%	[81.3800%, 84.2853%]
2583	82.88811460%	[81.3872%, 84.2914%]
2584	82.89473684%	[81.3943%, 84.2975%]
2585	82.90135397%	[81.4014%, 84.3037%]
2586	82.90796597%	[81.4085%, 84.3098%]
2587	82.91457286%	[81.4157%, 84.3159%]
2588	82.92117465%	[81.4228%, 84.3220%]
2589	82.92777134%	[81.4299%, 84.3281%]
2590	82.93436293%	[81.4370%, 84.3342%]
2591	82.94094944%	[81.4441%, 84.3403%]
2592	82.94753086%	[81.4512%, 84.3464%]
2593	82.95410721%	[81.4583%, 84.3525%]
2594	82.96067849%	[81.4653%, 84.3585%]
2595	82.96724470%	[81.4724%, 84.3646%]
2596	82.97380586%	[81.4795%, 84.3707%]
2597	82.98036196%	[81.4865%, 84.3768%]
2598	82.98691301%	[81.4936%, 84.3828%]
2599	82.95498269%	[81.4609%, 84.3518%]
2600	82.96153846%	[81.4680%, 84.3578%]
2601	82.92964245%	[81.4354%, 84.3268%]
2602	82.89777095%	[81.4028%, 84.2958%]
2603	82.90434114%	[81.4099%, 84.3018%]
2604	82.91090630%	[81.4169%, 84.3079%]
2605	82.91746641%	[81.4240%, 84.3140%]
2606	82.92402149%	[81.4311%, 84.3201%]
2607	82.93057154%	[81.4381%, 84.3261%]
2608	82.89877301%	[81.4056%, 84.2952%]
2609	82.90532771%	[81.4127%, 84.3012%]
2610	82.87356322%	[81.3802%, 84.2703%]
2611	82.88012256%	[81.3872%, 84.2764%]
2612	82.88667688%	[81.3943%, 84.2825%]
2613	82.85495599%	[81.3619%, 84.2516%]
2614	82.86151492%	[81.3689%, 84.2577%]
2615	82.86806883%	[81.3760%, 84.2637%]
2616	82.83639144%	[81.3436%, 84.2329%]
2617	82.84294994%	[81.3506%, 84.2390%]
2618	82.84950344%	[81.3577%, 84.2450%]
2619	82.85605193%	[81.3647%, 84.2511%]
2620	82.86259542%	[81.3718%, 84.2572%]
2621	82.86913392%	[81.3788%, 84.2632%]
2622	82.87566743%	[81.3859%, 84.2693%]
2623	82.88219596%	[81.3929%, 84.2753%]
2624	82.88871951%	[81.3999%, 84.2814%]
2625	82.89523810%	[81.4069%, 84.2874%]
2626	82.90175171%	[81.4140%, 84.2934%]
2627	82.90826037%	[81.4210%, 84.2995%]
2628	82.91476408%	[81.4280%, 84.3055%]
2629	82.92126284%	[81.4350%, 84.3115%]
2630	82.88973384%	[81.4027%, 84.2808%]
2631	82.89623717%	[81.4097%, 84.2868%]
2632	82.90273556%	[81.4167%, 84.2928%]
2633	82.90922902%	[81.4237%, 84.2989%]
2634	82.87775247%	[81.3915%, 84.2682%]
2635	82.88425047%	[81.3985%, 84.2742%]
2636	82.85280728%	[81.3664%, 84.2436%]
2637	82.85930982%	[81.3734%, 84.2497%]
2638	82.86580743%	[81.3804%, 84.2557%]
2639	82.87230011%	[81.3874%, 84.2617%]
2640	82.84090909%	[81.3553%, 84.2311%]
2641	82.84740629%	[81.3623%, 84.2371%]
2642	82.85389856%	[81.3692%, 84.2432%]
2643	82.86038593%	[81.3762%, 84.2492%]
2644	82.86686838%	[81.3832%, 84.2552%]
2645	82.87334594%	[81.3902%, 84.2612%]
2646	82.87981859%	[81.3971%, 84.2672%]
2647	82.88628636%	[81.4041%, 84.2732%]
2648	82.89274924%	[81.4111%, 84.2791%]
2649	82.89920725%	[81.4180%, 84.2851%]
2650	82.90566038%	[81.4250%, 84.2911%]
2651	82.91210864%	[81.4319%, 84.2971%]
2652	82.91855204%	[81.4388%, 84.3030%]
2653	82.92499058%	[81.4458%, 84.3090%]
2654	82.93142427%	[81.4527%, 84.3150%]
2655	82.93785311%	[81.4596%, 84.3209%]
2656	82.90662651%	[81.4277%, 84.2905%]
2657	82.91305984%	[81.4346%, 84.2965%]
2658	82.91948834%	[81.4415%, 84.3024%]
2659	82.88830387%	[81.4096%, 84.2721%]
2660	82.89473684%	[81.4166%, 84.2780%]
2661	82.90116498%	[81.4235%, 84.2840%]
2662	82.90758828%	[81.4304%, 84.2899%]
2663	82.91400676%	[81.4373%, 84.2959%]
2664	82.92042042%	[81.4442%, 84.3018%]
2665	82.92682927%	[81.4511%, 84.3078%]
2666	82.89572393%	[81.4193%, 84.2775%]
2667	82.90213723%	[81.4262%, 84.2834%]
2668	82.90854573%	[81.4331%, 84.2894%]
2669	82.91494942%	[81.4400%, 84.2953%]
2670	82.92134831%	[81.4469%, 84.3012%]
2671	82.89030326%	[81.4151%, 84.2710%]
2672	82.89670659%	[81.4220%, 84.2769%]
2673	82.90310513%	[81.4289%, 84.2829%]
2674	82.90949888%	[81.4358%, 84.2888%]
2675	82.87850467%	[81.4041%, 84.2586%]
2676	82.84753363%	[81.3724%, 84.2285%]
2677	82.85394098%	[81.3793%, 84.2344%]
2678	82.86034354%	[81.3862%, 84.2403%]
2679	82.86674132%	[81.3931%, 84.2463%]
2680	82.87313433%	[81.4000%, 84.2522%]
2681	82.87952257%	[81.4068%, 84.2581%]
2682	82.88590604%	[81.4137%, 84.2640%]
2683	82.89228476%	[81.4206%, 84.2699%]
2684	82.89865872%	[81.4274%, 84.2758%]
2685	82.90502793%	[81.4343%, 84.2817%]
2686	82.91139241%	[81.4411%, 84.2876%]
2687	82.91775214%	[81.4480%, 84.2935%]
2688	82.88690476%	[81.4164%, 84.2635%]
2689	82.89326887%	[81.4233%, 84.2694%]
2690	82.89962825%	[81.4301%, 84.2753%]
2691	82.90598291%	[81.4370%, 84.2812%]
2692	82.91233284%	[81.4438%, 84.2871%]
2693	82.91867805%	[81.4506%, 84.2930%]
2694	82.92501856%	[81.4574%, 84.2988%]
2695	82.93135436%	[81.4643%, 84.3047%]
2696	82.93768546%	[81.4711%, 84.3106%]
2697	82.94401187%	[81.4779%, 84.3164%]
2698	82.95033358%	[81.4847%, 84.3223%]
2699	82.95665061%	[81.4915%, 84.3281%]
2700	82.96296296%	[81.4983%, 84.3340%]
2701	82.96927064%	[81.5051%, 84.3398%]
2702	82.93856403%	[81.4737%, 84.3099%]
2703	82.94487606%	[81.4805%, 84.3158%]
2704	82.95118343%	[81.4872%, 84.3216%]
2705	82.95748614%	[81.4940%, 84.3275%]
2706	82.96378418%	[81.5008%, 84.3333%]
2707	82.97007758%	[81.5076%, 84.3391%]
2708	82.97636632%	[81.5143%, 84.3450%]
2709	82.98265042%	[81.5211%, 84.3508%]
2710	82.98892989%	[81.5278%, 84.3566%]
2711	82.99520472%	[81.5346%, 84.3624%]
2712	82.96460177%	[81.5033%, 84.3326%]
2713	82.97088094%	[81.5101%, 84.3385%]
2714	82.97715549%	[81.5168%, 84.3443%]
2715	82.98342541%	[81.5236%, 84.3501%]
2716	82.98969072%	[81.5303%, 84.3559%]
2717	82.99595142%	[81.5370%, 84.3617%]
2718	83.00220751%	[81.5438%, 84.3675%]
2719	83.00845899%	[81.5505%, 84.3733%]
2720	83.01470588%	[81.5572%, 84.3791%]
2721	83.02094818%	[81.5639%, 84.3849%]
2722	83.02718589%	[81.5706%, 84.3906%]
2723	82.99669482%	[81.5395%, 84.3610%]
2724	83.00293686%	[81.5462%, 84.3667%]
2725	83.00917431%	[81.5529%, 84.3725%]
2726	83.01540719%	[81.5596%, 84.3783%]
2727	82.98496516%	[81.5285%, 84.3487%]
2728	82.99120235%	[81.5352%, 84.3545%]
2729	82.96079150%	[81.5041%, 84.3248%]
2730	82.96703297%	[81.5108%, 84.3306%]
2731	82.97326986%	[81.5175%, 84.3364%]
2732	82.94289898%	[81.4864%, 84.3068%]
2733	82.94914014%	[81.4932%, 84.3126%]
2734	82.95537674%	[81.4999%, 84.3184%]
2735	82.96160878%	[81.5066%, 84.3242%]
2736	82.96783626%	[81.5133%, 84.3300%]
2737	82.97405919%	[81.5200%, 84.3357%]
2738	82.94375457%	[81.4890%, 84.3062%]
2739	82.91347207%	[81.4580%, 84.2767%]
2740	82.91970803%	[81.4647%, 84.2825%]
2741	82.92593944%	[81.4714%, 84.2883%]
2742	82.93216630%	[81.4781%, 84.2941%]
2743	82.93838863%	[81.4848%, 84.2998%]
2744	82.90816327%	[81.4539%, 84.2704%]
2745	82.91438980%	[81.4606%, 84.2762%]
2746	82.92061180%	[81.4673%, 84.2819%]
2747	82.89042592%	[81.4364%, 84.2525%]
2748	82.89665211%	[81.4431%, 84.2583%]
2749	82.86649691%	[81.4123%, 84.2290%]
2750	82.87272727%	[81.4190%, 84.2347%]
2751	82.87895311%	[81.4257%, 84.2405%]
2752	82.84883721%	[81.3949%, 84.2112%]
2753	82.85506720%	[81.4016%, 84.2170%]
2754	82.86129267%	[81.4083%, 84.2227%]
2755	82.86751361%	[81.4150%, 84.2285%]
2756	82.87373004%	[81.4217%, 84.2343%]
2757	82.87994197%	[81.4284%, 84.2400%]
2758	82.88614938%	[81.4350%, 84.2458%]
2759	82.85610729%	[81.4043%, 84.2165%]
2760	82.86231884%	[81.4110%, 84.2223%]
2761	82.86852590%	[81.4177%, 84.2280%]
2762	82.87472846%	[81.4243%, 84.2338%]
2763	82.88092653%	[81.4310%, 84.2396%]
2764	82.88712012%	[81.4377%, 84.2453%]
2765	82.85714286%	[81.4070%, 84.2161%]
2766	82.86334056%	[81.4137%, 84.2218%]
2767	82.86953379%	[81.4203%, 84.2276%]
2768	82.83959538%	[81.3897%, 84.1984%]
2769	82.84579270%	[81.3964%, 84.2042%]
2770	82.85198556%	[81.4030%, 84.2099%]
2771	82.82208589%	[81.3725%, 84.1808%]
2772	82.82828283%	[81.3792%, 84.1866%]
2773	82.83447530%	[81.3858%, 84.1923%]
2774	82.80461428%	[81.3553%, 84.1632%]
2775	82.81081081%	[81.3619%, 84.1690%]
2776	82.81700288%	[81.3686%, 84.1747%]
2777	82.82319049%	[81.3752%, 84.1804%]
2778	82.79337653%	[81.3448%, 84.1514%]
2779	82.79956819%	[81.3514%, 84.1571%]
2780	82.80575540%	[81.3581%, 84.1629%]
2781	82.77597986%	[81.3277%, 84.1339%]
2782	82.78217110%	[81.3343%, 84.1396%]
2783	82.78835789%	[81.3410%, 84.1454%]
2784	82.79454023%	[81.3476%, 84.1511%]
2785	82.80071813%	[81.3542%, 84.1568%]
2786	82.77099785%	[81.3239%, 84.1279%]
2787	82.77717976%	[81.3305%, 84.1336%]
2788	82.78335725%	[81.3371%, 84.1394%]
2789	82.78953030%	[81.3438%, 84.1451%]
2790	82.79569892%	[81.3504%, 84.1508%]
2791	82.80186313%	[81.3570%, 84.1565%]
2792	82.80802292%	[81.3636%, 84.1623%]
2793	82.81417830%	[81.3702%, 84.1680%]
2794	82.82032928%	[81.3768%, 84.1737%]
2795	82.79069767%	[81.3466%, 84.1448%]
2796	82.79685265%	[81.3532%, 84.1505%]
2797	82.80300322%	[81.3598%, 84.1562%]
2798	82.80914939%	[81.3664%, 84.1619%]
2799	82.81529118%	[81.3730%, 84.1676%]
2800	82.82142857%	[81.3796%, 84.1733%]
2801	82.82756159%	[81.3862%, 84.1790%]
2802	82.83369022%	[81.3927%, 84.1847%]
2803	82.83981448%	[81.3993%, 84.1904%]
2804	82.84593438%	[81.4059%, 84.1961%]
2805	82.85204991%	[81.4125%, 84.2018%]
2806	82.85816108%	[81.4190%, 84.2075%]
2807	82.86426790%	[81.4256%, 84.2131%]
2808	82.83475783%	[81.3954%, 84.1844%]
2809	82.84086864%	[81.4020%, 84.1900%]
2810	82.84697509%	[81.4086%, 84.1957%]
2811	82.85307720%	[81.4151%, 84.2014%]
2812	82.85917496%	[81.4217%, 84.2070%]
2813	82.82971916%	[81.3916%, 84.1783%]
2814	82.83582090%	[81.3981%, 84.1840%]
2815	82.84191829%	[81.4047%, 84.1897%]
2816	82.84801136%	[81.4112%, 84.1953%]
2817	82.85410011%	[81.4177%, 84.2010%]
2818	82.86018453%	[81.4243%, 84.2066%]
2819	82.86626463%	[81.4308%, 84.2123%]
2820	82.87234043%	[81.4373%, 84.2179%]
2821	82.87841191%	[81.4438%, 84.2236%]
2822	82.88447909%	[81.4504%, 84.2292%]
2823	82.89054198%	[81.4569%, 84.2348%]
2824	82.89660057%	[81.4634%, 84.2404%]
2825	82.90265487%	[81.4699%, 84.2461%]
2826	82.90870488%	[81.4764%, 84.2517%]
2827	82.91475062%	[81.4829%, 84.2573%]
2828	82.92079208%	[81.4894%, 84.2629%]
2829	82.92682927%	[81.4958%, 84.2685%]
2830	82.93286219%	[81.5023%, 84.2741%]
2831	82.93889085%	[81.5088%, 84.2797%]
2832	82.94491525%	[81.5153%, 84.2853%]
2833	82.95093540%	[81.5217%, 84.2909%]
2834	82.95695131%	[81.5282%, 84.2965%]
2835	82.96296296%	[81.5347%, 84.3021%]
2836	82.96897038%	[81.5411%, 84.3076%]
2837	82.97497356%	[81.5476%, 84.3132%]
2838	82.98097252%	[81.5540%, 84.3188%]
2839	82.95174357%	[81.5241%, 84.2903%]
2840	82.95774648%	[81.5306%, 84.2959%]
2841	82.96374516%	[81.5370%, 84.3014%]
2842	82.96973962%	[81.5435%, 84.3070%]
2843	82.97572986%	[81.5499%, 84.3126%]
2844	82.98171589%	[81.5563%, 84.3181%]
2845	82.98769772%	[81.5627%, 84.3237%]
2846	82.99367533%	[81.5692%, 84.3292%]
2847	82.99964875%	[81.5756%, 84.3348%]
2848	83.00561798%	[81.5820%, 84.3403%]
2849	83.01158301%	[81.5884%, 84.3459%]
2850	83.01754386%	[81.5948%, 84.3514%]
2851	83.02350053%	[81.6012%, 84.3569%]
2852	83.02945302%	[81.6076%, 84.3625%]
2853	83.03540133%	[81.6140%, 84.3680%]
2854	83.04134548%	[81.6204%, 84.3735%]
2855	83.04728546%	[81.6267%, 84.3790%]
2856	83.05322129%	[81.6331%, 84.3845%]
2857	83.05915296%	[81.6395%, 84.3900%]
2858	83.06508048%	[81.6459%, 84.3955%]
2859	83.07100385%	[81.6522%, 84.4010%]
2860	83.07692308%	[81.6586%, 84.4065%]
2861	83.04788535%	[81.6289%, 84.3782%]
2862	83.05380853%	[81.6353%, 84.3837%]
2863	83.05972756%	[81.6416%, 84.3892%]
2864	83.06564246%	[81.6480%, 84.3947%]
2865	83.07155323%	[81.6543%, 84.4002%]
2866	83.04256804%	[81.6247%, 84.3720%]
2867	83.04848273%	[81.6310%, 84.3775%]
2868	83.05439331%	[81.6374%, 84.3830%]
2869	83.06029976%	[81.6437%, 84.3885%]
2870	83.03135889%	[81.6142%, 84.3603%]
2871	83.03726924%	[81.6205%, 84.3657%]
2872	83.04317549%	[81.6268%, 84.3712%]
2873	83.04907762%	[81.6332%, 84.3767%]
2874	83.05497564%	[81.6395%, 84.3822%]
2875	83.06086957%	[81.6458%, 84.3877%]
2876	83.06675939%	[81.6522%, 84.3931%]
2877	83.07264512%	[81.6585%, 84.3986%]
2878	83.07852675%	[81.6648%, 84.4041%]
2879	83.08440431%	[81.6711%, 84.4095%]
2880	83.09027778%	[81.6774%, 84.4150%]
2881	83.09614717%	[81.6837%, 84.4204%]
2882	83.10201249%	[81.6900%, 84.4259%]
2883	83.10787374%	[81.6963%, 84.4313%]
2884	83.11373093%	[81.7026%, 84.4368%]
2885	83.11958406%	[81.7089%, 84.4422%]
2886	83.12543313%	[81.7152%, 84.4476%]
2887	83.13127814%	[81.7215%, 84.4530%]
2888	83.13711911%	[81.7277%, 84.4585%]
2889	83.10834199%	[81.6983%, 84.4304%]
2890	83.11418685%	[81.7046%, 84.4359%]
2891	83.12002767%	[81.7109%, 84.4413%]
2892	83.12586445%	[81.7171%, 84.4467%]
2893	83.13169720%	[81.7234%, 84.4521%]
2894	83.13752592%	[81.7297%, 84.4575%]
2895	83.14335060%	[81.7359%, 84.4629%]
2896	83.11464088%	[81.7066%, 84.4350%]
2897	83.12046945%	[81.7128%, 84.4404%]
2898	83.12629400%	[81.7191%, 84.4458%]
2899	83.13211452%	[81.7253%, 84.4512%]
2900	83.13793103%	[81.7316%, 84.4566%]
2901	83.14374354%	[81.7378%, 84.4620%]
2902	83.14955203%	[81.7441%, 84.4674%]
2903	83.12090940%	[81.7148%, 84.4395%]
2904	83.12672176%	[81.7210%, 84.4449%]
2905	83.13253012%	[81.7273%, 84.4503%]
2906	83.13833448%	[81.7335%, 84.4557%]
2907	83.14413485%	[81.7397%, 84.4611%]
2908	83.14993122%	[81.7459%, 84.4665%]
2909	83.15572362%	[81.7522%, 84.4718%]
2910	83.16151203%	[81.7584%, 84.4772%]
2911	83.16729646%	[81.7646%, 84.4826%]
2912	83.17307692%	[81.7708%, 84.4880%]
2913	83.14452455%	[81.7416%, 84.4601%]
2914	83.15030885%	[81.7478%, 84.4655%]
2915	83.15608919%	[81.7540%, 84.4709%]
2916	83.16186557%	[81.7602%, 84.4762%]
2917	83.16763798%	[81.7664%, 84.4816%]
2918	83.17340644%	[81.7726%, 84.4870%]
2919	83.14491264%	[81.7435%, 84.4592%]
2920	83.11643836%	[81.7144%, 84.4315%]
2921	83.12221842%	[81.7206%, 84.4368%]
2922	83.12799452%	[81.7268%, 84.4422%]
2923	83.13376668%	[81.7330%, 84.4476%]
2924	83.13953488%	[81.7392%, 84.4529%]
2925	83.14529915%	[81.7454%, 84.4583%]
2926	83.15105947%	[81.7516%, 84.4636%]
2927	83.12265118%	[81.7225%, 84.4359%]
2928	83.12841530%	[81.7287%, 84.4413%]
2929	83.13417549%	[81.7349%, 84.4467%]
2930	83.13993174%	[81.7411%, 84.4520%]
2931	83.14568407%	[81.7473%, 84.4573%]
2932	83.15143247%	[81.7534%, 84.4627%]
2933	83.12308217%	[81.7245%, 84.4351%]
2934	83.12883436%	[81.7306%, 84.4404%]
2935	83.10051107%	[81.7017%, 84.4128%]
2936	83.10626703%	[81.7079%, 84.4182%]
2937	83.11201907%	[81.7140%, 84.4235%]
2938	83.11776719%	[81.7202%, 84.4288%]
2939	83.12351140%	[81.7264%, 84.4342%]
2940	83.12925170%	[81.7325%, 84.4395%]
2941	83.13498810%	[81.7387%, 84.4448%]
2942	83.14072060%	[81.7448%, 84.4502%]
2943	83.14644920%	[81.7510%, 84.4555%]
2944	83.11820652%	[81.7221%, 84.4280%]
2945	83.12393888%	[81.7283%, 84.4333%]
2946	83.12966735%	[81.7344%, 84.4386%]
2947	83.13539192%	[81.7406%, 84.4439%]
2948	83.14111262%	[81.7467%, 84.4493%]
2949	83.11291963%	[81.7179%, 84.4218%]
2950	83.11864407%	[81.7240%, 84.4271%]
2951	83.12436462%	[81.7302%, 84.4324%]
2952	83.13008130%	[81.7363%, 84.4377%]
2953	83.13579411%	[81.7424%, 84.4430%]
2954	83.14150305%	[81.7486%, 84.4484%]
2955	83.14720812%	[81.7547%, 84.4537%]
2956	83.15290934%	[81.7608%, 84.4590%]
2957	83.15860670%	[81.7669%, 84.4643%]
2958	83.13049358%	[81.7382%, 84.4369%]
2959	83.13619466%	[81.7443%, 84.4422%]
2960	83.14189189%	[81.7504%, 84.4475%]
2961	83.14758528%	[81.7565%, 84.4527%]
2962	83.15327481%	[81.7626%, 84.4580%]
2963	83.15896051%	[81.7687%, 84.4633%]
2964	83.13090418%	[81.7401%, 84.4360%]
2965	83.13659359%	[81.7462%, 84.4413%]
2966	83.14227916%	[81.7523%, 84.4465%]
2967	83.14796090%	[81.7584%, 84.4518%]
2968	83.11994609%	[81.7297%, 84.4245%]
2969	83.12563153%	[81.7358%, 84.4298%]
2970	83.13131313%	[81.7419%, 84.4351%]
2971	83.10333221%	[81.7133%, 84.4078%]
2972	83.10901750%	[81.7194%, 84.4131%]
2973	83.11469896%	[81.7255%, 84.4184%]
2974	83.12037660%	[81.7316%, 84.4237%]
2975	83.09243697%	[81.7031%, 84.3964%]
2976	83.09811828%	[81.7092%, 84.4017%]
2977	83.10379577%	[81.7153%, 84.4070%]
2978	83.10946944%	[81.7214%, 84.4123%]
2979	83.11513931%	[81.7274%, 84.4175%]
2980	83.08724832%	[81.6989%, 84.3904%]
2981	83.09292184%	[81.7050%, 84.3956%]
2982	83.09859155%	[81.7111%, 84.4009%]
2983	83.10425746%	[81.7172%, 84.4062%]
2984	83.10991957%	[81.7233%, 84.4114%]
2985	83.11557789%	[81.7293%, 84.4167%]
2986	83.12123242%	[81.7354%, 84.4220%]
2987	83.12688316%	[81.7415%, 84.4272%]
2988	83.13253012%	[81.7475%, 84.4325%]
2989	83.13817330%	[81.7536%, 84.4377%]
2990	83.14381271%	[81.7596%, 84.4430%]
2991	83.14944835%	[81.7657%, 84.4482%]
2992	83.15508021%	[81.7717%, 84.4534%]
2993	83.16070832%	[81.7777%, 84.4587%]
2994	83.16633267%	[81.7838%, 84.4639%]
2995	83.17195326%	[81.7898%, 84.4691%]
2996	83.17757009%	[81.7958%, 84.4743%]
2997	83.18318318%	[81.8018%, 84.4796%]
2998	83.18879253%	[81.8079%, 84.4848%]
2999	83.19439813%	[81.8139%, 84.4900%]
3000	83.20000000%	[81.8199%, 84.4952%]
3001	83.17227591%	[81.7916%, 84.4682%]
3002	83.17788141%	[81.7976%, 84.4734%]
3003	83.15018315%	[81.7693%, 84.4464%]
3004	83.15579228%	[81.7753%, 84.4516%]
3005	83.16139767%	[81.7813%, 84.4568%]
3006	83.16699933%	[81.7873%, 84.4620%]
3007	83.17259727%	[81.7933%, 84.4672%]
3008	83.17819149%	[81.7993%, 84.4724%]
3009	83.18378199%	[81.8053%, 84.4776%]
3010	83.18936877%	[81.8113%, 84.4828%]
3011	83.19495184%	[81.8173%, 84.4880%]
3012	83.20053121%	[81.8233%, 84.4932%]
3013	83.20610687%	[81.8292%, 84.4984%]
3014	83.21167883%	[81.8352%, 84.5036%]
3015	83.18407960%	[81.8070%, 84.4767%]
3016	83.15649867%	[81.7788%, 84.4498%]
3017	83.12893603%	[81.7507%, 84.4229%]
3018	83.13452618%	[81.7567%, 84.4281%]
3019	83.14011262%	[81.7627%, 84.4333%]
3020	83.14569536%	[81.7687%, 84.4385%]
3021	83.15127441%	[81.7746%, 84.4437%]
3022	83.15684977%	[81.7806%, 84.4489%]
3023	83.16242144%	[81.7866%, 84.4541%]
3024	83.16798942%	[81.7926%, 84.4593%]
3025	83.14049587%	[81.7645%, 84.4325%]
3026	83.14606742%	[81.7704%, 84.4376%]
3027	83.15163528%	[81.7764%, 84.4428%]
3028	83.15719947%	[81.7824%, 84.4480%]
3029	83.16275999%	[81.7883%, 84.4532%]
3030	83.16831683%	[81.7943%, 84.4583%]
3031	83.17387001%	[81.8003%, 84.4635%]
3032	83.17941953%	[81.8062%, 84.4687%]
3033	83.18496538%	[81.8122%, 84.4738%]
3034	83.15754779%	[81.7841%, 84.4471%]
3035	83.16309720%	[81.7901%, 84.4523%]
3036	83.16864295%	[81.7960%, 84.4574%]
3037	83.17418505%	[81.8020%, 84.4626%]
3038	83.17972350%	[81.8079%, 84.4677%]
3039	83.18525831%	[81.8139%, 84.4729%]
3040	83.19078947%	[81.8198%, 84.4780%]
3041	83.19631700%	[81.8257%, 84.4832%]
3042	83.16896778%	[81.7978%, 84.4565%]
3043	83.14163654%	[81.7698%, 84.4299%]
3044	83.11432326%	[81.7419%, 84.4032%]
3045	83.11986864%	[81.7479%, 84.4084%]
3046	83.12541037%	[81.7538%, 84.4135%]
3047	83.09812931%	[81.7260%, 84.3870%]
3048	83.10367454%	[81.7319%, 84.3921%]
3049	83.10921614%	[81.7378%, 84.3973%]
3050	83.11475410%	[81.7438%, 84.4024%]
3051	83.12028843%	[81.7497%, 84.4076%]
3052	83.12581913%	[81.7556%, 84.4127%]
3053	83.13134622%	[81.7616%, 84.4179%]
3054	83.13686968%	[81.7675%, 84.4230%]
3055	83.10965630%	[81.7397%, 84.3965%]
3056	83.11518325%	[81.7456%, 84.4016%]
3057	83.08799477%	[81.7178%, 84.3751%]
3058	83.06082407%	[81.6901%, 84.3486%]
3059	83.06636156%	[81.6960%, 84.3538%]
3060	83.07189542%	[81.7019%, 84.3589%]
3061	83.04475662%	[81.6742%, 84.3325%]
3062	83.05029393%	[81.6802%, 84.3376%]
3063	83.05582762%	[81.6861%, 84.3428%]
3064	83.06135770%	[81.6920%, 84.3479%]
3065	83.06688418%	[81.6979%, 84.3531%]
3066	83.03979126%	[81.6703%, 84.3266%]
3067	83.04532116%	[81.6762%, 84.3318%]
3068	83.05084746%	[81.6821%, 84.3369%]
3069	83.05637015%	[81.6880%, 84.3421%]
3070	83.06188925%	[81.6939%, 84.3472%]
3071	83.03484207%	[81.6663%, 84.3208%]
3072	83.04036458%	[81.6722%, 84.3260%]
3073	83.04588350%	[81.6781%, 84.3311%]
3074	83.05139883%	[81.6840%, 84.3362%]
3075	83.05691057%	[81.6900%, 84.3414%]
3076	83.06241873%	[81.6959%, 84.3465%]
3077	83.06792330%	[81.7018%, 84.3516%]
3078	83.04093567%	[81.6742%, 84.3253%]
3079	83.01396557%	[81.6466%, 84.2990%]
3080	82.98701299%	[81.6191%, 84.2727%]
3081	82.99253489%	[81.6250%, 84.2779%]
3082	82.99805321%	[81.6309%, 84.2830%]
3083	83.00356795%	[81.6369%, 84.2881%]
3084	83.00907912%	[81.6428%, 84.2933%]
3085	82.98217180%	[81.6153%, 84.2670%]
3086	82.98768633%	[81.6212%, 84.2722%]
3087	82.99319728%	[81.6271%, 84.2773%]
3088	82.99870466%	[81.6330%, 84.2824%]
3089	82.97183555%	[81.6055%, 84.2562%]
3090	82.97734628%	[81.6114%, 84.2614%]
3091	82.98285345%	[81.6173%, 84.2665%]
3092	82.98835705%	[81.6232%, 84.2716%]
3093	82.99385710%	[81.6291%, 84.2767%]
3094	82.99935359%	[81.6350%, 84.2818%]
3095	83.00484653%	[81.6409%, 84.2870%]
3096	82.97803618%	[81.6135%, 84.2608%]
3097	82.95124314%	[81.5862%, 84.2347%]
3098	82.95674629%	[81.5921%, 84.2398%]
3099	82.96224589%	[81.5979%, 84.2449%]
3100	82.96774194%	[81.6038%, 84.2500%]
3101	82.97323444%	[81.6097%, 84.2552%]
3102	82.97872340%	[81.6156%, 84.2603%]
3103	82.98420883%	[81.6215%, 84.2654%]
3104	82.98969072%	[81.6273%, 84.2705%]
3105	82.99516908%	[81.6332%, 84.2756%]
3106	83.00064392%	[81.6391%, 84.2807%]
3107	83.00611522%	[81.6449%, 84.2858%]
3108	83.01158301%	[81.6508%, 84.2909%]
3109	83.01704728%	[81.6566%, 84.2960%]
3110	83.02250804%	[81.6625%, 84.3011%]
3111	83.02796528%	[81.6683%, 84.3061%]
3112	83.00128535%	[81.6411%, 84.2801%]
3113	83.00674590%	[81.6469%, 84.2852%]
3114	83.01220295%	[81.6528%, 84.2903%]
3115	83.01765650%	[81.6586%, 84.2954%]
3116	82.99101412%	[81.6314%, 84.2694%]
3117	82.99647097%	[81.6372%, 84.2745%]
3118	83.00192431%	[81.6431%, 84.2795%]
3119	83.00737416%	[81.6489%, 84.2846%]
3120	83.01282051%	[81.6547%, 84.2897%]
3121	82.98622236%	[81.6276%, 84.2638%]
3122	82.99167201%	[81.6334%, 84.2688%]
3123	82.96509766%	[81.6063%, 84.2429%]
3124	82.97055058%	[81.6121%, 84.2480%]
3125	82.97600000%	[81.6180%, 84.2531%]
3126	82.94945617%	[81.5909%, 84.2272%]
3127	82.95490886%	[81.5967%, 84.2323%]
3128	82.96035806%	[81.6025%, 84.2373%]
3129	82.93384468%	[81.5755%, 84.2115%]
3130	82.93929712%	[81.5813%, 84.2165%]
3131	82.94474609%	[81.5871%, 84.2216%]
3132	82.95019157%	[81.5930%, 84.2267%]
3133	82.95563358%	[81.5988%, 84.2318%]
3134	82.96107211%	[81.6046%, 84.2368%]
3135	82.96650718%	[81.6104%, 84.2419%]
3136	82.94005102%	[81.5834%, 84.2161%]
3137	82.91361173%	[81.5564%, 84.1903%]
3138	82.91905672%	[81.5622%, 84.1954%]
3139	82.92449825%	[81.5681%, 84.2004%]
3140	82.92993631%	[81.5739%, 84.2055%]
3141	82.93537090%	[81.5797%, 84.2106%]
3142	82.94080204%	[81.5855%, 84.2156%]
3143	82.94622972%	[81.5913%, 84.2207%]
3144	82.91984733%	[81.5644%, 84.1950%]
3145	82.92527822%	[81.5702%, 84.2000%]
3146	82.93070566%	[81.5760%, 84.2051%]
3147	82.93612965%	[81.5818%, 84.2101%]
3148	82.94155019%	[81.5876%, 84.2152%]
3149	82.94696729%	[81.5934%, 84.2202%]
3150	82.95238095%	[81.5992%, 84.2253%]
3151	82.92605522%	[81.5723%, 84.1996%]
3152	82.93147208%	[81.5781%, 84.2046%]
3153	82.93688551%	[81.5839%, 84.2097%]
3154	82.94229550%	[81.5897%, 84.2147%]
3155	82.94770206%	[81.5955%, 84.2198%]
3156	82.95310520%	[81.6013%, 84.2248%]
3157	82.95850491%	[81.6071%, 84.2298%]
3158	82.96390120%	[81.6128%, 84.2349%]
3159	82.96929408%	[81.6186%, 84.2399%]
3160	82.94303797%	[81.5918%, 84.2143%]
3161	82.94843404%	[81.5976%, 84.2193%]
3162	82.95382669%	[81.6033%, 84.2243%]
3163	82.95921593%	[81.6091%, 84.2294%]
3164	82.96460177%	[81.6149%, 84.2344%]
3165	82.96998420%	[81.6206%, 84.2394%]
3166	82.97536323%	[81.6264%, 84.2444%]
3167	82.98073887%	[81.6321%, 84.2494%]
3168	82.98611111%	[81.6379%, 84.2544%]
3169	82.95992427%	[81.6112%, 84.2289%]
3170	82.96529968%	[81.6169%, 84.2339%]
3171	82.93913592%	[81.5902%, 84.2084%]
3172	82.94451450%	[81.5959%, 84.2134%]
3173	82.94988969%	[81.6017%, 84.2184%]
3174	82.95526150%	[81.6074%, 84.2234%]
3175	82.96062992%	[81.6132%, 84.2284%]
3176	82.96599496%	[81.6189%, 84.2334%]
3177	82.97135663%	[81.6247%, 84.2384%]
3178	82.97671492%	[81.6304%, 84.2434%]
3179	82.98206983%	[81.6361%, 84.2484%]
3180	82.98742138%	[81.6419%, 84.2534%]
3181	82.99276957%	[81.6476%, 84.2584%]
3182	82.99811439%	[81.6533%, 84.2634%]
3183	83.00345586%	[81.6590%, 84.2683%]
3184	83.00879397%	[81.6647%, 84.2733%]
3185	83.01412873%	[81.6704%, 84.2783%]
3186	83.01946014%	[81.6761%, 84.2833%]
3187	82.99341073%	[81.6495%, 84.2578%]
3188	82.96737767%	[81.6230%, 84.2324%]
3189	82.97271872%	[81.6287%, 84.2374%]
3190	82.97805643%	[81.6344%, 84.2424%]
3191	82.98339079%	[81.6401%, 84.2474%]
3192	82.98872180%	[81.6458%, 84.2523%]
3193	82.99404948%	[81.6515%, 84.2573%]
3194	82.99937383%	[81.6572%, 84.2623%]
3195	83.00469484%	[81.6629%, 84.2672%]
3196	83.01001252%	[81.6686%, 84.2722%]
3197	83.01532687%	[81.6743%, 84.2771%]
3198	83.02063790%	[81.6799%, 84.2821%]
3199	83.02594561%	[81.6856%, 84.2870%]
3200	83.03125000%	[81.6913%, 84.2920%]
3201	83.00531084%	[81.6648%, 84.2667%]
3202	83.01061836%	[81.6705%, 84.2716%]
3203	83.01592257%	[81.6762%, 84.2766%]
3204	83.02122347%	[81.6818%, 84.2815%]
3205	83.02652106%	[81.6875%, 84.2865%]
3206	83.03181535%	[81.6932%, 84.2914%]
3207	83.03710633%	[81.6988%, 84.2963%]
3208	83.04239401%	[81.7045%, 84.3013%]
3209	83.04767840%	[81.7101%, 84.3062%]
3210	83.05295950%	[81.7158%, 84.3111%]
3211	83.05823731%	[81.7214%, 84.3160%]
3212	83.06351183%	[81.7271%, 84.3210%]
3213	83.06878307%	[81.7327%, 84.3259%]
3214	83.07405103%	[81.7384%, 84.3308%]
3215	83.07931571%	[81.7440%, 84.3357%]
3216	83.08457711%	[81.7496%, 84.3406%]
3217	83.05875039%	[81.7232%, 84.3154%]
3218	83.06401492%	[81.7289%, 84.3203%]
3219	83.06927617%	[81.7345%, 84.3252%]
3220	83.07453416%	[81.7401%, 84.3301%]
3221	83.07978889%	[81.7458%, 84.3350%]
3222	83.05400372%	[81.7194%, 84.3099%]
3223	83.05926156%	[81.7251%, 84.3148%]
3224	83.03349876%	[81.6988%, 84.2896%]
3225	83.03875969%	[81.7044%, 84.2945%]
3226	83.04401736%	[81.7100%, 84.2994%]
3227	83.04927177%	[81.7156%, 84.3043%]
3228	83.05452292%	[81.7212%, 84.3092%]
3229	83.05977083%	[81.7269%, 84.3141%]
3230	83.06501548%	[81.7325%, 84.3190%]
3231	83.03930672%	[81.7062%, 84.2939%]
3232	83.04455446%	[81.7118%, 84.2988%]
3233	83.04979895%	[81.7174%, 84.3037%]
3234	83.05504020%	[81.7230%, 84.3086%]
3235	83.06027821%	[81.7286%, 84.3135%]
3236	83.06551298%	[81.7342%, 84.3184%]
3237	83.07074452%	[81.7398%, 84.3232%]
3238	83.07597282%	[81.7454%, 84.3281%]
3239	83.05032417%	[81.7193%, 84.3031%]
3240	83.05555556%	[81.7248%, 84.3080%]
3241	83.06078371%	[81.7304%, 84.3129%]
3242	83.06600864%	[81.7360%, 84.3177%]
3243	83.07123034%	[81.7416%, 84.3226%]
3244	83.07644883%	[81.7472%, 84.3275%]
3245	83.08166410%	[81.7528%, 84.3323%]
3246	83.08687616%	[81.7583%, 84.3372%]
3247	83.09208500%	[81.7639%, 84.3420%]
3248	83.09729064%	[81.7695%, 84.3469%]
3249	83.10249307%	[81.7750%, 84.3518%]
3250	83.10769231%	[81.7806%, 84.3566%]
3251	83.11288834%	[81.7862%, 84.3614%]
3252	83.11808118%	[81.7917%, 84.3663%]
3253	83.12327083%	[81.7973%, 84.3711%]
3254	83.09772588%	[81.7712%, 84.3462%]
3255	83.10291859%	[81.7767%, 84.3511%]
3256	83.10810811%	[81.7823%, 84.3559%]
3257	83.11329444%	[81.7878%, 84.3607%]
3258	83.08778392%	[81.7618%, 84.3358%]
3259	83.09297330%	[81.7673%, 84.3407%]
3260	83.09815951%	[81.7729%, 84.3455%]
3261	83.10334253%	[81.7784%, 84.3503%]
3262	83.10852238%	[81.7840%, 84.3552%]
3263	83.08305241%	[81.7580%, 84.3303%]
3264	83.08823529%	[81.7635%, 84.3352%]
3265	83.06278714%	[81.7375%, 84.3103%]
3266	83.06797306%	[81.7431%, 84.3152%]
3267	83.07315580%	[81.7486%, 84.3200%]
3268	83.07833537%	[81.7542%, 84.3248%]
3269	83.08351178%	[81.7597%, 84.3297%]
3270	83.08868502%	[81.7652%, 84.3345%]
3271	83.09385509%	[81.7708%, 84.3393%]
3272	83.09902200%	[81.7763%, 84.3441%]
3273	83.07363275%	[81.7504%, 84.3194%]
3274	83.07880269%	[81.7559%, 84.3242%]
3275	83.05343511%	[81.7300%, 84.2994%]
3276	83.02808303%	[81.7041%, 84.2747%]
3277	83.03326213%	[81.7097%, 84.2795%]
3278	83.03843807%	[81.7152%, 84.2843%]
3279	83.01311375%	[81.6893%, 84.2596%]
3280	83.01829268%	[81.6949%, 84.2645%]
3281	83.02346845%	[81.7004%, 84.2693%]
3282	83.02864107%	[81.7059%, 84.2741%]
3283	83.03381054%	[81.7115%, 84.2789%]
3284	83.03897686%	[81.7170%, 84.2838%]
3285	83.04414003%	[81.7225%, 84.2886%]
3286	83.01886792%	[81.6967%, 84.2639%]
3287	83.02403407%	[81.7022%, 84.2687%]
3288	83.02919708%	[81.7078%, 84.2735%]
3289	83.03435695%	[81.7133%, 84.2784%]
3290	83.00911854%	[81.6875%, 84.2537%]
3291	83.01428137%	[81.6930%, 84.2585%]
3292	83.01944107%	[81.6985%, 84.2634%]
3293	83.02459763%	[81.7041%, 84.2682%]
3294	83.02975106%	[81.7096%, 84.2730%]
3295	83.03490137%	[81.7151%, 84.2778%]
3296	83.04004854%	[81.7206%, 84.2826%]
3297	83.04519260%	[81.7261%, 84.2874%]
3298	83.05033354%	[81.7316%, 84.2922%]
3299	83.02515914%	[81.7059%, 84.2676%]
3300	83.03030303%	[81.7114%, 84.2724%]
3301	83.03544380%	[81.7169%, 84.2772%]
3302	83.04058147%	[81.7224%, 84.2820%]
3303	83.04571602%	[81.7278%, 84.2868%]
3304	83.05084746%	[81.7333%, 84.2916%]
3305	83.05597579%	[81.7388%, 84.2964%]
3306	83.06110103%	[81.7443%, 84.3012%]
3307	83.06622316%	[81.7498%, 84.3060%]
3308	83.07134220%	[81.7552%, 84.3107%]
3309	83.07645814%	[81.7607%, 84.3155%]
3310	83.08157100%	[81.7662%, 84.3203%]
3311	83.08668076%	[81.7716%, 84.3250%]
3312	83.09178744%	[81.7771%, 84.3298%]
3313	83.09689104%	[81.7825%, 84.3346%]
3314	83.10199155%	[81.7880%, 84.3393%]
3315	83.10708899%	[81.7934%, 84.3441%]
3316	83.11218335%	[81.7989%, 84.3489%]
3317	83.11727465%	[81.8043%, 84.3536%]
3318	83.12236287%	[81.8098%, 84.3584%]
3319	83.12744803%	[81.8152%, 84.3631%]
3320	83.13253012%	[81.8206%, 84.3678%]
3321	83.13760915%	[81.8261%, 84.3726%]
3322	83.14268513%	[81.8315%, 84.3773%]
3323	83.14775805%	[81.8369%, 84.3821%]
3324	83.15282792%	[81.8423%, 84.3868%]
3325	83.15789474%	[81.8477%, 84.3915%]
3326	83.13289236%	[81.8222%, 84.3671%]
3327	83.13796213%	[81.8276%, 84.3718%]
3328	83.14302885%	[81.8331%, 84.3766%]
3329	83.14809252%	[81.8385%, 84.3813%]
3330	83.15315315%	[81.8439%, 84.3860%]
3331	83.15821075%	[81.8493%, 84.3907%]
3332	83.16326531%	[81.8547%, 84.3955%]
3333	83.16831683%	[81.8601%, 84.4002%]
3334	83.14337133%	[81.8346%, 84.3758%]
3335	83.14842579%	[81.8400%, 84.3805%]
3336	83.15347722%	[81.8454%, 84.3853%]
3337	83.15852562%	[81.8508%, 84.3900%]
3338	83.16357100%	[81.8562%, 84.3947%]
3339	83.16861336%	[81.8616%, 84.3994%]
3340	83.17365269%	[81.8670%, 84.4041%]
3341	83.17868902%	[81.8724%, 84.4088%]
3342	83.18372232%	[81.8778%, 84.4135%]
3343	83.18875262%	[81.8831%, 84.4182%]
3344	83.19377990%	[81.8885%, 84.4229%]
3345	83.16890882%	[81.8631%, 84.3986%]
3346	83.17393903%	[81.8685%, 84.4033%]
3347	83.17896624%	[81.8739%, 84.4080%]
3348	83.18399044%	[81.8792%, 84.4127%]
3349	83.18901165%	[81.8846%, 84.4174%]
3350	83.19402985%	[81.8900%, 84.4221%]
3351	83.16920322%	[81.8646%, 84.3978%]
3352	83.17422434%	[81.8700%, 84.4025%]
3353	83.17924247%	[81.8753%, 84.4072%]
3354	83.18425760%	[81.8807%, 84.4119%]
3355	83.18926975%	[81.8861%, 84.4166%]
3356	83.16448153%	[81.8608%, 84.3924%]
3357	83.16949657%	[81.8661%, 84.3970%]
3358	83.17450864%	[81.8715%, 84.4017%]
3359	83.14974695%	[81.8462%, 84.3776%]
3360	83.15476190%	[81.8516%, 84.3822%]
3361	83.15977388%	[81.8569%, 84.3869%]
3362	83.16478287%	[81.8623%, 84.3916%]
3363	83.16978888%	[81.8676%, 84.3963%]
3364	83.17479191%	[81.8730%, 84.4009%]
3365	83.15007429%	[81.8477%, 84.3768%]
3366	83.15508021%	[81.8531%, 84.3815%]
3367	83.13038313%	[81.8279%, 84.3574%]
3368	83.13539192%	[81.8332%, 84.3621%]
3369	83.14039774%	[81.8386%, 84.3667%]
3370	83.14540059%	[81.8439%, 84.3714%]
3371	83.15040047%	[81.8493%, 84.3761%]
3372	83.15539739%	[81.8546%, 84.3807%]
3373	83.16039134%	[81.8599%, 84.3854%]
3374	83.13574392%	[81.8348%, 84.3613%]
3375	83.11111111%	[81.8096%, 84.3373%]
3376	83.11611374%	[81.8150%, 84.3420%]
3377	83.12111341%	[81.8203%, 84.3466%]
3378	83.12611012%	[81.8257%, 84.3513%]
3379	83.13110388%	[81.8310%, 84.3560%]
3380	83.13609467%	[81.8363%, 84.3606%]
3381	83.11150547%	[81.8112%, 84.3366%]
3382	83.11649911%	[81.8166%, 84.3413%]
3383	83.12148980%	[81.8219%, 84.3459%]
3384	83.12647754%	[81.8272%, 84.3506%]
3385	83.13146233%	[81.8326%, 84.3553%]
3386	83.13644418%	[81.8379%, 84.3599%]
3387	83.14142309%	[81.8432%, 84.3646%]
3388	83.11688312%	[81.8181%, 84.3406%]
3389	83.12186486%	[81.8235%, 84.3453%]
3390	83.12684366%	[81.8288%, 84.3499%]
3391	83.13181952%	[81.8341%, 84.3546%]
3392	83.13679245%	[81.8394%, 84.3592%]
3393	83.14176245%	[81.8447%, 84.3638%]
3394	83.14672952%	[81.8500%, 84.3685%]
3395	83.15169367%	[81.8553%, 84.3731%]
3396	83.15665489%	[81.8606%, 84.3778%]
3397	83.16161319%	[81.8659%, 84.3824%]
3398	83.16656857%	[81.8712%, 84.3870%]
3399	83.14210062%	[81.8462%, 84.3631%]
3400	83.14705882%	[81.8515%, 84.3678%]
3401	83.15201411%	[81.8568%, 84.3724%]
3402	83.15696649%	[81.8621%, 84.3770%]
3403	83.16191596%	[81.8674%, 84.3816%]
3404	83.16686251%	[81.8727%, 84.3863%]
3405	83.17180617%	[81.8780%, 84.3909%]
3406	83.17674692%	[81.8833%, 84.3955%]
3407	83.18168477%	[81.8885%, 84.4001%]
3408	83.18661972%	[81.8938%, 84.4047%]
3409	83.19155177%	[81.8991%, 84.4093%]
3410	83.19648094%	[81.9043%, 84.4139%]
3411	83.20140721%	[81.9096%, 84.4185%]
3412	83.20633060%	[81.9149%, 84.4231%]
3413	83.21125110%	[81.9201%, 84.4277%]
3414	83.21616872%	[81.9254%, 84.4323%]
3415	83.22108346%	[81.9306%, 84.4369%]
3416	83.22599532%	[81.9359%, 84.4415%]
3417	83.23090430%	[81.9411%, 84.4461%]
3418	83.23581042%	[81.9463%, 84.4507%]
3419	83.24071366%	[81.9516%, 84.4552%]
3420	83.21637427%	[81.9267%, 84.4315%]
3421	83.22128033%	[81.9320%, 84.4361%]
3422	83.22618352%	[81.9372%, 84.4406%]
3423	83.23108384%	[81.9425%, 84.4452%]
3424	83.23598131%	[81.9477%, 84.4498%]
3425	83.24087591%	[81.9529%, 84.4544%]
3426	83.24576766%	[81.9581%, 84.4589%]
3427	83.25065655%	[81.9634%, 84.4635%]
3428	83.25554259%	[81.9686%, 84.4681%]
3429	83.26042578%	[81.9738%, 84.4726%]
3430	83.26530612%	[81.9790%, 84.4772%]
3431	83.27018362%	[81.9842%, 84.4817%]
3432	83.27505828%	[81.9894%, 84.4863%]
3433	83.27993009%	[81.9946%, 84.4908%]
3434	83.28479907%	[81.9998%, 84.4954%]
3435	83.26055313%	[81.9751%, 84.4717%]
3436	83.26542491%	[81.9803%, 84.4763%]
3437	83.27029386%	[81.9855%, 84.4808%]
3438	83.27515998%	[81.9907%, 84.4854%]
3439	83.28002326%	[81.9959%, 84.4899%]
3440	83.28488372%	[82.0011%, 84.4944%]
3441	83.28974135%	[82.0063%, 84.4990%]
3442	83.26554329%	[81.9816%, 84.4754%]
3443	83.24135928%	[81.9569%, 84.4517%]
3444	83.24622532%	[81.9621%, 84.4563%]
3445	83.25108853%	[81.9673%, 84.4608%]
3446	83.25594893%	[81.9725%, 84.4654%]
3447	83.26080650%	[81.9776%, 84.4699%]
3448	83.26566125%	[81.9828%, 84.4745%]
3449	83.27051319%	[81.9880%, 84.4790%]
3450	83.24637681%	[81.9634%, 84.4554%]
3451	83.25123153%	[81.9686%, 84.4600%]
3452	83.25608343%	[81.9737%, 84.4645%]
3453	83.26093252%	[81.9789%, 84.4690%]
3454	83.26577881%	[81.9841%, 84.4735%]
3455	83.24167873%	[81.9595%, 84.4500%]
3456	83.24652778%	[81.9647%, 84.4545%]
3457	83.25137402%	[81.9699%, 84.4591%]
3458	83.25621747%	[81.9750%, 84.4636%]
3459	83.26105811%	[81.9802%, 84.4681%]
3460	83.23699422%	[81.9556%, 84.4446%]
3461	83.24183762%	[81.9608%, 84.4492%]
3462	83.24667822%	[81.9660%, 84.4537%]
3463	83.25151603%	[81.9711%, 84.4582%]
3464	83.25635104%	[81.9763%, 84.4627%]
3465	83.23232323%	[81.9518%, 84.4393%]
3466	83.23716099%	[81.9569%, 84.4438%]
3467	83.24199596%	[81.9621%, 84.4483%]
3468	83.21799308%	[81.9376%, 84.4249%]
3469	83.22283079%	[81.9428%, 84.4294%]
3470	83.22766571%	[81.9479%, 84.4339%]
3471	83.20368770%	[81.9235%, 84.4105%]
3472	83.20852535%	[81.9286%, 84.4150%]
3473	83.21336021%	[81.9338%, 84.4195%]
3474	83.18940702%	[81.9094%, 84.3961%]
3475	83.19424460%	[81.9145%, 84.4007%]
3476	83.19907940%	[81.9197%, 84.4052%]
3477	83.20391142%	[81.9248%, 84.4097%]
3478	83.17998850%	[81.9004%, 84.3863%]
3479	83.15607933%	[81.8760%, 84.3630%]
3480	83.16091954%	[81.8812%, 84.3675%]
3481	83.16575697%	[81.8864%, 84.3720%]
3482	83.17059161%	[81.8915%, 84.3766%]
3483	83.17542349%	[81.8967%, 84.3811%]
3484	83.18025258%	[81.9018%, 84.3856%]
3485	83.18507891%	[81.9070%, 84.3901%]
3486	83.16121629%	[81.8826%, 84.3668%]
3487	83.13736736%	[81.8583%, 84.3435%]
3488	83.14220183%	[81.8635%, 84.3480%]
3489	83.14703353%	[81.8686%, 84.3525%]
3490	83.12320917%	[81.8443%, 84.3293%]
3491	83.09939845%	[81.8200%, 84.3060%]
3492	83.10423826%	[81.8252%, 84.3105%]
3493	83.10907529%	[81.8303%, 84.3151%]
3494	83.11390956%	[81.8355%, 84.3196%]
3495	83.11874106%	[81.8407%, 84.3241%]
3496	83.12356979%	[81.8458%, 84.3286%]
3497	83.12839577%	[81.8510%, 84.3331%]
3498	83.13321898%	[81.8561%, 84.3376%]
3499	83.13803944%	[81.8613%, 84.3421%]
3500	83.14285714%	[81.8664%, 84.3466%]
3501	83.14767209%	[81.8715%, 84.3512%]
3502	83.15248429%	[81.8767%, 84.3557%]
3503	83.15729375%	[81.8818%, 84.3601%]
3504	83.16210046%	[81.8869%, 84.3646%]
3505	83.16690442%	[81.8921%, 84.3691%]
3506	83.17170565%	[81.8972%, 84.3736%]
3507	83.17650413%	[81.9023%, 84.3781%]
3508	83.18129989%	[81.9074%, 84.3826%]
3509	83.18609290%	[81.9125%, 84.3871%]
3510	83.19088319%	[81.9176%, 84.3916%]
3511	83.16718884%	[81.8935%, 84.3684%]
3512	83.17198178%	[81.8986%, 84.3729%]
3513	83.17677199%	[81.9037%, 84.3774%]
3514	83.18155948%	[81.9088%, 84.3819%]
3515	83.18634424%	[81.9139%, 84.3863%]
3516	83.19112628%	[81.9190%, 84.3908%]
3517	83.19590560%	[81.9241%, 84.3953%]
3518	83.20068221%	[81.9292%, 84.3997%]
3519	83.20545610%	[81.9343%, 84.4042%]
3520	83.18181818%	[81.9102%, 84.3811%]
3521	83.18659472%	[81.9153%, 84.3856%]
3522	83.19136854%	[81.9204%, 84.3900%]
3523	83.19613965%	[81.9255%, 84.3945%]
3524	83.20090806%	[81.9306%, 84.3990%]
3525	83.17730496%	[81.9065%, 84.3759%]
3526	83.18207601%	[81.9116%, 84.3804%]
3527	83.18684434%	[81.9166%, 84.3848%]
3528	83.19160998%	[81.9217%, 84.3893%]
3529	83.19637291%	[81.9268%, 84.3937%]
3530	83.20113314%	[81.9319%, 84.3982%]
3531	83.20589068%	[81.9370%, 84.4026%]
3532	83.21064553%	[81.9420%, 84.4071%]
3533	83.18709312%	[81.9180%, 84.3841%]
3534	83.19185059%	[81.9231%, 84.3885%]
3535	83.19660537%	[81.9282%, 84.3930%]
3536	83.20135747%	[81.9332%, 84.3974%]
3537	83.20610687%	[81.9383%, 84.4019%]
3538	83.21085359%	[81.9434%, 84.4063%]
3539	83.21559763%	[81.9484%, 84.4107%]
3540	83.19209040%	[81.9244%, 84.3878%]
3541	83.19683705%	[81.9295%, 84.3922%]
3542	83.17334839%	[81.9055%, 84.3693%]
3543	83.17809766%	[81.9106%, 84.3737%]
3544	83.18284424%	[81.9157%, 84.3782%]
3545	83.18758815%	[81.9207%, 84.3826%]
3546	83.19232939%	[81.9258%, 84.3870%]
3547	83.19706794%	[81.9308%, 84.3915%]
3548	83.20180383%	[81.9359%, 84.3959%]
3549	83.17836010%	[81.9120%, 84.3730%]
3550	83.18309859%	[81.9170%, 84.3774%]
3551	83.15967333%	[81.8931%, 84.3545%]
3552	83.16441441%	[81.8982%, 84.3590%]
3553	83.16915283%	[81.9032%, 84.3634%]
3554	83.17388858%	[81.9083%, 84.3678%]
3555	83.17862166%	[81.9133%, 84.3723%]
3556	83.18335208%	[81.9184%, 84.3767%]
3557	83.18807984%	[81.9234%, 84.3811%]
3558	83.19280495%	[81.9285%, 84.3855%]
3559	83.19752740%	[81.9335%, 84.3900%]
3560	83.17415730%	[81.9097%, 84.3671%]
3561	83.17888234%	[81.9147%, 84.3715%]
3562	83.18360472%	[81.9197%, 84.3760%]
3563	83.18832445%	[81.9248%, 84.3804%]
3564	83.19304153%	[81.9298%, 84.3848%]
3565	83.19775596%	[81.9348%, 84.3892%]
3566	83.17442513%	[81.9110%, 84.3664%]
3567	83.17914214%	[81.9161%, 84.3708%]
3568	83.18385650%	[81.9211%, 84.3752%]
3569	83.18856823%	[81.9261%, 84.3796%]
3570	83.19327731%	[81.9311%, 84.3840%]
3571	83.19798376%	[81.9362%, 84.3885%]
3572	83.20268757%	[81.9412%, 84.3929%]
3573	83.20738875%	[81.9462%, 84.3972%]
3574	83.21208730%	[81.9512%, 84.4016%]
3575	83.21678322%	[81.9562%, 84.4060%]
3576	83.19351230%	[81.9325%, 84.3833%]
3577	83.19821079%	[81.9375%, 84.3877%]
3578	83.20290665%	[81.9425%, 84.3921%]
3579	83.20759989%	[81.9475%, 84.3965%]
3580	83.21229050%	[81.9525%, 84.4009%]
3581	83.21697850%	[81.9575%, 84.4053%]
3582	83.22166387%	[81.9625%, 84.4096%]
3583	83.22634664%	[81.9675%, 84.4140%]
3584	83.20312500%	[81.9438%, 84.3913%]
3585	83.20781032%	[81.9488%, 84.3957%]
3586	83.21249303%	[81.9538%, 84.4001%]
3587	83.21717313%	[81.9588%, 84.4045%]
3588	83.22185061%	[81.9638%, 84.4089%]
3589	83.22652549%	[81.9688%, 84.4132%]
3590	83.23119777%	[81.9737%, 84.4176%]
3591	83.23586745%	[81.9787%, 84.4220%]
3592	83.24053452%	[81.9837%, 84.4263%]
3593	83.24519900%	[81.9887%, 84.4307%]
3594	83.24986088%	[81.9937%, 84.4351%]
3595	83.25452017%	[81.9986%, 84.4394%]
3596	83.25917686%	[82.0036%, 84.4438%]
3597	83.26383097%	[82.0086%, 84.4481%]
3598	83.26848249%	[82.0135%, 84.4525%]
3599	83.27313143%	[82.0185%, 84.4568%]
3600	83.27777778%	[82.0234%, 84.4612%]
3601	83.25465149%	[81.9998%, 84.4386%]
3602	83.25930039%	[82.0048%, 84.4429%]
3603	83.26394671%	[82.0097%, 84.4473%]
3604	83.26859046%	[82.0147%, 84.4516%]
3605	83.27323162%	[82.0196%, 84.4560%]
3606	83.27787022%	[82.0246%, 84.4603%]
3607	83.28250624%	[82.0295%, 84.4647%]
3608	83.25942350%	[82.0060%, 84.4421%]
3609	83.26406207%	[82.0109%, 84.4465%]
3610	83.26869806%	[82.0159%, 84.4508%]
3611	83.27333149%	[82.0208%, 84.4551%]
3612	83.27796235%	[82.0258%, 84.4595%]
3613	83.28259064%	[82.0307%, 84.4638%]
3614	83.28721638%	[82.0356%, 84.4681%]
3615	83.29183956%	[82.0406%, 84.4724%]
3616	83.29646018%	[82.0455%, 84.4768%]
3617	83.30107824%	[82.0504%, 84.4811%]
3618	83.30569375%	[82.0553%, 84.4854%]
3619	83.28267477%	[82.0318%, 84.4629%]
3620	83.28729282%	[82.0368%, 84.4672%]
3621	83.29190831%	[82.0417%, 84.4716%]
3622	83.29652126%	[82.0466%, 84.4759%]
3623	83.30113166%	[82.0515%, 84.4802%]
3624	83.27814570%	[82.0281%, 84.4577%]
3625	83.25517241%	[82.0046%, 84.4353%]
3626	83.25979040%	[82.0096%, 84.4396%]
3627	83.26440585%	[82.0145%, 84.4439%]
3628	83.26901874%	[82.0194%, 84.4483%]
3629	83.27362910%	[82.0243%, 84.4526%]
3630	83.27823691%	[82.0292%, 84.4569%]
3631	83.28284219%	[82.0341%, 84.4612%]
3632	83.28744493%	[82.0391%, 84.4655%]
3633	83.29204514%	[82.0440%, 84.4698%]
3634	83.29664282%	[82.0489%, 84.4741%]
3635	83.30123796%	[82.0538%, 84.4784%]
3636	83.30583058%	[82.0587%, 84.4827%]
3637	83.28292549%	[82.0353%, 84.4603%]
3638	83.28752062%	[82.0402%, 84.4646%]
3639	83.29211322%	[82.0451%, 84.4689%]
3640	83.29670330%	[82.0500%, 84.4732%]
3641	83.27382587%	[82.0266%, 84.4509%]
3642	83.27841845%	[82.0315%, 84.4552%]
3643	83.28300851%	[82.0364%, 84.4595%]
3644	83.28759605%	[82.0413%, 84.4638%]
3645	83.29218107%	[82.0462%, 84.4680%]
3646	83.26933626%	[82.0229%, 84.4457%]
3647	83.27392377%	[82.0278%, 84.4500%]
3648	83.25109649%	[82.0045%, 84.4277%]
3649	83.25568649%	[82.0094%, 84.4320%]
3650	83.26027397%	[82.0143%, 84.4363%]
3651	83.23746919%	[81.9910%, 84.4140%]
3652	83.24205915%	[81.9959%, 84.4183%]
3653	83.24664659%	[82.0008%, 84.4226%]
3654	83.25123153%	[82.0057%, 84.4269%]
3655	83.25581395%	[82.0106%, 84.4312%]
3656	83.23304158%	[81.9874%, 84.4090%]
3657	83.21028165%	[81.9641%, 84.3867%]
3658	83.21487151%	[81.9690%, 84.3910%]
3659	83.21945887%	[81.9739%, 84.3953%]
3660	83.22404372%	[81.9788%, 84.3996%]
3661	83.22862606%	[81.9837%, 84.4039%]
3662	83.23320590%	[81.9886%, 84.4082%]
3663	83.23778324%	[81.9935%, 84.4125%]
3664	83.24235808%	[81.9983%, 84.4168%]
3665	83.24693042%	[82.0032%, 84.4210%]
3666	83.25150027%	[82.0081%, 84.4253%]
3667	83.25606763%	[82.0129%, 84.4296%]
3668	83.26063250%	[82.0178%, 84.4339%]
3669	83.26519488%	[82.0227%, 84.4381%]
3670	83.26975477%	[82.0275%, 84.4424%]
3671	83.24707164%	[82.0044%, 84.4202%]
3672	83.25163399%	[82.0093%, 84.4245%]
3673	83.25619385%	[82.0141%, 84.4288%]
3674	83.26075122%	[82.0190%, 84.4330%]
3675	83.23809524%	[81.9959%, 84.4109%]
3676	83.24265506%	[82.0007%, 84.4152%]
3677	83.22001632%	[81.9776%, 84.3931%]
3678	83.22457858%	[81.9825%, 84.3973%]
3679	83.22913835%	[81.9874%, 84.4016%]
3680	83.23369565%	[81.9922%, 84.4059%]
3681	83.23825048%	[81.9971%, 84.4101%]
3682	83.24280282%	[82.0019%, 84.4144%]
3683	83.24735270%	[82.0068%, 84.4187%]
3684	83.25190011%	[82.0116%, 84.4229%]
3685	83.25644505%	[82.0165%, 84.4272%]
3686	83.26098752%	[82.0213%, 84.4314%]
3687	83.23840521%	[81.9983%, 84.4094%]
3688	83.21583514%	[81.9752%, 84.3873%]
3689	83.22038493%	[81.9801%, 84.3916%]
3690	83.22493225%	[81.9849%, 84.3958%]
3691	83.22947711%	[81.9898%, 84.4001%]
3692	83.23401950%	[81.9946%, 84.4043%]
3693	83.23855944%	[81.9995%, 84.4086%]
3694	83.24309691%	[82.0043%, 84.4128%]
3695	83.24763194%	[82.0091%, 84.4171%]
3696	83.25216450%	[82.0140%, 84.4213%]
3697	83.25669462%	[82.0188%, 84.4256%]
3698	83.26122228%	[82.0236%, 84.4298%]
3699	83.26574750%	[82.0284%, 84.4340%]
3700	83.24324324%	[82.0055%, 84.4121%]
3701	83.24777087%	[82.0103%, 84.4163%]
3702	83.25229606%	[82.0151%, 84.4205%]
3703	83.25681880%	[82.0199%, 84.4248%]
3704	83.23434125%	[81.9970%, 84.4028%]
3705	83.23886640%	[82.0018%, 84.4070%]
3706	83.24338910%	[82.0067%, 84.4113%]
3707	83.24790936%	[82.0115%, 84.4155%]
3708	83.25242718%	[82.0163%, 84.4197%]
3709	83.25694257%	[82.0211%, 84.4240%]
3710	83.26145553%	[82.0259%, 84.4282%]
3711	83.26596605%	[82.0307%, 84.4324%]
3712	83.27047414%	[82.0355%, 84.4366%]
3713	83.27497980%	[82.0403%, 84.4409%]
3714	83.25255789%	[82.0174%, 84.4190%]
3715	83.23014805%	[81.9946%, 84.3971%]
3716	83.20775027%	[81.9717%, 84.3752%]
3717	83.21226796%	[81.9766%, 84.3794%]
3718	83.21678322%	[81.9814%, 84.3836%]
3719	83.22129605%	[81.9862%, 84.3879%]
3720	83.22580645%	[81.9910%, 84.3921%]
3721	83.23031443%	[81.9958%, 84.3963%]
3722	83.23481999%	[82.0006%, 84.4005%]
3723	83.23932313%	[82.0054%, 84.4047%]
3724	83.21697100%	[81.9826%, 84.3829%]
3725	83.19463087%	[81.9598%, 84.3611%]
3726	83.19914117%	[81.9646%, 84.3653%]
3727	83.20364905%	[81.9694%, 84.3695%]
3728	83.18133047%	[81.9466%, 84.3477%]
3729	83.18584071%	[81.9515%, 84.3519%]
3730	83.19034853%	[81.9563%, 84.3561%]
3731	83.19485393%	[81.9611%, 84.3604%]
3732	83.19935691%	[81.9659%, 84.3646%]
3733	83.20385749%	[81.9706%, 84.3688%]
3734	83.20835565%	[81.9754%, 84.3730%]
3735	83.21285141%	[81.9802%, 84.3772%]
3736	83.21734475%	[81.9850%, 84.3814%]
3737	83.22183570%	[81.9898%, 84.3856%]
3738	83.22632424%	[81.9946%, 84.3899%]
3739	83.23081038%	[81.9994%, 84.3941%]
3740	83.20855615%	[81.9767%, 84.3723%]
3741	83.21304464%	[81.9814%, 84.3765%]
3742	83.21753073%	[81.9862%, 84.3807%]
3743	83.19529789%	[81.9635%, 84.3590%]
3744	83.19978632%	[81.9683%, 84.3632%]
3745	83.20427236%	[81.9731%, 84.3674%]
3746	83.20875601%	[81.9779%, 84.3716%]
3747	83.21323726%	[81.9826%, 84.3758%]
3748	83.21771612%	[81.9874%, 84.3800%]
3749	83.22219258%	[81.9922%, 84.3842%]
3750	83.22666667%	[81.9970%, 84.3884%]
3751	83.23113836%	[82.0017%, 84.3926%]
3752	83.23560768%	[82.0065%, 84.3968%]
3753	83.24007461%	[82.0112%, 84.4009%]
3754	83.24453916%	[82.0160%, 84.4051%]
3755	83.24900133%	[82.0207%, 84.4093%]
3756	83.25346113%	[82.0255%, 84.4135%]
3757	83.25791855%	[82.0302%, 84.4177%]
3758	83.26237360%	[82.0350%, 84.4218%]
3759	83.26682628%	[82.0397%, 84.4260%]
3760	83.24468085%	[82.0171%, 84.4044%]
3761	83.24913587%	[82.0219%, 84.4085%]
3762	83.25358852%	[82.0266%, 84.4127%]
3763	83.23146426%	[82.0041%, 84.3911%]
3764	83.23591923%	[82.0088%, 84.3953%]
3765	83.21381142%	[81.9863%, 84.3737%]
3766	83.21826872%	[81.9910%, 84.3778%]
3767	83.19617733%	[81.9685%, 84.3562%]
3768	83.17409766%	[81.9460%, 84.3347%]
3769	83.17856195%	[81.9507%, 84.3388%]
3770	83.15649867%	[81.9282%, 84.3173%]
3771	83.16096526%	[81.9330%, 84.3215%]
3772	83.16542948%	[81.9377%, 84.3256%]
3773	83.16989133%	[81.9425%, 84.3298%]
3774	83.17435082%	[81.9472%, 84.3340%]
3775	83.17880795%	[81.9520%, 84.3382%]
3776	83.18326271%	[81.9567%, 84.3424%]
3777	83.16123908%	[81.9343%, 84.3208%]
3778	83.16569614%	[81.9390%, 84.3250%]
3779	83.17015083%	[81.9438%, 84.3292%]
3780	83.14814815%	[81.9213%, 84.3077%]
3781	83.15260513%	[81.9261%, 84.3118%]
3782	83.15705976%	[81.9308%, 84.3160%]
3783	83.16151203%	[81.9355%, 84.3202%]
3784	83.16596195%	[81.9403%, 84.3244%]
3785	83.17040951%	[81.9450%, 84.3285%]
3786	83.14844163%	[81.9226%, 84.3071%]
3787	83.12648534%	[81.9002%, 84.2856%]
3788	83.13093981%	[81.9050%, 84.2898%]
3789	83.10899974%	[81.8826%, 84.2683%]
3790	83.11345646%	[81.8874%, 84.2725%]
3791	83.11791084%	[81.8921%, 84.2767%]
3792	83.09599156%	[81.8697%, 84.2553%]
3793	83.07408384%	[81.8474%, 84.2338%]
3794	83.07854507%	[81.8522%, 84.2380%]
3795	83.08300395%	[81.8569%, 84.2422%]
3796	83.08746048%	[81.8616%, 84.2464%]
3797	83.09191467%	[81.8664%, 84.2506%]
3798	83.09636651%	[81.8711%, 84.2547%]
3799	83.10081600%	[81.8759%, 84.2589%]
3800	83.07894737%	[81.8536%, 84.2375%]
3801	83.05709024%	[81.8313%, 84.2161%]
3802	83.06154655%	[81.8360%, 84.2203%]
3803	83.03970550%	[81.8138%, 84.1990%]
3804	83.04416404%	[81.8185%, 84.2031%]
3805	83.04862024%	[81.8233%, 84.2073%]
3806	83.05307409%	[81.8280%, 84.2115%]
3807	83.05752561%	[81.8327%, 84.2157%]
3808	83.06197479%	[81.8375%, 84.2199%]
3809	83.06642163%	[81.8422%, 84.2240%]
3810	83.04461942%	[81.8200%, 84.2027%]
3811	83.04906849%	[81.8247%, 84.2069%]
3812	83.05351522%	[81.8294%, 84.2110%]
3813	83.05795961%	[81.8342%, 84.2152%]
3814	83.06240168%	[81.8389%, 84.2194%]
3815	83.06684142%	[81.8436%, 84.2235%]
3816	83.07127883%	[81.8483%, 84.2277%]
3817	83.07571391%	[81.8531%, 84.2319%]
3818	83.08014667%	[81.8578%, 84.2360%]
3819	83.08457711%	[81.8625%, 84.2402%]
3820	83.08900524%	[81.8672%, 84.2443%]
3821	83.09343104%	[81.8719%, 84.2485%]
3822	83.09785453%	[81.8766%, 84.2526%]
3823	83.10227570%	[81.8813%, 84.2568%]
3824	83.10669456%	[81.8860%, 84.2609%]
3825	83.11111111%	[81.8907%, 84.2651%]
3826	83.11552535%	[81.8954%, 84.2692%]
3827	83.11993729%	[81.9001%, 84.2733%]
3828	83.12434692%	[81.9048%, 84.2775%]
3829	83.10263776%	[81.8827%, 84.2563%]
3830	83.10704961%	[81.8874%, 84.2604%]
3831	83.11145915%	[81.8921%, 84.2645%]
3832	83.11586639%	[81.8967%, 84.2687%]
3833	83.09418210%	[81.8746%, 84.2475%]
3834	83.09859155%	[81.8793%, 84.2516%]
3835	83.07692308%	[81.8572%, 84.2304%]
3836	83.05526590%	[81.8352%, 84.2092%]
3837	83.03362002%	[81.8131%, 84.1881%]
3838	83.03804065%	[81.8178%, 84.1922%]
3839	83.04245897%	[81.8225%, 84.1963%]
3840	83.04687500%	[81.8272%, 84.2005%]
3841	83.05128873%	[81.8319%, 84.2046%]
3842	83.05570016%	[81.8366%, 84.2088%]
3843	83.03408795%	[81.8146%, 84.1876%]
3844	83.03850156%	[81.8193%, 84.1918%]
3845	83.04291287%	[81.8240%, 84.1959%]
3846	83.04732189%	[81.8286%, 84.2001%]
3847	83.05172862%	[81.8333%, 84.2042%]
3848	83.05613306%	[81.8380%, 84.2083%]
3849	83.06053520%	[81.8427%, 84.2124%]
3850	83.03896104%	[81.8207%, 84.1913%]
3851	83.04336536%	[81.8254%, 84.1955%]
3852	83.04776739%	[81.8301%, 84.1996%]
3853	83.05216714%	[81.8348%, 84.2037%]
3854	83.05656461%	[81.8394%, 84.2079%]
3855	83.06095979%	[81.8441%, 84.2120%]
3856	83.06535270%	[81.8488%, 84.2161%]
3857	83.06974332%	[81.8534%, 84.2202%]
3858	83.04821151%	[81.8315%, 84.1992%]
3859	83.05260430%	[81.8362%, 84.2033%]
3860	83.05699482%	[81.8408%, 84.2074%]
3861	83.06138306%	[81.8455%, 84.2115%]
3862	83.06576903%	[81.8502%, 84.2156%]
3863	83.04426611%	[81.8283%, 84.1946%]
3864	83.04865424%	[81.8329%, 84.1987%]
3865	83.05304010%	[81.8376%, 84.2029%]
3866	83.05742369%	[81.8423%, 84.2070%]
3867	83.06180502%	[81.8469%, 84.2111%]
3868	83.06618407%	[81.8516%, 84.2152%]
3869	83.07056087%	[81.8562%, 84.2193%]
3870	83.07493540%	[81.8609%, 84.2234%]
3871	83.07930767%	[81.8655%, 84.2275%]
3872	83.08367769%	[81.8702%, 84.2316%]
3873	83.08804544%	[81.8748%, 84.2357%]
3874	83.06659783%	[81.8530%, 84.2147%]
3875	83.07096774%	[81.8576%, 84.2188%]
3876	83.07533540%	[81.8623%, 84.2229%]
3877	83.07970080%	[81.8669%, 84.2270%]
3878	83.08406395%	[81.8715%, 84.2311%]
3879	83.08842485%	[81.8762%, 84.2352%]
3880	83.09278351%	[81.8808%, 84.2393%]
3881	83.07137336%	[81.8590%, 84.2184%]
3882	83.07573416%	[81.8636%, 84.2224%]
3883	83.08009271%	[81.8683%, 84.2265%]
3884	83.08444902%	[81.8729%, 84.2306%]
3885	83.08880309%	[81.8775%, 84.2347%]
3886	83.09315492%	[81.8822%, 84.2388%]
3887	83.09750450%	[81.8868%, 84.2429%]
3888	83.10185185%	[81.8914%, 84.2470%]
3889	83.10619697%	[81.8960%, 84.2510%]
3890	83.11053985%	[81.9006%, 84.2551%]
3891	83.08918016%	[81.8789%, 84.2342%]
3892	83.09352518%	[81.8835%, 84.2383%]
3893	83.07218084%	[81.8617%, 84.2174%]
3894	83.07652799%	[81.8664%, 84.2215%]
3895	83.05519897%	[81.8446%, 84.2006%]
3896	83.05954825%	[81.8492%, 84.2047%]
3897	83.06389530%	[81.8539%, 84.2088%]
3898	83.06824012%	[81.8585%, 84.2129%]
3899	83.07258271%	[81.8631%, 84.2170%]
3900	83.07692308%	[81.8677%, 84.2210%]
3901	83.05562676%	[81.8460%, 84.2002%]
3902	83.05996925%	[81.8506%, 84.2043%]
3903	83.06430951%	[81.8553%, 84.2083%]
3904	83.06864754%	[81.8599%, 84.2124%]
3905	83.07298335%	[81.8645%, 84.2165%]
3906	83.07731695%	[81.8691%, 84.2206%]
3907	83.08164832%	[81.8737%, 84.2246%]
3908	83.08597748%	[81.8783%, 84.2287%]
3909	83.09030443%	[81.8829%, 84.2327%]
3910	83.09462916%	[81.8875%, 84.2368%]
3911	83.09895167%	[81.8921%, 84.2409%]
3912	83.07770961%	[81.8704%, 84.2201%]
3913	83.08203424%	[81.8750%, 84.2241%]
3914	83.08635667%	[81.8796%, 84.2282%]
3915	83.09067688%	[81.8842%, 84.2323%]
3916	83.09499489%	[81.8888%, 84.2363%]
3917	83.09931070%	[81.8934%, 84.2404%]
3918	83.10362430%	[81.8980%, 84.2444%]
3919	83.10793570%	[81.9026%, 84.2485%]
3920	83.11224490%	[81.9072%, 84.2525%]
3921	83.11655190%	[81.9117%, 84.2565%]
3922	83.12085671%	[81.9163%, 84.2606%]
3923	83.12515932%	[81.9209%, 84.2646%]
3924	83.12945973%	[81.9255%, 84.2687%]
3925	83.13375796%	[81.9300%, 84.2727%]
3926	83.11258278%	[81.9084%, 84.2520%]
3927	83.11688312%	[81.9130%, 84.2560%]
3928	83.12118126%	[81.9176%, 84.2601%]
3929	83.10002545%	[81.8960%, 84.2394%]
3930	83.10432570%	[81.9006%, 84.2434%]
3931	83.10862376%	[81.9052%, 84.2474%]
3932	83.11291963%	[81.9097%, 84.2515%]
3933	83.11721332%	[81.9143%, 84.2555%]
3934	83.12150483%	[81.9189%, 84.2595%]
3935	83.12579416%	[81.9234%, 84.2635%]
3936	83.13008130%	[81.9280%, 84.2676%]
3937	83.13436627%	[81.9325%, 84.2716%]
3938	83.13864906%	[81.9371%, 84.2756%]
3939	83.14292968%	[81.9416%, 84.2796%]
3940	83.14720812%	[81.9462%, 84.2837%]
3941	83.12611012%	[81.9247%, 84.2630%]
3942	83.13039066%	[81.9292%, 84.2670%]
3943	83.13466903%	[81.9338%, 84.2710%]
3944	83.13894523%	[81.9383%, 84.2751%]
3945	83.11787072%	[81.9169%, 84.2545%]
3946	83.12214901%	[81.9214%, 84.2585%]
3947	83.12642513%	[81.9260%, 84.2625%]
3948	83.13069909%	[81.9305%, 84.2665%]
3949	83.13497088%	[81.9350%, 84.2705%]
3950	83.11392405%	[81.9136%, 84.2499%]
3951	83.11819792%	[81.9181%, 84.2539%]
3952	83.12246964%	[81.9227%, 84.2579%]
3953	83.10144194%	[81.9012%, 84.2374%]
3954	83.10571573%	[81.9058%, 84.2414%]
3955	83.10998736%	[81.9103%, 84.2454%]
3956	83.11425683%	[81.9149%, 84.2494%]
3957	83.11852413%	[81.9194%, 84.2534%]
3958	83.09752400%	[81.8980%, 84.2329%]
3959	83.10179338%	[81.9025%, 84.2369%]
3960	83.10606061%	[81.9071%, 84.2409%]
3961	83.08507953%	[81.8857%, 84.2204%]
3962	83.08934881%	[81.8902%, 84.2244%]
3963	83.09361595%	[81.8948%, 84.2284%]
3964	83.09788093%	[81.8993%, 84.2324%]
3965	83.10214376%	[81.9038%, 84.2364%]
3966	83.10640444%	[81.9084%, 84.2404%]
3967	83.11066297%	[81.9129%, 84.2444%]
3968	83.08971774%	[81.8915%, 84.2239%]
3969	83.09397833%	[81.8961%, 84.2279%]
3970	83.09823678%	[81.9006%, 84.2319%]
3971	83.10249307%	[81.9051%, 84.2359%]
3972	83.10674723%	[81.9096%, 84.2399%]
3973	83.11099924%	[81.9142%, 84.2439%]
3974	83.11524912%	[81.9187%, 84.2479%]
3975	83.11949686%	[81.9232%, 84.2519%]
3976	83.12374245%	[81.9277%, 84.2558%]
3977	83.12798592%	[81.9322%, 84.2598%]
3978	83.13222725%	[81.9367%, 84.2638%]
3979	83.13646645%	[81.9412%, 84.2678%]
3980	83.11557789%	[81.9199%, 84.2474%]
3981	83.11981914%	[81.9244%, 84.2513%]
3982	83.12405826%	[81.9289%, 84.2553%]
3983	83.12829525%	[81.9335%, 84.2593%]
3984	83.13253012%	[81.9380%, 84.2633%]
3985	83.13676286%	[81.9425%, 84.2673%]
3986	83.14099348%	[81.9469%, 84.2712%]
3987	83.14522197%	[81.9514%, 84.2752%]
3988	83.14944835%	[81.9559%, 84.2792%]
3989	83.15367260%	[81.9604%, 84.2831%]
3990	83.13283208%	[81.9392%, 84.2627%]
3991	83.13705838%	[81.9437%, 84.2667%]
3992	83.14128257%	[81.9482%, 84.2707%]
3993	83.12046081%	[81.9269%, 84.2503%]
3994	83.09964947%	[81.9057%, 84.2299%]
3995	83.07884856%	[81.8845%, 84.2096%]
3996	83.08308308%	[81.8890%, 84.2136%]
3997	83.08731549%	[81.8935%, 84.2176%]
3998	83.09154577%	[81.8980%, 84.2215%]
3999	83.09577394%	[81.9025%, 84.2255%]
4000	83.10000000%	[81.9070%, 84.2295%]
4001	83.10422394%	[81.9115%, 84.2334%]
4002	83.10844578%	[81.9160%, 84.2374%]
4003	83.11266550%	[81.9205%, 84.2414%]
4004	83.11688312%	[81.9250%, 84.2453%]
4005	83.12109863%	[81.9294%, 84.2493%]
4006	83.10034948%	[81.9083%, 84.2290%]
4007	83.10456701%	[81.9128%, 84.2329%]
4008	83.08383234%	[81.8916%, 84.2127%]
4009	83.08805188%	[81.8961%, 84.2166%]
4010	83.09226933%	[81.9006%, 84.2206%]
4011	83.09648467%	[81.9051%, 84.2245%]
4012	83.10069791%	[81.9096%, 84.2285%]
4013	83.10490905%	[81.9140%, 84.2325%]
4014	83.10911809%	[81.9185%, 84.2364%]
4015	83.11332503%	[81.9230%, 84.2404%]
4016	83.09262948%	[81.9019%, 84.2201%]
4017	83.09683844%	[81.9064%, 84.2241%]
4018	83.10104530%	[81.9108%, 84.2280%]
4019	83.10525006%	[81.9153%, 84.2320%]
4020	83.10945274%	[81.9198%, 84.2359%]
4021	83.11365332%	[81.9242%, 84.2399%]
4022	83.11785182%	[81.9287%, 84.2438%]
4023	83.12204822%	[81.9332%, 84.2478%]
4024	83.12624254%	[81.9376%, 84.2517%]
4025	83.13043478%	[81.9421%, 84.2556%]
4026	83.13462494%	[81.9465%, 84.2596%]
4027	83.13881301%	[81.9510%, 84.2635%]
4028	83.11817279%	[81.9299%, 84.2433%]
4029	83.12236287%	[81.9344%, 84.2472%]
4030	83.10173697%	[81.9134%, 84.2271%]
4031	83.10592905%	[81.9178%, 84.2310%]
4032	83.11011905%	[81.9223%, 84.2349%]
4033	83.11430697%	[81.9267%, 84.2389%]
4034	83.11849281%	[81.9312%, 84.2428%]
4035	83.12267658%	[81.9356%, 84.2467%]
4036	83.12685828%	[81.9401%, 84.2507%]
4037	83.13103790%	[81.9445%, 84.2546%]
4038	83.13521545%	[81.9489%, 84.2585%]
4039	83.13939094%	[81.9534%, 84.2624%]
4040	83.14356436%	[81.9578%, 84.2664%]
4041	83.14773571%	[81.9622%, 84.2703%]
4042	83.15190500%	[81.9667%, 84.2742%]
4043	83.15607222%	[81.9711%, 84.2781%]
4044	83.16023739%	[81.9755%, 84.2820%]
4045	83.16440049%	[81.9799%, 84.2859%]
4046	83.16856154%	[81.9844%, 84.2898%]
4047	83.14801087%	[81.9634%, 84.2697%]
4048	83.12747036%	[81.9425%, 84.2496%]
4049	83.13163744%	[81.9469%, 84.2536%]
4050	83.11111111%	[81.9260%, 84.2335%]
4051	83.11528018%	[81.9304%, 84.2374%]
4052	83.11944719%	[81.9349%, 84.2413%]
4053	83.12361214%	[81.9393%, 84.2452%]
4054	83.12777504%	[81.9437%, 84.2491%]
4055	83.13193588%	[81.9481%, 84.2530%]
4056	83.13609467%	[81.9525%, 84.2569%]
4057	83.14025142%	[81.9570%, 84.2608%]
4058	83.14440611%	[81.9614%, 84.2648%]
4059	83.14855876%	[81.9658%, 84.2687%]
4060	83.12807882%	[81.9449%, 84.2486%]
4061	83.13223344%	[81.9493%, 84.2525%]
4062	83.13638602%	[81.9537%, 84.2564%]
4063	83.14053655%	[81.9581%, 84.2603%]
4064	83.12007874%	[81.9373%, 84.2403%]
4065	83.12423124%	[81.9417%, 84.2442%]
4066	83.12838170%	[81.9461%, 84.2481%]
4067	83.13253012%	[81.9505%, 84.2520%]
4068	83.13667650%	[81.9549%, 84.2559%]
4069	83.14082084%	[81.9593%, 84.2598%]
4070	83.14496314%	[81.9637%, 84.2637%]
4071	83.14910341%	[81.9681%, 84.2676%]
4072	83.15324165%	[81.9725%, 84.2715%]
4073	83.15737785%	[81.9769%, 84.2754%]
4074	83.13696613%	[81.9561%, 84.2554%]
4075	83.14110429%	[81.9605%, 84.2593%]
4076	83.14524043%	[81.9649%, 84.2632%]
4077	83.14937454%	[81.9693%, 84.2670%]
4078	83.15350662%	[81.9737%, 84.2709%]
4079	83.15763668%	[81.9781%, 84.2748%]
4080	83.13725490%	[81.9573%, 84.2549%]
4081	83.14138691%	[81.9617%, 84.2587%]
4082	83.14551690%	[81.9661%, 84.2626%]
4083	83.14964487%	[81.9705%, 84.2665%]
4084	83.15377081%	[81.9748%, 84.2704%]
4085	83.15789474%	[81.9792%, 84.2743%]
4086	83.16201664%	[81.9836%, 84.2781%]
4087	83.16613653%	[81.9880%, 84.2820%]
4088	83.14579256%	[81.9673%, 84.2621%]
4089	83.12545855%	[81.9465%, 84.2422%]
4090	83.12958435%	[81.9509%, 84.2461%]
4091	83.13370814%	[81.9553%, 84.2500%]
4092	83.11339198%	[81.9346%, 84.2301%]
4093	83.11751771%	[81.9390%, 84.2339%]
4094	83.12164143%	[81.9434%, 84.2378%]
4095	83.12576313%	[81.9477%, 84.2417%]
4096	83.12988281%	[81.9521%, 84.2456%]
4097	83.13400049%	[81.9565%, 84.2494%]
4098	83.13811615%	[81.9609%, 84.2533%]
4099	83.14222981%	[81.9652%, 84.2572%]
4100	83.14634146%	[81.9696%, 84.2610%]
4101	83.15045111%	[81.9740%, 84.2649%]
4102	83.13018040%	[81.9533%, 84.2451%]
4103	83.13429198%	[81.9577%, 84.2489%]
4104	83.13840156%	[81.9620%, 84.2528%]
4105	83.14250914%	[81.9664%, 84.2567%]
4106	83.14661471%	[81.9708%, 84.2605%]
4107	83.15071829%	[81.9751%, 84.2644%]
4108	83.15481986%	[81.9795%, 84.2682%]
4109	83.15891945%	[81.9838%, 84.2721%]
4110	83.16301703%	[81.9882%, 84.2759%]
4111	83.16711262%	[81.9925%, 84.2798%]
4112	83.17120623%	[81.9969%, 84.2836%]
4113	83.17529784%	[82.0012%, 84.2875%]
4114	83.17938746%	[82.0056%, 84.2913%]
4115	83.18347509%	[82.0099%, 84.2952%]
4116	83.18756074%	[82.0142%, 84.2990%]
4117	83.19164440%	[82.0186%, 84.3028%]
4118	83.19572608%	[82.0229%, 84.3067%]
4119	83.17552804%	[82.0023%, 84.2869%]
4120	83.17961165%	[82.0067%, 84.2907%]
4121	83.15942732%	[81.9861%, 84.2710%]
4122	83.16351286%	[81.9904%, 84.2748%]
4123	83.16759641%	[81.9948%, 84.2787%]
4124	83.17167798%	[81.9991%, 84.2825%]
4125	83.17575758%	[82.0034%, 84.2863%]
4126	83.17983519%	[82.0078%, 84.2902%]
4127	83.15968016%	[81.9872%, 84.2705%]
4128	83.16375969%	[81.9916%, 84.2743%]
4129	83.16783725%	[81.9959%, 84.2781%]
4130	83.17191283%	[82.0002%, 84.2820%]
4131	83.17598644%	[82.0045%, 84.2858%]
4132	83.18005808%	[82.0089%, 84.2896%]
4133	83.18412775%	[82.0132%, 84.2934%]
4134	83.18819545%	[82.0175%, 84.2973%]
4135	83.19226119%	[82.0218%, 84.3011%]
4136	83.19632495%	[82.0261%, 84.3049%]
4137	83.20038675%	[82.0305%, 84.3087%]
4138	83.20444659%	[82.0348%, 84.3125%]
4139	83.20850447%	[82.0391%, 84.3164%]
4140	83.21256039%	[82.0434%, 84.3202%]
4141	83.21661434%	[82.0477%, 84.3240%]
4142	83.19652342%	[82.0272%, 84.3043%]
4143	83.20057929%	[82.0315%, 84.3081%]
4144	83.20463320%	[82.0358%, 84.3119%]
4145	83.20868516%	[82.0401%, 84.3157%]
4146	83.21273517%	[82.0444%, 84.3196%]
4147	83.21678322%	[82.0487%, 84.3234%]
4148	83.19672131%	[82.0283%, 84.3037%]
4149	83.20077127%	[82.0326%, 84.3075%]
4150	83.18072289%	[82.0122%, 84.2879%]
4151	83.18477475%	[82.0165%, 84.2917%]
4152	83.16473988%	[81.9960%, 84.2721%]
4153	83.16879364%	[82.0004%, 84.2759%]
4154	83.17284545%	[82.0047%, 84.2797%]
4155	83.17689531%	[82.0090%, 84.2835%]
4156	83.18094321%	[82.0133%, 84.2874%]
4157	83.16093337%	[81.9929%, 84.2678%]
4158	83.16498316%	[81.9972%, 84.2716%]
4159	83.14498678%	[81.9768%, 84.2520%]
4160	83.14903846%	[81.9811%, 84.2558%]
4161	83.15308820%	[81.9854%, 84.2596%]
4162	83.15713599%	[81.9897%, 84.2634%]
4163	83.16118184%	[81.9940%, 84.2672%]
4164	83.16522574%	[81.9983%, 84.2710%]
4165	83.14525810%	[81.9779%, 84.2515%]
4166	83.14930389%	[81.9822%, 84.2553%]
4167	83.15334773%	[81.9865%, 84.2591%]
4168	83.15738964%	[81.9908%, 84.2629%]
4169	83.13744303%	[81.9705%, 84.2434%]
4170	83.11750600%	[81.9502%, 84.2239%]
4171	83.12155358%	[81.9545%, 84.2277%]
4172	83.12559923%	[81.9588%, 84.2315%]
4173	83.12964294%	[81.9631%, 84.2353%]
4174	83.13368471%	[81.9674%, 84.2391%]
4175	83.11377246%	[81.9471%, 84.2196%]
4176	83.11781609%	[81.9514%, 84.2234%]
4177	83.12185779%	[81.9557%, 84.2272%]
4178	83.12589756%	[81.9599%, 84.2310%]
4179	83.10600622%	[81.9397%, 84.2115%]
4180	83.08612440%	[81.9194%, 84.1921%]
4181	83.09016982%	[81.9237%, 84.1959%]
4182	83.09421330%	[81.9280%, 84.1997%]
4183	83.07434855%	[81.9078%, 84.1802%]
4184	83.05449331%	[81.8875%, 84.1608%]
4185	83.03464755%	[81.8673%, 84.1414%]
4186	83.03870043%	[81.8716%, 84.1452%]
4187	83.04275137%	[81.8759%, 84.1490%]
4188	83.04680038%	[81.8802%, 84.1528%]
4189	83.05084746%	[81.8845%, 84.1566%]
4190	83.05489260%	[81.8888%, 84.1604%]
4191	83.05893581%	[81.8931%, 84.1642%]
4192	83.06297710%	[81.8974%, 84.1680%]
4193	83.06701646%	[81.9017%, 84.1718%]
4194	83.07105389%	[81.9060%, 84.1756%]
4195	83.07508939%	[81.9102%, 84.1794%]
4196	83.07912297%	[81.9145%, 84.1832%]
4197	83.08315463%	[81.9188%, 84.1870%]
4198	83.08718437%	[81.9231%, 84.1908%]
4199	83.09121219%	[81.9274%, 84.1946%]
4200	83.09523810%	[81.9316%, 84.1984%]
4201	83.07545822%	[81.9115%, 84.1790%]
4202	83.07948596%	[81.9158%, 84.1828%]
4203	83.08351178%	[81.9200%, 84.1866%]
4204	83.08753568%	[81.9243%, 84.1904%]
4205	83.09155767%	[81.9286%, 84.1942%]
4206	83.09557775%	[81.9328%, 84.1979%]
4207	83.07582600%	[81.9127%, 84.1786%]
4208	83.07984791%	[81.9170%, 84.1824%]
4209	83.08386790%	[81.9212%, 84.1862%]
4210	83.08788599%	[81.9255%, 84.1899%]
4211	83.06815483%	[81.9054%, 84.1706%]
4212	83.07217474%	[81.9097%, 84.1744%]
4213	83.07619274%	[81.9139%, 84.1782%]
4214	83.08020883%	[81.9182%, 84.1820%]
4215	83.08422301%	[81.9225%, 84.1857%]
4216	83.08823529%	[81.9267%, 84.1895%]
4217	83.09224567%	[81.9310%, 84.1933%]
4218	83.07254623%	[81.9109%, 84.1740%]
4219	83.07655843%	[81.9152%, 84.1778%]
4220	83.08056872%	[81.9194%, 84.1816%]
4221	83.08457711%	[81.9237%, 84.1853%]
4222	83.08858361%	[81.9279%, 84.1891%]
4223	83.06890836%	[81.9079%, 84.1698%]
4224	83.07291667%	[81.9121%, 84.1736%]
4225	83.07692308%	[81.9164%, 84.1774%]
4226	83.08092759%	[81.9206%, 84.1811%]
4227	83.08493021%	[81.9249%, 84.1849%]
4228	83.08893094%	[81.9291%, 84.1887%]
4229	83.09292977%	[81.9334%, 84.1924%]
4230	83.09692671%	[81.9376%, 84.1962%]
4231	83.10092177%	[81.9418%, 84.2000%]
4232	83.10491493%	[81.9461%, 84.2037%]
4233	83.10890621%	[81.9503%, 84.2075%]
4234	83.11289561%	[81.9545%, 84.2112%]
4235	83.11688312%	[81.9588%, 84.2150%]
4236	83.12086874%	[81.9630%, 84.2187%]
4237	83.12485249%	[81.9672%, 84.2225%]
4238	83.12883436%	[81.9714%, 84.2262%]
4239	83.13281434%	[81.9757%, 84.2300%]
4240	83.13679245%	[81.9799%, 84.2337%]
4241	83.14076869%	[81.9841%, 84.2374%]
4242	83.14474305%	[81.9883%, 84.2412%]
4243	83.14871553%	[81.9925%, 84.2449%]
4244	83.15268615%	[81.9967%, 84.2487%]
4245	83.15665489%	[82.0010%, 84.2524%]
4246	83.16062176%	[82.0052%, 84.2561%]
4247	83.16458677%	[82.0094%, 84.2599%]
4248	83.16854991%	[82.0136%, 84.2636%]
4249	83.17251118%	[82.0178%, 84.2673%]
4250	83.17647059%	[82.0220%, 84.2710%]
4251	83.18042813%	[82.0262%, 84.2748%]
4252	83.18438382%	[82.0304%, 84.2785%]
4253	83.18833764%	[82.0346%, 84.2822%]
4254	83.16878232%	[82.0147%, 84.2631%]
4255	83.17273796%	[82.0188%, 84.2668%]
4256	83.17669173%	[82.0230%, 84.2705%]
4257	83.18064365%	[82.0272%, 84.2742%]
4258	83.18459371%	[82.0314%, 84.2779%]
4259	83.18854191%	[82.0356%, 84.2817%]
4260	83.19248826%	[82.0398%, 84.2854%]
4261	83.19643276%	[82.0440%, 84.2891%]
4262	83.20037541%	[82.0482%, 84.2928%]
4263	83.20431621%	[82.0524%, 84.2965%]
4264	83.18480300%	[82.0325%, 84.2774%]
4265	83.18874560%	[82.0367%, 84.2811%]
4266	83.19268636%	[82.0408%, 84.2848%]
4267	83.17318959%	[82.0210%, 84.2657%]
4268	83.17713215%	[82.0252%, 84.2694%]
4269	83.18107285%	[82.0293%, 84.2731%]
4270	83.18501171%	[82.0335%, 84.2768%]
4271	83.18894872%	[82.0377%, 84.2806%]
4272	83.19288390%	[82.0419%, 84.2843%]
4273	83.17341446%	[82.0220%, 84.2652%]
4274	83.17735143%	[82.0262%, 84.2689%]
4275	83.18128655%	[82.0304%, 84.2726%]
4276	83.18521983%	[82.0346%, 84.2763%]
4277	83.16577040%	[82.0148%, 84.2573%]
4278	83.16970547%	[82.0189%, 84.2610%]
4279	83.17363870%	[82.0231%, 84.2647%]
4280	83.17757009%	[82.0273%, 84.2684%]
4281	83.15814062%	[82.0075%, 84.2493%]
4282	83.16207380%	[82.0116%, 84.2531%]
4283	83.16600514%	[82.0158%, 84.2568%]
4284	83.16993464%	[82.0200%, 84.2604%]
4285	83.17386231%	[82.0242%, 84.2641%]
4286	83.17778815%	[82.0283%, 84.2678%]
4287	83.18171215%	[82.0325%, 84.2715%]
4288	83.18563433%	[82.0366%, 84.2752%]
4289	83.18955467%	[82.0408%, 84.2789%]
4290	83.19347319%	[82.0450%, 84.2826%]
4291	83.19738989%	[82.0491%, 84.2863%]
4292	83.20130475%	[82.0533%, 84.2900%]
4293	83.20521780%	[82.0574%, 84.2937%]
4294	83.20912902%	[82.0616%, 84.2973%]
4295	83.21303842%	[82.0657%, 84.3010%]
4296	83.21694600%	[82.0699%, 84.3047%]
4297	83.22085176%	[82.0740%, 84.3084%]
4298	83.22475570%	[82.0781%, 84.3120%]
4299	83.20539660%	[82.0584%, 84.2931%]
4300	83.18604651%	[82.0387%, 84.2741%]
4301	83.18995582%	[82.0429%, 84.2778%]
4302	83.17061832%	[82.0232%, 84.2589%]
4303	83.15128980%	[82.0035%, 84.2400%]
4304	83.15520446%	[82.0076%, 84.2437%]
4305	83.15911731%	[82.0118%, 84.2473%]
4306	83.16302833%	[82.0159%, 84.2510%]
4307	83.16693754%	[82.0201%, 84.2547%]
4308	83.14763231%	[82.0004%, 84.2358%]
4309	83.15154328%	[82.0046%, 84.2395%]
4310	83.15545244%	[82.0087%, 84.2432%]
4311	83.15935978%	[82.0128%, 84.2468%]
4312	83.16326531%	[82.0170%, 84.2505%]
4313	83.14398331%	[81.9973%, 84.2316%]
4314	83.14789059%	[82.0015%, 84.2353%]
4315	83.15179606%	[82.0056%, 84.2390%]
4316	83.15569972%	[82.0098%, 84.2427%]
4317	83.15960158%	[82.0139%, 84.2463%]
4318	83.16350162%	[82.0180%, 84.2500%]
4319	83.16739986%	[82.0222%, 84.2537%]
4320	83.17129630%	[82.0263%, 84.2573%]
4321	83.17519093%	[82.0304%, 84.2610%]
4322	83.17908376%	[82.0346%, 84.2647%]
4323	83.15984270%	[82.0150%, 84.2458%]
4324	83.16373728%	[82.0191%, 84.2495%]
4325	83.16763006%	[82.0232%, 84.2532%]
4326	83.17152104%	[82.0274%, 84.2568%]
4327	83.15229951%	[82.0078%, 84.2380%]
4328	83.15619224%	[82.0119%, 84.2417%]
4329	83.13698314%	[81.9923%, 84.2229%]
4330	83.11778291%	[81.9728%, 84.2041%]
4331	83.12168091%	[81.9769%, 84.2077%]
4332	83.12557710%	[81.9811%, 84.2114%]
4333	83.12947150%	[81.9852%, 84.2151%]
4334	83.13336410%	[81.9893%, 84.2187%]
4335	83.13725490%	[81.9934%, 84.2224%]
4336	83.14114391%	[81.9976%, 84.2261%]
4337	83.12197371%	[81.9780%, 84.2073%]
4338	83.12586445%	[81.9822%, 84.2110%]
4339	83.10670661%	[81.9626%, 84.1922%]
4340	83.11059908%	[81.9668%, 84.1959%]
4341	83.11448975%	[81.9709%, 84.1995%]
4342	83.11837863%	[81.9750%, 84.2032%]
4343	83.12226571%	[81.9791%, 84.2068%]
4344	83.12615101%	[81.9833%, 84.2105%]
4345	83.10701956%	[81.9638%, 84.1918%]
4346	83.11090658%	[81.9679%, 84.1954%]
4347	83.09178744%	[81.9484%, 84.1767%]
4348	83.09567617%	[81.9526%, 84.1804%]
4349	83.07656933%	[81.9331%, 84.1617%]
4350	83.05747126%	[81.9137%, 84.1430%]
4351	83.06136520%	[81.9178%, 84.1466%]
4352	83.06525735%	[81.9219%, 84.1503%]
4353	83.06914771%	[81.9260%, 84.1540%]
4354	83.07303629%	[81.9301%, 84.1576%]
4355	83.07692308%	[81.9343%, 84.1613%]
4356	83.08080808%	[81.9384%, 84.1649%]
4357	83.08469130%	[81.9425%, 84.1686%]
4358	83.08857274%	[81.9466%, 84.1722%]
4359	83.09245240%	[81.9507%, 84.1759%]
4360	83.09633028%	[81.9548%, 84.1796%]
4361	83.10020637%	[81.9589%, 84.1832%]
4362	83.08115543%	[81.9395%, 84.1645%]
4363	83.08503323%	[81.9437%, 84.1682%]
4364	83.08890926%	[81.9478%, 84.1718%]
4365	83.06987400%	[81.9284%, 84.1532%]
4366	83.07375172%	[81.9325%, 84.1569%]
4367	83.07762766%	[81.9366%, 84.1605%]
4368	83.08150183%	[81.9407%, 84.1642%]
4369	83.08537423%	[81.9448%, 84.1678%]
4370	83.06636156%	[81.9255%, 84.1492%]
4371	83.04735758%	[81.9061%, 84.1306%]
4372	83.02836231%	[81.8868%, 84.1120%]
4373	83.00937571%	[81.8674%, 84.0934%]
4374	83.01326017%	[81.8716%, 84.0970%]
4375	83.01714286%	[81.8757%, 84.1007%]
4376	83.02102377%	[81.8798%, 84.1043%]
4377	83.02490290%	[81.8839%, 84.1080%]
4378	83.02878026%	[81.8880%, 84.1117%]
4379	83.00981959%	[81.8687%, 84.0931%]
4380	83.01369863%	[81.8728%, 84.0967%]
4381	83.01757590%	[81.8769%, 84.1004%]
4382	83.02145139%	[81.8810%, 84.1040%]
4383	83.02532512%	[81.8851%, 84.1077%]
4384	83.02919708%	[81.8892%, 84.1113%]
4385	83.03306727%	[81.8933%, 84.1150%]
4386	83.03693570%	[81.8974%, 84.1186%]
4387	83.04080237%	[81.9015%, 84.1223%]
4388	83.04466727%	[81.9056%, 84.1259%]
4389	83.02574618%	[81.8864%, 84.1074%]
4390	83.02961276%	[81.8904%, 84.1110%]
4391	83.01070371%	[81.8712%, 84.0925%]
4392	82.99180328%	[81.8520%, 84.0740%]
4393	82.99567494%	[81.8561%, 84.0776%]
4394	82.99954483%	[81.8602%, 84.0813%]
4395	83.00341297%	[81.8643%, 84.0849%]
4396	83.00727934%	[81.8684%, 84.0886%]
4397	83.01114396%	[81.8724%, 84.0922%]
4398	83.01500682%	[81.8765%, 84.0959%]
4399	83.01886792%	[81.8806%, 84.0995%]
4400	83.02272727%	[81.8847%, 84.1031%]
4401	83.02658487%	[81.8888%, 84.1068%]
4402	83.03044071%	[81.8929%, 84.1104%]
4403	83.03429480%	[81.8970%, 84.1140%]
4404	83.03814714%	[81.9011%, 84.1177%]
4405	83.04199773%	[81.9051%, 84.1213%]
4406	83.04584657%	[81.9092%, 84.1249%]
4407	83.04969367%	[81.9133%, 84.1285%]
4408	83.05353902%	[81.9174%, 84.1322%]
4409	83.05738263%	[81.9214%, 84.1358%]
4410	83.03854875%	[81.9023%, 84.1173%]
4411	83.04239401%	[81.9063%, 84.1210%]
4412	83.04623753%	[81.9104%, 84.1246%]
4413	83.05007931%	[81.9145%, 84.1282%]
4414	83.03126416%	[81.8953%, 84.1098%]
4415	83.01245753%	[81.8762%, 84.0913%]
4416	83.01630435%	[81.8802%, 84.0950%]
4417	83.02014942%	[81.8843%, 84.0986%]
4418	83.02399276%	[81.8884%, 84.1022%]
4419	83.02783435%	[81.8925%, 84.1058%]
4420	83.03167421%	[81.8965%, 84.1095%]
4421	83.03551233%	[81.9006%, 84.1131%]
4422	83.01673451%	[81.8815%, 84.0947%]
4423	83.02057427%	[81.8855%, 84.0983%]
4424	83.02441230%	[81.8896%, 84.1019%]
4425	83.00564972%	[81.8705%, 84.0835%]
4426	82.98689562%	[81.8514%, 84.0652%]
4427	82.99073865%	[81.8555%, 84.0688%]
4428	82.99457995%	[81.8596%, 84.0724%]
4429	82.99841951%	[81.8636%, 84.0760%]
4430	83.00225734%	[81.8677%, 84.0796%]
4431	83.00609343%	[81.8718%, 84.0833%]
4432	83.00992780%	[81.8758%, 84.0869%]
4433	82.99120235%	[81.8568%, 84.0685%]
4434	82.99503834%	[81.8608%, 84.0721%]
4435	82.99887260%	[81.8649%, 84.0757%]
4436	82.98016231%	[81.8458%, 84.0574%]
4437	82.98399820%	[81.8499%, 84.0610%]
4438	82.98783236%	[81.8540%, 84.0646%]
4439	82.99166479%	[81.8580%, 84.0683%]
4440	82.99549550%	[81.8621%, 84.0719%]
4441	82.99932448%	[81.8661%, 84.0755%]
4442	83.00315173%	[81.8702%, 84.0791%]
4443	83.00697727%	[81.8742%, 84.0827%]
4444	83.01080108%	[81.8783%, 84.0863%]
4445	83.01462317%	[81.8823%, 84.0899%]
4446	83.01844354%	[81.8864%, 84.0935%]
4447	83.02226220%	[81.8904%, 84.0971%]
4448	83.02607914%	[81.8945%, 84.1007%]
4449	83.02989436%	[81.8985%, 84.1043%]
4450	83.03370787%	[81.9025%, 84.1079%]
4451	83.03751966%	[81.9066%, 84.1115%]
4452	83.04132974%	[81.9106%, 84.1151%]
4453	83.04513811%	[81.9147%, 84.1187%]
4454	83.04894477%	[81.9187%, 84.1222%]
4455	83.05274972%	[81.9227%, 84.1258%]
4456	83.05655296%	[81.9267%, 84.1294%]
4457	83.06035450%	[81.9308%, 84.1330%]
4458	83.06415433%	[81.9348%, 84.1366%]
4459	83.04552590%	[81.9158%, 84.1183%]
4460	83.04932735%	[81.9199%, 84.1219%]
4461	83.05312710%	[81.9239%, 84.1255%]
4462	83.05692515%	[81.9279%, 84.1291%]
4463	83.06072149%	[81.9319%, 84.1327%]
4464	83.06451613%	[81.9359%, 84.1362%]
4465	83.06830907%	[81.9400%, 84.1398%]
4466	83.07210031%	[81.9440%, 84.1434%]
4467	83.07588986%	[81.9480%, 84.1470%]
4468	83.07967771%	[81.9520%, 84.1505%]
4469	83.08346386%	[81.9560%, 84.1541%]
4470	83.08724832%	[81.9600%, 84.1577%]
4471	83.09103109%	[81.9640%, 84.1612%]
4472	83.07245081%	[81.9451%, 84.1430%]
4473	83.07623519%	[81.9491%, 84.1466%]
4474	83.08001788%	[81.9531%, 84.1502%]
4475	83.08379888%	[81.9571%, 84.1537%]
4476	83.06523682%	[81.9382%, 84.1355%]
4477	83.06901943%	[81.9422%, 84.1391%]
4478	83.07280036%	[81.9462%, 84.1427%]
4479	83.07657959%	[81.9502%, 84.1462%]
4480	83.08035714%	[81.9542%, 84.1498%]
4481	83.08413301%	[81.9582%, 84.1533%]
4482	83.08790718%	[81.9622%, 84.1569%]
4483	83.09167968%	[81.9662%, 84.1605%]
4484	83.09545049%	[81.9702%, 84.1640%]
4485	83.09921962%	[81.9742%, 84.1676%]
4486	83.08069550%	[81.9554%, 84.1494%]
4487	83.08446624%	[81.9594%, 84.1530%]
4488	83.08823529%	[81.9633%, 84.1565%]
4489	83.09200267%	[81.9673%, 84.1601%]
4490	83.09576837%	[81.9713%, 84.1636%]
4491	83.09953240%	[81.9753%, 84.1672%]
4492	83.08103295%	[81.9565%, 84.1491%]
4493	83.08479858%	[81.9605%, 84.1526%]
4494	83.08856253%	[81.9645%, 84.1562%]
4495	83.09232481%	[81.9684%, 84.1597%]
4496	83.09608541%	[81.9724%, 84.1632%]
4497	83.09984434%	[81.9764%, 84.1668%]
4498	83.10360160%	[81.9804%, 84.1703%]
4499	83.10735719%	[81.9844%, 84.1739%]
4500	83.11111111%	[81.9883%, 84.1774%]
4501	83.11486336%	[81.9923%, 84.1809%]
4502	83.11861395%	[81.9963%, 84.1845%]
4503	83.12236287%	[82.0002%, 84.1880%]
4504	83.12611012%	[82.0042%, 84.1915%]
4505	83.12985572%	[82.0082%, 84.1951%]
4506	83.11140701%	[81.9894%, 84.1770%]
4507	83.11515420%	[81.9934%, 84.1805%]
4508	83.09671695%	[81.9746%, 84.1625%]
4509	83.10046574%	[81.9786%, 84.1660%]
4510	83.08203991%	[81.9598%, 84.1480%]
4511	83.08579029%	[81.9638%, 84.1515%]
4512	83.08953901%	[81.9678%, 84.1550%]
4513	83.09328606%	[81.9717%, 84.1586%]
4514	83.09703146%	[81.9757%, 84.1621%]
4515	83.07862680%	[81.9570%, 84.1441%]
4516	83.08237378%	[81.9609%, 84.1476%]
4517	83.08611911%	[81.9649%, 84.1511%]
4518	83.08986277%	[81.9688%, 84.1547%]
4519	83.09360478%	[81.9728%, 84.1582%]
4520	83.09734513%	[81.9768%, 84.1617%]
4521	83.10108383%	[81.9807%, 84.1652%]
4522	83.10482088%	[81.9847%, 84.1688%]
4523	83.10855627%	[81.9886%, 84.1723%]
4524	83.11229001%	[81.9926%, 84.1758%]
4525	83.11602210%	[81.9965%, 84.1793%]
4526	83.11975254%	[82.0005%, 84.1828%]
4527	83.10139165%	[81.9818%, 84.1648%]
4528	83.10512367%	[81.9858%, 84.1684%]
4529	83.10885405%	[81.9897%, 84.1719%]
4530	83.11258278%	[81.9937%, 84.1754%]
4531	83.09423968%	[81.9750%, 84.1574%]
4532	83.09796999%	[81.9789%, 84.1609%]
4533	83.07963821%	[81.9603%, 84.1430%]
4534	83.06131451%	[81.9416%, 84.1250%]
4535	83.06504961%	[81.9456%, 84.1286%]
4536	83.06878307%	[81.9495%, 84.1321%]
4537	83.07251488%	[81.9535%, 84.1356%]
4538	83.05420890%	[81.9348%, 84.1177%]
4539	83.05794228%	[81.9388%, 84.1212%]
4540	83.06167401%	[81.9427%, 84.1247%]
4541	83.06540410%	[81.9467%, 84.1282%]
4542	83.06913254%	[81.9506%, 84.1317%]
4543	83.07285934%	[81.9546%, 84.1352%]
4544	83.07658451%	[81.9585%, 84.1388%]
4545	83.08030803%	[81.9625%, 84.1423%]
4546	83.08402992%	[81.9664%, 84.1458%]
4547	83.06575764%	[81.9478%, 84.1279%]
4548	83.06948109%	[81.9518%, 84.1314%]
4549	83.07320290%	[81.9557%, 84.1349%]
4550	83.07692308%	[81.9596%, 84.1384%]
4551	83.05866842%	[81.9411%, 84.1205%]
4552	83.04042179%	[81.9225%, 84.1026%]
4553	83.04414672%	[81.9264%, 84.1062%]
4554	83.04787000%	[81.9304%, 84.1097%]
4555	83.05159166%	[81.9343%, 84.1132%]
4556	83.03336260%	[81.9158%, 84.0953%]
4557	83.03708580%	[81.9197%, 84.0988%]
4558	83.04080737%	[81.9236%, 84.1023%]
4559	83.04452731%	[81.9276%, 84.1058%]
4560	83.02631579%	[81.9090%, 84.0880%]
4561	83.03003727%	[81.9130%, 84.0915%]
4562	83.03375712%	[81.9169%, 84.0950%]
4563	83.03747535%	[81.9208%, 84.0985%]
4564	83.01928133%	[81.9023%, 84.0807%]
4565	83.02300110%	[81.9063%, 84.0842%]
4566	83.02671923%	[81.9102%, 84.0877%]
4567	83.03043573%	[81.9141%, 84.0912%]
4568	83.01225919%	[81.8956%, 84.0734%]
4569	83.01597724%	[81.8996%, 84.0769%]
4570	82.99781182%	[81.8811%, 84.0591%]
4571	83.00153139%	[81.8850%, 84.0626%]
4572	82.98337708%	[81.8665%, 84.0448%]
4573	82.98709818%	[81.8705%, 84.0483%]
4574	82.99081767%	[81.8744%, 84.0519%]
4575	82.99453552%	[81.8784%, 84.0554%]
4576	82.99825175%	[81.8823%, 84.0589%]
4577	82.98011798%	[81.8638%, 84.0411%]
4578	82.98383574%	[81.8678%, 84.0446%]
4579	82.98755187%	[81.8717%, 84.0481%]
4580	82.99126638%	[81.8756%, 84.0516%]
4581	82.97314997%	[81.8572%, 84.0339%]
4582	82.97686600%	[81.8611%, 84.0374%]
4583	82.98058041%	[81.8651%, 84.0409%]
4584	82.98429319%	[81.8690%, 84.0444%]
4585	82.98800436%	[81.8729%, 84.0479%]
4586	82.96990842%	[81.8545%, 84.0301%]
4587	82.97362110%	[81.8584%, 84.0336%]
4588	82.97733217%	[81.8623%, 84.0371%]
4589	82.98104162%	[81.8663%, 84.0406%]
4590	82.98474946%	[81.8702%, 84.0441%]
4591	82.98845567%	[81.8741%, 84.0476%]
4592	82.99216028%	[81.8780%, 84.0511%]
4593	82.99586327%	[81.8820%, 84.0546%]
4594	82.99956465%	[81.8859%, 84.0581%]
4595	83.00326442%	[81.8898%, 84.0616%]
4596	83.00696258%	[81.8937%, 84.0651%]
4597	83.01065913%	[81.8976%, 84.0686%]
4598	83.01435407%	[81.9015%, 84.0721%]
4599	83.01804740%	[81.9054%, 84.0756%]
4600	83.02173913%	[81.9093%, 84.0790%]
4601	83.02542925%	[81.9132%, 84.0825%]
4602	83.02911777%	[81.9171%, 84.0860%]
4603	83.03280469%	[81.9210%, 84.0895%]
4604	83.03649001%	[81.9249%, 84.0930%]
4605	83.04017372%	[81.9288%, 84.0964%]
4606	83.04385584%	[81.9327%, 84.0999%]
4607	83.04753636%	[81.9366%, 84.1034%]
4608	83.05121528%	[81.9405%, 84.1068%]
4609	83.05489260%	[81.9444%, 84.1103%]
4610	83.05856833%	[81.9483%, 84.1138%]
4611	83.06224246%	[81.9522%, 84.1173%]
4612	83.06591500%	[81.9561%, 84.1207%]
4613	83.06958595%	[81.9600%, 84.1242%]
4614	83.07325531%	[81.9638%, 84.1276%]
4615	83.07692308%	[81.9677%, 84.1311%]
4616	83.08058925%	[81.9716%, 84.1346%]
4617	83.08425384%	[81.9755%, 84.1380%]
4618	83.06626245%	[81.9572%, 84.1204%]
4619	83.06992856%	[81.9611%, 84.1238%]
4620	83.07359307%	[81.9649%, 84.1273%]
4621	83.07725601%	[81.9688%, 84.1308%]
4622	83.08091735%	[81.9727%, 84.1342%]
4623	83.08457711%	[81.9766%, 84.1377%]
4624	83.08823529%	[81.9804%, 84.1411%]
4625	83.09189189%	[81.9843%, 84.1446%]
4626	83.09554691%	[81.9882%, 84.1480%]
4627	83.09920035%	[81.9920%, 84.1515%]
4628	83.10285220%	[81.9959%, 84.1549%]
4629	83.10650248%	[81.9998%, 84.1584%]
4630	83.08855292%	[81.9815%, 84.1408%]
4631	83.09220471%	[81.9853%, 84.1442%]
4632	83.09585492%	[81.9892%, 84.1477%]
4633	83.09950356%	[81.9931%, 84.1511%]
4634	83.10315063%	[81.9969%, 84.1545%]
4635	83.10679612%	[82.0008%, 84.1580%]
4636	83.11044003%	[82.0046%, 84.1614%]
4637	83.11408238%	[82.0085%, 84.1648%]
4638	83.11772316%	[82.0123%, 84.1683%]
4639	83.12136236%	[82.0162%, 84.1717%]
4640	83.12500000%	[82.0200%, 84.1751%]
4641	83.12863607%	[82.0239%, 84.1786%]
4642	83.13227057%	[82.0277%, 84.1820%]
4643	83.13590351%	[82.0316%, 84.1854%]
4644	83.13953488%	[82.0354%, 84.1889%]
4645	83.14316469%	[82.0393%, 84.1923%]
4646	83.12526905%	[82.0211%, 84.1748%]
4647	83.12890037%	[82.0249%, 84.1782%]
4648	83.13253012%	[82.0287%, 84.1816%]
4649	83.13615831%	[82.0326%, 84.1850%]
4650	83.13978495%	[82.0364%, 84.1884%]
4651	83.12190927%	[82.0182%, 84.1709%]
4652	83.12553740%	[82.0221%, 84.1744%]
4653	83.12916398%	[82.0259%, 84.1778%]
4654	83.13278900%	[82.0297%, 84.1812%]
4655	83.13641246%	[82.0336%, 84.1846%]
4656	83.14003436%	[82.0374%, 84.1880%]
4657	83.14365471%	[82.0412%, 84.1914%]
4658	83.14727351%	[82.0451%, 84.1949%]
4659	83.15089075%	[82.0489%, 84.1983%]
4660	83.15450644%	[82.0527%, 84.2017%]
4661	83.15812057%	[82.0565%, 84.2051%]
4662	83.16173316%	[82.0604%, 84.2085%]
4663	83.16534420%	[82.0642%, 84.2119%]
4664	83.16895369%	[82.0680%, 84.2153%]
4665	83.17256163%	[82.0718%, 84.2187%]
4666	83.17616802%	[82.0756%, 84.2221%]
4667	83.15834583%	[82.0575%, 84.2047%]
4668	83.16195373%	[82.0613%, 84.2081%]
4669	83.16556008%	[82.0651%, 84.2115%]
4670	83.16916488%	[82.0689%, 84.2149%]
4671	83.17276814%	[82.0728%, 84.2183%]
4672	83.17636986%	[82.0766%, 84.2217%]
4673	83.17997004%	[82.0804%, 84.2251%]
4674	83.18356868%	[82.0842%, 84.2285%]
4675	83.18716578%	[82.0880%, 84.2319%]
4676	83.19076133%	[82.0918%, 84.2352%]
4677	83.19435536%	[82.0956%, 84.2386%]
4678	83.17657118%	[82.0775%, 84.2212%]
4679	83.18016670%	[82.0813%, 84.2246%]
4680	83.18376068%	[82.0851%, 84.2280%]
4681	83.16599017%	[82.0670%, 84.2106%]
4682	83.14822725%	[82.0489%, 84.1932%]
4683	83.15182575%	[82.0527%, 84.1966%]
4684	83.15542272%	[82.0565%, 84.2000%]
4685	83.15901814%	[82.0603%, 84.2034%]
4686	83.16261204%	[82.0642%, 84.2067%]
4687	83.16620440%	[82.0680%, 84.2101%]
4688	83.16979522%	[82.0718%, 84.2135%]
4689	83.15205801%	[82.0537%, 84.1961%]
4690	83.13432836%	[82.0357%, 84.1788%]
4691	83.13792368%	[82.0395%, 84.1822%]
4692	83.14151748%	[82.0433%, 84.1856%]
4693	83.14510974%	[82.0471%, 84.1889%]
4694	83.14870047%	[82.0509%, 84.1923%]
4695	83.15228967%	[82.0547%, 84.1957%]
4696	83.15587734%	[82.0585%, 84.1991%]
4697	83.15946349%	[82.0622%, 84.2025%]
4698	83.14176245%	[82.0442%, 84.1851%]
4699	83.12406895%	[82.0262%, 84.1678%]
4700	83.12765957%	[82.0300%, 84.1712%]
4701	83.13124867%	[82.0338%, 84.1746%]
4702	83.13483624%	[82.0376%, 84.1780%]
4703	83.13842228%	[82.0414%, 84.1813%]
4704	83.12074830%	[82.0234%, 84.1640%]
4705	83.10308183%	[82.0054%, 84.1467%]
4706	83.10667233%	[82.0092%, 84.1501%]
4707	83.08901636%	[81.9913%, 84.1328%]
4708	83.09260833%	[81.9951%, 84.1362%]
4709	83.09619877%	[81.9989%, 84.1396%]
4710	83.09978769%	[82.0027%, 84.1430%]
4711	83.10337508%	[82.0065%, 84.1463%]
4712	83.10696095%	[82.0103%, 84.1497%]
4713	83.11054530%	[82.0140%, 84.1531%]
4714	83.09291472%	[81.9961%, 84.1358%]
4715	83.09650053%	[81.9999%, 84.1392%]
4716	83.10008482%	[82.0037%, 84.1426%]
4717	83.10366759%	[82.0075%, 84.1460%]
4718	83.10724883%	[82.0113%, 84.1494%]
4719	83.11082857%	[82.0150%, 84.1527%]
4720	83.11440678%	[82.0188%, 84.1561%]
4721	83.11798348%	[82.0226%, 84.1595%]
4722	83.10038119%	[82.0047%, 84.1422%]
4723	83.10395935%	[82.0085%, 84.1456%]
4724	83.10753599%	[82.0123%, 84.1490%]
4725	83.11111111%	[82.0160%, 84.1524%]
4726	83.11468472%	[82.0198%, 84.1558%]
4727	83.11825682%	[82.0236%, 84.1591%]
4728	83.12182741%	[82.0274%, 84.1625%]
4729	83.12539649%	[82.0312%, 84.1659%]
4730	83.12896406%	[82.0349%, 84.1692%]
4731	83.13253012%	[82.0387%, 84.1726%]
4732	83.13609467%	[82.0425%, 84.1760%]
4733	83.13965772%	[82.0462%, 84.1793%]
4734	83.14321926%	[82.0500%, 84.1827%]
4735	83.14677930%	[82.0538%, 84.1860%]
4736	83.15033784%	[82.0575%, 84.1894%]
4737	83.15389487%	[82.0613%, 84.1928%]
4738	83.13634445%	[82.0434%, 84.1756%]
4739	83.13990293%	[82.0472%, 84.1789%]
4740	83.14345992%	[82.0510%, 84.1823%]
4741	83.12592280%	[82.0331%, 84.1651%]
4742	83.10839308%	[82.0153%, 84.1479%]
4743	83.11195446%	[82.0190%, 84.1513%]
4744	83.11551433%	[82.0228%, 84.1546%]
4745	83.11907271%	[82.0266%, 84.1580%]
4746	83.12262958%	[82.0303%, 84.1614%]
4747	83.12618496%	[82.0341%, 84.1647%]
4748	83.12973884%	[82.0378%, 84.1681%]
4749	83.13329122%	[82.0416%, 84.1714%]
4750	83.13684211%	[82.0454%, 84.1748%]
4751	83.14039150%	[82.0491%, 84.1781%]
4752	83.14393939%	[82.0529%, 84.1815%]
4753	83.14748580%	[82.0566%, 84.1848%]
4754	83.15103071%	[82.0604%, 84.1882%]
4755	83.15457413%	[82.0641%, 84.1915%]
4756	83.15811606%	[82.0679%, 84.1949%]
4757	83.16165651%	[82.0716%, 84.1982%]
4758	83.16519546%	[82.0753%, 84.2015%]
4759	83.16873293%	[82.0791%, 84.2049%]
4760	83.17226891%	[82.0828%, 84.2082%]
4761	83.17580340%	[82.0866%, 84.2116%]
4762	83.17933641%	[82.0903%, 84.2149%]
4763	83.18286794%	[82.0940%, 84.2182%]
4764	83.18639798%	[82.0978%, 84.2216%]
4765	83.18992655%	[82.1015%, 84.2249%]
4766	83.19345363%	[82.1052%, 84.2282%]
4767	83.19697923%	[82.1090%, 84.2315%]
4768	83.20050336%	[82.1127%, 84.2349%]
4769	83.20402600%	[82.1164%, 84.2382%]
4770	83.20754717%	[82.1201%, 84.2415%]
4771	83.21106686%	[82.1239%, 84.2448%]
4772	83.21458508%	[82.1276%, 84.2482%]
4773	83.21810182%	[82.1313%, 84.2515%]
4774	83.22161709%	[82.1350%, 84.2548%]
4775	83.22513089%	[82.1387%, 84.2581%]
4776	83.22864322%	[82.1424%, 84.2614%]
4777	83.23215407%	[82.1462%, 84.2647%]
4778	83.23566346%	[82.1499%, 84.2681%]
4779	83.23917137%	[82.1536%, 84.2714%]
4780	83.24267782%	[82.1573%, 84.2747%]
4781	83.24618281%	[82.1610%, 84.2780%]
4782	83.22877457%	[82.1433%, 84.2609%]
4783	83.23228100%	[82.1470%, 84.2642%]
4784	83.23578595%	[82.1507%, 84.2676%]
4785	83.23928945%	[82.1544%, 84.2709%]
4786	83.24279148%	[82.1581%, 84.2742%]
4787	83.24629204%	[82.1618%, 84.2775%]
4788	83.24979114%	[82.1655%, 84.2808%]
4789	83.25328879%	[82.1692%, 84.2841%]
4790	83.25678497%	[82.1729%, 84.2874%]
4791	83.26027969%	[82.1766%, 84.2907%]
4792	83.26377295%	[82.1803%, 84.2940%]
4793	83.26726476%	[82.1840%, 84.2973%]
4794	83.27075511%	[82.1877%, 84.3006%]
4795	83.27424400%	[82.1914%, 84.3039%]
4796	83.25688073%	[82.1737%, 84.2868%]
4797	83.26037107%	[82.1774%, 84.2901%]
4798	83.26385994%	[82.1811%, 84.2934%]
4799	83.26734736%	[82.1848%, 84.2967%]
4800	83.27083333%	[82.1884%, 84.3000%]
4801	83.27431785%	[82.1921%, 84.3033%]
4802	83.27780092%	[82.1958%, 84.3066%]
4803	83.26046221%	[82.1782%, 84.2896%]
4804	83.26394671%	[82.1819%, 84.2929%]
4805	83.26742976%	[82.1855%, 84.2962%]
4806	83.27091136%	[82.1892%, 84.2995%]
4807	83.27439151%	[82.1929%, 84.3027%]
4808	83.27787022%	[82.1966%, 84.3060%]
4809	83.28134747%	[82.2003%, 84.3093%]
4810	83.28482328%	[82.2039%, 84.3126%]
4811	83.26751195%	[82.1863%, 84.2956%]
4812	83.27098919%	[82.1900%, 84.2989%]
4813	83.25368793%	[82.1724%, 84.2820%]
4814	83.25716660%	[82.1761%, 84.2852%]
4815	83.26064382%	[82.1797%, 84.2885%]
4816	83.26411960%	[82.1834%, 84.2918%]
4817	83.26759394%	[82.1871%, 84.2951%]
4818	83.27106683%	[82.1908%, 84.2984%]
4819	83.27453829%	[82.1944%, 84.3016%]
4820	83.27800830%	[82.1981%, 84.3049%]
4821	83.28147687%	[82.2018%, 84.3082%]
4822	83.28494401%	[82.2054%, 84.3115%]
4823	83.26767572%	[82.1879%, 84.2945%]
4824	83.27114428%	[82.1915%, 84.2978%]
4825	83.27461140%	[82.1952%, 84.3011%]
4826	83.27807708%	[82.1989%, 84.3044%]
4827	83.28154133%	[82.2025%, 84.3076%]
4828	83.28500414%	[82.2062%, 84.3109%]
4829	83.26775730%	[82.1886%, 84.2940%]
4830	83.27122153%	[82.1923%, 84.2973%]
4831	83.27468433%	[82.1960%, 84.3005%]
4832	83.27814570%	[82.1996%, 84.3038%]
4833	83.28160563%	[82.2033%, 84.3071%]
4834	83.28506413%	[82.2069%, 84.3103%]
4835	83.28852120%	[82.2106%, 84.3136%]
4836	83.29197684%	[82.2142%, 84.3169%]
4837	83.27475708%	[82.1967%, 84.3000%]
4838	83.27821414%	[82.2004%, 84.3033%]
4839	83.28166977%	[82.2040%, 84.3065%]
4840	83.26446281%	[82.1865%, 84.2897%]
4841	83.26791985%	[82.1902%, 84.2929%]
4842	83.27137546%	[82.1938%, 84.2962%]
4843	83.27482965%	[82.1975%, 84.2994%]
4844	83.27828241%	[82.2011%, 84.3027%]
4845	83.28173375%	[82.2048%, 84.3060%]
4846	83.28518366%	[82.2084%, 84.3092%]
4847	83.28863214%	[82.2121%, 84.3125%]
4848	83.29207921%	[82.2157%, 84.3157%]
4849	83.29552485%	[82.2194%, 84.3190%]
4850	83.29896907%	[82.2230%, 84.3222%]
4851	83.30241187%	[82.2266%, 84.3255%]
4852	83.28524320%	[82.2092%, 84.3087%]
4853	83.28868741%	[82.2128%, 84.3119%]
4854	83.29213020%	[82.2164%, 84.3152%]
4855	83.29557158%	[82.2201%, 84.3184%]
4856	83.29901153%	[82.2237%, 84.3217%]
4857	83.28186123%	[82.2063%, 84.3049%]
4858	83.28530259%	[82.2099%, 84.3081%]
4859	83.28874254%	[82.2135%, 84.3114%]
4860	83.29218107%	[82.2172%, 84.3146%]
4861	83.29561819%	[82.2208%, 84.3178%]
4862	83.27848622%	[82.2034%, 84.3011%]
4863	83.28192474%	[82.2070%, 84.3043%]
4864	83.28536184%	[82.2106%, 84.3075%]
4865	83.28879753%	[82.2143%, 84.3108%]
4866	83.29223181%	[82.2179%, 84.3140%]
4867	83.29566468%	[82.2215%, 84.3173%]
4868	83.29909614%	[82.2252%, 84.3205%]
4869	83.28198809%	[82.2078%, 84.3037%]
4870	83.26488706%	[82.1903%, 84.2870%]
4871	83.26832273%	[82.1940%, 84.2902%]
4872	83.25123153%	[82.1766%, 84.2735%]
4873	83.25466858%	[82.1802%, 84.2767%]
4874	83.25810423%	[82.1839%, 84.2800%]
4875	83.26153846%	[82.1875%, 84.2832%]
4876	83.24446267%	[82.1701%, 84.2665%]
4877	83.24789830%	[82.1737%, 84.2697%]
4878	83.25133251%	[82.1774%, 84.2730%]
4879	83.25476532%	[82.1810%, 84.2762%]
4880	83.25819672%	[82.1846%, 84.2794%]
4881	83.24113911%	[82.1673%, 84.2627%]
4882	83.24457190%	[82.1709%, 84.2660%]
4883	83.22752406%	[82.1535%, 84.2493%]
4884	83.23095823%	[82.1572%, 84.2525%]
4885	83.23439099%	[82.1608%, 84.2557%]
4886	83.23782235%	[82.1644%, 84.2590%]
4887	83.24125230%	[82.1681%, 84.2622%]
4888	83.22422259%	[82.1507%, 84.2455%]
4889	83.22765392%	[82.1544%, 84.2488%]
4890	83.23108384%	[82.1580%, 84.2520%]
4891	83.23451237%	[82.1616%, 84.2553%]
4892	83.23793949%	[82.1652%, 84.2585%]
4893	83.24136522%	[82.1688%, 84.2617%]
4894	83.22435635%	[82.1515%, 84.2451%]
4895	83.22778345%	[82.1552%, 84.2483%]
4896	83.23120915%	[82.1588%, 84.2515%]
4897	83.23463345%	[82.1624%, 84.2548%]
4898	83.23805635%	[82.1660%, 84.2580%]
4899	83.24147785%	[82.1696%, 84.2612%]
4900	83.24489796%	[82.1733%, 84.2645%]
4901	83.24831667%	[82.1769%, 84.2677%]
4902	83.25173399%	[82.1805%, 84.2709%]
4903	83.25514991%	[82.1841%, 84.2741%]
4904	83.25856444%	[82.1877%, 84.2774%]
4905	83.26197757%	[82.1913%, 84.2806%]
4906	83.24500611%	[82.1740%, 84.2640%]
4907	83.22804157%	[82.1568%, 84.2473%]
4908	83.23145884%	[82.1604%, 84.2506%]
4909	83.23487472%	[82.1640%, 84.2538%]
4910	83.23828921%	[82.1676%, 84.2570%]
4911	83.22133985%	[82.1504%, 84.2404%]
4912	83.22475570%	[82.1540%, 84.2436%]
4913	83.20781600%	[82.1367%, 84.2270%]
4914	83.21123321%	[82.1403%, 84.2302%]
4915	83.19430315%	[82.1231%, 84.2136%]
4916	83.19772172%	[82.1267%, 84.2169%]
4917	83.18080130%	[82.1095%, 84.2003%]
4918	83.18422123%	[82.1131%, 84.2035%]
4919	83.18763976%	[82.1167%, 84.2067%]
4920	83.19105691%	[82.1204%, 84.2100%]
4921	83.19447267%	[82.1240%, 84.2132%]
4922	83.19788704%	[82.1276%, 84.2164%]
4923	83.20130002%	[82.1312%, 84.2197%]
4924	83.20471162%	[82.1348%, 84.2229%]
4925	83.20812183%	[82.1384%, 84.2261%]
4926	83.21153065%	[82.1420%, 84.2293%]
4927	83.21493810%	[82.1456%, 84.2325%]
4928	83.21834416%	[82.1492%, 84.2358%]
4929	83.22174883%	[82.1528%, 84.2390%]
4930	83.22515213%	[82.1564%, 84.2422%]
4931	83.22855405%	[82.1600%, 84.2454%]
4932	83.23195458%	[82.1636%, 84.2486%]
4933	83.21508210%	[82.1464%, 84.2321%]
4934	83.19821646%	[82.1292%, 84.2155%]
4935	83.20162107%	[82.1328%, 84.2188%]
4936	83.20502431%	[82.1364%, 84.2220%]
4937	83.20842617%	[82.1400%, 84.2252%]
4938	83.19157554%	[82.1229%, 84.2087%]
4939	83.19497874%	[82.1265%, 84.2119%]
4940	83.19838057%	[82.1301%, 84.2151%]
4941	83.20178102%	[82.1337%, 84.2183%]
4942	83.20518009%	[82.1373%, 84.2215%]
4943	83.20857779%	[82.1408%, 84.2247%]
4944	83.21197411%	[82.1444%, 84.2279%]
4945	83.21536906%	[82.1480%, 84.2312%]
4946	83.21876264%	[82.1516%, 84.2344%]
4947	83.22215484%	[82.1552%, 84.2376%]
4948	83.22554568%	[82.1588%, 84.2408%]
4949	83.20872904%	[82.1417%, 84.2243%]
4950	83.19191919%	[82.1246%, 84.2078%]
4951	83.19531408%	[82.1281%, 84.2110%]
4952	83.19870759%	[82.1317%, 84.2142%]
4953	83.20209974%	[82.1353%, 84.2174%]
4954	83.20549051%	[82.1389%, 84.2206%]
4955	83.20887992%	[82.1425%, 84.2238%]
4956	83.19209040%	[82.1254%, 84.2074%]
4957	83.19548114%	[82.1290%, 84.2106%]
4958	83.19887051%	[82.1326%, 84.2138%]
4959	83.20225852%	[82.1361%, 84.2170%]
4960	83.20564516%	[82.1397%, 84.2202%]
4961	83.20903044%	[82.1433%, 84.2234%]
4962	83.21241435%	[82.1469%, 84.2266%]
4963	83.21579690%	[82.1504%, 84.2298%]
4964	83.21917808%	[82.1540%, 84.2330%]
4965	83.20241692%	[82.1370%, 84.2165%]
4966	83.20579944%	[82.1405%, 84.2197%]
4967	83.20918059%	[82.1441%, 84.2229%]
4968	83.21256039%	[82.1477%, 84.2261%]
4969	83.21593882%	[82.1512%, 84.2293%]
4970	83.19919517%	[82.1342%, 84.2129%]
4971	83.20257493%	[82.1378%, 84.2161%]
4972	83.20595334%	[82.1414%, 84.2193%]
4973	83.20933038%	[82.1449%, 84.2225%]
4974	83.21270607%	[82.1485%, 84.2257%]
4975	83.21608040%	[82.1520%, 84.2289%]
4976	83.21945338%	[82.1556%, 84.2320%]
4977	83.22282499%	[82.1592%, 84.2352%]
4978	83.22619526%	[82.1627%, 84.2384%]
4979	83.22956417%	[82.1663%, 84.2416%]
4980	83.23293173%	[82.1698%, 84.2448%]
4981	83.23629793%	[82.1734%, 84.2480%]
4982	83.23966279%	[82.1770%, 84.2511%]
4983	83.24302629%	[82.1805%, 84.2543%]
4984	83.24638844%	[82.1841%, 84.2575%]
4985	83.24974925%	[82.1876%, 84.2607%]
4986	83.25310870%	[82.1912%, 84.2639%]
4987	83.23641468%	[82.1742%, 84.2475%]
4988	83.23977546%	[82.1777%, 84.2507%]
4989	83.24313490%	[82.1813%, 84.2538%]
4990	83.24649299%	[82.1848%, 84.2570%]
4991	83.22981366%	[82.1679%, 84.2407%]
4992	83.23317308%	[82.1714%, 84.2438%]
4993	83.23653114%	[82.1750%, 84.2470%]
4994	83.23988787%	[82.1785%, 84.2502%]
4995	83.24324324%	[82.1820%, 84.2534%]
4996	83.24659728%	[82.1856%, 84.2565%]
4997	83.24994997%	[82.1891%, 84.2597%]
4998	83.25330132%	[82.1927%, 84.2629%]
4999	83.25665133%	[82.1962%, 84.2660%]
5000	83.24000000%	[82.1793%, 84.2497%]
5001	83.24335133%	[82.1828%, 84.2529%]
5002	83.22670932%	[82.1659%, 84.2365%]
5003	83.23006196%	[82.1694%, 84.2397%]
5004	83.23341327%	[82.1730%, 84.2429%]
5005	83.23676324%	[82.1765%, 84.2461%]
5006	83.24011187%	[82.1800%, 84.2492%]
5007	83.24345916%	[82.1836%, 84.2524%]
5008	83.24680511%	[82.1871%, 84.2555%]
5009	83.25014973%	[82.1906%, 84.2587%]
5010	83.23353293%	[82.1737%, 84.2424%]
5011	83.23687887%	[82.1773%, 84.2456%]
5012	83.22027135%	[82.1604%, 84.2293%]
5013	83.20367046%	[82.1435%, 84.2130%]
5014	83.20702034%	[82.1470%, 84.2162%]
5015	83.21036889%	[82.1506%, 84.2193%]
5016	83.21371611%	[82.1541%, 84.2225%]
5017	83.21706199%	[82.1576%, 84.2257%]
5018	83.22040654%	[82.1612%, 84.2288%]
5019	83.22374975%	[82.1647%, 84.2320%]
5020	83.22709163%	[82.1682%, 84.2352%]
5021	83.23043218%	[82.1717%, 84.2383%]
5022	83.23377141%	[82.1753%, 84.2415%]
5023	83.23710930%	[82.1788%, 84.2446%]
5024	83.24044586%	[82.1823%, 84.2478%]
5025	83.24378109%	[82.1858%, 84.2509%]
5026	83.24711500%	[82.1894%, 84.2541%]
5027	83.25044758%	[82.1929%, 84.2572%]
5028	83.25377884%	[82.1964%, 84.2604%]
5029	83.25710877%	[82.1999%, 84.2635%]
5030	83.26043738%	[82.2034%, 84.2667%]
5031	83.26376466%	[82.2069%, 84.2698%]
5032	83.24721781%	[82.1901%, 84.2536%]
5033	83.25054639%	[82.1936%, 84.2567%]
5034	83.25387366%	[82.1971%, 84.2599%]
5035	83.25719960%	[82.2007%, 84.2630%]
5036	83.26052423%	[82.2042%, 84.2662%]
5037	83.26384753%	[82.2077%, 84.2693%]
5038	83.26716951%	[82.2112%, 84.2725%]
5039	83.27049018%	[82.2147%, 84.2756%]
5040	83.27380952%	[82.2182%, 84.2787%]
5041	83.27712755%	[82.2217%, 84.2819%]
5042	83.28044427%	[82.2252%, 84.2850%]
5043	83.28375967%	[82.2287%, 84.2881%]
5044	83.28707375%	[82.2322%, 84.2913%]
5045	83.29038652%	[82.2357%, 84.2944%]
5046	83.29369798%	[82.2392%, 84.2975%]
5047	83.29700812%	[82.2427%, 84.3007%]
5048	83.30031696%	[82.2462%, 84.3038%]
5049	83.30362448%	[82.2497%, 84.3069%]
5050	83.30693069%	[82.2532%, 84.3101%]
5051	83.31023560%	[82.2567%, 84.3132%]
5052	83.29374505%	[82.2399%, 84.2970%]
5053	83.29705126%	[82.2434%, 84.3001%]
5054	83.30035615%	[82.2469%, 84.3033%]
5055	83.30365974%	[82.2504%, 84.3064%]
5056	83.28718354%	[82.2336%, 84.2902%]
5057	83.29048843%	[82.2371%, 84.2933%]
5058	83.27402135%	[82.2203%, 84.2772%]
5059	83.27732754%	[82.2238%, 84.2803%]
5060	83.28063241%	[82.2273%, 84.2835%]
5061	83.26417704%	[82.2106%, 84.2673%]
5062	83.24772817%	[82.1938%, 84.2512%]
5063	83.23128580%	[82.1771%, 84.2351%]
5064	83.23459716%	[82.1806%, 84.2382%]
5065	83.23790721%	[82.1841%, 84.2413%]
5066	83.24121595%	[82.1876%, 84.2445%]
5067	83.24452339%	[82.1911%, 84.2476%]
5068	83.22809787%	[82.1744%, 84.2315%]
5069	83.23140659%	[82.1779%, 84.2346%]
5070	83.23471400%	[82.1814%, 84.2377%]
5071	83.23802011%	[82.1849%, 84.2409%]
5072	83.24132492%	[82.1884%, 84.2440%]
5073	83.24462842%	[82.1918%, 84.2471%]
5074	83.24793063%	[82.1953%, 84.2502%]
5075	83.23152709%	[82.1786%, 84.2341%]
5076	83.23483058%	[82.1821%, 84.2373%]
5077	83.23813276%	[82.1856%, 84.2404%]
5078	83.24143364%	[82.1891%, 84.2435%]
5079	83.24473322%	[82.1926%, 84.2466%]
5080	83.24803150%	[82.1961%, 84.2497%]
5081	83.25132848%	[82.1996%, 84.2529%]
5082	83.25462416%	[82.2030%, 84.2560%]
5083	83.25791855%	[82.2065%, 84.2591%]
5084	83.26121164%	[82.2100%, 84.2622%]
5085	83.26450344%	[82.2135%, 84.2653%]
5086	83.26779394%	[82.2169%, 84.2684%]
5087	83.27108315%	[82.2204%, 84.2715%]
5088	83.27437107%	[82.2239%, 84.2747%]
5089	83.25800747%	[82.2072%, 84.2586%]
5090	83.26129666%	[82.2107%, 84.2617%]
5091	83.26458456%	[82.2142%, 84.2648%]
5092	83.26787117%	[82.2176%, 84.2679%]
5093	83.25152170%	[82.2010%, 84.2519%]
5094	83.25480958%	[82.2045%, 84.2550%]
5095	83.23846909%	[82.1879%, 84.2390%]
5096	83.24175824%	[82.1913%, 84.2421%]
5097	83.24504611%	[82.1948%, 84.2452%]
5098	83.24833268%	[82.1983%, 84.2483%]
5099	83.25161796%	[82.2017%, 84.2514%]
5100	83.23529412%	[82.1851%, 84.2354%]
5101	83.23858067%	[82.1886%, 84.2385%]
5102	83.24186593%	[82.1921%, 84.2416%]
5103	83.24514991%	[82.1956%, 84.2447%]
5104	83.22884013%	[82.1790%, 84.2287%]
5105	83.23212537%	[82.1824%, 84.2318%]
5106	83.23540932%	[82.1859%, 84.2350%]
5107	83.23869199%	[82.1894%, 84.2381%]
5108	83.24197338%	[82.1928%, 84.2412%]
5109	83.24525347%	[82.1963%, 84.2443%]
5110	83.24853229%	[82.1997%, 84.2474%]
5111	83.25180982%	[82.2032%, 84.2505%]
5112	83.25508607%	[82.2067%, 84.2536%]
5113	83.25836104%	[82.2101%, 84.2567%]
5114	83.26163473%	[82.2136%, 84.2598%]
5115	83.26490714%	[82.2170%, 84.2629%]
5116	83.26817826%	[82.2205%, 84.2659%]
5117	83.27144811%	[82.2239%, 84.2690%]
5118	83.27471669%	[82.2274%, 84.2721%]
5119	83.27798398%	[82.2308%, 84.2752%]
5120	83.28125000%	[82.2343%, 84.2783%]
5121	83.28451474%	[82.2377%, 84.2814%]
5122	83.28777821%	[82.2412%, 84.2845%]
5123	83.29104041%	[82.2446%, 84.2876%]
5124	83.29430133%	[82.2481%, 84.2907%]
5125	83.29756098%	[82.2515%, 84.2937%]
5126	83.28131096%	[82.2350%, 84.2778%]
5127	83.28457187%	[82.2384%, 84.2809%]
5128	83.28783151%	[82.2419%, 84.2840%]
5129	83.29108988%	[82.2453%, 84.2870%]
5130	83.29434698%	[82.2487%, 84.2901%]
5131	83.29760281%	[82.2522%, 84.2932%]
5132	83.30085737%	[82.2556%, 84.2963%]
5133	83.30411066%	[82.2590%, 84.2994%]
5134	83.30736268%	[82.2625%, 84.3024%]
5135	83.31061344%	[82.2659%, 84.3055%]
5136	83.31386293%	[82.2693%, 84.3086%]
5137	83.31711115%	[82.2728%, 84.3117%]
5138	83.32035812%	[82.2762%, 84.3147%]
5139	83.32360381%	[82.2796%, 84.3178%]
5140	83.32684825%	[82.2831%, 84.3209%]
5141	83.33009142%	[82.2865%, 84.3239%]
5142	83.33333333%	[82.2899%, 84.3270%]
5143	83.33657398%	[82.2933%, 84.3301%]
5144	83.33981337%	[82.2967%, 84.3331%]
5145	83.34305151%	[82.3002%, 84.3362%]
5146	83.34628838%	[82.3036%, 84.3393%]
5147	83.33009520%	[82.2871%, 84.3234%]
5148	83.33333333%	[82.2905%, 84.3264%]
5149	83.31714896%	[82.2741%, 84.3106%]
5150	83.32038835%	[82.2775%, 84.3136%]
5151	83.32362648%	[82.2809%, 84.3167%]
5152	83.32686335%	[82.2843%, 84.3198%]
5153	83.33009897%	[82.2877%, 84.3228%]
5154	83.33333333%	[82.2911%, 84.3259%]
5155	83.33656644%	[82.2946%, 84.3289%]
5156	83.33979829%	[82.2980%, 84.3320%]
5157	83.34302889%	[82.3014%, 84.3350%]
5158	83.34625824%	[82.3048%, 84.3381%]
5159	83.34948633%	[82.3082%, 84.3412%]
5160	83.35271318%	[82.3116%, 84.3442%]
5161	83.35593877%	[82.3150%, 84.3473%]
5162	83.35916312%	[82.3184%, 84.3503%]
5163	83.36238621%	[82.3218%, 84.3534%]
5164	83.36560806%	[82.3252%, 84.3564%]
5165	83.36882865%	[82.3286%, 84.3594%]
5166	83.37204801%	[82.3320%, 84.3625%]
5167	83.37526611%	[82.3354%, 84.3655%]
5168	83.37848297%	[82.3388%, 84.3686%]
5169	83.38169859%	[82.3422%, 84.3716%]
5170	83.38491296%	[82.3456%, 84.3747%]
5171	83.36878747%	[82.3292%, 84.3588%]
5172	83.37200309%	[82.3326%, 84.3619%]
5173	83.37521748%	[82.3360%, 84.3649%]
5174	83.37843061%	[82.3394%, 84.3680%]
5175	83.38164251%	[82.3428%, 84.3710%]
5176	83.38485317%	[82.3461%, 84.3740%]
5177	83.38806258%	[82.3495%, 84.3771%]
5178	83.39127076%	[82.3529%, 84.3801%]
5179	83.39447770%	[82.3563%, 84.3831%]
5180	83.39768340%	[82.3597%, 84.3862%]
5181	83.40088786%	[82.3631%, 84.3892%]
5182	83.40409108%	[82.3665%, 84.3922%]
5183	83.38799923%	[82.3501%, 84.3765%]
5184	83.39120370%	[82.3535%, 84.3795%]
5185	83.39440694%	[82.3569%, 84.3825%]
5186	83.37832626%	[82.3405%, 84.3667%]
5187	83.38153075%	[82.3439%, 84.3698%]
5188	83.36545875%	[82.3275%, 84.3540%]
5189	83.36866448%	[82.3309%, 84.3570%]
5190	83.37186898%	[82.3343%, 84.3601%]
5191	83.37507224%	[82.3377%, 84.3631%]
5192	83.37827427%	[82.3411%, 84.3661%]
5193	83.38147506%	[82.3444%, 84.3692%]
5194	83.38467462%	[82.3478%, 84.3722%]
5195	83.38787295%	[82.3512%, 84.3752%]
5196	83.39107005%	[82.3546%, 84.3782%]
5197	83.39426592%	[82.3579%, 84.3813%]
5198	83.37822239%	[82.3416%, 84.3655%]
5199	83.36218504%	[82.3253%, 84.3498%]
5200	83.34615385%	[82.3090%, 84.3341%]
5201	83.34935589%	[82.3124%, 84.3371%]
5202	83.35255671%	[82.3158%, 84.3401%]
5203	83.35575629%	[82.3191%, 84.3432%]
5204	83.33973866%	[82.3028%, 84.3275%]
5205	83.34293948%	[82.3062%, 84.3305%]
5206	83.34613907%	[82.3096%, 84.3335%]
5207	83.34933743%	[82.3130%, 84.3365%]
5208	83.35253456%	[82.3163%, 84.3396%]
5209	83.35573047%	[82.3197%, 84.3426%]
5210	83.35892514%	[82.3231%, 84.3456%]
5211	83.36211860%	[82.3265%, 84.3486%]
5212	83.36531082%	[82.3298%, 84.3517%]
5213	83.36850182%	[82.3332%, 84.3547%]
5214	83.37169160%	[82.3366%, 84.3577%]
5215	83.37488015%	[82.3399%, 84.3607%]
5216	83.37806748%	[82.3433%, 84.3637%]
5217	83.36208549%	[82.3270%, 84.3480%]
5218	83.36527405%	[82.3304%, 84.3511%]
5219	83.34930063%	[82.3141%, 84.3354%]
5220	83.33333333%	[82.2979%, 84.3197%]
5221	83.33652557%	[82.3013%, 84.3228%]
5222	83.32056683%	[82.2850%, 84.3071%]
5223	83.30461421%	[82.2688%, 84.2915%]
5224	83.28866769%	[82.2526%, 84.2758%]
5225	83.29186603%	[82.2560%, 84.2788%]
5226	83.27592805%	[82.2398%, 84.2632%]
5227	83.27912761%	[82.2431%, 84.2662%]
5228	83.26319816%	[82.2269%, 84.2506%]
5229	83.26639893%	[82.2303%, 84.2536%]
5230	83.26959847%	[82.2337%, 84.2567%]
5231	83.27279679%	[82.2371%, 84.2597%]
5232	83.27599388%	[82.2404%, 84.2627%]
5233	83.27918976%	[82.2438%, 84.2657%]
5234	83.28238441%	[82.2472%, 84.2688%]
5235	83.28557784%	[82.2506%, 84.2718%]
5236	83.28877005%	[82.2539%, 84.2748%]
5237	83.29196105%	[82.2573%, 84.2778%]
5238	83.29515082%	[82.2607%, 84.2808%]
5239	83.29833938%	[82.2640%, 84.2839%]
5240	83.30152672%	[82.2674%, 84.2869%]
5241	83.30471284%	[82.2707%, 84.2899%]
5242	83.28882106%	[82.2546%, 84.2743%]
5243	83.29200839%	[82.2579%, 84.2773%]
5244	83.29519451%	[82.2613%, 84.2803%]
5245	83.29837941%	[82.2647%, 84.2834%]
5246	83.30156310%	[82.2680%, 84.2864%]
5247	83.30474557%	[82.2714%, 84.2894%]
5248	83.28887195%	[82.2552%, 84.2738%]
5249	83.29205563%	[82.2586%, 84.2768%]
5250	83.27619048%	[82.2425%, 84.2613%]
5251	83.26033137%	[82.2263%, 84.2457%]
5252	83.26351866%	[82.2297%, 84.2487%]
5253	83.26670474%	[82.2331%, 84.2517%]
5254	83.26988961%	[82.2364%, 84.2548%]
5255	83.27307326%	[82.2398%, 84.2578%]
5256	83.27625571%	[82.2431%, 84.2608%]
5257	83.27943694%	[82.2465%, 84.2638%]
5258	83.28261696%	[82.2498%, 84.2668%]
5259	83.26678076%	[82.2337%, 84.2513%]
5260	83.26996198%	[82.2371%, 84.2543%]
5261	83.27314199%	[82.2404%, 84.2573%]
5262	83.27632079%	[82.2438%, 84.2603%]
5263	83.27949838%	[82.2472%, 84.2633%]
5264	83.28267477%	[82.2505%, 84.2663%]
5265	83.28584995%	[82.2539%, 84.2693%]
5266	83.28902393%	[82.2572%, 84.2723%]
5267	83.27321056%	[82.2411%, 84.2568%]
5268	83.27638573%	[82.2445%, 84.2598%]
5269	83.27955969%	[82.2478%, 84.2628%]
5270	83.28273245%	[82.2512%, 84.2658%]
5271	83.26693227%	[82.2351%, 84.2503%]
5272	83.27010622%	[82.2384%, 84.2533%]
5273	83.25431443%	[82.2224%, 84.2378%]
5274	83.25748957%	[82.2257%, 84.2408%]
5275	83.26066351%	[82.2291%, 84.2438%]
5276	83.26383624%	[82.2324%, 84.2468%]
5277	83.24805761%	[82.2164%, 84.2314%]
5278	83.25123153%	[82.2197%, 84.2344%]
5279	83.25440424%	[82.2231%, 84.2374%]
5280	83.23863636%	[82.2070%, 84.2219%]
5281	83.24181026%	[82.2104%, 84.2249%]
5282	83.24498296%	[82.2137%, 84.2279%]
5283	83.24815446%	[82.2171%, 84.2309%]
5284	83.25132475%	[82.2204%, 84.2339%]
5285	83.25449385%	[82.2238%, 84.2369%]
5286	83.23874385%	[82.2077%, 84.2215%]
5287	83.24191413%	[82.2111%, 84.2245%]
5288	83.24508321%	[82.2144%, 84.2275%]
5289	83.22934392%	[82.1984%, 84.2120%]
5290	83.23251418%	[82.2018%, 84.2150%]
5291	83.23568324%	[82.2051%, 84.2180%]
5292	83.21995465%	[82.1891%, 84.2026%]
5293	83.22312488%	[82.1925%, 84.2056%]
5294	83.22629392%	[82.1958%, 84.2086%]
5295	83.22946176%	[82.1991%, 84.2116%]
5296	83.23262840%	[82.2025%, 84.2146%]
5297	83.23579385%	[82.2058%, 84.2176%]
5298	83.23895810%	[82.2092%, 84.2206%]
5299	83.24212115%	[82.2125%, 84.2236%]
5300	83.22641509%	[82.1965%, 84.2082%]
5301	83.22957932%	[82.1999%, 84.2112%]
5302	83.23274236%	[82.2032%, 84.2142%]
5303	83.23590421%	[82.2065%, 84.2172%]
5304	83.23906486%	[82.2099%, 84.2201%]
5305	83.24222432%	[82.2132%, 84.2231%]
5306	83.24538259%	[82.2165%, 84.2261%]
5307	83.24853966%	[82.2199%, 84.2291%]
5308	83.25169555%	[82.2232%, 84.2321%]
5309	83.25485025%	[82.2265%, 84.2351%]
5310	83.25800377%	[82.2298%, 84.2381%]
5311	83.26115609%	[82.2332%, 84.2411%]
5312	83.26430723%	[82.2365%, 84.2440%]
5313	83.26745718%	[82.2398%, 84.2470%]
5314	83.27060595%	[82.2431%, 84.2500%]
5315	83.27375353%	[82.2465%, 84.2530%]
5316	83.27689992%	[82.2498%, 84.2560%]
5317	83.28004514%	[82.2531%, 84.2589%]
5318	83.28318917%	[82.2564%, 84.2619%]
5319	83.28633202%	[82.2597%, 84.2649%]
5320	83.28947368%	[82.2630%, 84.2679%]
5321	83.29261417%	[82.2663%, 84.2708%]
5322	83.29575348%	[82.2697%, 84.2738%]
5323	83.29889160%	[82.2730%, 84.2768%]
5324	83.30202855%	[82.2763%, 84.2798%]
5325	83.30516432%	[82.2796%, 84.2827%]
5326	83.30829891%	[82.2829%, 84.2857%]
5327	83.31143233%	[82.2862%, 84.2887%]
5328	83.29579580%	[82.2703%, 84.2733%]
5329	83.29893038%	[82.2736%, 84.2763%]
5330	83.30206379%	[82.2769%, 84.2793%]
5331	83.30519602%	[82.2802%, 84.2822%]
5332	83.28957239%	[82.2643%, 84.2669%]
5333	83.29270579%	[82.2676%, 84.2699%]
5334	83.29583802%	[82.2709%, 84.2728%]
5335	83.29896907%	[82.2742%, 84.2758%]
5336	83.30209895%	[82.2775%, 84.2788%]
5337	83.30522766%	[82.2808%, 84.2817%]
5338	83.30835519%	[82.2841%, 84.2847%]
5339	83.31148155%	[82.2874%, 84.2876%]
5340	83.31460674%	[82.2907%, 84.2906%]
5341	83.31773076%	[82.2940%, 84.2936%]
5342	83.32085361%	[82.2973%, 84.2965%]
5343	83.32397529%	[82.3006%, 84.2995%]
5344	83.32709581%	[82.3039%, 84.3024%]
5345	83.33021515%	[82.3072%, 84.3054%]
5346	83.33333333%	[82.3105%, 84.3083%]
5347	83.33645035%	[82.3138%, 84.3113%]
5348	83.33956619%	[82.3170%, 84.3142%]
5349	83.34268087%	[82.3203%, 84.3172%]
5350	83.34579439%	[82.3236%, 84.3201%]
5351	83.34890675%	[82.3269%, 84.3231%]
5352	83.35201794%	[82.3302%, 84.3260%]
5353	83.33644685%	[82.3143%, 84.3107%]
5354	83.33955921%	[82.3176%, 84.3137%]
5355	83.32399627%	[82.3018%, 84.2984%]
5356	83.32710978%	[82.3051%, 84.3014%]
5357	83.31155497%	[82.2893%, 84.2861%]
5358	83.31466965%	[82.2925%, 84.2891%]
5359	83.31778317%	[82.2958%, 84.2920%]
5360	83.32089552%	[82.2991%, 84.2950%]
5361	83.32400672%	[82.3024%, 84.2979%]
5362	83.32711675%	[82.3057%, 84.3008%]
5363	83.33022562%	[82.3089%, 84.3038%]
5364	83.33333333%	[82.3122%, 84.3067%]
5365	83.33643989%	[82.3155%, 84.3097%]
5366	83.33954529%	[82.3188%, 84.3126%]
5367	83.34264952%	[82.3220%, 84.3156%]
5368	83.34575261%	[82.3253%, 84.3185%]
5369	83.34885454%	[82.3286%, 84.3214%]
5370	83.35195531%	[82.3319%, 84.3244%]
5371	83.35505492%	[82.3351%, 84.3273%]
5372	83.35815339%	[82.3384%, 84.3302%]
5373	83.36125070%	[82.3417%, 84.3332%]
5374	83.36434686%	[82.3449%, 84.3361%]
5375	83.36744186%	[82.3482%, 84.3390%]
5376	83.37053571%	[82.3515%, 84.3420%]
5377	83.37362842%	[82.3547%, 84.3449%]
5378	83.37671997%	[82.3580%, 84.3478%]
5379	83.37981037%	[82.3612%, 84.3507%]
5380	83.38289963%	[82.3645%, 84.3537%]
5381	83.38598773%	[82.3678%, 84.3566%]
5382	83.38907469%	[82.3710%, 84.3595%]
5383	83.39216051%	[82.3743%, 84.3624%]
5384	83.39524517%	[82.3775%, 84.3654%]
5385	83.39832869%	[82.3808%, 84.3683%]
5386	83.40141107%	[82.3840%, 84.3712%]
5387	83.40449230%	[82.3873%, 84.3741%]
5388	83.40757238%	[82.3905%, 84.3770%]
5389	83.41065133%	[82.3938%, 84.3799%]
5390	83.41372913%	[82.3970%, 84.3829%]
5391	83.41680579%	[82.4003%, 84.3858%]
5392	83.40133531%	[82.3845%, 84.3706%]
5393	83.40441313%	[82.3878%, 84.3735%]
5394	83.40748980%	[82.3910%, 84.3764%]
5395	83.41056534%	[82.3943%, 84.3793%]
5396	83.41363973%	[82.3975%, 84.3822%]
5397	83.41671299%	[82.4007%, 84.3852%]
5398	83.41978511%	[82.4040%, 84.3881%]
5399	83.42285608%	[82.4072%, 84.3910%]
5400	83.42592593%	[82.4104%, 84.3939%]
5401	83.42899463%	[82.4137%, 84.3968%]
5402	83.43206220%	[82.4169%, 84.3997%]
5403	83.43512863%	[82.4202%, 84.4026%]
5404	83.43819393%	[82.4234%, 84.4055%]
5405	83.44125809%	[82.4266%, 84.4084%]
5406	83.44432112%	[82.4298%, 84.4113%]
5407	83.44738302%	[82.4331%, 84.4142%]
5408	83.45044379%	[82.4363%, 84.4171%]
5409	83.45350342%	[82.4395%, 84.4200%]
5410	83.45656192%	[82.4428%, 84.4229%]
5411	83.45961929%	[82.4460%, 84.4258%]
5412	83.46267554%	[82.4492%, 84.4287%]
5413	83.46573065%	[82.4524%, 84.4316%]
5414	83.46878463%	[82.4556%, 84.4345%]
5415	83.47183749%	[82.4589%, 84.4374%]
5416	83.47488922%	[82.4621%, 84.4402%]
5417	83.47793982%	[82.4653%, 84.4431%]
5418	83.48098929%	[82.4685%, 84.4460%]
5419	83.48403765%	[82.4717%, 84.4489%]
5420	83.48708487%	[82.4749%, 84.4518%]
5421	83.49013097%	[82.4782%, 84.4547%]
5422	83.49317595%	[82.4814%, 84.4576%]
5423	83.49621980%	[82.4846%, 84.4604%]
5424	83.49926254%	[82.4878%, 84.4633%]
5425	83.50230415%	[82.4910%, 84.4662%]
5426	83.50534464%	[82.4942%, 84.4691%]
5427	83.50838401%	[82.4974%, 84.4720%]
5428	83.51142225%	[82.5006%, 84.4748%]
5429	83.51445938%	[82.5038%, 84.4777%]
5430	83.49907919%	[82.4882%, 84.4626%]
5431	83.50211747%	[82.4914%, 84.4655%]
5432	83.50515464%	[82.4946%, 84.4684%]
5433	83.50819069%	[82.4978%, 84.4712%]
5434	83.51122562%	[82.5010%, 84.4741%]
5435	83.51425943%	[82.5042%, 84.4770%]
5436	83.51729213%	[82.5074%, 84.4799%]
5437	83.52032371%	[82.5106%, 84.4827%]
5438	83.52335417%	[82.5138%, 84.4856%]
5439	83.52638353%	[82.5170%, 84.4885%]
5440	83.52941176%	[82.5202%, 84.4913%]
5441	83.51405992%	[82.5046%, 84.4763%]
5442	83.51708931%	[82.5077%, 84.4791%]
5443	83.52011758%	[82.5109%, 84.4820%]
5444	83.52314475%	[82.5141%, 84.4849%]
5445	83.52617080%	[82.5173%, 84.4877%]
5446	83.52919574%	[82.5205%, 84.4906%]
5447	83.53221957%	[82.5237%, 84.4935%]
5448	83.53524229%	[82.5269%, 84.4963%]
5449	83.53826390%	[82.5301%, 84.4992%]
5450	83.52293578%	[82.5145%, 84.4842%]
5451	83.52595854%	[82.5177%, 84.4870%]
5452	83.51063830%	[82.5021%, 84.4720%]
5453	83.51366220%	[82.5053%, 84.4749%]
5454	83.49834983%	[82.4897%, 84.4598%]
5455	83.50137489%	[82.4929%, 84.4627%]
5456	83.50439883%	[82.4961%, 84.4656%]
5457	83.50742166%	[82.4993%, 84.4684%]
5458	83.51044339%	[82.5025%, 84.4713%]
5459	83.51346400%	[82.5056%, 84.4741%]
5460	83.49816850%	[82.4901%, 84.4591%]
5461	83.50119026%	[82.4933%, 84.4620%]
5462	83.50421091%	[82.4965%, 84.4649%]
5463	83.48892550%	[82.4809%, 84.4499%]
5464	83.49194729%	[82.4841%, 84.4527%]
5465	83.47666972%	[82.4686%, 84.4377%]
5466	83.47969265%	[82.4718%, 84.4406%]
5467	83.46442290%	[82.4562%, 84.4256%]
5468	83.46744696%	[82.4594%, 84.4285%]
5469	83.47046992%	[82.4626%, 84.4314%]
5470	83.45521024%	[82.4471%, 84.4164%]
5471	83.45823433%	[82.4503%, 84.4192%]
5472	83.46125731%	[82.4535%, 84.4221%]
5473	83.44600767%	[82.4379%, 84.4072%]
5474	83.44903179%	[82.4411%, 84.4100%]
5475	83.45205479%	[82.4443%, 84.4129%]
5476	83.45507670%	[82.4475%, 84.4157%]
5477	83.45809750%	[82.4507%, 84.4186%]
5478	83.46111720%	[82.4539%, 84.4215%]
5479	83.46413579%	[82.4571%, 84.4243%]
5480	83.46715328%	[82.4602%, 84.4272%]
5481	83.45192483%	[82.4448%, 84.4122%]
5482	83.45494345%	[82.4479%, 84.4151%]
5483	83.45796097%	[82.4511%, 84.4180%]
5484	83.46097739%	[82.4543%, 84.4208%]
5485	83.46399271%	[82.4575%, 84.4237%]
5486	83.46700693%	[82.4607%, 84.4265%]
5487	83.47002005%	[82.4638%, 84.4294%]
5488	83.45481050%	[82.4484%, 84.4145%]
5489	83.45782474%	[82.4515%, 84.4173%]
5490	83.46083789%	[82.4547%, 84.4202%]
5491	83.46384994%	[82.4579%, 84.4230%]
5492	83.46686089%	[82.4611%, 84.4259%]
5493	83.46987074%	[82.4642%, 84.4287%]
5494	83.47287950%	[82.4674%, 84.4316%]
5495	83.47588717%	[82.4706%, 84.4344%]
5496	83.47889374%	[82.4738%, 84.4373%]
5497	83.48189922%	[82.4769%, 84.4401%]
5498	83.48490360%	[82.4801%, 84.4430%]
5499	83.48790689%	[82.4833%, 84.4458%]
5500	83.49090909%	[82.4864%, 84.4486%]
5501	83.49391020%	[82.4896%, 84.4515%]
5502	83.49691021%	[82.4927%, 84.4543%]
5503	83.49990914%	[82.4959%, 84.4572%]
5504	83.50290698%	[82.4991%, 84.4600%]
5505	83.50590372%	[82.5022%, 84.4629%]
5506	83.49073738%	[82.4868%, 84.4480%]
5507	83.49373525%	[82.4900%, 84.4508%]
5508	83.49673203%	[82.4931%, 84.4536%]
5509	83.49972772%	[82.4963%, 84.4565%]
5510	83.48457350%	[82.4809%, 84.4416%]
5511	83.48757031%	[82.4840%, 84.4445%]
5512	83.49056604%	[82.4872%, 84.4473%]
5513	83.49356067%	[82.4903%, 84.4501%]
5514	83.49655423%	[82.4935%, 84.4530%]
5515	83.49954669%	[82.4967%, 84.4558%]
5516	83.50253807%	[82.4998%, 84.4586%]
5517	83.50552837%	[82.5030%, 84.4615%]
5518	83.49039507%	[82.4876%, 84.4466%]
5519	83.49338648%	[82.4907%, 84.4495%]
5520	83.49637681%	[82.4939%, 84.4523%]
5521	83.49936606%	[82.4970%, 84.4551%]
5522	83.50235422%	[82.5002%, 84.4580%]
5523	83.50534130%	[82.5033%, 84.4608%]
5524	83.50832730%	[82.5065%, 84.4636%]
5525	83.49321267%	[82.4911%, 84.4488%]
5526	83.47810351%	[82.4757%, 84.4340%]
5527	83.48109282%	[82.4789%, 84.4368%]
5528	83.48408104%	[82.4820%, 84.4396%]
5529	83.48706819%	[82.4852%, 84.4424%]
5530	83.49005425%	[82.4883%, 84.4453%]
5531	83.49303923%	[82.4915%, 84.4481%]
5532	83.49602314%	[82.4946%, 84.4509%]
5533	83.49900596%	[82.4978%, 84.4538%]
5534	83.50198771%	[82.5009%, 84.4566%]
5535	83.50496838%	[82.5041%, 84.4594%]
5536	83.50794798%	[82.5072%, 84.4622%]
5537	83.51092649%	[82.5103%, 84.4650%]
5538	83.51390394%	[82.5135%, 84.4679%]
5539	83.51688030%	[82.5166%, 84.4707%]
5540	83.50180505%	[82.5013%, 84.4559%]
5541	83.50478253%	[82.5044%, 84.4587%]
5542	83.50775893%	[82.5076%, 84.4615%]
5543	83.49269349%	[82.4922%, 84.4468%]
5544	83.49567100%	[82.4954%, 84.4496%]
5545	83.49864743%	[82.4985%, 84.4524%]
5546	83.48359178%	[82.4832%, 84.4376%]
5547	83.48656932%	[82.4863%, 84.4404%]
5548	83.48954578%	[82.4895%, 84.4433%]
5549	83.47449991%	[82.4742%, 84.4285%]
5550	83.45945946%	[82.4589%, 84.4137%]
5551	83.46243920%	[82.4620%, 84.4166%]
5552	83.46541787%	[82.4652%, 84.4194%]
5553	83.46839546%	[82.4683%, 84.4222%]
5554	83.47137198%	[82.4714%, 84.4250%]
5555	83.47434743%	[82.4746%, 84.4279%]
5556	83.47732181%	[82.4777%, 84.4307%]
5557	83.48029512%	[82.4808%, 84.4335%]
5558	83.48326736%	[82.4840%, 84.4363%]
5559	83.48623853%	[82.4871%, 84.4391%]
5560	83.48920863%	[82.4902%, 84.4419%]
5561	83.49217767%	[82.4934%, 84.4447%]
5562	83.49514563%	[82.4965%, 84.4476%]
5563	83.48013662%	[82.4812%, 84.4328%]
5564	83.48310568%	[82.4844%, 84.4356%]
5565	83.48607367%	[82.4875%, 84.4385%]
5566	83.48904060%	[82.4906%, 84.4413%]
5567	83.49200647%	[82.4937%, 84.4441%]
5568	83.49497126%	[82.4969%, 84.4469%]
5569	83.49793500%	[82.5000%, 84.4497%]
5570	83.50089767%	[82.5031%, 84.4525%]
5571	83.50385927%	[82.5062%, 84.4553%]
5572	83.50681981%	[82.5094%, 84.4581%]
5573	83.50977929%	[82.5125%, 84.4609%]
5574	83.51273771%	[82.5156%, 84.4637%]
5575	83.51569507%	[82.5187%, 84.4665%]
5576	83.51865136%	[82.5218%, 84.4693%]
5577	83.52160660%	[82.5249%, 84.4721%]
5578	83.52456077%	[82.5281%, 84.4749%]
5579	83.52751389%	[82.5312%, 84.4777%]
5580	83.53046595%	[82.5343%, 84.4805%]
5581	83.53341695%	[82.5374%, 84.4833%]
5582	83.51845217%	[82.5222%, 84.4686%]
5583	83.52140426%	[82.5253%, 84.4714%]
5584	83.52435530%	[82.5284%, 84.4742%]
5585	83.50940018%	[82.5132%, 84.4596%]
5586	83.51235231%	[82.5163%, 84.4623%]
5587	83.51530338%	[82.5194%, 84.4651%]
5588	83.51825340%	[82.5225%, 84.4679%]
5589	83.50331007%	[82.5073%, 84.4533%]
5590	83.50626118%	[82.5104%, 84.4561%]
5591	83.50921123%	[82.5135%, 84.4589%]
5592	83.51216023%	[82.5166%, 84.4617%]
5593	83.51510817%	[82.5198%, 84.4645%]
5594	83.51805506%	[82.5229%, 84.4672%]
5595	83.50312779%	[82.5077%, 84.4526%]
5596	83.50607577%	[82.5108%, 84.4554%]
5597	83.50902269%	[82.5139%, 84.4582%]
5598	83.51196856%	[82.5170%, 84.4610%]
5599	83.51491338%	[82.5201%, 84.4638%]
5600	83.51785714%	[82.5232%, 84.4666%]
5601	83.52079986%	[82.5263%, 84.4693%]
5602	83.52374152%	[82.5294%, 84.4721%]
5603	83.52668213%	[82.5325%, 84.4749%]
5604	83.51177730%	[82.5173%, 84.4603%]
5605	83.51471900%	[82.5204%, 84.4631%]
5606	83.51765965%	[82.5235%, 84.4659%]
5607	83.52059925%	[82.5266%, 84.4687%]
5608	83.52353780%	[82.5297%, 84.4714%]
5609	83.52647531%	[82.5328%, 84.4742%]
5610	83.52941176%	[82.5359%, 84.4770%]
5611	83.51452504%	[82.5208%, 84.4624%]
5612	83.51746258%	[82.5239%, 84.4652%]
5613	83.50258329%	[82.5088%, 84.4506%]
5614	83.48770930%	[82.4936%, 84.4360%]
5615	83.49065004%	[82.4967%, 84.4388%]
5616	83.47578348%	[82.4816%, 84.4242%]
5617	83.47872530%	[82.4847%, 84.4270%]
5618	83.48166607%	[82.4878%, 84.4298%]
5619	83.48460580%	[82.4909%, 84.4325%]
5620	83.46975089%	[82.4758%, 84.4180%]
5621	83.45490126%	[82.4607%, 84.4034%]
5622	83.45784418%	[82.4638%, 84.4062%]
5623	83.46078606%	[82.4669%, 84.4090%]
5624	83.46372688%	[82.4700%, 84.4118%]
5625	83.46666667%	[82.4731%, 84.4146%]
5626	83.46960540%	[82.4762%, 84.4173%]
5627	83.47254310%	[82.4793%, 84.4201%]
5628	83.47547974%	[82.4824%, 84.4229%]
5629	83.47841535%	[82.4855%, 84.4257%]
5630	83.46358792%	[82.4704%, 84.4111%]
5631	83.46652460%	[82.4735%, 84.4139%]
5632	83.46946023%	[82.4766%, 84.4167%]
5633	83.47239482%	[82.4797%, 84.4195%]
5634	83.47532836%	[82.4828%, 84.4223%]
5635	83.47826087%	[82.4859%, 84.4250%]
5636	83.46344925%	[82.4708%, 84.4105%]
5637	83.46638283%	[82.4739%, 84.4133%]
5638	83.46931536%	[82.4770%, 84.4161%]
5639	83.47224685%	[82.4801%, 84.4188%]
5640	83.47517730%	[82.4832%, 84.4216%]
5641	83.47810672%	[82.4862%, 84.4244%]
5642	83.48103509%	[82.4893%, 84.4272%]
5643	83.48396243%	[82.4924%, 84.4300%]
5644	83.48688873%	[82.4955%, 84.4327%]
5645	83.47209920%	[82.4805%, 84.4182%]
5646	83.47502657%	[82.4835%, 84.4210%]
5647	83.46024438%	[82.4685%, 84.4065%]
5648	83.46317280%	[82.4716%, 84.4093%]
5649	83.46610019%	[82.4747%, 84.4120%]
5650	83.45132743%	[82.4597%, 84.3975%]
5651	83.45425588%	[82.4628%, 84.4003%]
5652	83.45718330%	[82.4658%, 84.4031%]
5653	83.46010968%	[82.4689%, 84.4059%]
5654	83.46303502%	[82.4720%, 84.4086%]
5655	83.46595933%	[82.4751%, 84.4114%]
5656	83.46888260%	[82.4782%, 84.4142%]
5657	83.45412763%	[82.4632%, 84.3997%]
5658	83.45705196%	[82.4662%, 84.4025%]
5659	83.44230429%	[82.4512%, 84.3880%]
5660	83.42756184%	[82.4363%, 84.3735%]
5661	83.43048931%	[82.4393%, 84.3763%]
5662	83.43341575%	[82.4424%, 84.3791%]
5663	83.43634116%	[82.4455%, 84.3818%]
5664	83.42161017%	[82.4305%, 84.3674%]
5665	83.40688438%	[82.4156%, 84.3529%]
5666	83.40981292%	[82.4186%, 84.3557%]
5667	83.39509441%	[82.4037%, 84.3413%]
5668	83.39802399%	[82.4068%, 84.3440%]
5669	83.40095255%	[82.4098%, 84.3468%]
5670	83.40388007%	[82.4129%, 84.3496%]
5671	83.40680656%	[82.4160%, 84.3524%]
5672	83.40973202%	[82.4191%, 84.3551%]
5673	83.41265644%	[82.4222%, 84.3579%]
5674	83.41557984%	[82.4253%, 84.3607%]
5675	83.41850220%	[82.4283%, 84.3635%]
5676	83.42142354%	[82.4314%, 84.3662%]
5677	83.42434384%	[82.4345%, 84.3690%]
5678	83.42726312%	[82.4376%, 84.3718%]
5679	83.41257264%	[82.4226%, 84.3573%]
5680	83.39788732%	[82.4077%, 84.3429%]
5681	83.40080972%	[82.4108%, 84.3457%]
5682	83.40373108%	[82.4139%, 84.3485%]
5683	83.40665142%	[82.4169%, 84.3512%]
5684	83.40957072%	[82.4200%, 84.3540%]
5685	83.41248901%	[82.4231%, 84.3568%]
5686	83.41540626%	[82.4261%, 84.3595%]
5687	83.41832249%	[82.4292%, 84.3623%]
5688	83.42123769%	[82.4323%, 84.3651%]
5689	83.42415187%	[82.4354%, 84.3678%]
5690	83.42706503%	[82.4384%, 84.3706%]
5691	83.41240555%	[82.4235%, 84.3562%]
5692	83.41531975%	[82.4266%, 84.3590%]
5693	83.41823292%	[82.4297%, 84.3617%]
5694	83.42114506%	[82.4327%, 84.3645%]
5695	83.42405619%	[82.4358%, 84.3673%]
5696	83.42696629%	[82.4389%, 84.3700%]
5697	83.42987537%	[82.4419%, 84.3728%]
5698	83.43278343%	[82.4450%, 84.3755%]
5699	83.43569047%	[82.4480%, 84.3783%]
5700	83.42105263%	[82.4332%, 84.3639%]
5701	83.42396071%	[82.4362%, 84.3667%]
5702	83.42686777%	[82.4393%, 84.3694%]
5703	83.42977380%	[82.4423%, 84.3722%]
5704	83.43267882%	[82.4454%, 84.3749%]
5705	83.43558282%	[82.4485%, 84.3777%]
5706	83.43848580%	[82.4515%, 84.3805%]
5707	83.42386543%	[82.4367%, 84.3661%]
5708	83.42676945%	[82.4397%, 84.3689%]
5709	83.42967245%	[82.4428%, 84.3716%]
5710	83.43257443%	[82.4458%, 84.3744%]
5711	83.41796533%	[82.4310%, 84.3600%]
5712	83.40336134%	[82.4161%, 84.3457%]
5713	83.40626641%	[82.4192%, 84.3484%]
5714	83.39166958%	[82.4044%, 84.3341%]
5715	83.39457568%	[82.4074%, 84.3369%]
5716	83.39748076%	[82.4105%, 84.3396%]
5717	83.40038482%	[82.4135%, 84.3424%]
5718	83.40328786%	[82.4166%, 84.3451%]
5719	83.40618989%	[82.4196%, 84.3479%]
5720	83.40909091%	[82.4227%, 84.3506%]
5721	83.41199091%	[82.4258%, 84.3534%]
5722	83.41488990%	[82.4288%, 84.3561%]
5723	83.41778787%	[82.4319%, 84.3589%]
5724	83.42068484%	[82.4349%, 84.3616%]
5725	83.42358079%	[82.4380%, 84.3644%]
5726	83.42647572%	[82.4410%, 84.3671%]
5727	83.42936965%	[82.4441%, 84.3699%]
5728	83.43226257%	[82.4471%, 84.3726%]
5729	83.43515448%	[82.4501%, 84.3754%]
5730	83.43804538%	[82.4532%, 84.3781%]
5731	83.44093526%	[82.4562%, 84.3808%]
5732	83.44382415%	[82.4593%, 84.3836%]
5733	83.44671202%	[82.4623%, 84.3863%]
5734	83.44959888%	[82.4654%, 84.3891%]
5735	83.45248474%	[82.4684%, 84.3918%]
5736	83.43793584%	[82.4536%, 84.3775%]
5737	83.44082273%	[82.4566%, 84.3802%]
5738	83.44370861%	[82.4597%, 84.3830%]
5739	83.44659348%	[82.4627%, 84.3857%]
5740	83.44947735%	[82.4658%, 84.3885%]
5741	83.43494165%	[82.4510%, 84.3742%]
5742	83.43782654%	[82.4540%, 84.3769%]
5743	83.44071043%	[82.4571%, 84.3797%]
5744	83.42618384%	[82.4423%, 84.3654%]
5745	83.42906876%	[82.4453%, 84.3681%]
5746	83.41454925%	[82.4306%, 84.3539%]
5747	83.41743518%	[82.4336%, 84.3566%]
5748	83.42032011%	[82.4366%, 84.3594%]
5749	83.42320404%	[82.4397%, 84.3621%]
5750	83.42608696%	[82.4427%, 84.3648%]
5751	83.41158059%	[82.4280%, 84.3506%]
5752	83.41446453%	[82.4310%, 84.3533%]
5753	83.39996524%	[82.4163%, 84.3391%]
5754	83.40285019%	[82.4193%, 84.3418%]
5755	83.40573414%	[82.4223%, 84.3446%]
5756	83.40861710%	[82.4254%, 84.3473%]
5757	83.41149904%	[82.4284%, 84.3500%]
5758	83.41437999%	[82.4314%, 84.3528%]
5759	83.41725994%	[82.4345%, 84.3555%]
5760	83.42013889%	[82.4375%, 84.3582%]
5761	83.42301684%	[82.4405%, 84.3610%]
5762	83.42589379%	[82.4436%, 84.3637%]
5763	83.42876974%	[82.4466%, 84.3664%]
5764	83.43164469%	[82.4496%, 84.3691%]
5765	83.43451865%	[82.4526%, 84.3719%]
5766	83.43739161%	[82.4557%, 84.3746%]
5767	83.44026357%	[82.4587%, 84.3773%]
5768	83.44313454%	[82.4617%, 84.3800%]
5769	83.44600451%	[82.4647%, 84.3828%]
5770	83.43154246%	[82.4500%, 84.3686%]
5771	83.43441345%	[82.4531%, 84.3713%]
5772	83.43728344%	[82.4561%, 84.3740%]
5773	83.44015243%	[82.4591%, 84.3767%]
5774	83.44302044%	[82.4621%, 84.3795%]
5775	83.44588745%	[82.4651%, 84.3822%]
5776	83.44875346%	[82.4682%, 84.3849%]
5777	83.45161849%	[82.4712%, 84.3876%]
5778	83.45448252%	[82.4742%, 84.3903%]
5779	83.45734556%	[82.4772%, 84.3930%]
5780	83.46020761%	[82.4802%, 84.3958%]
5781	83.44577063%	[82.4655%, 84.3816%]
5782	83.44863369%	[82.4686%, 84.3843%]
5783	83.45149576%	[82.4716%, 84.3870%]
5784	83.45435685%	[82.4746%, 84.3897%]
5785	83.45721694%	[82.4776%, 84.3924%]
5786	83.46007605%	[82.4806%, 84.3952%]
5787	83.46293416%	[82.4836%, 84.3979%]
5788	83.44851417%	[82.4689%, 84.3837%]
5789	83.43409915%	[82.4543%, 84.3696%]
5790	83.43696028%	[82.4573%, 84.3723%]
5791	83.43982041%	[82.4603%, 84.3750%]
5792	83.44267956%	[82.4633%, 84.3777%]
5793	83.44553772%	[82.4663%, 84.3804%]
5794	83.44839489%	[82.4693%, 84.3831%]
5795	83.45125108%	[82.4724%, 84.3858%]
5796	83.45410628%	[82.4754%, 84.3885%]
5797	83.45696050%	[82.4784%, 84.3912%]
5798	83.45981373%	[82.4814%, 84.3940%]
5799	83.46266598%	[82.4844%, 84.3967%]
5800	83.46551724%	[82.4874%, 84.3994%]
5801	83.46836752%	[82.4904%, 84.4021%]
5802	83.47121682%	[82.4934%, 84.4048%]
5803	83.47406514%	[82.4964%, 84.4075%]
5804	83.45968298%	[82.4818%, 84.3934%]
5805	83.44530577%	[82.4671%, 84.3792%]
5806	83.44815708%	[82.4701%, 84.3819%]
5807	83.45100740%	[82.4731%, 84.3846%]
5808	83.43663912%	[82.4585%, 84.3705%]
5809	83.42227578%	[82.4439%, 84.3564%]
5810	83.40791738%	[82.4293%, 84.3423%]
5811	83.41077267%	[82.4323%, 84.3451%]
5812	83.39642120%	[82.4178%, 84.3310%]
5813	83.39927748%	[82.4208%, 84.3337%]
5814	83.40213278%	[82.4238%, 84.3364%]
5815	83.40498710%	[82.4268%, 84.3391%]
5816	83.40784044%	[82.4298%, 84.3418%]
5817	83.41069280%	[82.4328%, 84.3445%]
5818	83.41354417%	[82.4358%, 84.3472%]
5819	83.41639457%	[82.4388%, 84.3499%]
5820	83.41924399%	[82.4418%, 84.3526%]
5821	83.42209242%	[82.4448%, 84.3553%]
5822	83.40776366%	[82.4302%, 84.3413%]
5823	83.39343981%	[82.4157%, 84.3272%]
5824	83.37912088%	[82.4011%, 84.3131%]
5825	83.38197425%	[82.4041%, 84.3158%]
5826	83.38482664%	[82.4071%, 84.3185%]
5827	83.38767805%	[82.4101%, 84.3213%]
5828	83.39052848%	[82.4131%, 84.3240%]
5829	83.37622234%	[82.3986%, 84.3099%]
5830	83.37907376%	[82.4016%, 84.3126%]
5831	83.38192420%	[82.4046%, 84.3153%]
5832	83.38477366%	[82.4076%, 84.3180%]
5833	83.38762215%	[82.4106%, 84.3207%]
5834	83.37332876%	[82.3960%, 84.3067%]
5835	83.35904027%	[82.3815%, 84.2927%]
5836	83.36189171%	[82.3845%, 84.2954%]
5837	83.36474216%	[82.3875%, 84.2981%]
5838	83.36759164%	[82.3905%, 84.3008%]
5839	83.37044014%	[82.3935%, 84.3035%]
5840	83.35616438%	[82.3790%, 84.2895%]
5841	83.35901387%	[82.3820%, 84.2922%]
5842	83.36186238%	[82.3850%, 84.2949%]
5843	83.36470991%	[82.3880%, 84.2976%]
5844	83.36755647%	[82.3910%, 84.3003%]
5845	83.35329341%	[82.3765%, 84.2863%]
5846	83.35614095%	[82.3795%, 84.2890%]
5847	83.35898751%	[82.3825%, 84.2917%]
5848	83.34473324%	[82.3680%, 84.2777%]
5849	83.34758078%	[82.3710%, 84.2804%]
5850	83.35042735%	[82.3740%, 84.2831%]
5851	83.35327294%	[82.3770%, 84.2858%]
5852	83.35611757%	[82.3800%, 84.2885%]
5853	83.35896122%	[82.3830%, 84.2912%]
5854	83.36180389%	[82.3860%, 84.2939%]
5855	83.36464560%	[82.3890%, 84.2966%]
5856	83.35040984%	[82.3745%, 84.2826%]
5857	83.33617893%	[82.3600%, 84.2686%]
5858	83.33902356%	[82.3630%, 84.2713%]
5859	83.32479945%	[82.3486%, 84.2574%]
5860	83.32764505%	[82.3516%, 84.2601%]
5861	83.33048968%	[82.3546%, 84.2628%]
5862	83.33333333%	[82.3575%, 84.2655%]
5863	83.33617602%	[82.3605%, 84.2682%]
5864	83.33901774%	[82.3635%, 84.2709%]
5865	83.34185848%	[82.3665%, 84.2736%]
5866	83.32765087%	[82.3521%, 84.2596%]
5867	83.33049259%	[82.3551%, 84.2623%]
5868	83.33333333%	[82.3581%, 84.2650%]
5869	83.33617311%	[82.3610%, 84.2677%]
5870	83.33901193%	[82.3640%, 84.2704%]
5871	83.34184977%	[82.3670%, 84.2731%]
5872	83.34468665%	[82.3700%, 84.2758%]
5873	83.34752256%	[82.3730%, 84.2785%]
5874	83.33333333%	[82.3586%, 84.2645%]
5875	83.31914894%	[82.3441%, 84.2506%]
5876	83.32198775%	[82.3471%, 84.2533%]
5877	83.32482559%	[82.3501%, 84.2560%]
5878	83.32766247%	[82.3531%, 84.2587%]
5879	83.33049838%	[82.3561%, 84.2614%]
5880	83.33333333%	[82.3591%, 84.2641%]
5881	83.33616732%	[82.3621%, 84.2668%]
5882	83.33900034%	[82.3650%, 84.2694%]
5883	83.32483427%	[82.3506%, 84.2555%]
5884	83.32766825%	[82.3536%, 84.2582%]
5885	83.33050127%	[82.3566%, 84.2609%]
5886	83.33333333%	[82.3596%, 84.2636%]
5887	83.33616443%	[82.3626%, 84.2663%]
5888	83.33899457%	[82.3655%, 84.2690%]
5889	83.32484293%	[82.3512%, 84.2551%]
5890	83.32767402%	[82.3541%, 84.2578%]
5891	83.33050416%	[82.3571%, 84.2605%]
5892	83.33333333%	[82.3601%, 84.2631%]
5893	83.33616155%	[82.3631%, 84.2658%]
5894	83.33898880%	[82.3660%, 84.2685%]
5895	83.34181510%	[82.3690%, 84.2712%]
5896	83.34464043%	[82.3720%, 84.2739%]
5897	83.34746481%	[82.3750%, 84.2766%]
5898	83.35028823%	[82.3779%, 84.2792%]
5899	83.35311070%	[82.3809%, 84.2819%]
5900	83.35593220%	[82.3839%, 84.2846%]
5901	83.35875275%	[82.3868%, 84.2873%]
5902	83.36157235%	[82.3898%, 84.2900%]
5903	83.36439099%	[82.3928%, 84.2926%]
5904	83.36720867%	[82.3957%, 84.2953%]
5905	83.35309060%	[82.3814%, 84.2814%]
5906	83.35590924%	[82.3843%, 84.2841%]
5907	83.34179787%	[82.3700%, 84.2703%]
5908	83.32769127%	[82.3557%, 84.2564%]
5909	83.33051278%	[82.3586%, 84.2591%]
5910	83.31641286%	[82.3443%, 84.2452%]
5911	83.31923532%	[82.3473%, 84.2479%]
5912	83.32205683%	[82.3502%, 84.2506%]
5913	83.32487739%	[82.3532%, 84.2533%]
5914	83.32769699%	[82.3562%, 84.2559%]
5915	83.33051564%	[82.3591%, 84.2586%]
5916	83.33333333%	[82.3621%, 84.2613%]
5917	83.33615008%	[82.3651%, 84.2640%]
5918	83.33896587%	[82.3680%, 84.2666%]
5919	83.34178071%	[82.3710%, 84.2693%]
5920	83.34459459%	[82.3740%, 84.2720%]
5921	83.34740753%	[82.3769%, 84.2747%]
5922	83.35021952%	[82.3799%, 84.2773%]
5923	83.35303056%	[82.3828%, 84.2800%]
5924	83.35584065%	[82.3858%, 84.2827%]
5925	83.35864979%	[82.3887%, 84.2853%]
5926	83.36145798%	[82.3917%, 84.2880%]
5927	83.34739328%	[82.3774%, 84.2742%]
5928	83.35020243%	[82.3804%, 84.2769%]
5929	83.35301063%	[82.3833%, 84.2795%]
5930	83.35581788%	[82.3863%, 84.2822%]
5931	83.35862418%	[82.3892%, 84.2849%]
5932	83.34457181%	[82.3749%, 84.2711%]
5933	83.34737907%	[82.3779%, 84.2737%]
5934	83.35018537%	[82.3808%, 84.2764%]
5935	83.35299073%	[82.3838%, 84.2790%]
5936	83.35579515%	[82.3867%, 84.2817%]
5937	83.35859862%	[82.3897%, 84.2844%]
5938	83.36140115%	[82.3926%, 84.2870%]
5939	83.36420273%	[82.3956%, 84.2897%]
5940	83.35016835%	[82.3813%, 84.2759%]
5941	83.35297088%	[82.3843%, 84.2786%]
5942	83.33894312%	[82.3700%, 84.2648%]
5943	83.34174659%	[82.3730%, 84.2675%]
5944	83.32772544%	[82.3587%, 84.2537%]
5945	83.33052986%	[82.3617%, 84.2563%]
5946	83.33333333%	[82.3646%, 84.2590%]
5947	83.33613587%	[82.3676%, 84.2617%]
5948	83.33893746%	[82.3705%, 84.2643%]
5949	83.34173811%	[82.3735%, 84.2670%]
5950	83.34453782%	[82.3764%, 84.2696%]
5951	83.34733658%	[82.3793%, 84.2723%]
5952	83.35013441%	[82.3823%, 84.2750%]
5953	83.35293130%	[82.3852%, 84.2776%]
5954	83.35572724%	[82.3882%, 84.2803%]
5955	83.34172964%	[82.3739%, 84.2665%]
5956	83.34452653%	[82.3769%, 84.2692%]
5957	83.33053550%	[82.3627%, 84.2554%]
5958	83.31654918%	[82.3485%, 84.2417%]
5959	83.31934888%	[82.3514%, 84.2444%]
5960	83.32214765%	[82.3543%, 84.2470%]
5961	83.32494548%	[82.3573%, 84.2497%]
5962	83.32774237%	[82.3602%, 84.2523%]
5963	83.31376824%	[82.3460%, 84.2386%]
5964	83.31656606%	[82.3490%, 84.2413%]
5965	83.30259849%	[82.3348%, 84.2276%]
5966	83.30539725%	[82.3377%, 84.2302%]
5967	83.30819507%	[82.3407%, 84.2329%]
5968	83.29423592%	[82.3265%, 84.2192%]
5969	83.29703468%	[82.3294%, 84.2218%]
5970	83.29983250%	[82.3324%, 84.2245%]
5971	83.30262938%	[82.3353%, 84.2271%]
5972	83.30542532%	[82.3382%, 84.2298%]
5973	83.30822032%	[82.3412%, 84.2324%]
5974	83.31101440%	[82.3441%, 84.2351%]
5975	83.31380753%	[82.3471%, 84.2377%]
5976	83.31659973%	[82.3500%, 84.2404%]
5977	83.30266020%	[82.3358%, 84.2267%]
5978	83.30545333%	[82.3388%, 84.2294%]
5979	83.30824553%	[82.3417%, 84.2320%]
5980	83.31103679%	[82.3446%, 84.2347%]
5981	83.31382712%	[82.3476%, 84.2373%]
5982	83.29989970%	[82.3334%, 84.2236%]
5983	83.30269096%	[82.3364%, 84.2263%]
5984	83.30548128%	[82.3393%, 84.2289%]
5985	83.30827068%	[82.3422%, 84.2316%]
5986	83.31105914%	[82.3452%, 84.2342%]
5987	83.29714381%	[82.3310%, 84.2206%]
5988	83.29993320%	[82.3340%, 84.2232%]
5989	83.30272166%	[82.3369%, 84.2259%]
5990	83.30550918%	[82.3398%, 84.2285%]
5991	83.30829578%	[82.3428%, 84.2312%]
5992	83.31108144%	[82.3457%, 84.2338%]
5993	83.29718004%	[82.3316%, 84.2201%]
5994	83.29996663%	[82.3345%, 84.2228%]
5995	83.30275229%	[82.3374%, 84.2254%]
5996	83.30553702%	[82.3403%, 84.2281%]
5997	83.30832083%	[82.3433%, 84.2307%]
5998	83.29443148%	[82.3292%, 84.2171%]
5999	83.29721620%	[82.3321%, 84.2197%]
6000	83.28333333%	[82.3180%, 84.2061%]
6001	83.28611898%	[82.3209%, 84.2087%]
6002	83.28890370%	[82.3238%, 84.2114%]
6003	83.27502915%	[82.3097%, 84.1978%]
6004	83.27781479%	[82.3127%, 84.2004%]
6005	83.28059950%	[82.3156%, 84.2030%]
6006	83.28338328%	[82.3185%, 84.2057%]
6007	83.28616614%	[82.3215%, 84.2083%]
6008	83.27230360%	[82.3074%, 84.1947%]
6009	83.27508737%	[82.3103%, 84.1974%]
6010	83.27787022%	[82.3132%, 84.2000%]
6011	83.28065214%	[82.3161%, 84.2026%]
6012	83.28343313%	[82.3191%, 84.2053%]
6013	83.28621320%	[82.3220%, 84.2079%]
6014	83.28899235%	[82.3249%, 84.2106%]
6015	83.29177057%	[82.3278%, 84.2132%]
6016	83.29454787%	[82.3308%, 84.2158%]
6017	83.29732425%	[82.3337%, 84.2185%]
6018	83.30009970%	[82.3366%, 84.2211%]
6019	83.30287423%	[82.3395%, 84.2238%]
6020	83.30564784%	[82.3424%, 84.2264%]
6021	83.30842053%	[82.3453%, 84.2290%]
6022	83.31119229%	[82.3483%, 84.2317%]
6023	83.31396314%	[82.3512%, 84.2343%]
6024	83.31673307%	[82.3541%, 84.2369%]
6025	83.31950207%	[82.3570%, 84.2396%]
6026	83.32227016%	[82.3599%, 84.2422%]
6027	83.32503733%	[82.3628%, 84.2448%]
6028	83.32780358%	[82.3657%, 84.2474%]
6029	83.33056892%	[82.3686%, 84.2501%]
6030	83.33333333%	[82.3715%, 84.2527%]
6031	83.33609683%	[82.3744%, 84.2553%]
6032	83.33885942%	[82.3773%, 84.2579%]
6033	83.34162108%	[82.3802%, 84.2606%]
6034	83.32780908%	[82.3662%, 84.2470%]
6035	83.33057167%	[82.3691%, 84.2496%]
6036	83.33333333%	[82.3720%, 84.2522%]
6037	83.33609409%	[82.3749%, 84.2549%]
6038	83.33885393%	[82.3778%, 84.2575%]
6039	83.34161285%	[82.3807%, 84.2601%]
6040	83.34437086%	[82.3836%, 84.2627%]
6041	83.34712796%	[82.3865%, 84.2653%]
6042	83.34988414%	[82.3894%, 84.2680%]
6043	83.35263942%	[82.3923%, 84.2706%]
6044	83.35539378%	[82.3952%, 84.2732%]
6045	83.34160463%	[82.3812%, 84.2597%]
6046	83.34435991%	[82.3841%, 84.2623%]
6047	83.34711427%	[82.3870%, 84.2649%]
6048	83.34986772%	[82.3899%, 84.2675%]
6049	83.35262027%	[82.3928%, 84.2701%]
6050	83.35537190%	[82.3957%, 84.2727%]
6051	83.35812262%	[82.3986%, 84.2753%]
6052	83.36087244%	[82.4015%, 84.2780%]
6053	83.34710061%	[82.3875%, 84.2644%]
6054	83.33333333%	[82.3735%, 84.2509%]
6055	83.33608588%	[82.3764%, 84.2535%]
6056	83.33883752%	[82.3793%, 84.2561%]
6057	83.34158825%	[82.3822%, 84.2588%]
6058	83.34433807%	[82.3851%, 84.2614%]
6059	83.34708698%	[82.3879%, 84.2640%]
6060	83.34983498%	[82.3908%, 84.2666%]
6061	83.35258208%	[82.3937%, 84.2692%]
6062	83.35532827%	[82.3966%, 84.2718%]
6063	83.35807356%	[82.3995%, 84.2744%]
6064	83.36081794%	[82.4024%, 84.2770%]
6065	83.36356142%	[82.4053%, 84.2796%]
6066	83.36630399%	[82.4081%, 84.2822%]
6067	83.36904566%	[82.4110%, 84.2848%]
6068	83.37178642%	[82.4139%, 84.2874%]
6069	83.37452628%	[82.4168%, 84.2900%]
6070	83.37726524%	[82.4197%, 84.2926%]
6071	83.38000329%	[82.4225%, 84.2952%]
6072	83.38274045%	[82.4254%, 84.2978%]
6073	83.38547670%	[82.4283%, 84.3004%]
6074	83.38821205%	[82.4312%, 84.3030%]
6075	83.37448560%	[82.4172%, 84.2896%]
6076	83.37722186%	[82.4201%, 84.2922%]
6077	83.37995722%	[82.4230%, 84.2948%]
6078	83.38269167%	[82.4259%, 84.2974%]
6079	83.38542523%	[82.4287%, 84.3000%]
6080	83.37171053%	[82.4148%, 84.2865%]
6081	83.37444499%	[82.4177%, 84.2891%]
6082	83.36073660%	[82.4037%, 84.2756%]
6083	83.36347197%	[82.4066%, 84.2782%]
6084	83.36620644%	[82.4095%, 84.2808%]
6085	83.35250616%	[82.3956%, 84.2674%]
6086	83.35524154%	[82.3985%, 84.2700%]
6087	83.35797601%	[82.4013%, 84.2725%]
6088	83.36070959%	[82.4042%, 84.2751%]
6089	83.36344227%	[82.4071%, 84.2777%]
6090	83.36617406%	[82.4099%, 84.2803%]
6091	83.36890494%	[82.4128%, 84.2829%]
6092	83.37163493%	[82.4157%, 84.2855%]
6093	83.37436402%	[82.4186%, 84.2881%]
6094	83.37709222%	[82.4214%, 84.2907%]
6095	83.37981952%	[82.4243%, 84.2933%]
6096	83.38254593%	[82.4272%, 84.2959%]
6097	83.36886994%	[82.4133%, 84.2825%]
6098	83.37159724%	[82.4161%, 84.2851%]
6099	83.37432366%	[82.4190%, 84.2876%]
6100	83.37704918%	[82.4219%, 84.2902%]
6101	83.37977381%	[82.4247%, 84.2928%]
6102	83.38249754%	[82.4276%, 84.2954%]
6103	83.38522038%	[82.4304%, 84.2980%]
6104	83.38794233%	[82.4333%, 84.3006%]
6105	83.39066339%	[82.4362%, 84.3032%]
6106	83.39338356%	[82.4390%, 84.3057%]
6107	83.39610283%	[82.4419%, 84.3083%]
6108	83.39882122%	[82.4447%, 84.3109%]
6109	83.40153871%	[82.4476%, 84.3135%]
6110	83.40425532%	[82.4505%, 84.3161%]
6111	83.40697104%	[82.4533%, 84.3187%]
6112	83.40968586%	[82.4562%, 84.3212%]
6113	83.41239980%	[82.4590%, 84.3238%]
6114	83.41511286%	[82.4619%, 84.3264%]
6115	83.41782502%	[82.4647%, 84.3290%]
6116	83.42053630%	[82.4676%, 84.3315%]
6117	83.42324669%	[82.4704%, 84.3341%]
6118	83.42595619%	[82.4733%, 84.3367%]
6119	83.42866481%	[82.4761%, 84.3393%]
6120	83.43137255%	[82.4790%, 84.3418%]
6121	83.43407940%	[82.4818%, 84.3444%]
6122	83.43678536%	[82.4847%, 84.3470%]
6123	83.43949045%	[82.4875%, 84.3496%]
6124	83.44219464%	[82.4903%, 84.3521%]
6125	83.44489796%	[82.4932%, 84.3547%]
6126	83.43127653%	[82.4793%, 84.3413%]
6127	83.43398074%	[82.4822%, 84.3439%]
6128	83.43668407%	[82.4850%, 84.3464%]
6129	83.43938652%	[82.4879%, 84.3490%]
6130	83.44208809%	[82.4907%, 84.3516%]
6131	83.44478878%	[82.4935%, 84.3541%]
6132	83.44748858%	[82.4964%, 84.3567%]
6133	83.43388228%	[82.4826%, 84.3433%]
6134	83.43658298%	[82.4854%, 84.3459%]
6135	83.43928280%	[82.4882%, 84.3485%]
6136	83.42568449%	[82.4744%, 84.3351%]
6137	83.42838520%	[82.4773%, 84.3377%]
6138	83.41479309%	[82.4634%, 84.3243%]
6139	83.41749471%	[82.4663%, 84.3269%]
6140	83.42019544%	[82.4691%, 84.3295%]
6141	83.42289529%	[82.4720%, 84.3320%]
6142	83.42559427%	[82.4748%, 84.3346%]
6143	83.42829237%	[82.4776%, 84.3372%]
6144	83.41471354%	[82.4638%, 84.3238%]
6145	83.41741253%	[82.4667%, 84.3264%]
6146	83.42011064%	[82.4695%, 84.3290%]
6147	83.42280787%	[82.4724%, 84.3315%]
6148	83.42550423%	[82.4752%, 84.3341%]
6149	83.42819971%	[82.4780%, 84.3366%]
6150	83.43089431%	[82.4809%, 84.3392%]
6151	83.43358803%	[82.4837%, 84.3418%]
6152	83.43628088%	[82.4865%, 84.3443%]
6153	83.43897286%	[82.4893%, 84.3469%]
6154	83.44166396%	[82.4922%, 84.3494%]
6155	83.44435418%	[82.4950%, 84.3520%]
6156	83.43079922%	[82.4812%, 84.3387%]
6157	83.43349034%	[82.4841%, 84.3412%]
6158	83.43618058%	[82.4869%, 84.3438%]
6159	83.43886995%	[82.4897%, 84.3463%]
6160	83.44155844%	[82.4925%, 84.3489%]
6161	83.44424606%	[82.4954%, 84.3515%]
6162	83.43070432%	[82.4816%, 84.3382%]
6163	83.43339283%	[82.4844%, 84.3407%]
6164	83.43608047%	[82.4873%, 84.3433%]
6165	83.43876723%	[82.4901%, 84.3458%]
6166	83.44145313%	[82.4929%, 84.3484%]
6167	83.44413815%	[82.4957%, 84.3509%]
6168	83.43060960%	[82.4820%, 84.3376%]
6169	83.43329551%	[82.4848%, 84.3402%]
6170	83.43598055%	[82.4876%, 84.3427%]
6171	83.43866472%	[82.4904%, 84.3453%]
6172	83.44134802%	[82.4933%, 84.3478%]
6173	83.44403046%	[82.4961%, 84.3504%]
6174	83.43051506%	[82.4824%, 84.3371%]
6175	83.43319838%	[82.4852%, 84.3397%]
6176	83.43588083%	[82.4880%, 84.3422%]
6177	83.42237332%	[82.4743%, 84.3289%]
6178	83.42505665%	[82.4771%, 84.3315%]
6179	83.41155527%	[82.4634%, 84.3182%]
6180	83.41423948%	[82.4662%, 84.3208%]
6181	83.40074422%	[82.4525%, 84.3075%]
6182	83.38725332%	[82.4388%, 84.2943%]
6183	83.38994016%	[82.4416%, 84.2968%]
6184	83.39262613%	[82.4444%, 84.2994%]
6185	83.39531124%	[82.4472%, 84.3019%]
6186	83.39799547%	[82.4501%, 84.3045%]
6187	83.40067884%	[82.4529%, 84.3070%]
6188	83.40336134%	[82.4557%, 84.3096%]
6189	83.40604298%	[82.4585%, 84.3121%]
6190	83.40872375%	[82.4613%, 84.3147%]
6191	83.39525117%	[82.4477%, 84.3014%]
6192	83.39793282%	[82.4505%, 84.3040%]
6193	83.38446633%	[82.4368%, 84.2908%]
6194	83.38714885%	[82.4396%, 84.2933%]
6195	83.38983051%	[82.4424%, 84.2959%]
6196	83.39251130%	[82.4452%, 84.2984%]
6197	83.39519122%	[82.4481%, 84.3009%]
6198	83.39787028%	[82.4509%, 84.3035%]
6199	83.40054848%	[82.4537%, 84.3060%]
6200	83.38709677%	[82.4400%, 84.2928%]
6201	83.37364941%	[82.4264%, 84.2796%]
6202	83.36020639%	[82.4127%, 84.2664%]
6203	83.36288892%	[82.4155%, 84.2690%]
6204	83.36557060%	[82.4183%, 84.2715%]
6205	83.36825141%	[82.4212%, 84.2741%]
6206	83.37093136%	[82.4240%, 84.2766%]
6207	83.37361044%	[82.4268%, 84.2791%]
6208	83.37628866%	[82.4296%, 84.2817%]
6209	83.37896602%	[82.4324%, 84.2842%]
6210	83.38164251%	[82.4352%, 84.2868%]
6211	83.38431815%	[82.4380%, 84.2893%]
6212	83.37089504%	[82.4244%, 84.2761%]
6213	83.37357154%	[82.4272%, 84.2787%]
6214	83.37624718%	[82.4300%, 84.2812%]
6215	83.37892196%	[82.4328%, 84.2838%]
6216	83.38159588%	[82.4357%, 84.2863%]
6217	83.38426894%	[82.4385%, 84.2888%]
6218	83.38694114%	[82.4413%, 84.2914%]
6219	83.38961248%	[82.4441%, 84.2939%]
6220	83.39228296%	[82.4469%, 84.2965%]
6221	83.39495258%	[82.4497%, 84.2990%]
6222	83.39762134%	[82.4525%, 84.3015%]
6223	83.40028925%	[82.4553%, 84.3041%]
6224	83.40295630%	[82.4581%, 84.3066%]
6225	83.40562249%	[82.4609%, 84.3091%]
6226	83.40828783%	[82.4637%, 84.3117%]
6227	83.39489321%	[82.4501%, 84.2985%]
6228	83.39755941%	[82.4529%, 84.3011%]
6229	83.40022476%	[82.4557%, 84.3036%]
6230	83.40288925%	[82.4585%, 84.3061%]
6231	83.38950409%	[82.4449%, 84.2930%]
6232	83.39216945%	[82.4477%, 84.2955%]
6233	83.39483395%	[82.4505%, 84.2980%]
6234	83.39749759%	[82.4533%, 84.3006%]
6235	83.40016038%	[82.4561%, 84.3031%]
6236	83.40282232%	[82.4589%, 84.3056%]
6237	83.40548341%	[82.4617%, 84.3082%]
6238	83.40814364%	[82.4645%, 84.3107%]
6239	83.39477480%	[82.4509%, 84.2976%]
6240	83.39743590%	[82.4537%, 84.3001%]
6241	83.38407307%	[82.4401%, 84.2870%]
6242	83.38673502%	[82.4429%, 84.2895%]
6243	83.38939612%	[82.4457%, 84.2920%]
6244	83.39205637%	[82.4485%, 84.2945%]
6245	83.39471577%	[82.4513%, 84.2971%]
6246	83.39737432%	[82.4541%, 84.2996%]
6247	83.38402433%	[82.4405%, 84.2865%]
6248	83.38668374%	[82.4433%, 84.2890%]
6249	83.38934229%	[82.4461%, 84.2915%]
6250	83.37600000%	[82.4326%, 84.2784%]
6251	83.36266197%	[82.4190%, 84.2653%]
6252	83.36532310%	[82.4218%, 84.2679%]
6253	83.36798337%	[82.4246%, 84.2704%]
6254	83.35465302%	[82.4111%, 84.2573%]
6255	83.35731415%	[82.4139%, 84.2598%]
6256	83.35997442%	[82.4167%, 84.2623%]
6257	83.36263385%	[82.4195%, 84.2649%]
6258	83.36529243%	[82.4222%, 84.2674%]
6259	83.36795015%	[82.4250%, 84.2699%]
6260	83.37060703%	[82.4278%, 84.2725%]
6261	83.37326306%	[82.4306%, 84.2750%]
6262	83.37591824%	[82.4334%, 84.2775%]
6263	83.37857257%	[82.4362%, 84.2800%]
6264	83.38122605%	[82.4390%, 84.2826%]
6265	83.36791700%	[82.4255%, 84.2695%]
6266	83.37057134%	[82.4283%, 84.2720%]
6267	83.37322483%	[82.4310%, 84.2745%]
6268	83.37587747%	[82.4338%, 84.2770%]
6269	83.37852927%	[82.4366%, 84.2796%]
6270	83.36523126%	[82.4231%, 84.2665%]
6271	83.36788391%	[82.4259%, 84.2690%]
6272	83.35459184%	[82.4124%, 84.2560%]
6273	83.35724534%	[82.4152%, 84.2585%]
6274	83.34395920%	[82.4017%, 84.2454%]
6275	83.34661355%	[82.4045%, 84.2480%]
6276	83.34926705%	[82.4073%, 84.2505%]
6277	83.35191971%	[82.4100%, 84.2530%]
6278	83.35457152%	[82.4128%, 84.2555%]
6279	83.35722249%	[82.4156%, 84.2580%]
6280	83.35987261%	[82.4184%, 84.2606%]
6281	83.36252189%	[82.4212%, 84.2631%]
6282	83.36517033%	[82.4240%, 84.2656%]
6283	83.35190196%	[82.4105%, 84.2526%]
6284	83.35455124%	[82.4133%, 84.2551%]
6285	83.34128878%	[82.3998%, 84.2421%]
6286	83.34393891%	[82.4026%, 84.2446%]
6287	83.34658820%	[82.4054%, 84.2471%]
6288	83.34923664%	[82.4081%, 84.2496%]
6289	83.33598346%	[82.3947%, 84.2366%]
6290	83.33863275%	[82.3975%, 84.2391%]
6291	83.32538547%	[82.3840%, 84.2261%]
6292	83.31214240%	[82.3706%, 84.2131%]
6293	83.31479422%	[82.3733%, 84.2156%]
6294	83.31744519%	[82.3761%, 84.2181%]
6295	83.32009531%	[82.3789%, 84.2206%]
6296	83.32274460%	[82.3817%, 84.2232%]
6297	83.32539304%	[82.3845%, 84.2257%]
6298	83.32804065%	[82.3873%, 84.2282%]
6299	83.33068741%	[82.3900%, 84.2307%]
6300	83.31746032%	[82.3766%, 84.2177%]
6301	83.32010792%	[82.3794%, 84.2202%]
6302	83.32275468%	[82.3822%, 84.2227%]
6303	83.32540060%	[82.3849%, 84.2253%]
6304	83.32804569%	[82.3877%, 84.2278%]
6305	83.31482950%	[82.3743%, 84.2148%]
6306	83.31747542%	[82.3771%, 84.2173%]
6307	83.32012050%	[82.3799%, 84.2198%]
6308	83.32276474%	[82.3826%, 84.2223%]
6309	83.32540815%	[82.3854%, 84.2249%]
6310	83.32805071%	[82.3882%, 84.2274%]
6311	83.31484709%	[82.3748%, 84.2144%]
6312	83.31749049%	[82.3775%, 84.2169%]
6313	83.32013306%	[82.3803%, 84.2194%]
6314	83.32277479%	[82.3831%, 84.2219%]
6315	83.32541568%	[82.3859%, 84.2244%]
6316	83.32805573%	[82.3886%, 84.2270%]
6317	83.33069495%	[82.3914%, 84.2295%]
6318	83.33333333%	[82.3942%, 84.2320%]
6319	83.33597088%	[82.3970%, 84.2345%]
6320	83.33860759%	[82.3997%, 84.2370%]
6321	83.34124347%	[82.4025%, 84.2395%]
6322	83.34387852%	[82.4053%, 84.2420%]
6323	83.34651273%	[82.4080%, 84.2445%]
6324	83.34914611%	[82.4108%, 84.2470%]
6325	83.35177866%	[82.4136%, 84.2495%]
6326	83.35441037%	[82.4163%, 84.2520%]
6327	83.35704125%	[82.4191%, 84.2545%]
6328	83.35967130%	[82.4218%, 84.2570%]
6329	83.36230052%	[82.4246%, 84.2595%]
6330	83.36492891%	[82.4274%, 84.2620%]
6331	83.36755647%	[82.4301%, 84.2645%]
6332	83.37018320%	[82.4329%, 84.2670%]
6333	83.37280910%	[82.4356%, 84.2695%]
6334	83.37543416%	[82.4384%, 84.2720%]
6335	83.37805841%	[82.4412%, 84.2745%]
6336	83.38068182%	[82.4439%, 84.2770%]
6337	83.38330440%	[82.4467%, 84.2795%]
6338	83.38592616%	[82.4494%, 84.2820%]
6339	83.38854709%	[82.4522%, 84.2845%]
6340	83.39116719%	[82.4549%, 84.2870%]
6341	83.39378647%	[82.4577%, 84.2895%]
6342	83.39640492%	[82.4604%, 84.2920%]
6343	83.39902254%	[82.4632%, 84.2944%]
6344	83.38587642%	[82.4498%, 84.2815%]
6345	83.37273444%	[82.4365%, 84.2686%]
6346	83.37535455%	[82.4392%, 84.2711%]
6347	83.37797385%	[82.4420%, 84.2736%]
6348	83.38059231%	[82.4447%, 84.2761%]
6349	83.38320995%	[82.4475%, 84.2786%]
6350	83.38582677%	[82.4502%, 84.2811%]
6351	83.38844276%	[82.4530%, 84.2836%]
6352	83.39105793%	[82.4557%, 84.2860%]
6353	83.37793169%	[82.4424%, 84.2731%]
6354	83.36480957%	[82.4291%, 84.2602%]
6355	83.36742722%	[82.4318%, 84.2627%]
6356	83.37004405%	[82.4346%, 84.2652%]
6357	83.37266006%	[82.4373%, 84.2677%]
6358	83.37527524%	[82.4400%, 84.2702%]
6359	83.37788961%	[82.4428%, 84.2727%]
6360	83.38050314%	[82.4455%, 84.2752%]
6361	83.36739506%	[82.4322%, 84.2623%]
6362	83.37000943%	[82.4350%, 84.2648%]
6363	83.37262298%	[82.4377%, 84.2673%]
6364	83.35952231%	[82.4244%, 84.2544%]
6365	83.36213668%	[82.4272%, 84.2569%]
6366	83.36475024%	[82.4299%, 84.2594%]
6367	83.36736297%	[82.4326%, 84.2618%]
6368	83.36997487%	[82.4354%, 84.2643%]
6369	83.37258596%	[82.4381%, 84.2668%]
6370	83.37519623%	[82.4409%, 84.2693%]
6371	83.37780568%	[82.4436%, 84.2718%]
6372	83.38041431%	[82.4463%, 84.2743%]
6373	83.38302212%	[82.4491%, 84.2767%]
6374	83.36994038%	[82.4358%, 84.2639%]
6375	83.37254902%	[82.4385%, 84.2664%]
6376	83.37515684%	[82.4413%, 84.2688%]
6377	83.37776384%	[82.4440%, 84.2713%]
6378	83.36469113%	[82.4307%, 84.2585%]
6379	83.36729895%	[82.4335%, 84.2610%]
6380	83.36990596%	[82.4362%, 84.2634%]
6381	83.37251215%	[82.4389%, 84.2659%]
6382	83.35944845%	[82.4257%, 84.2531%]
6383	83.36205546%	[82.4284%, 84.2556%]
6384	83.36466165%	[82.4312%, 84.2580%]
6385	83.36726703%	[82.4339%, 84.2605%]
6386	83.36987159%	[82.4366%, 84.2630%]
6387	83.37247534%	[82.4394%, 84.2655%]
6388	83.35942392%	[82.4261%, 84.2526%]
6389	83.36202849%	[82.4288%, 84.2551%]
6390	83.36463224%	[82.4316%, 84.2576%]
6391	83.36723517%	[82.4343%, 84.2601%]
6392	83.36983730%	[82.4370%, 84.2626%]
6393	83.37243860%	[82.4398%, 84.2650%]
6394	83.37503910%	[82.4425%, 84.2675%]
6395	83.36200156%	[82.4293%, 84.2547%]
6396	83.36460288%	[82.4320%, 84.2572%]
6397	83.36720338%	[82.4347%, 84.2596%]
6398	83.36980306%	[82.4374%, 84.2621%]
6399	83.35677450%	[82.4242%, 84.2493%]
6400	83.35937500%	[82.4269%, 84.2518%]
6401	83.36197469%	[82.4297%, 84.2543%]
6402	83.34895345%	[82.4164%, 84.2415%]
6403	83.35155396%	[82.4192%, 84.2439%]
6404	83.35415365%	[82.4219%, 84.2464%]
6405	83.35675254%	[82.4246%, 84.2489%]
6406	83.35935061%	[82.4274%, 84.2514%]
6407	83.34633994%	[82.4142%, 84.2386%]
6408	83.34893883%	[82.4169%, 84.2410%]
6409	83.35153690%	[82.4196%, 84.2435%]
6410	83.33853354%	[82.4064%, 84.2307%]
6411	83.34113243%	[82.4091%, 84.2332%]
6412	83.32813475%	[82.3959%, 84.2204%]
6413	83.33073445%	[82.3987%, 84.2229%]
6414	83.33333333%	[82.4014%, 84.2254%]
6415	83.33593141%	[82.4041%, 84.2278%]
6416	83.33852868%	[82.4068%, 84.2303%]
6417	83.34112514%	[82.4096%, 84.2328%]
6418	83.34372079%	[82.4123%, 84.2353%]
6419	83.34631563%	[82.4150%, 84.2377%]
6420	83.34890966%	[82.4177%, 84.2402%]
6421	83.33592898%	[82.4046%, 84.2274%]
6422	83.32295235%	[82.3914%, 84.2147%]
6423	83.32554881%	[82.3941%, 84.2172%]
6424	83.32814446%	[82.3968%, 84.2196%]
6425	83.31517510%	[82.3837%, 84.2069%]
6426	83.31777155%	[82.3864%, 84.2093%]
6427	83.30480784%	[82.3732%, 84.1966%]
6428	83.30740510%	[82.3759%, 84.1991%]
6429	83.31000156%	[82.3787%, 84.2015%]
6430	83.31259720%	[82.3814%, 84.2040%]
6431	83.31519204%	[82.3841%, 84.2065%]
6432	83.31778607%	[82.3868%, 84.2090%]
6433	83.32037929%	[82.3896%, 84.2114%]
6434	83.32297171%	[82.3923%, 84.2139%]
6435	83.31002331%	[82.3791%, 84.2012%]
6436	83.31261653%	[82.3819%, 84.2036%]
6437	83.29967376%	[82.3687%, 84.1909%]
6438	83.28673501%	[82.3556%, 84.1782%]
6439	83.27380028%	[82.3424%, 84.1655%]
6440	83.27639752%	[82.3452%, 84.1680%]
6441	83.27899395%	[82.3479%, 84.1704%]
6442	83.28158957%	[82.3506%, 84.1729%]
6443	83.28418439%	[82.3533%, 84.1754%]
6444	83.27126009%	[82.3402%, 84.1627%]
6445	83.25833980%	[82.3271%, 84.1500%]
6446	83.26093702%	[82.3298%, 84.1524%]
6447	83.26353343%	[82.3325%, 84.1549%]
6448	83.26612903%	[82.3353%, 84.1574%]
6449	83.25321755%	[82.3222%, 84.1447%]
6450	83.24031008%	[82.3091%, 84.1320%]
6451	83.24290808%	[82.3118%, 84.1345%]
6452	83.24550527%	[82.3145%, 84.1369%]
6453	83.24810166%	[82.3172%, 84.1394%]
6454	83.25069724%	[82.3200%, 84.1419%]
6455	83.25329202%	[82.3227%, 84.1443%]
6456	83.25588600%	[82.3254%, 84.1468%]
6457	83.25847917%	[82.3281%, 84.1493%]
6458	83.26107154%	[82.3308%, 84.1518%]
6459	83.26366311%	[82.3336%, 84.1542%]
6460	83.26625387%	[82.3363%, 84.1567%]
6461	83.26884383%	[82.3390%, 84.1591%]
6462	83.27143299%	[82.3417%, 84.1616%]
6463	83.27402135%	[82.3444%, 84.1641%]
6464	83.27660891%	[82.3472%, 84.1665%]
6465	83.26372776%	[82.3341%, 84.1539%]
6466	83.26631612%	[82.3368%, 84.1563%]
6467	83.26890366%	[82.3395%, 84.1588%]
6468	83.27149041%	[82.3422%, 84.1613%]
6469	83.25861802%	[82.3291%, 84.1486%]
6470	83.26120556%	[82.3319%, 84.1511%]
6471	83.26379230%	[82.3346%, 84.1535%]
6472	83.26637824%	[82.3373%, 84.1560%]
6473	83.26896339%	[82.3400%, 84.1585%]
6474	83.25610133%	[82.3269%, 84.1458%]
6475	83.25868726%	[82.3297%, 84.1483%]
6476	83.26127239%	[82.3324%, 84.1507%]
6477	83.26385672%	[82.3351%, 84.1532%]
6478	83.26644026%	[82.3378%, 84.1557%]
6479	83.26902300%	[82.3405%, 84.1581%]
6480	83.25617284%	[82.3275%, 84.1455%]
6481	83.25875636%	[82.3302%, 84.1479%]
6482	83.26133909%	[82.3329%, 84.1504%]
6483	83.26392102%	[82.3356%, 84.1529%]
6484	83.26650216%	[82.3383%, 84.1553%]
6485	83.26908250%	[82.3410%, 84.1578%]
6486	83.27166204%	[82.3437%, 84.1602%]
6487	83.25882534%	[82.3307%, 84.1476%]
6488	83.24599260%	[82.3176%, 84.1350%]
6489	83.24857451%	[82.3204%, 84.1374%]
6490	83.25115562%	[82.3231%, 84.1399%]
6491	83.25373594%	[82.3258%, 84.1424%]
6492	83.25631547%	[82.3285%, 84.1448%]
6493	83.25889419%	[82.3312%, 84.1473%]
6494	83.26147213%	[82.3339%, 84.1497%]
6495	83.24865281%	[82.3209%, 84.1371%]
6496	83.25123153%	[82.3236%, 84.1396%]
6497	83.23841773%	[82.3106%, 84.1270%]
6498	83.24099723%	[82.3133%, 84.1294%]
6499	83.24357593%	[82.3160%, 84.1319%]
6500	83.24615385%	[82.3187%, 84.1343%]
6501	83.24873096%	[82.3214%, 84.1368%]
6502	83.25130729%	[82.3241%, 84.1393%]
6503	83.25388282%	[82.3268%, 84.1417%]
6504	83.24108241%	[82.3138%, 84.1291%]
6505	83.24365872%	[82.3165%, 84.1316%]
6506	83.24623425%	[82.3192%, 84.1340%]
6507	83.24880897%	[82.3219%, 84.1365%]
6508	83.25138291%	[82.3246%, 84.1389%]
6509	83.25395606%	[82.3273%, 84.1414%]
6510	83.25652842%	[82.3300%, 84.1438%]
6511	83.25909998%	[82.3327%, 84.1463%]
6512	83.26167076%	[82.3354%, 84.1487%]
6513	83.26424075%	[82.3381%, 84.1512%]
6514	83.26680995%	[82.3408%, 84.1536%]
6515	83.26937836%	[82.3435%, 84.1561%]
6516	83.27194598%	[82.3462%, 84.1585%]
6517	83.27451281%	[82.3489%, 84.1609%]
6518	83.27707886%	[82.3516%, 84.1634%]
6519	83.27964412%	[82.3543%, 84.1658%]
6520	83.28220859%	[82.3570%, 84.1683%]
6521	83.28477227%	[82.3596%, 84.1707%]
6522	83.28733517%	[82.3623%, 84.1731%]
6523	83.28989729%	[82.3650%, 84.1756%]
6524	83.29245861%	[82.3677%, 84.1780%]
6525	83.29501916%	[82.3704%, 84.1805%]
6526	83.28225559%	[82.3574%, 84.1679%]
6527	83.28481691%	[82.3601%, 84.1704%]
6528	83.28737745%	[82.3628%, 84.1728%]
6529	83.28993720%	[82.3655%, 84.1752%]
6530	83.29249617%	[82.3682%, 84.1777%]
6531	83.29505436%	[82.3709%, 84.1801%]
6532	83.28230251%	[82.3579%, 84.1676%]
6533	83.28486147%	[82.3606%, 84.1700%]
6534	83.28741965%	[82.3633%, 84.1724%]
6535	83.28997705%	[82.3660%, 84.1749%]
6536	83.29253366%	[82.3687%, 84.1773%]
6537	83.29508949%	[82.3713%, 84.1797%]
6538	83.29764454%	[82.3740%, 84.1822%]
6539	83.30019881%	[82.3767%, 84.1846%]
6540	83.30275229%	[82.3794%, 84.1870%]
6541	83.30530500%	[82.3821%, 84.1895%]
6542	83.30785692%	[82.3847%, 84.1919%]
6543	83.31040807%	[82.3874%, 84.1943%]
6544	83.31295844%	[82.3901%, 84.1967%]
6545	83.30022918%	[82.3772%, 84.1842%]
6546	83.30278032%	[82.3798%, 84.1867%]
6547	83.30533069%	[82.3825%, 84.1891%]
6548	83.30788027%	[82.3852%, 84.1915%]
6549	83.31042907%	[82.3879%, 84.1939%]
6550	83.31297710%	[82.3905%, 84.1964%]
6551	83.31552435%	[82.3932%, 84.1988%]
6552	83.31807082%	[82.3959%, 84.2012%]
6553	83.32061651%	[82.3986%, 84.2036%]
6554	83.30790357%	[82.3856%, 84.1911%]
6555	83.31045004%	[82.3883%, 84.1936%]
6556	83.31299573%	[82.3910%, 84.1960%]
6557	83.31554064%	[82.3937%, 84.1984%]
6558	83.31808478%	[82.3963%, 84.2008%]
6559	83.32062814%	[82.3990%, 84.2033%]
6560	83.32317073%	[82.4017%, 84.2057%]
6561	83.32571254%	[82.4043%, 84.2081%]
6562	83.32825358%	[82.4070%, 84.2105%]
6563	83.33079384%	[82.4097%, 84.2129%]
6564	83.33333333%	[82.4123%, 84.2154%]
6565	83.33587205%	[82.4150%, 84.2178%]
6566	83.33840999%	[82.4177%, 84.2202%]
6567	83.32571951%	[82.4048%, 84.2077%]
6568	83.32825822%	[82.4074%, 84.2101%]
6569	83.33079616%	[82.4101%, 84.2125%]
6570	83.33333333%	[82.4128%, 84.2150%]
6571	83.33586973%	[82.4154%, 84.2174%]
6572	83.33840536%	[82.4181%, 84.2198%]
6573	83.34094021%	[82.4207%, 84.2222%]
6574	83.34347429%	[82.4234%, 84.2246%]
6575	83.33079848%	[82.4105%, 84.2121%]
6576	83.33333333%	[82.4132%, 84.2146%]
6577	83.33586742%	[82.4158%, 84.2170%]
6578	83.32319854%	[82.4030%, 84.2045%]
6579	83.31053352%	[82.3901%, 84.1921%]
6580	83.29787234%	[82.3773%, 84.1796%]
6581	83.30041027%	[82.3799%, 84.1820%]
6582	83.28775448%	[82.3671%, 84.1696%]
6583	83.29029318%	[82.3697%, 84.1720%]
6584	83.29283111%	[82.3724%, 84.1744%]
6585	83.28018223%	[82.3596%, 84.1620%]
6586	83.28272092%	[82.3622%, 84.1644%]
6587	83.28525884%	[82.3649%, 84.1668%]
6588	83.27261688%	[82.3520%, 84.1544%]
6589	83.27515556%	[82.3547%, 84.1568%]
6590	83.27769347%	[82.3574%, 84.1592%]
6591	83.28023062%	[82.3600%, 84.1617%]
6592	83.28276699%	[82.3627%, 84.1641%]
6593	83.28530259%	[82.3654%, 84.1665%]
6594	83.27267213%	[82.3525%, 84.1541%]
6595	83.27520849%	[82.3552%, 84.1565%]
6596	83.27774409%	[82.3579%, 84.1589%]
6597	83.28027891%	[82.3605%, 84.1613%]
6598	83.26765687%	[82.3477%, 84.1489%]
6599	83.27019245%	[82.3504%, 84.1513%]
6600	83.27272727%	[82.3530%, 84.1537%]
6601	83.27526132%	[82.3557%, 84.1561%]
6602	83.27779461%	[82.3583%, 84.1586%]
6603	83.26518249%	[82.3455%, 84.1462%]
6604	83.26771654%	[82.3482%, 84.1486%]
6605	83.27024981%	[82.3508%, 84.1510%]
6606	83.27278232%	[82.3535%, 84.1534%]
6607	83.27531406%	[82.3562%, 84.1558%]
6608	83.26271186%	[82.3434%, 84.1434%]
6609	83.26524436%	[82.3460%, 84.1458%]
6610	83.26777610%	[82.3487%, 84.1482%]
6611	83.27030706%	[82.3513%, 84.1506%]
6612	83.25771325%	[82.3385%, 84.1383%]
6613	83.26024497%	[82.3412%, 84.1407%]
6614	83.26277593%	[82.3439%, 84.1431%]
6615	83.26530612%	[82.3465%, 84.1455%]
6616	83.26783555%	[82.3492%, 84.1479%]
6617	83.25525162%	[82.3364%, 84.1355%]
6618	83.24267150%	[82.3236%, 84.1232%]
6619	83.23009518%	[82.3108%, 84.1108%]
6620	83.23262840%	[82.3135%, 84.1132%]
6621	83.22005739%	[82.3007%, 84.1008%]
6622	83.22259136%	[82.3034%, 84.1033%]
6623	83.21002567%	[82.2906%, 84.0909%]
6624	83.21256039%	[82.2933%, 84.0933%]
6625	83.21509434%	[82.2960%, 84.0957%]
6626	83.21762753%	[82.2986%, 84.0981%]
6627	83.22015995%	[82.3013%, 84.1006%]
6628	83.20760410%	[82.2885%, 84.0882%]
6629	83.19505204%	[82.2758%, 84.0759%]
6630	83.19758673%	[82.2784%, 84.0783%]
6631	83.20012065%	[82.2811%, 84.0807%]
6632	83.20265380%	[82.2838%, 84.0831%]
6633	83.20518619%	[82.2864%, 84.0855%]
6634	83.20771782%	[82.2891%, 84.0879%]
6635	83.21024868%	[82.2917%, 84.0903%]
6636	83.21277878%	[82.2944%, 84.0928%]
6637	83.21530812%	[82.2970%, 84.0952%]
6638	83.21783670%	[82.2997%, 84.0976%]
6639	83.22036451%	[82.3023%, 84.1000%]
6640	83.22289157%	[82.3050%, 84.1024%]
6641	83.22541786%	[82.3076%, 84.1048%]
6642	83.21288768%	[82.2949%, 84.0925%]
6643	83.21541472%	[82.2976%, 84.0949%]
6644	83.21794100%	[82.3002%, 84.0973%]
6645	83.22046652%	[82.3029%, 84.0997%]
6646	83.22299127%	[82.3055%, 84.1021%]
6647	83.21047089%	[82.2928%, 84.0898%]
6648	83.21299639%	[82.2954%, 84.0922%]
6649	83.21552113%	[82.2981%, 84.0946%]
6650	83.21804511%	[82.3007%, 84.0970%]
6651	83.22056834%	[82.3034%, 84.0994%]
6652	83.22309080%	[82.3060%, 84.1018%]
6653	83.22561251%	[82.3087%, 84.1042%]
6654	83.22813345%	[82.3113%, 84.1066%]
6655	83.23065364%	[82.3140%, 84.1090%]
6656	83.21814904%	[82.3013%, 84.0967%]
6657	83.20564819%	[82.2886%, 84.0844%]
6658	83.20817062%	[82.2912%, 84.0868%]
6659	83.21069230%	[82.2939%, 84.0892%]
6660	83.21321321%	[82.2965%, 84.0916%]
6661	83.21573337%	[82.2991%, 84.0940%]
6662	83.21825278%	[82.3018%, 84.0964%]
6663	83.20576317%	[82.2891%, 84.0841%]
6664	83.20828331%	[82.2918%, 84.0865%]
6665	83.21080270%	[82.2944%, 84.0889%]
6666	83.21332133%	[82.2970%, 84.0913%]
6667	83.21583921%	[82.2997%, 84.0937%]
6668	83.20335933%	[82.2870%, 84.0815%]
6669	83.20587794%	[82.2896%, 84.0839%]
6670	83.20839580%	[82.2923%, 84.0863%]
6671	83.21091291%	[82.2949%, 84.0887%]
6672	83.21342926%	[82.2976%, 84.0911%]
6673	83.21594485%	[82.3002%, 84.0935%]
6674	83.21845969%	[82.3028%, 84.0959%]
6675	83.22097378%	[82.3055%, 84.0983%]
6676	83.22348712%	[82.3081%, 84.1006%]
6677	83.21102291%	[82.2955%, 84.0884%]
6678	83.21353699%	[82.2981%, 84.0908%]
6679	83.21605031%	[82.3007%, 84.0932%]
6680	83.21856287%	[82.3034%, 84.0956%]
6681	83.20610687%	[82.2907%, 84.0833%]
6682	83.19365459%	[82.2781%, 84.0711%]
6683	83.19616939%	[82.2807%, 84.0735%]
6684	83.19868342%	[82.2834%, 84.0759%]
6685	83.18623785%	[82.2707%, 84.0636%]
6686	83.18875262%	[82.2734%, 84.0660%]
6687	83.19126664%	[82.2760%, 84.0684%]
6688	83.19377990%	[82.2786%, 84.0708%]
6689	83.19629242%	[82.2813%, 84.0732%]
6690	83.18385650%	[82.2686%, 84.0610%]
6691	83.18636975%	[82.2713%, 84.0634%]
6692	83.18888225%	[82.2739%, 84.0658%]
6693	83.19139399%	[82.2765%, 84.0682%]
6694	83.19390499%	[82.2792%, 84.0706%]
6695	83.18147872%	[82.2666%, 84.0583%]
6696	83.18399044%	[82.2692%, 84.0607%]
6697	83.18650142%	[82.2718%, 84.0631%]
6698	83.17408182%	[82.2592%, 84.0509%]
6699	83.17659352%	[82.2619%, 84.0533%]
6700	83.17910448%	[82.2645%, 84.0557%]
6701	83.18161468%	[82.2671%, 84.0581%]
6702	83.18412414%	[82.2698%, 84.0605%]
6703	83.18663285%	[82.2724%, 84.0629%]
6704	83.17422434%	[82.2598%, 84.0507%]
6705	83.17673378%	[82.2624%, 84.0531%]
6706	83.16433045%	[82.2498%, 84.0409%]
6707	83.16684061%	[82.2525%, 84.0433%]
6708	83.16935003%	[82.2551%, 84.0456%]
6709	83.17185870%	[82.2577%, 84.0480%]
6710	83.17436662%	[82.2603%, 84.0504%]
6711	83.17687379%	[82.2630%, 84.0528%]
6712	83.17938021%	[82.2656%, 84.0552%]
6713	83.18188589%	[82.2682%, 84.0576%]
6714	83.18439083%	[82.2709%, 84.0600%]
6715	83.18689501%	[82.2735%, 84.0624%]
6716	83.18939845%	[82.2761%, 84.0647%]
6717	83.19190115%	[82.2787%, 84.0671%]
6718	83.19440310%	[82.2814%, 84.0695%]
6719	83.19690430%	[82.2840%, 84.0719%]
6720	83.19940476%	[82.2866%, 84.0743%]
6721	83.18702574%	[82.2740%, 84.0621%]
6722	83.18952693%	[82.2767%, 84.0645%]
6723	83.19202737%	[82.2793%, 84.0669%]
6724	83.19452707%	[82.2819%, 84.0693%]
6725	83.19702602%	[82.2845%, 84.0716%]
6726	83.19952423%	[82.2871%, 84.0740%]
6727	83.20202170%	[82.2898%, 84.0764%]
6728	83.18965517%	[82.2772%, 84.0642%]
6729	83.19215337%	[82.2798%, 84.0666%]
6730	83.19465082%	[82.2824%, 84.0690%]
6731	83.19714753%	[82.2851%, 84.0714%]
6732	83.19964349%	[82.2877%, 84.0737%]
6733	83.20213872%	[82.2903%, 84.0761%]
6734	83.20463320%	[82.2929%, 84.0785%]
6735	83.20712695%	[82.2955%, 84.0809%]
6736	83.20961995%	[82.2981%, 84.0833%]
6737	83.21211222%	[82.3007%, 84.0856%]
6738	83.21460374%	[82.3034%, 84.0880%]
6739	83.21709452%	[82.3060%, 84.0904%]
6740	83.20474777%	[82.2934%, 84.0782%]
6741	83.19240469%	[82.2809%, 84.0661%]
6742	83.19489766%	[82.2835%, 84.0685%]
6743	83.19738989%	[82.2861%, 84.0708%]
6744	83.19988138%	[82.2887%, 84.0732%]
6745	83.20237213%	[82.2914%, 84.0756%]
6746	83.20486214%	[82.2940%, 84.0780%]
6747	83.19253001%	[82.2814%, 84.0658%]
6748	83.18020154%	[82.2689%, 84.0537%]
6749	83.18269373%	[82.2715%, 84.0561%]
6750	83.18518519%	[82.2742%, 84.0585%]
6751	83.18767590%	[82.2768%, 84.0608%]
6752	83.19016588%	[82.2794%, 84.0632%]
6753	83.19265512%	[82.2820%, 84.0656%]
6754	83.19514362%	[82.2846%, 84.0680%]
6755	83.19763138%	[82.2872%, 84.0703%]
6756	83.20011841%	[82.2898%, 84.0727%]
6757	83.20260471%	[82.2924%, 84.0751%]
6758	83.20509026%	[82.2950%, 84.0774%]
6759	83.20757509%	[82.2976%, 84.0798%]
6760	83.21005917%	[82.3002%, 84.0822%]
6761	83.21254252%	[82.3028%, 84.0845%]
6762	83.21502514%	[82.3054%, 84.0869%]
6763	83.21750702%	[82.3080%, 84.0893%]
6764	83.21998817%	[82.3106%, 84.0916%]
6765	83.22246859%	[82.3132%, 84.0940%]
6766	83.22494827%	[82.3158%, 84.0964%]
6767	83.22742722%	[82.3184%, 84.0987%]
6768	83.22990544%	[82.3210%, 84.1011%]
6769	83.23238292%	[82.3236%, 84.1034%]
6770	83.23485968%	[82.3262%, 84.1058%]
6771	83.23733570%	[82.3288%, 84.1082%]
6772	83.22504430%	[82.3163%, 84.0961%]
6773	83.22752104%	[82.3189%, 84.0984%]
6774	83.22999705%	[82.3215%, 84.1008%]
6775	83.21771218%	[82.3091%, 84.0887%]
6776	83.20543093%	[82.2966%, 84.0766%]
6777	83.20790910%	[82.2992%, 84.0790%]
6778	83.21038654%	[82.3018%, 84.0814%]
6779	83.21286325%	[82.3044%, 84.0837%]
6780	83.21533923%	[82.3070%, 84.0861%]
6781	83.20306739%	[82.2945%, 84.0740%]
6782	83.19079917%	[82.2821%, 84.0619%]
6783	83.19327731%	[82.2847%, 84.0643%]
6784	83.19575472%	[82.2873%, 84.0667%]
6785	83.19823139%	[82.2899%, 84.0690%]
6786	83.20070734%	[82.2925%, 84.0714%]
6787	83.20318255%	[82.2951%, 84.0737%]
6788	83.20565704%	[82.2977%, 84.0761%]
6789	83.20813080%	[82.3002%, 84.0785%]
6790	83.21060383%	[82.3028%, 84.0808%]
6791	83.21307613%	[82.3054%, 84.0832%]
6792	83.21554770%	[82.3080%, 84.0855%]
6793	83.20329751%	[82.2956%, 84.0735%]
6794	83.20576980%	[82.2982%, 84.0758%]
6795	83.20824135%	[82.3008%, 84.0782%]
6796	83.21071218%	[82.3034%, 84.0805%]
6797	83.21318229%	[82.3059%, 84.0829%]
6798	83.21565166%	[82.3085%, 84.0852%]
6799	83.21812031%	[82.3111%, 84.0876%]
6800	83.22058824%	[82.3137%, 84.0900%]
6801	83.20835171%	[82.3013%, 84.0779%]
6802	83.21082035%	[82.3039%, 84.0803%]
6803	83.21328826%	[82.3065%, 84.0826%]
6804	83.20105820%	[82.2941%, 84.0706%]
6805	83.20352682%	[82.2966%, 84.0729%]
6806	83.20599471%	[82.2992%, 84.0753%]
6807	83.20846188%	[82.3018%, 84.0777%]
6808	83.21092832%	[82.3044%, 84.0800%]
6809	83.21339404%	[82.3070%, 84.0824%]
6810	83.21585903%	[82.3096%, 84.0847%]
6811	83.21832330%	[82.3121%, 84.0870%]
6812	83.22078685%	[82.3147%, 84.0894%]
6813	83.22324967%	[82.3173%, 84.0917%]
6814	83.22571177%	[82.3199%, 84.0941%]
6815	83.22817315%	[82.3225%, 84.0964%]
6816	83.23063380%	[82.3251%, 84.0988%]
6817	83.21842453%	[82.3127%, 84.0868%]
6818	83.22088589%	[82.3152%, 84.0891%]
6819	83.22334653%	[82.3178%, 84.0915%]
6820	83.21114370%	[82.3054%, 84.0795%]
6821	83.21360504%	[82.3080%, 84.0818%]
6822	83.21606567%	[82.3106%, 84.0842%]
6823	83.21852558%	[82.3132%, 84.0865%]
6824	83.22098476%	[82.3157%, 84.0888%]
6825	83.22344322%	[82.3183%, 84.0912%]
6826	83.22590097%	[82.3209%, 84.0935%]
6827	83.22835799%	[82.3235%, 84.0959%]
6828	83.23081429%	[82.3260%, 84.0982%]
6829	83.23326988%	[82.3286%, 84.1006%]
6830	83.23572474%	[82.3312%, 84.1029%]
6831	83.23817889%	[82.3338%, 84.1052%]
6832	83.24063232%	[82.3363%, 84.1076%]
6833	83.24308503%	[82.3389%, 84.1099%]
6834	83.24553702%	[82.3415%, 84.1122%]
6835	83.23335772%	[82.3291%, 84.1003%]
6836	83.23581042%	[82.3317%, 84.1026%]
6837	83.22363610%	[82.3193%, 84.0906%]
6838	83.22608950%	[82.3219%, 84.0930%]
6839	83.22854218%	[82.3245%, 84.0953%]
6840	83.23099415%	[82.3270%, 84.0976%]
6841	83.23344540%	[82.3296%, 84.1000%]
6842	83.23589594%	[82.3322%, 84.1023%]
6843	83.23834575%	[82.3347%, 84.1046%]
6844	83.24079486%	[82.3373%, 84.1070%]
6845	83.24324324%	[82.3399%, 84.1093%]
6846	83.24569091%	[82.3424%, 84.1116%]
6847	83.24813787%	[82.3450%, 84.1140%]
6848	83.25058411%	[82.3476%, 84.1163%]
6849	83.23842897%	[82.3352%, 84.1044%]
6850	83.24087591%	[82.3378%, 84.1067%]
6851	83.24332214%	[82.3404%, 84.1090%]
6852	83.24576766%	[82.3429%, 84.1114%]
6853	83.24821246%	[82.3455%, 84.1137%]
6854	83.25065655%	[82.3480%, 84.1160%]
6855	83.25309993%	[82.3506%, 84.1183%]
6856	83.24095683%	[82.3383%, 84.1064%]
6857	83.24340090%	[82.3408%, 84.1087%]
6858	83.24584427%	[82.3434%, 84.1111%]
6859	83.23370754%	[82.3311%, 84.0991%]
6860	83.23615160%	[82.3336%, 84.1015%]
6861	83.23859496%	[82.3362%, 84.1038%]
6862	83.24103760%	[82.3388%, 84.1061%]
6863	83.24347953%	[82.3413%, 84.1084%]
6864	83.24592075%	[82.3439%, 84.1108%]
6865	83.24836125%	[82.3464%, 84.1131%]
6866	83.23623653%	[82.3341%, 84.1012%]
6867	83.23867773%	[82.3367%, 84.1035%]
6868	83.24111823%	[82.3393%, 84.1058%]
6869	83.24355801%	[82.3418%, 84.1081%]
6870	83.24599709%	[82.3444%, 84.1105%]
6871	83.24843545%	[82.3469%, 84.1128%]
6872	83.25087311%	[82.3495%, 84.1151%]
6873	83.25331005%	[82.3520%, 84.1174%]
6874	83.25574629%	[82.3546%, 84.1198%]
6875	83.25818182%	[82.3571%, 84.1221%]
6876	83.24607330%	[82.3448%, 84.1102%]
6877	83.24850952%	[82.3474%, 84.1125%]
6878	83.25094504%	[82.3500%, 84.1148%]
6879	83.25337985%	[82.3525%, 84.1171%]
6880	83.24127907%	[82.3402%, 84.1052%]
6881	83.24371458%	[82.3428%, 84.1076%]
6882	83.24614938%	[82.3453%, 84.1099%]
6883	83.24858347%	[82.3479%, 84.1122%]
6884	83.25101685%	[82.3504%, 84.1145%]
6885	83.23892520%	[82.3382%, 84.1026%]
6886	83.22683706%	[82.3259%, 84.0907%]
6887	83.22927254%	[82.3284%, 84.0931%]
6888	83.23170732%	[82.3310%, 84.0954%]
6889	83.23414138%	[82.3335%, 84.0977%]
6890	83.23657475%	[82.3361%, 84.1000%]
6891	83.22449572%	[82.3238%, 84.0881%]
6892	83.21242020%	[82.3116%, 84.0763%]
6893	83.21485565%	[82.3141%, 84.0786%]
6894	83.21729040%	[82.3167%, 84.0809%]
6895	83.20522117%	[82.3044%, 84.0690%]
6896	83.20765661%	[82.3070%, 84.0714%]
6897	83.19559229%	[82.2947%, 84.0595%]
6898	83.18353146%	[82.2825%, 84.0476%]
6899	83.18596898%	[82.2851%, 84.0500%]
6900	83.18840580%	[82.2876%, 84.0523%]
6901	83.19084191%	[82.2902%, 84.0546%]
6902	83.19327731%	[82.2927%, 84.0569%]
6903	83.19571201%	[82.2953%, 84.0592%]
6904	83.18366165%	[82.2830%, 84.0474%]
6905	83.18609703%	[82.2856%, 84.0497%]
6906	83.17405155%	[82.2734%, 84.0379%]
6907	83.17648762%	[82.2759%, 84.0402%]
6908	83.17892299%	[82.2785%, 84.0425%]
6909	83.16688377%	[82.2662%, 84.0307%]
6910	83.16931983%	[82.2688%, 84.0330%]
6911	83.17175517%	[82.2713%, 84.0353%]
6912	83.17418981%	[82.2739%, 84.0376%]
6913	83.17662375%	[82.2764%, 84.0399%]
6914	83.16459358%	[82.2642%, 84.0281%]
6915	83.16702820%	[82.2668%, 84.0304%]
6916	83.16946212%	[82.2693%, 84.0328%]
6917	83.17189533%	[82.2719%, 84.0351%]
6918	83.15987280%	[82.2597%, 84.0233%]
6919	83.16230669%	[82.2622%, 84.0256%]
6920	83.15028902%	[82.2500%, 84.0138%]
6921	83.13827482%	[82.2379%, 84.0019%]
6922	83.14071078%	[82.2404%, 84.0043%]
6923	83.14314603%	[82.2430%, 84.0066%]
6924	83.14558059%	[82.2455%, 84.0089%]
6925	83.13357401%	[82.2333%, 83.9971%]
6926	83.13600924%	[82.2359%, 83.9994%]
6927	83.13844377%	[82.2384%, 84.0017%]
6928	83.12644342%	[82.2262%, 83.9899%]
6929	83.12887863%	[82.2288%, 83.9922%]
6930	83.13131313%	[82.2313%, 83.9946%]
6931	83.11931900%	[82.2192%, 83.9828%]
6932	83.12175418%	[82.2217%, 83.9851%]
6933	83.12418866%	[82.2243%, 83.9874%]
6934	83.11220075%	[82.2121%, 83.9756%]
6935	83.11463590%	[82.2147%, 83.9779%]
6936	83.10265283%	[82.2025%, 83.9662%]
6937	83.10508866%	[82.2051%, 83.9685%]
6938	83.09311041%	[82.1929%, 83.9567%]
6939	83.09554691%	[82.1955%, 83.9590%]
6940	83.08357349%	[82.1833%, 83.9472%]
6941	83.08601066%	[82.1859%, 83.9496%]
6942	83.08844713%	[82.1884%, 83.9519%]
6943	83.09088290%	[82.1910%, 83.9542%]
6944	83.09331797%	[82.1935%, 83.9565%]
6945	83.09575234%	[82.1961%, 83.9589%]
6946	83.09818601%	[82.1986%, 83.9612%]
6947	83.10061897%	[82.2012%, 83.9635%]
6948	83.08865861%	[82.1890%, 83.9517%]
6949	83.09109224%	[82.1916%, 83.9541%]
6950	83.09352518%	[82.1941%, 83.9564%]
6951	83.08157100%	[82.1820%, 83.9446%]
6952	83.08400460%	[82.1845%, 83.9469%]
6953	83.08643751%	[82.1871%, 83.9493%]
6954	83.08886972%	[82.1896%, 83.9516%]
6955	83.07692308%	[82.1775%, 83.9398%]
6956	83.07935595%	[82.1801%, 83.9421%]
6957	83.08178813%	[82.1826%, 83.9445%]
6958	83.08421960%	[82.1851%, 83.9468%]
6959	83.08665038%	[82.1877%, 83.9491%]
6960	83.08908046%	[82.1902%, 83.9514%]
6961	83.09150984%	[82.1928%, 83.9537%]
6962	83.09393852%	[82.1953%, 83.9560%]
6963	83.09636651%	[82.1979%, 83.9584%]
6964	83.09879380%	[82.2004%, 83.9607%]
6965	83.10122039%	[82.2030%, 83.9630%]
6966	83.10364628%	[82.2055%, 83.9653%]
6967	83.10607148%	[82.2080%, 83.9676%]
6968	83.10849598%	[82.2106%, 83.9699%]
6969	83.11091979%	[82.2131%, 83.9722%]
6970	83.11334290%	[82.2156%, 83.9746%]
6971	83.10142017%	[82.2036%, 83.9628%]
6972	83.10384395%	[82.2061%, 83.9651%]
6973	83.10626703%	[82.2086%, 83.9674%]
6974	83.09435044%	[82.1965%, 83.9557%]
6975	83.08243728%	[82.1844%, 83.9440%]
6976	83.08486239%	[82.1870%, 83.9463%]
6977	83.08728680%	[82.1895%, 83.9486%]
6978	83.08971052%	[82.1921%, 83.9509%]
6979	83.09213354%	[82.1946%, 83.9533%]
6980	83.09455587%	[82.1971%, 83.9556%]
6981	83.09697751%	[82.1997%, 83.9579%]
6982	83.09939845%	[82.2022%, 83.9602%]
6983	83.08749821%	[82.1901%, 83.9485%]
6984	83.08991982%	[82.1927%, 83.9508%]
6985	83.07802434%	[82.1806%, 83.9391%]
6986	83.06613226%	[82.1685%, 83.9274%]
6987	83.06855589%	[82.1711%, 83.9297%]
6988	83.05666857%	[82.1590%, 83.9180%]
6989	83.05909286%	[82.1616%, 83.9203%]
6990	83.06151645%	[82.1641%, 83.9226%]
6991	83.06393935%	[82.1666%, 83.9249%]
6992	83.06636156%	[82.1692%, 83.9272%]
6993	83.06878307%	[82.1717%, 83.9296%]
6994	83.05690592%	[82.1597%, 83.9179%]
6995	83.05932809%	[82.1622%, 83.9202%]
6996	83.04745569%	[82.1501%, 83.9085%]
6997	83.04987852%	[82.1527%, 83.9108%]
6998	83.05230066%	[82.1552%, 83.9131%]
6999	83.05472210%	[82.1577%, 83.9154%]
7000	83.05714286%	[82.1603%, 83.9177%]
7001	83.05956292%	[82.1628%, 83.9200%]
7002	83.04770066%	[82.1508%, 83.9084%]
7003	83.05012138%	[82.1533%, 83.9107%]
7004	83.05254140%	[82.1559%, 83.9130%]
7005	83.05496074%	[82.1584%, 83.9153%]
7006	83.05737939%	[82.1609%, 83.9176%]
7007	83.05979735%	[82.1634%, 83.9199%]
7008	83.06221461%	[82.1660%, 83.9222%]
7009	83.06463119%	[82.1685%, 83.9245%]
7010	83.06704708%	[82.1710%, 83.9268%]
7011	83.06946227%	[82.1736%, 83.9291%]
7012	83.07187678%	[82.1761%, 83.9314%]
7013	83.07429060%	[82.1786%, 83.9337%]
7014	83.07670374%	[82.1812%, 83.9360%]
7015	83.07911618%	[82.1837%, 83.9383%]
7016	83.08152794%	[82.1862%, 83.9406%]
7017	83.06968790%	[82.1742%, 83.9290%]
7018	83.07210031%	[82.1767%, 83.9313%]
7019	83.06026500%	[82.1647%, 83.9197%]
7020	83.06267806%	[82.1672%, 83.9220%]
7021	83.05084746%	[82.1552%, 83.9103%]
7022	83.05326118%	[82.1578%, 83.9126%]
7023	83.05567421%	[82.1603%, 83.9149%]
7024	83.05808656%	[82.1628%, 83.9172%]
7025	83.06049822%	[82.1653%, 83.9195%]
7026	83.04867635%	[82.1533%, 83.9079%]
7027	83.05108866%	[82.1559%, 83.9102%]
7028	83.05350028%	[82.1584%, 83.9125%]
7029	83.05591122%	[82.1609%, 83.9148%]
7030	83.05832148%	[82.1634%, 83.9171%]
7031	83.06073105%	[82.1660%, 83.9194%]
7032	83.06313993%	[82.1685%, 83.9217%]
7033	83.06554813%	[82.1710%, 83.9240%]
7034	83.06795564%	[82.1735%, 83.9263%]
7035	83.07036247%	[82.1760%, 83.9286%]
7036	83.07276862%	[82.1786%, 83.9309%]
7037	83.07517408%	[82.1811%, 83.9332%]
7038	83.06337028%	[82.1691%, 83.9216%]
7039	83.06577639%	[82.1716%, 83.9239%]
7040	83.06818182%	[82.1741%, 83.9261%]
7041	83.07058656%	[82.1767%, 83.9284%]
7042	83.07299063%	[82.1792%, 83.9307%]
7043	83.06119551%	[82.1672%, 83.9191%]
7044	83.06360023%	[82.1697%, 83.9214%]
7045	83.06600426%	[82.1722%, 83.9237%]
7046	83.05421516%	[82.1603%, 83.9121%]
7047	83.04242940%	[82.1483%, 83.9005%]
7048	83.04483541%	[82.1509%, 83.9028%]
7049	83.04724074%	[82.1534%, 83.9051%]
7050	83.04964539%	[82.1559%, 83.9074%]
7051	83.05204935%	[82.1584%, 83.9097%]
7052	83.05445264%	[82.1609%, 83.9120%]
7053	83.05685524%	[82.1634%, 83.9143%]
7054	83.05925716%	[82.1659%, 83.9166%]
7055	83.06165840%	[82.1685%, 83.9189%]
7056	83.06405896%	[82.1710%, 83.9212%]
7057	83.06645884%	[82.1735%, 83.9234%]
7058	83.05468971%	[82.1615%, 83.9119%]
7059	83.05709024%	[82.1641%, 83.9142%]
7060	83.05949008%	[82.1666%, 83.9164%]
7061	83.06188925%	[82.1691%, 83.9187%]
7062	83.06428774%	[82.1716%, 83.9210%]
7063	83.06668554%	[82.1741%, 83.9233%]
7064	83.06908267%	[82.1766%, 83.9256%]
7065	83.05732484%	[82.1647%, 83.9140%]
7066	83.05972262%	[82.1672%, 83.9163%]
7067	83.04796944%	[82.1553%, 83.9048%]
7068	83.05036786%	[82.1578%, 83.9070%]
7069	83.05276560%	[82.1603%, 83.9093%]
7070	83.05516266%	[82.1628%, 83.9116%]
7071	83.05755904%	[82.1653%, 83.9139%]
7072	83.05995475%	[82.1678%, 83.9162%]
7073	83.06234978%	[82.1703%, 83.9185%]
7074	83.06474413%	[82.1728%, 83.9208%]
7075	83.05300353%	[82.1609%, 83.9092%]
7076	83.04126625%	[82.1490%, 83.8977%]
7077	83.04366257%	[82.1515%, 83.8999%]
7078	83.03192992%	[82.1396%, 83.8884%]
7079	83.02020059%	[82.1277%, 83.8769%]
7080	83.00847458%	[82.1158%, 83.8653%]
7081	82.99675187%	[82.1039%, 83.8538%]
7082	82.99915278%	[82.1064%, 83.8561%]
7083	82.98743470%	[82.0946%, 83.8445%]
7084	82.97571993%	[82.0827%, 83.8330%]
7085	82.97812279%	[82.0852%, 83.8353%]
7086	82.98052498%	[82.0877%, 83.8376%]
7087	82.98292649%	[82.0902%, 83.8399%]
7088	82.98532731%	[82.0927%, 83.8422%]
7089	82.98772747%	[82.0952%, 83.8445%]
7090	82.99012694%	[82.0978%, 83.8468%]
7091	82.99252574%	[82.1003%, 83.8491%]
7092	82.98082346%	[82.0884%, 83.8375%]
7093	82.98322290%	[82.0909%, 83.8398%]
7094	82.98562165%	[82.0934%, 83.8421%]
7095	82.97392530%	[82.0816%, 83.8306%]
7096	82.97632469%	[82.0841%, 83.8329%]
7097	82.97872340%	[82.0866%, 83.8352%]
7098	82.98112144%	[82.0891%, 83.8375%]
7099	82.98351881%	[82.0916%, 83.8398%]
7100	82.98591549%	[82.0941%, 83.8421%]
7101	82.98831151%	[82.0966%, 83.8443%]
7102	82.99070684%	[82.0991%, 83.8466%]
7103	82.99310151%	[82.1016%, 83.8489%]
7104	82.99549550%	[82.1041%, 83.8512%]
7105	82.99788881%	[82.1066%, 83.8535%]
7106	82.98620884%	[82.0948%, 83.8420%]
7107	82.98860279%	[82.0973%, 83.8443%]
7108	82.99099606%	[82.0998%, 83.8466%]
7109	82.99338866%	[82.1023%, 83.8488%]
7110	82.99578059%	[82.1048%, 83.8511%]
7111	82.99817185%	[82.1073%, 83.8534%]
7112	83.00056243%	[82.1098%, 83.8557%]
7113	83.00295234%	[82.1123%, 83.8580%]
7114	83.00534158%	[82.1148%, 83.8602%]
7115	83.00773015%	[82.1173%, 83.8625%]
7116	83.01011804%	[82.1198%, 83.8648%]
7117	83.01250527%	[82.1223%, 83.8671%]
7118	83.00084293%	[82.1105%, 83.8556%]
7119	83.00323079%	[82.1130%, 83.8579%]
7120	83.00561798%	[82.1155%, 83.8602%]
7121	83.00800449%	[82.1180%, 83.8624%]
7122	83.01039034%	[82.1205%, 83.8647%]
7123	83.01277552%	[82.1230%, 83.8670%]
7124	83.01516002%	[82.1255%, 83.8693%]
7125	83.00350877%	[82.1136%, 83.8578%]
7126	83.00589391%	[82.1161%, 83.8601%]
7127	83.00827838%	[82.1186%, 83.8624%]
7128	82.99663300%	[82.1068%, 83.8509%]
7129	82.99901810%	[82.1093%, 83.8532%]
7130	83.00140252%	[82.1118%, 83.8554%]
7131	83.00378629%	[82.1143%, 83.8577%]
7132	83.00616938%	[82.1168%, 83.8600%]
7133	83.00855180%	[82.1193%, 83.8623%]
7134	83.01093356%	[82.1218%, 83.8645%]
7135	82.99929923%	[82.1100%, 83.8531%]
7136	82.98766816%	[82.0982%, 83.8417%]
7137	82.99005184%	[82.1007%, 83.8439%]
7138	82.97842533%	[82.0889%, 83.8325%]
7139	82.96680207%	[82.0771%, 83.8210%]
7140	82.96918768%	[82.0796%, 83.8233%]
7141	82.95756897%	[82.0678%, 83.8119%]
7142	82.95995519%	[82.0703%, 83.8142%]
7143	82.96234075%	[82.0728%, 83.8164%]
7144	82.96472564%	[82.0753%, 83.8187%]
7145	82.95311407%	[82.0635%, 83.8073%]
7146	82.95549958%	[82.0660%, 83.8096%]
7147	82.95788443%	[82.0685%, 83.8118%]
7148	82.96026861%	[82.0710%, 83.8141%]
7149	82.94866415%	[82.0592%, 83.8027%]
7150	82.95104895%	[82.0617%, 83.8050%]
7151	82.95343309%	[82.0642%, 83.8073%]
7152	82.95581655%	[82.0667%, 83.8095%]
7153	82.95819936%	[82.0692%, 83.8118%]
7154	82.96058149%	[82.0717%, 83.8141%]
7155	82.96296296%	[82.0742%, 83.8163%]
7156	82.96534377%	[82.0767%, 83.8186%]
7157	82.96772391%	[82.0792%, 83.8209%]
7158	82.97010338%	[82.0817%, 83.8232%]
7159	82.97248219%	[82.0842%, 83.8254%]
7160	82.97486034%	[82.0866%, 83.8277%]
7161	82.97723782%	[82.0891%, 83.8300%]
7162	82.96565205%	[82.0774%, 83.8186%]
7163	82.96803015%	[82.0799%, 83.8208%]
7164	82.97040759%	[82.0824%, 83.8231%]
7165	82.97278437%	[82.0848%, 83.8254%]
7166	82.97516048%	[82.0873%, 83.8277%]
7167	82.97753593%	[82.0898%, 83.8299%]
7168	82.97991071%	[82.0923%, 83.8322%]
7169	82.98228484%	[82.0948%, 83.8345%]
7170	82.98465830%	[82.0973%, 83.8367%]
7171	82.98703110%	[82.0998%, 83.8390%]
7172	82.97546012%	[82.0880%, 83.8276%]
7173	82.97783354%	[82.0905%, 83.8299%]
7174	82.98020630%	[82.0930%, 83.8321%]
7175	82.98257840%	[82.0955%, 83.8344%]
7176	82.98494983%	[82.0979%, 83.8367%]
7177	82.98732061%	[82.1004%, 83.8389%]
7178	82.98969072%	[82.1029%, 83.8412%]
7179	82.99206018%	[82.1054%, 83.8434%]
7180	82.98050139%	[82.0937%, 83.8321%]
7181	82.98287147%	[82.0961%, 83.8343%]
7182	82.98524088%	[82.0986%, 83.8366%]
7183	82.98760963%	[82.1011%, 83.8389%]
7184	82.98997773%	[82.1036%, 83.8411%]
7185	82.99234516%	[82.1061%, 83.8434%]
7186	82.98079599%	[82.0943%, 83.8320%]
7187	82.98316405%	[82.0968%, 83.8343%]
7188	82.98553144%	[82.0993%, 83.8365%]
7189	82.98789818%	[82.1018%, 83.8388%]
7190	82.99026426%	[82.1042%, 83.8410%]
7191	82.99262968%	[82.1067%, 83.8433%]
7192	82.99499444%	[82.1092%, 83.8456%]
7193	82.99735854%	[82.1117%, 83.8478%]
7194	82.99972199%	[82.1141%, 83.8501%]
7195	83.00208478%	[82.1166%, 83.8523%]
7196	83.00444691%	[82.1191%, 83.8546%]
7197	83.00680839%	[82.1216%, 83.8568%]
7198	83.00916921%	[82.1240%, 83.8591%]
7199	82.99763856%	[82.1123%, 83.8477%]
7200	83.00000000%	[82.1148%, 83.8500%]
7201	83.00236078%	[82.1173%, 83.8523%]
7202	83.00472091%	[82.1197%, 83.8545%]
7203	83.00708038%	[82.1222%, 83.8568%]
7204	83.00943920%	[82.1247%, 83.8590%]
7205	83.01179736%	[82.1271%, 83.8613%]
7206	83.01415487%	[82.1296%, 83.8635%]
7207	83.01651172%	[82.1321%, 83.8658%]
7208	83.01886792%	[82.1345%, 83.8680%]
7209	83.02122347%	[82.1370%, 83.8703%]
7210	83.02357836%	[82.1395%, 83.8725%]
7211	83.02593260%	[82.1419%, 83.8748%]
7212	83.02828619%	[82.1444%, 83.8770%]
7213	83.01677527%	[82.1327%, 83.8657%]
7214	83.01912947%	[82.1352%, 83.8679%]
7215	83.02148302%	[82.1376%, 83.8702%]
7216	83.02383592%	[82.1401%, 83.8724%]
7217	83.02618817%	[82.1426%, 83.8747%]
7218	83.02853976%	[82.1450%, 83.8769%]
7219	83.03089071%	[82.1475%, 83.8792%]
7220	83.03324100%	[82.1500%, 83.8814%]
7221	83.03559064%	[82.1524%, 83.8836%]
7222	83.02409305%	[82.1407%, 83.8723%]
7223	83.02644331%	[82.1432%, 83.8746%]
7224	83.02879291%	[82.1457%, 83.8768%]
7225	83.03114187%	[82.1481%, 83.8791%]
7226	83.03349017%	[82.1506%, 83.8813%]
7227	83.03583783%	[82.1530%, 83.8835%]
7228	83.03818484%	[82.1555%, 83.8858%]
7229	83.02669802%	[82.1438%, 83.8745%]
7230	83.02904564%	[82.1463%, 83.8767%]
7231	83.03139262%	[82.1488%, 83.8790%]
7232	83.03373894%	[82.1512%, 83.8812%]
7233	83.03608461%	[82.1537%, 83.8834%]
7234	83.03842964%	[82.1561%, 83.8857%]
7235	83.02695232%	[82.1445%, 83.8744%]
7236	83.02929795%	[82.1469%, 83.8766%]
7237	83.01782507%	[82.1353%, 83.8653%]
7238	83.02017132%	[82.1377%, 83.8676%]
7239	83.00870286%	[82.1261%, 83.8563%]
7240	83.01104972%	[82.1286%, 83.8585%]
7241	83.01339594%	[82.1310%, 83.8608%]
7242	83.01574151%	[82.1335%, 83.8630%]
7243	83.00427999%	[82.1219%, 83.8517%]
7244	83.00662617%	[82.1243%, 83.8540%]
7245	83.00897170%	[82.1268%, 83.8562%]
7246	83.01131659%	[82.1292%, 83.8584%]
7247	82.99986201%	[82.1176%, 83.8472%]
7248	83.00220751%	[82.1200%, 83.8494%]
7249	83.00455235%	[82.1225%, 83.8516%]
7250	83.00689655%	[82.1250%, 83.8539%]
7251	83.00924010%	[82.1274%, 83.8561%]
7252	83.01158301%	[82.1299%, 83.8584%]
7253	83.01392527%	[82.1323%, 83.8606%]
7254	83.00248139%	[82.1207%, 83.8493%]
7255	83.00482426%	[82.1232%, 83.8516%]
7256	83.00716648%	[82.1256%, 83.8538%]
7257	83.00950806%	[82.1281%, 83.8560%]
7258	82.99807109%	[82.1165%, 83.8448%]
7259	83.00041328%	[82.1189%, 83.8470%]
7260	83.00275482%	[82.1214%, 83.8493%]
7261	83.00509572%	[82.1238%, 83.8515%]
7262	83.00743597%	[82.1262%, 83.8537%]
7263	83.00977557%	[82.1287%, 83.8560%]
7264	83.01211454%	[82.1311%, 83.8582%]
7265	83.01445286%	[82.1336%, 83.8604%]
7266	83.01679053%	[82.1360%, 83.8627%]
7267	83.00536673%	[82.1244%, 83.8514%]
7268	83.00770501%	[82.1269%, 83.8536%]
7269	83.01004265%	[82.1293%, 83.8559%]
7270	83.01237964%	[82.1318%, 83.8581%]
7271	83.01471600%	[82.1342%, 83.8603%]
7272	83.01705171%	[82.1367%, 83.8626%]
7273	83.01938677%	[82.1391%, 83.8648%]
7274	83.02172120%	[82.1416%, 83.8670%]
7275	83.02405498%	[82.1440%, 83.8693%]
7276	83.02638813%	[82.1464%, 83.8715%]
7277	83.02872063%	[82.1489%, 83.8737%]
7278	83.03105249%	[82.1513%, 83.8759%]
7279	83.01964556%	[82.1397%, 83.8647%]
7280	83.00824176%	[82.1282%, 83.8535%]
7281	83.01057547%	[82.1306%, 83.8557%]
7282	83.01290854%	[82.1331%, 83.8579%]
7283	83.01524097%	[82.1355%, 83.8602%]
7284	83.01757276%	[82.1379%, 83.8624%]
7285	83.01990391%	[82.1404%, 83.8646%]
7286	83.02223442%	[82.1428%, 83.8668%]
7287	83.02456429%	[82.1453%, 83.8691%]
7288	83.01317234%	[82.1337%, 83.8579%]
7289	83.01550281%	[82.1361%, 83.8601%]
7290	83.01783265%	[82.1386%, 83.8623%]
7291	83.02016184%	[82.1410%, 83.8645%]
7292	83.00877674%	[82.1295%, 83.8533%]
7293	83.01110654%	[82.1319%, 83.8556%]
7294	83.01343570%	[82.1343%, 83.8578%]
7295	83.01576422%	[82.1368%, 83.8600%]
7296	83.01809211%	[82.1392%, 83.8622%]
7297	83.02041935%	[82.1416%, 83.8644%]
7298	83.02274596%	[82.1441%, 83.8667%]
7299	83.02507193%	[82.1465%, 83.8689%]
7300	83.02739726%	[82.1489%, 83.8711%]
7301	83.02972196%	[82.1514%, 83.8733%]
7302	83.03204601%	[82.1538%, 83.8756%]
7303	83.02067643%	[82.1423%, 83.8644%]
7304	83.00930997%	[82.1307%, 83.8532%]
7305	82.99794661%	[82.1192%, 83.8420%]
7306	82.98658637%	[82.1077%, 83.8308%]
7307	82.98891474%	[82.1101%, 83.8330%]
7308	82.99124247%	[82.1126%, 83.8353%]
7309	82.97988781%	[82.1011%, 83.8241%]
7310	82.98221614%	[82.1035%, 83.8263%]
7311	82.97086582%	[82.0920%, 83.8151%]
7312	82.97319475%	[82.0944%, 83.8173%]
7313	82.97552304%	[82.0968%, 83.8196%]
7314	82.96417829%	[82.0853%, 83.8084%]
7315	82.96650718%	[82.0878%, 83.8106%]
7316	82.96883543%	[82.0902%, 83.8129%]
7317	82.97116304%	[82.0926%, 83.8151%]
7318	82.97349002%	[82.0951%, 83.8173%]
7319	82.97581637%	[82.0975%, 83.8195%]
7320	82.97814208%	[82.0999%, 83.8217%]
7321	82.98046715%	[82.1024%, 83.8240%]
7322	82.98279159%	[82.1048%, 83.8262%]
7323	82.98511539%	[82.1072%, 83.8284%]
7324	82.97378482%	[82.0957%, 83.8172%]
7325	82.97610922%	[82.0982%, 83.8195%]
7326	82.97843298%	[82.1006%, 83.8217%]
7327	82.96710796%	[82.0891%, 83.8105%]
7328	82.96943231%	[82.0916%, 83.8128%]
7329	82.97175604%	[82.0940%, 83.8150%]
7330	82.97407913%	[82.0964%, 83.8172%]
7331	82.97640158%	[82.0988%, 83.8194%]
7332	82.97872340%	[82.1013%, 83.8216%]
7333	82.98104459%	[82.1037%, 83.8239%]
7334	82.98336515%	[82.1061%, 83.8261%]
7335	82.98568507%	[82.1086%, 83.8283%]
7336	82.98800436%	[82.1110%, 83.8305%]
7337	82.99032302%	[82.1134%, 83.8327%]
7338	82.97901336%	[82.1019%, 83.8216%]
7339	82.98133261%	[82.1044%, 83.8238%]
7340	82.98365123%	[82.1068%, 83.8260%]
7341	82.98596921%	[82.1092%, 83.8282%]
7342	82.98828657%	[82.1116%, 83.8304%]
7343	82.99060330%	[82.1141%, 83.8327%]
7344	82.99291939%	[82.1165%, 83.8349%]
7345	82.98162015%	[82.1050%, 83.8237%]
7346	82.98393684%	[82.1074%, 83.8260%]
7347	82.98625289%	[82.1099%, 83.8282%]
7348	82.98856832%	[82.1123%, 83.8304%]
7349	82.99088311%	[82.1147%, 83.8326%]
7350	82.99319728%	[82.1171%, 83.8348%]
7351	82.99551081%	[82.1195%, 83.8370%]
7352	82.99782372%	[82.1220%, 83.8392%]
7353	83.00013600%	[82.1244%, 83.8414%]
7354	83.00244765%	[82.1268%, 83.8436%]
7355	83.00475867%	[82.1292%, 83.8458%]
7356	83.00706906%	[82.1316%, 83.8481%]
7357	83.00937882%	[82.1340%, 83.8503%]
7358	83.01168796%	[82.1365%, 83.8525%]
7359	83.01399647%	[82.1389%, 83.8547%]
7360	83.01630435%	[82.1413%, 83.8569%]
7361	83.01861160%	[82.1437%, 83.8591%]
7362	83.02091823%	[82.1461%, 83.8613%]
7363	83.02322423%	[82.1485%, 83.8635%]
7364	83.02552960%	[82.1509%, 83.8657%]
7365	83.02783435%	[82.1533%, 83.8679%]
7366	83.03013847%	[82.1558%, 83.8701%]
7367	83.03244197%	[82.1582%, 83.8723%]
7368	83.03474484%	[82.1606%, 83.8745%]
7369	83.03704709%	[82.1630%, 83.8767%]
7370	83.03934871%	[82.1654%, 83.8789%]
7371	83.04164971%	[82.1678%, 83.8811%]
7372	83.03038524%	[82.1564%, 83.8700%]
7373	83.01912383%	[82.1450%, 83.8589%]
7374	83.02142663%	[82.1474%, 83.8611%]
7375	83.02372881%	[82.1498%, 83.8633%]
7376	83.02603037%	[82.1522%, 83.8655%]
7377	83.02833130%	[82.1546%, 83.8677%]
7378	83.01707780%	[82.1432%, 83.8566%]
7379	83.01937932%	[82.1456%, 83.8588%]
7380	83.02168022%	[82.1480%, 83.8610%]
7381	83.01043219%	[82.1366%, 83.8499%]
7382	83.01273368%	[82.1390%, 83.8521%]
7383	83.01503454%	[82.1414%, 83.8543%]
7384	83.01733478%	[82.1438%, 83.8565%]
7385	83.01963439%	[82.1462%, 83.8587%]
7386	83.02193339%	[82.1486%, 83.8609%]
7387	83.02423176%	[82.1510%, 83.8631%]
7388	83.02652951%	[82.1534%, 83.8653%]
7389	83.02882663%	[82.1558%, 83.8675%]
7390	83.03112314%	[82.1582%, 83.8697%]
7391	83.01988905%	[82.1468%, 83.8587%]
7392	83.02218615%	[82.1492%, 83.8608%]
7393	83.01095631%	[82.1378%, 83.8498%]
7394	83.01325399%	[82.1402%, 83.8520%]
7395	83.01555105%	[82.1426%, 83.8542%]
7396	83.01784749%	[82.1450%, 83.8564%]
7397	83.02014330%	[82.1474%, 83.8586%]
7398	83.00892133%	[82.1361%, 83.8475%]
7399	83.01121773%	[82.1385%, 83.8497%]
7400	83.01351351%	[82.1409%, 83.8519%]
7401	83.01580867%	[82.1433%, 83.8541%]
7402	83.00459335%	[82.1319%, 83.8431%]
7403	83.00688910%	[82.1343%, 83.8453%]
7404	82.99567801%	[82.1229%, 83.8342%]
7405	82.99797434%	[82.1253%, 83.8364%]
7406	83.00027005%	[82.1277%, 83.8386%]
7407	83.00256514%	[82.1301%, 83.8408%]
7408	83.00485961%	[82.1325%, 83.8430%]
7409	83.00715346%	[82.1349%, 83.8452%]
7410	83.00944669%	[82.1373%, 83.8474%]
7411	83.01173931%	[82.1397%, 83.8496%]
7412	83.01403130%	[82.1421%, 83.8518%]
7413	83.01632268%	[82.1445%, 83.8539%]
7414	83.00512544%	[82.1331%, 83.8429%]
7415	83.00741740%	[82.1355%, 83.8451%]
7416	83.00970874%	[82.1379%, 83.8473%]
7417	83.01199946%	[82.1403%, 83.8495%]
7418	83.01428957%	[82.1427%, 83.8517%]
7419	83.01657905%	[82.1451%, 83.8539%]
7420	83.00539084%	[82.1338%, 83.8428%]
7421	82.99420563%	[82.1224%, 83.8318%]
7422	82.99649690%	[82.1248%, 83.8340%]
7423	82.99878755%	[82.1272%, 83.8362%]
7424	83.00107759%	[82.1296%, 83.8384%]
7425	83.00336700%	[82.1320%, 83.8406%]
7426	83.00565580%	[82.1344%, 83.8428%]
7427	82.99447960%	[82.1231%, 83.8318%]
7428	82.99676898%	[82.1255%, 83.8340%]
7429	82.99905775%	[82.1279%, 83.8361%]
7430	83.00134590%	[82.1303%, 83.8383%]
7431	83.00363343%	[82.1326%, 83.8405%]
7432	83.00592034%	[82.1350%, 83.8427%]
7433	82.99475313%	[82.1237%, 83.8317%]
7434	82.99704062%	[82.1261%, 83.8339%]
7435	82.99932751%	[82.1285%, 83.8361%]
7436	83.00161377%	[82.1309%, 83.8383%]
7437	83.00389942%	[82.1333%, 83.8404%]
7438	82.99273998%	[82.1220%, 83.8295%]
7439	82.99502621%	[82.1243%, 83.8316%]
7440	82.98387097%	[82.1130%, 83.8207%]
7441	82.98615777%	[82.1154%, 83.8228%]
7442	82.97500672%	[82.1041%, 83.8119%]
7443	82.97729410%	[82.1065%, 83.8141%]
7444	82.97958087%	[82.1089%, 83.8162%]
7445	82.98186702%	[82.1113%, 83.8184%]
7446	82.98415257%	[82.1137%, 83.8206%]
7447	82.98643749%	[82.1161%, 83.8228%]
7448	82.98872180%	[82.1185%, 83.8250%]
7449	82.99100550%	[82.1208%, 83.8272%]
7450	82.97986577%	[82.1095%, 83.8162%]
7451	82.96872903%	[82.0983%, 83.8052%]
7452	82.97101449%	[82.1006%, 83.8074%]
7453	82.97329934%	[82.1030%, 83.8096%]
7454	82.97558358%	[82.1054%, 83.8118%]
7455	82.97786720%	[82.1078%, 83.8140%]
7456	82.98015021%	[82.1102%, 83.8161%]
7457	82.98243261%	[82.1126%, 83.8183%]
7458	82.97130598%	[82.1013%, 83.8074%]
7459	82.97358895%	[82.1037%, 83.8095%]
7460	82.97587131%	[82.1061%, 83.8117%]
7461	82.96475003%	[82.0948%, 83.8008%]
7462	82.96703297%	[82.0972%, 83.8030%]
7463	82.96931529%	[82.0996%, 83.8051%]
7464	82.97159700%	[82.1020%, 83.8073%]
7465	82.96048225%	[82.0907%, 83.7964%]
7466	82.96276453%	[82.0931%, 83.7986%]
7467	82.96504620%	[82.0955%, 83.8007%]
7468	82.96732726%	[82.0978%, 83.8029%]
7469	82.95621904%	[82.0866%, 83.7920%]
7470	82.94511379%	[82.0753%, 83.7810%]
7471	82.94739660%	[82.0777%, 83.7832%]
7472	82.94967880%	[82.0801%, 83.7854%]
7473	82.93857888%	[82.0688%, 83.7745%]
7474	82.94086165%	[82.0712%, 83.7767%]
7475	82.94314381%	[82.0736%, 83.7788%]
7476	82.93204922%	[82.0624%, 83.7679%]
7477	82.92095760%	[82.0511%, 83.7570%]
7478	82.92324151%	[82.0535%, 83.7592%]
7479	82.92552480%	[82.0559%, 83.7614%]
7480	82.91443850%	[82.0446%, 83.7504%]
7481	82.91672236%	[82.0470%, 83.7526%]
7482	82.91900561%	[82.0494%, 83.7548%]
7483	82.92128825%	[82.0518%, 83.7570%]
7484	82.91020844%	[82.0406%, 83.7461%]
7485	82.91249165%	[82.0430%, 83.7483%]
7486	82.91477425%	[82.0453%, 83.7504%]
7487	82.91705623%	[82.0477%, 83.7526%]
7488	82.91933761%	[82.0501%, 83.7548%]
7489	82.92161837%	[82.0525%, 83.7570%]
7490	82.92389853%	[82.0549%, 83.7592%]
7491	82.92617808%	[82.0573%, 83.7613%]
7492	82.92845702%	[82.0596%, 83.7635%]
7493	82.93073535%	[82.0620%, 83.7657%]
7494	82.91966907%	[82.0508%, 83.7548%]
7495	82.92194797%	[82.0532%, 83.7570%]
7496	82.92422625%	[82.0556%, 83.7592%]
7497	82.92650393%	[82.0579%, 83.7613%]
7498	82.92878101%	[82.0603%, 83.7635%]
7499	82.93105747%	[82.0627%, 83.7657%]
7500	82.93333333%	[82.0651%, 83.7679%]
7501	82.93560859%	[82.0675%, 83.7700%]
7502	82.93788323%	[82.0698%, 83.7722%]
7503	82.94015727%	[82.0722%, 83.7744%]
7504	82.94243070%	[82.0746%, 83.7766%]
7505	82.94470353%	[82.0770%, 83.7787%]
7506	82.94697575%	[82.0793%, 83.7809%]
7507	82.94924737%	[82.0817%, 83.7831%]
7508	82.95151838%	[82.0841%, 83.7852%]
7509	82.95378879%	[82.0865%, 83.7874%]
7510	82.95605859%	[82.0888%, 83.7896%]
7511	82.95832779%	[82.0912%, 83.7918%]
7512	82.96059638%	[82.0936%, 83.7939%]
7513	82.96286437%	[82.0959%, 83.7961%]
7514	82.96513175%	[82.0983%, 83.7983%]
7515	82.96739854%	[82.1007%, 83.8004%]
7516	82.96966472%	[82.1031%, 83.8026%]
7517	82.97193029%	[82.1054%, 83.8048%]
7518	82.97419526%	[82.1078%, 83.8069%]
7519	82.97645964%	[82.1102%, 83.8091%]
7520	82.97872340%	[82.1125%, 83.8112%]
7521	82.98098657%	[82.1149%, 83.8134%]
7522	82.98324914%	[82.1173%, 83.8156%]
7523	82.98551110%	[82.1196%, 83.8177%]
7524	82.98777246%	[82.1220%, 83.8199%]
7525	82.99003322%	[82.1243%, 83.8221%]
7526	82.97900611%	[82.1132%, 83.8112%]
7527	82.98126744%	[82.1155%, 83.8134%]
7528	82.98352816%	[82.1179%, 83.8155%]
7529	82.98578829%	[82.1203%, 83.8177%]
7530	82.98804781%	[82.1226%, 83.8198%]
7531	82.99030673%	[82.1250%, 83.8220%]
7532	82.99256506%	[82.1273%, 83.8242%]
7533	82.99482278%	[82.1297%, 83.8263%]
7534	82.99707990%	[82.1321%, 83.8285%]
7535	82.99933643%	[82.1344%, 83.8306%]
7536	83.00159236%	[82.1368%, 83.8328%]
7537	83.00384768%	[82.1391%, 83.8349%]
7538	83.00610241%	[82.1415%, 83.8371%]
7539	83.00835655%	[82.1438%, 83.8393%]
7540	82.99734748%	[82.1327%, 83.8284%]
7541	82.99960217%	[82.1350%, 83.8306%]
7542	83.00185627%	[82.1374%, 83.8327%]
7543	83.00410977%	[82.1397%, 83.8349%]
7544	83.00636267%	[82.1421%, 83.8370%]
7545	83.00861498%	[82.1445%, 83.8392%]
7546	83.01086668%	[82.1468%, 83.8413%]
7547	83.01311780%	[82.1492%, 83.8435%]
7548	83.01536831%	[82.1515%, 83.8456%]
7549	83.01761823%	[82.1539%, 83.8478%]
7550	83.01986755%	[82.1562%, 83.8499%]
7551	83.02211628%	[82.1586%, 83.8521%]
7552	83.02436441%	[82.1609%, 83.8542%]
7553	83.02661194%	[82.1633%, 83.8564%]
7554	83.02885888%	[82.1656%, 83.8585%]
7555	83.03110523%	[82.1680%, 83.8607%]
7556	83.03335098%	[82.1703%, 83.8628%]
7557	83.03559614%	[82.1727%, 83.8650%]
7558	83.03784070%	[82.1750%, 83.8671%]
7559	83.04008467%	[82.1773%, 83.8693%]
7560	83.04232804%	[82.1797%, 83.8714%]
7561	83.04457082%	[82.1820%, 83.8735%]
7562	83.04681301%	[82.1844%, 83.8757%]
7563	83.04905461%	[82.1867%, 83.8778%]
7564	83.05129561%	[82.1891%, 83.8800%]
7565	83.05353602%	[82.1914%, 83.8821%]
7566	83.04255882%	[82.1803%, 83.8713%]
7567	83.03158451%	[82.1691%, 83.8605%]
7568	83.03382664%	[82.1715%, 83.8626%]
7569	83.02285639%	[82.1604%, 83.8518%]
7570	83.02509908%	[82.1627%, 83.8540%]
7571	83.01413288%	[82.1516%, 83.8432%]
7572	83.01637612%	[82.1539%, 83.8453%]
7573	83.01861878%	[82.1563%, 83.8475%]
7574	83.02086084%	[82.1586%, 83.8496%]
7575	83.02310231%	[82.1610%, 83.8518%]
7576	83.02534319%	[82.1633%, 83.8539%]
7577	83.02758348%	[82.1657%, 83.8560%]
7578	83.02982317%	[82.1680%, 83.8582%]
7579	83.01886792%	[82.1569%, 83.8474%]
7580	83.02110818%	[82.1592%, 83.8495%]
7581	83.02334784%	[82.1616%, 83.8517%]
7582	83.02558692%	[82.1639%, 83.8538%]
7583	83.01463801%	[82.1528%, 83.8430%]
7584	83.01687764%	[82.1551%, 83.8452%]
7585	83.00593276%	[82.1440%, 83.8344%]
7586	83.00817295%	[82.1464%, 83.8365%]
7587	83.01041255%	[82.1487%, 83.8387%]
7588	83.01265156%	[82.1511%, 83.8408%]
7589	83.00171301%	[82.1400%, 83.8301%]
7590	83.00395257%	[82.1423%, 83.8322%]
7591	83.00619154%	[82.1447%, 83.8343%]
7592	83.00842993%	[82.1470%, 83.8365%]
7593	83.01066772%	[82.1493%, 83.8386%]
7594	83.01290492%	[82.1517%, 83.8408%]
7595	83.01514154%	[82.1540%, 83.8429%]
7596	83.01737757%	[82.1563%, 83.8450%]
7597	83.00644991%	[82.1453%, 83.8343%]
7598	83.00868650%	[82.1476%, 83.8364%]
7599	83.01092249%	[82.1499%, 83.8385%]
7600	83.00000000%	[82.1389%, 83.8278%]
7601	83.00223655%	[82.1412%, 83.8299%]
7602	83.00447251%	[82.1435%, 83.8321%]
7603	83.00670788%	[82.1459%, 83.8342%]
7604	83.00894266%	[82.1482%, 83.8363%]
7605	83.01117686%	[82.1505%, 83.8385%]
7606	83.01341047%	[82.1529%, 83.8406%]
7607	83.01564349%	[82.1552%, 83.8427%]
7608	83.01787592%	[82.1575%, 83.8449%]
7609	83.02010777%	[82.1599%, 83.8470%]
7610	83.02233903%	[82.1622%, 83.8491%]
7611	83.02456970%	[82.1645%, 83.8513%]
7612	83.01366264%	[82.1535%, 83.8405%]
7613	83.00275844%	[82.1424%, 83.8298%]
7614	82.99185711%	[82.1314%, 83.8191%]
7615	82.99409061%	[82.1337%, 83.8212%]
7616	82.98319328%	[82.1227%, 83.8105%]
7617	82.98542733%	[82.1250%, 83.8126%]
7618	82.98766080%	[82.1273%, 83.8147%]
7619	82.98989369%	[82.1297%, 83.8169%]
7620	82.99212598%	[82.1320%, 83.8190%]
7621	82.99435770%	[82.1343%, 83.8211%]
7622	82.99658882%	[82.1367%, 83.8233%]
7623	82.99881936%	[82.1390%, 83.8254%]
7624	83.00104932%	[82.1413%, 83.8275%]
7625	83.00327869%	[82.1436%, 83.8297%]
7626	83.00550747%	[82.1460%, 83.8318%]
7627	83.00773568%	[82.1483%, 83.8339%]
7628	83.00996329%	[82.1506%, 83.8361%]
7629	83.01219033%	[82.1530%, 83.8382%]
7630	83.01441678%	[82.1553%, 83.8403%]
7631	83.01664264%	[82.1576%, 83.8424%]
7632	83.00576520%	[82.1466%, 83.8317%]
7633	83.00799162%	[82.1489%, 83.8339%]
7634	82.99711816%	[82.1379%, 83.8232%]
7635	82.99934512%	[82.1402%, 83.8253%]
7636	83.00157150%	[82.1425%, 83.8274%]
7637	83.00379730%	[82.1449%, 83.8295%]
7638	83.00602252%	[82.1472%, 83.8317%]
7639	83.00824715%	[82.1495%, 83.8338%]
7640	83.01047120%	[82.1518%, 83.8359%]
7641	83.01269467%	[82.1542%, 83.8380%]
7642	83.01491756%	[82.1565%, 83.8402%]
7643	83.01713987%	[82.1588%, 83.8423%]
7644	83.00627943%	[82.1478%, 83.8316%]
7645	83.00850229%	[82.1501%, 83.8337%]
7646	82.99764583%	[82.1391%, 83.8230%]
7647	82.99986923%	[82.1414%, 83.8252%]
7648	83.00209205%	[82.1438%, 83.8273%]
7649	83.00431429%	[82.1461%, 83.8294%]
7650	82.99346405%	[82.1351%, 83.8187%]
7651	82.99568684%	[82.1374%, 83.8209%]
7652	82.99790904%	[82.1397%, 83.8230%]
7653	83.00013067%	[82.1420%, 83.8251%]
7654	83.00235171%	[82.1444%, 83.8272%]
7655	82.99150882%	[82.1334%, 83.8166%]
7656	82.98066876%	[82.1224%, 83.8059%]
7657	82.98289147%	[82.1247%, 83.8080%]
7658	82.98511361%	[82.1270%, 83.8101%]
7659	82.98733516%	[82.1293%, 83.8122%]
7660	82.97650131%	[82.1184%, 83.8016%]
7661	82.97872340%	[82.1207%, 83.8037%]
7662	82.96789350%	[82.1097%, 83.7930%]
7663	82.97011614%	[82.1120%, 83.7952%]
7664	82.95929019%	[82.1011%, 83.7845%]
7665	82.96151337%	[82.1034%, 83.7866%]
7666	82.96373598%	[82.1057%, 83.7888%]
7667	82.96595800%	[82.1080%, 83.7909%]
7668	82.96817945%	[82.1103%, 83.7930%]
7669	82.97040031%	[82.1127%, 83.7951%]
7670	82.97262060%	[82.1150%, 83.7973%]
7671	82.97484031%	[82.1173%, 83.7994%]
7672	82.97705944%	[82.1196%, 83.8015%]
7673	82.96624528%	[82.1087%, 83.7908%]
7674	82.96846495%	[82.1110%, 83.7930%]
7675	82.95765472%	[82.1000%, 83.7823%]
7676	82.95987493%	[82.1023%, 83.7844%]
7677	82.96209457%	[82.1046%, 83.7866%]
7678	82.96431362%	[82.1070%, 83.7887%]
7679	82.96653210%	[82.1093%, 83.7908%]
7680	82.96875000%	[82.1116%, 83.7929%]
7681	82.97096732%	[82.1139%, 83.7951%]
7682	82.97318407%	[82.1162%, 83.7972%]
7683	82.96238449%	[82.1053%, 83.7865%]
7684	82.96460177%	[82.1076%, 83.7887%]
7685	82.96681848%	[82.1099%, 83.7908%]
7686	82.96903461%	[82.1122%, 83.7929%]
7687	82.97125016%	[82.1145%, 83.7950%]
7688	82.96045786%	[82.1036%, 83.7844%]
7689	82.96267395%	[82.1059%, 83.7865%]
7690	82.96488947%	[82.1082%, 83.7886%]
7691	82.96710441%	[82.1106%, 83.7907%]
7692	82.96931877%	[82.1129%, 83.7929%]
7693	82.97153256%	[82.1152%, 83.7950%]
7694	82.97374578%	[82.1175%, 83.7971%]
7695	82.97595841%	[82.1198%, 83.7992%]
7696	82.97817048%	[82.1221%, 83.8013%]
7697	82.98038197%	[82.1244%, 83.8034%]
7698	82.98259288%	[82.1267%, 83.8056%]
7699	82.98480322%	[82.1290%, 83.8077%]
7700	82.98701299%	[82.1313%, 83.8098%]
7701	82.98922218%	[82.1337%, 83.8119%]
7702	82.99143080%	[82.1360%, 83.8140%]
7703	82.99363884%	[82.1383%, 83.8161%]
7704	82.98286604%	[82.1273%, 83.8055%]
7705	82.98507463%	[82.1297%, 83.8076%]
7706	82.97430574%	[82.1187%, 83.7970%]
7707	82.97651486%	[82.1210%, 83.7991%]
7708	82.96574987%	[82.1101%, 83.7885%]
7709	82.96795953%	[82.1124%, 83.7906%]
7710	82.97016861%	[82.1147%, 83.7927%]
7711	82.97237712%	[82.1171%, 83.7949%]
7712	82.97458506%	[82.1194%, 83.7970%]
7713	82.96382730%	[82.1085%, 83.7864%]
7714	82.96603578%	[82.1108%, 83.7885%]
7715	82.96824368%	[82.1131%, 83.7906%]
7716	82.97045101%	[82.1154%, 83.7927%]
7717	82.97265777%	[82.1177%, 83.7948%]
7718	82.96190723%	[82.1068%, 83.7842%]
7719	82.96411452%	[82.1091%, 83.7863%]
7720	82.96632124%	[82.1114%, 83.7885%]
7721	82.96852739%	[82.1137%, 83.7906%]
7722	82.97073297%	[82.1160%, 83.7927%]
7723	82.95998964%	[82.1051%, 83.7821%]
7724	82.94924909%	[82.0942%, 83.7715%]
7725	82.93851133%	[82.0833%, 83.7609%]
7726	82.94071965%	[82.0856%, 83.7631%]
7727	82.92998576%	[82.0748%, 83.7525%]
7728	82.93219462%	[82.0771%, 83.7546%]
7729	82.93440290%	[82.0794%, 83.7567%]
7730	82.93661061%	[82.0817%, 83.7588%]
7731	82.93881775%	[82.0840%, 83.7609%]
7732	82.94102431%	[82.0863%, 83.7630%]
7733	82.94323031%	[82.0886%, 83.7652%]
7734	82.94543574%	[82.0909%, 83.7673%]
7735	82.94764059%	[82.0932%, 83.7694%]
7736	82.93691830%	[82.0823%, 83.7588%]
7737	82.92619879%	[82.0715%, 83.7483%]
7738	82.92840527%	[82.0738%, 83.7504%]
7739	82.93061119%	[82.0761%, 83.7525%]
7740	82.93281654%	[82.0784%, 83.7546%]
7741	82.93502132%	[82.0807%, 83.7567%]
7742	82.93722552%	[82.0830%, 83.7588%]
7743	82.93942916%	[82.0853%, 83.7609%]
7744	82.94163223%	[82.0876%, 83.7630%]
7745	82.94383473%	[82.0899%, 83.7651%]
7746	82.94603666%	[82.0922%, 83.7672%]
7747	82.94823803%	[82.0945%, 83.7693%]
7748	82.95043882%	[82.0968%, 83.7714%]
7749	82.95263905%	[82.0991%, 83.7735%]
7750	82.95483871%	[82.1014%, 83.7756%]
7751	82.94413624%	[82.0905%, 83.7651%]
7752	82.93343653%	[82.0797%, 83.7546%]
7753	82.93563782%	[82.0820%, 83.7567%]
7754	82.92494197%	[82.0711%, 83.7461%]
7755	82.92714378%	[82.0734%, 83.7482%]
7756	82.91645178%	[82.0626%, 83.7377%]
7757	82.90576254%	[82.0518%, 83.7272%]
7758	82.89507605%	[82.0409%, 83.7167%]
7759	82.88439232%	[82.0301%, 83.7061%]
7760	82.88659794%	[82.0324%, 83.7082%]
7761	82.88880299%	[82.0347%, 83.7104%]
7762	82.89100747%	[82.0370%, 83.7125%]
7763	82.88032977%	[82.0262%, 83.7019%]
7764	82.88253478%	[82.0285%, 83.7041%]
7765	82.88473921%	[82.0308%, 83.7062%]
7766	82.88694309%	[82.0331%, 83.7083%]
7767	82.88914639%	[82.0354%, 83.7104%]
7768	82.87847580%	[82.0246%, 83.6999%]
7769	82.88067962%	[82.0269%, 83.7020%]
7770	82.88288288%	[82.0292%, 83.7041%]
7771	82.88508557%	[82.0315%, 83.7062%]
7772	82.88728770%	[82.0338%, 83.7083%]
7773	82.87662421%	[82.0230%, 83.6978%]
7774	82.86596347%	[82.0122%, 83.6873%]
7775	82.86816720%	[82.0145%, 83.6894%]
7776	82.87037037%	[82.0168%, 83.6915%]
7777	82.87257297%	[82.0191%, 83.6936%]
7778	82.87477501%	[82.0214%, 83.6957%]
7779	82.86412135%	[82.0106%, 83.6852%]
7780	82.86632391%	[82.0129%, 83.6873%]
7781	82.86852590%	[82.0152%, 83.6894%]
7782	82.87072732%	[82.0175%, 83.6916%]
7783	82.87292818%	[82.0198%, 83.6937%]
7784	82.87512847%	[82.0221%, 83.6958%]
7785	82.87732820%	[82.0244%, 83.6979%]
7786	82.87952736%	[82.0267%, 83.7000%]
7787	82.88172595%	[82.0290%, 83.7021%]
7788	82.88392399%	[82.0312%, 83.7042%]
7789	82.88612145%	[82.0335%, 83.7063%]
7790	82.88831836%	[82.0358%, 83.7084%]
7791	82.89051470%	[82.0381%, 83.7105%]
7792	82.87987680%	[82.0273%, 83.7000%]
7793	82.86924163%	[82.0166%, 83.6895%]
7794	82.87143957%	[82.0189%, 83.6916%]
7795	82.87363695%	[82.0212%, 83.6937%]
7796	82.86300667%	[82.0104%, 83.6833%]
7797	82.86520457%	[82.0127%, 83.6854%]
7798	82.86740190%	[82.0150%, 83.6875%]
7799	82.86959867%	[82.0173%, 83.6896%]
7800	82.87179487%	[82.0196%, 83.6917%]
7801	82.87399051%	[82.0219%, 83.6938%]
7802	82.86336837%	[82.0111%, 83.6833%]
7803	82.86556453%	[82.0134%, 83.6854%]
7804	82.86776012%	[82.0157%, 83.6875%]
7805	82.86995516%	[82.0180%, 83.6896%]
7806	82.87214963%	[82.0203%, 83.6917%]
7807	82.87434354%	[82.0225%, 83.6938%]
7808	82.87653689%	[82.0248%, 83.6959%]
7809	82.86592393%	[82.0141%, 83.6855%]
7810	82.86811780%	[82.0164%, 83.6875%]
7811	82.87031110%	[82.0187%, 83.6896%]
7812	82.87250384%	[82.0209%, 83.6917%]
7813	82.87469602%	[82.0232%, 83.6938%]
7814	82.87688764%	[82.0255%, 83.6959%]
7815	82.87907869%	[82.0278%, 83.6980%]
7816	82.88126919%	[82.0301%, 83.7001%]
7817	82.88345913%	[82.0324%, 83.7022%]
7818	82.88564850%	[82.0347%, 83.7043%]
7819	82.88783732%	[82.0370%, 83.7064%]
7820	82.89002558%	[82.0392%, 83.7085%]
7821	82.89221327%	[82.0415%, 83.7106%]
7822	82.89440041%	[82.0438%, 83.7127%]
7823	82.89658699%	[82.0461%, 83.7148%]
7824	82.89877301%	[82.0484%, 83.7169%]
7825	82.90095847%	[82.0507%, 83.7190%]
7826	82.90314337%	[82.0529%, 83.7211%]
7827	82.90532771%	[82.0552%, 83.7231%]
7828	82.90751150%	[82.0575%, 83.7252%]
7829	82.89692170%	[82.0468%, 83.7148%]
7830	82.89910600%	[82.0490%, 83.7169%]
7831	82.90128975%	[82.0513%, 83.7190%]
7832	82.90347293%	[82.0536%, 83.7211%]
7833	82.89288906%	[82.0429%, 83.7106%]
7834	82.89507276%	[82.0452%, 83.7127%]
7835	82.89725590%	[82.0474%, 83.7148%]
7836	82.89943849%	[82.0497%, 83.7169%]
7837	82.90162052%	[82.0520%, 83.7190%]
7838	82.90380199%	[82.0543%, 83.7211%]
7839	82.90598291%	[82.0566%, 83.7232%]
7840	82.90816327%	[82.0588%, 83.7253%]
7841	82.91034307%	[82.0611%, 83.7273%]
7842	82.91252232%	[82.0634%, 83.7294%]
7843	82.90195078%	[82.0527%, 83.7190%]
7844	82.90413055%	[82.0549%, 83.7211%]
7845	82.90630975%	[82.0572%, 83.7232%]
7846	82.90848840%	[82.0595%, 83.7253%]
7847	82.91066650%	[82.0618%, 83.7274%]
7848	82.91284404%	[82.0640%, 83.7294%]
7849	82.91502102%	[82.0663%, 83.7315%]
7850	82.91719745%	[82.0686%, 83.7336%]
7851	82.91937333%	[82.0709%, 83.7357%]
7852	82.90881304%	[82.0602%, 83.7253%]
7853	82.91098943%	[82.0624%, 83.7274%]
7854	82.91316527%	[82.0647%, 83.7295%]
7855	82.91534055%	[82.0670%, 83.7315%]
7856	82.91751527%	[82.0692%, 83.7336%]
7857	82.91968945%	[82.0715%, 83.7357%]
7858	82.92186307%	[82.0738%, 83.7378%]
7859	82.92403614%	[82.0760%, 83.7399%]
7860	82.92620865%	[82.0783%, 83.7419%]
7861	82.92838061%	[82.0806%, 83.7440%]
7862	82.93055202%	[82.0829%, 83.7461%]
7863	82.93272288%	[82.0851%, 83.7482%]
7864	82.92217701%	[82.0744%, 83.7378%]
7865	82.92434838%	[82.0767%, 83.7399%]
7866	82.92651920%	[82.0790%, 83.7419%]
7867	82.92868946%	[82.0812%, 83.7440%]
7868	82.91814947%	[82.0705%, 83.7336%]
7869	82.92032024%	[82.0728%, 83.7357%]
7870	82.92249047%	[82.0751%, 83.7378%]
7871	82.92466014%	[82.0773%, 83.7399%]
7872	82.92682927%	[82.0796%, 83.7419%]
7873	82.92899784%	[82.0819%, 83.7440%]
7874	82.91846584%	[82.0712%, 83.7336%]
7875	82.92063492%	[82.0735%, 83.7357%]
7876	82.92280345%	[82.0757%, 83.7378%]
7877	82.92497144%	[82.0780%, 83.7399%]
7878	82.92713887%	[82.0803%, 83.7419%]
7879	82.92930575%	[82.0825%, 83.7440%]
7880	82.93147208%	[82.0848%, 83.7461%]
7881	82.93363786%	[82.0870%, 83.7481%]
7882	82.92311596%	[82.0764%, 83.7378%]
7883	82.92528225%	[82.0786%, 83.7399%]
7884	82.91476408%	[82.0680%, 83.7295%]
7885	82.91693088%	[82.0702%, 83.7316%]
7886	82.90641643%	[82.0596%, 83.7212%]
7887	82.90858375%	[82.0618%, 83.7233%]
7888	82.91075051%	[82.0641%, 83.7254%]
7889	82.91291672%	[82.0664%, 83.7274%]
7890	82.91508238%	[82.0686%, 83.7295%]
7891	82.91724750%	[82.0709%, 83.7316%]
7892	82.91941206%	[82.0731%, 83.7336%]
7893	82.92157608%	[82.0754%, 83.7357%]
7894	82.92373955%	[82.0777%, 83.7378%]
7895	82.92590247%	[82.0799%, 83.7399%]
7896	82.92806484%	[82.0822%, 83.7419%]
7897	82.93022667%	[82.0844%, 83.7440%]
7898	82.93238795%	[82.0867%, 83.7461%]
7899	82.93454868%	[82.0889%, 83.7481%]
7900	82.93670886%	[82.0912%, 83.7502%]
7901	82.93886850%	[82.0935%, 83.7523%]
7902	82.94102759%	[82.0957%, 83.7543%]
7903	82.94318613%	[82.0980%, 83.7564%]
7904	82.93269231%	[82.0873%, 83.7461%]
7905	82.93485136%	[82.0896%, 83.7481%]
7906	82.93700987%	[82.0918%, 83.7502%]
7907	82.93916783%	[82.0941%, 83.7523%]
7908	82.94132524%	[82.0963%, 83.7543%]
7909	82.94348211%	[82.0986%, 83.7564%]
7910	82.94563843%	[82.1008%, 83.7584%]
7911	82.94779421%	[82.1031%, 83.7605%]
7912	82.93731041%	[82.0925%, 83.7502%]
7913	82.92682927%	[82.0818%, 83.7399%]
7914	82.91635077%	[82.0712%, 83.7295%]
7915	82.90587492%	[82.0606%, 83.7192%]
7916	82.90803436%	[82.0629%, 83.7213%]
7917	82.91019326%	[82.0651%, 83.7233%]
7918	82.89972215%	[82.0545%, 83.7130%]
7919	82.90188155%	[82.0568%, 83.7151%]
7920	82.90404040%	[82.0590%, 83.7172%]
7921	82.90619871%	[82.0613%, 83.7192%]
7922	82.90835648%	[82.0635%, 83.7213%]
7923	82.91051369%	[82.0658%, 83.7234%]
7924	82.90005048%	[82.0552%, 83.7131%]
7925	82.90220820%	[82.0574%, 83.7151%]
7926	82.90436538%	[82.0597%, 83.7172%]
7927	82.90652201%	[82.0619%, 83.7192%]
7928	82.89606458%	[82.0513%, 83.7089%]
7929	82.88560979%	[82.0407%, 83.6986%]
7930	82.88776797%	[82.0430%, 83.7007%]
7931	82.88992561%	[82.0452%, 83.7028%]
7932	82.89208270%	[82.0475%, 83.7048%]
7933	82.89423925%	[82.0497%, 83.7069%]
7934	82.88379128%	[82.0391%, 83.6966%]
7935	82.88594833%	[82.0414%, 83.6987%]
7936	82.88810484%	[82.0436%, 83.7007%]
7937	82.89026080%	[82.0459%, 83.7028%]
7938	82.89241623%	[82.0481%, 83.7049%]
7939	82.89457110%	[82.0504%, 83.7069%]
7940	82.89672544%	[82.0526%, 83.7090%]
7941	82.89887923%	[82.0549%, 83.7111%]
7942	82.90103249%	[82.0571%, 83.7131%]
7943	82.89059549%	[82.0466%, 83.7028%]
7944	82.89274924%	[82.0488%, 83.7049%]
7945	82.89490245%	[82.0511%, 83.7070%]
7946	82.89705512%	[82.0533%, 83.7090%]
7947	82.88662388%	[82.0427%, 83.6987%]
7948	82.88877705%	[82.0450%, 83.7008%]
7949	82.89092968%	[82.0472%, 83.7029%]
7950	82.89308176%	[82.0495%, 83.7049%]
7951	82.88265627%	[82.0389%, 83.6946%]
7952	82.87223340%	[82.0283%, 83.6844%]
7953	82.87438702%	[82.0306%, 83.6864%]
7954	82.87654011%	[82.0328%, 83.6885%]
7955	82.87869265%	[82.0351%, 83.6906%]
7956	82.88084465%	[82.0373%, 83.6926%]
7957	82.88299610%	[82.0396%, 83.6947%]
7958	82.87258105%	[82.0290%, 83.6844%]
7959	82.87473301%	[82.0313%, 83.6865%]
7960	82.87688442%	[82.0335%, 83.6885%]
7961	82.87903530%	[82.0358%, 83.6906%]
7962	82.88118563%	[82.0380%, 83.6927%]
7963	82.88333543%	[82.0402%, 83.6947%]
7964	82.87292818%	[82.0297%, 83.6845%]
7965	82.87507847%	[82.0319%, 83.6865%]
7966	82.87722822%	[82.0342%, 83.6886%]
7967	82.87937743%	[82.0364%, 83.6906%]
7968	82.88152610%	[82.0387%, 83.6927%]
7969	82.88367424%	[82.0409%, 83.6947%]
7970	82.87327478%	[82.0304%, 83.6845%]
7971	82.86287793%	[82.0198%, 83.6743%]
7972	82.86502760%	[82.0221%, 83.6763%]
7973	82.86717672%	[82.0243%, 83.6784%]
7974	82.85678455%	[82.0138%, 83.6681%]
7975	82.85893417%	[82.0160%, 83.6702%]
7976	82.86108325%	[82.0183%, 83.6722%]
7977	82.86323179%	[82.0205%, 83.6743%]
7978	82.86537979%	[82.0228%, 83.6764%]
7979	82.86752726%	[82.0250%, 83.6784%]
7980	82.85714286%	[82.0145%, 83.6682%]
7981	82.84676106%	[82.0040%, 83.6580%]
7982	82.84891005%	[82.0062%, 83.6600%]
7983	82.85105850%	[82.0084%, 83.6621%]
7984	82.85320641%	[82.0107%, 83.6641%]
7985	82.85535379%	[82.0129%, 83.6662%]
7986	82.85750063%	[82.0152%, 83.6682%]
7987	82.85964693%	[82.0174%, 83.6703%]
7988	82.86179269%	[82.0196%, 83.6723%]
7989	82.86393791%	[82.0219%, 83.6744%]
7990	82.86608260%	[82.0241%, 83.6765%]
7991	82.86822676%	[82.0264%, 83.6785%]
7992	82.87037037%	[82.0286%, 83.6806%]
7993	82.87251345%	[82.0308%, 83.6826%]
7994	82.87465599%	[82.0331%, 83.6847%]
7995	82.87679800%	[82.0353%, 83.6867%]
7996	82.87893947%	[82.0375%, 83.6888%]
7997	82.88108041%	[82.0398%, 83.6908%]
7998	82.88322081%	[82.0420%, 83.6929%]
7999	82.88536067%	[82.0442%, 83.6949%]
8000	82.88750000%	[82.0465%, 83.6970%]
8001	82.88963880%	[82.0487%, 83.6990%]
8002	82.89177706%	[82.0509%, 83.7010%]
8003	82.89391478%	[82.0532%, 83.7031%]
8004	82.88355822%	[82.0427%, 83.6929%]
8005	82.88569644%	[82.0449%, 83.6949%]
8006	82.88783412%	[82.0471%, 83.6970%]
8007	82.88997128%	[82.0494%, 83.6990%]
8008	82.89210789%	[82.0516%, 83.7011%]
8009	82.89424398%	[82.0538%, 83.7031%]
8010	82.89637953%	[82.0561%, 83.7052%]
8011	82.89851454%	[82.0583%, 83.7072%]
8012	82.90064903%	[82.0605%, 83.7093%]
8013	82.90278298%	[82.0627%, 83.7113%]
8014	82.90491640%	[82.0650%, 83.7133%]
8015	82.90704928%	[82.0672%, 83.7154%]
8016	82.90918164%	[82.0694%, 83.7174%]
8017	82.91131346%	[82.0716%, 83.7195%]
8018	82.91344475%	[82.0739%, 83.7215%]
8019	82.91557551%	[82.0761%, 83.7235%]
8020	82.91770574%	[82.0783%, 83.7256%]
8021	82.91983543%	[82.0805%, 83.7276%]
8022	82.92196460%	[82.0828%, 83.7297%]
8023	82.92409323%	[82.0850%, 83.7317%]
8024	82.92622134%	[82.0872%, 83.7337%]
8025	82.92834891%	[82.0894%, 83.7358%]
8026	82.93047595%	[82.0916%, 83.7378%]
8027	82.93260247%	[82.0939%, 83.7398%]
8028	82.93472845%	[82.0961%, 83.7419%]
8029	82.92439905%	[82.0856%, 83.7317%]
8030	82.92652553%	[82.0878%, 83.7337%]
8031	82.92865148%	[82.0900%, 83.7358%]
8032	82.93077689%	[82.0923%, 83.7378%]
8033	82.93290178%	[82.0945%, 83.7398%]
8034	82.93502614%	[82.0967%, 83.7419%]
8035	82.93714997%	[82.0989%, 83.7439%]
8036	82.93927327%	[82.1011%, 83.7459%]
8037	82.94139604%	[82.1034%, 83.7480%]
8038	82.94351829%	[82.1056%, 83.7500%]
8039	82.94564000%	[82.1078%, 83.7520%]
8040	82.94776119%	[82.1100%, 83.7541%]
8041	82.94988186%	[82.1122%, 83.7561%]
8042	82.95200199%	[82.1144%, 83.7581%]
8043	82.95412160%	[82.1166%, 83.7601%]
8044	82.94380905%	[82.1062%, 83.7500%]
8045	82.94592915%	[82.1084%, 83.7520%]
8046	82.93562018%	[82.0979%, 83.7419%]
8047	82.93774077%	[82.1002%, 83.7439%]
8048	82.93986083%	[82.1024%, 83.7459%]
8049	82.94198037%	[82.1046%, 83.7479%]
8050	82.94409938%	[82.1068%, 83.7500%]
8051	82.93379704%	[82.0964%, 83.7398%]
8052	82.93591654%	[82.0986%, 83.7419%]
8053	82.93803551%	[82.1008%, 83.7439%]
8054	82.94015396%	[82.1030%, 83.7459%]
8055	82.94227188%	[82.1052%, 83.7479%]
8056	82.94438928%	[82.1074%, 83.7500%]
8057	82.93409458%	[82.0970%, 83.7398%]
8058	82.93621246%	[82.0992%, 83.7419%]
8059	82.93832982%	[82.1014%, 83.7439%]
8060	82.94044665%	[82.1036%, 83.7459%]
8061	82.94256296%	[82.1058%, 83.7479%]
8062	82.93227487%	[82.0954%, 83.7378%]
8063	82.93439167%	[82.0976%, 83.7398%]
8064	82.93650794%	[82.0998%, 83.7418%]
8065	82.93862368%	[82.1020%, 83.7439%]
8066	82.92834119%	[82.0916%, 83.7337%]
8067	82.93045742%	[82.0938%, 83.7358%]
8068	82.93257313%	[82.0960%, 83.7378%]
8069	82.92229520%	[82.0856%, 83.7277%]
8070	82.92441140%	[82.0878%, 83.7297%]
8071	82.92652707%	[82.0900%, 83.7317%]
8072	82.91625372%	[82.0796%, 83.7216%]
8073	82.91836987%	[82.0818%, 83.7236%]
8074	82.90810007%	[82.0714%, 83.7135%]
8075	82.91021672%	[82.0736%, 83.7155%]
8076	82.91233284%	[82.0758%, 83.7176%]
8077	82.91444843%	[82.0780%, 83.7196%]
8078	82.91656351%	[82.0802%, 83.7216%]
8079	82.91867805%	[82.0824%, 83.7236%]
8080	82.92079208%	[82.0846%, 83.7257%]
8081	82.91053087%	[82.0742%, 83.7155%]
8082	82.91264538%	[82.0764%, 83.7176%]
8083	82.91475937%	[82.0787%, 83.7196%]
8084	82.90450272%	[82.0683%, 83.7095%]
8085	82.90661719%	[82.0705%, 83.7115%]
8086	82.90873114%	[82.0727%, 83.7135%]
8087	82.91084457%	[82.0749%, 83.7156%]
8088	82.91295747%	[82.0771%, 83.7176%]
8089	82.91506985%	[82.0793%, 83.7196%]
8090	82.91718171%	[82.0815%, 83.7216%]
8091	82.91929304%	[82.0837%, 83.7237%]
8092	82.92140386%	[82.0859%, 83.7257%]
8093	82.92351415%	[82.0881%, 83.7277%]
8094	82.92562392%	[82.0903%, 83.7297%]
8095	82.92773317%	[82.0925%, 83.7317%]
8096	82.92984190%	[82.0947%, 83.7338%]
8097	82.93195010%	[82.0969%, 83.7358%]
8098	82.93405779%	[82.0991%, 83.7378%]
8099	82.93616496%	[82.1013%, 83.7398%]
8100	82.93827160%	[82.1035%, 83.7418%]
8101	82.94037773%	[82.1057%, 83.7438%]
8102	82.93014071%	[82.0953%, 83.7338%]
8103	82.91990621%	[82.0849%, 83.7237%]
8104	82.90967423%	[82.0746%, 83.7136%]
8105	82.91178285%	[82.0768%, 83.7156%]
8106	82.91389094%	[82.0790%, 83.7176%]
8107	82.91599852%	[82.0812%, 83.7196%]
8108	82.91810557%	[82.0834%, 83.7217%]
8109	82.92021211%	[82.0856%, 83.7237%]
8110	82.90998767%	[82.0752%, 83.7136%]
8111	82.89976575%	[82.0649%, 83.7035%]
8112	82.90187377%	[82.0671%, 83.7055%]
8113	82.90398126%	[82.0692%, 83.7076%]
8114	82.90608824%	[82.0714%, 83.7096%]
8115	82.90819470%	[82.0736%, 83.7116%]
8116	82.89797930%	[82.0633%, 83.7015%]
8117	82.88776642%	[82.0529%, 83.6915%]
8118	82.88987435%	[82.0551%, 83.6935%]
8119	82.89198177%	[82.0573%, 83.6955%]
8120	82.89408867%	[82.0595%, 83.6975%]
8121	82.89619505%	[82.0617%, 83.6995%]
8122	82.89830091%	[82.0639%, 83.7016%]
8123	82.88809553%	[82.0536%, 83.6915%]
8124	82.89020187%	[82.0558%, 83.6935%]
8125	82.88000000%	[82.0455%, 83.6835%]
8126	82.88210682%	[82.0477%, 83.6855%]
8127	82.88421312%	[82.0498%, 83.6875%]
8128	82.88631890%	[82.0520%, 83.6895%]
8129	82.88842416%	[82.0542%, 83.6915%]
8130	82.89052891%	[82.0564%, 83.6936%]
8131	82.88033452%	[82.0461%, 83.6835%]
8132	82.87014265%	[82.0358%, 83.6735%]
8133	82.87224886%	[82.0380%, 83.6755%]
8134	82.87435456%	[82.0402%, 83.6775%]
8135	82.87645974%	[82.0424%, 83.6795%]
8136	82.86627335%	[82.0320%, 83.6695%]
8137	82.86837901%	[82.0342%, 83.6715%]
8138	82.87048415%	[82.0364%, 83.6735%]
8139	82.86030225%	[82.0261%, 83.6635%]
8140	82.85012285%	[82.0158%, 83.6534%]
8141	82.85222946%	[82.0180%, 83.6555%]
8142	82.85433554%	[82.0202%, 83.6575%]
8143	82.84416063%	[82.0099%, 83.6475%]
8144	82.83398821%	[81.9996%, 83.6374%]
8145	82.83609576%	[82.0018%, 83.6394%]
8146	82.83820280%	[82.0040%, 83.6415%]
8147	82.84030932%	[82.0062%, 83.6435%]
8148	82.84241532%	[82.0084%, 83.6455%]
8149	82.84452080%	[82.0106%, 83.6475%]
8150	82.84662577%	[82.0128%, 83.6495%]
8151	82.84873022%	[82.0150%, 83.6515%]
8152	82.85083415%	[82.0172%, 83.6536%]
8153	82.85293757%	[82.0194%, 83.6556%]
8154	82.85504047%	[82.0215%, 83.6576%]
8155	82.85714286%	[82.0237%, 83.6596%]
8156	82.85924473%	[82.0259%, 83.6616%]
8157	82.86134608%	[82.0281%, 83.6636%]
8158	82.86344692%	[82.0303%, 83.6656%]
8159	82.85329084%	[82.0200%, 83.6556%]
8160	82.85539216%	[82.0222%, 83.6576%]
8161	82.84523955%	[82.0119%, 83.6476%]
8162	82.83508944%	[82.0016%, 83.6376%]
8163	82.83719221%	[82.0038%, 83.6397%]
8164	82.82704557%	[81.9936%, 83.6297%]
8165	82.82914881%	[81.9957%, 83.6317%]
8166	82.81900563%	[81.9855%, 83.6217%]
8167	82.82110934%	[81.9877%, 83.6237%]
8168	82.82321254%	[81.9899%, 83.6257%]
8169	82.82531522%	[81.9921%, 83.6277%]
8170	82.82741738%	[81.9942%, 83.6297%]
8171	82.82951903%	[81.9964%, 83.6317%]
8172	82.83162017%	[81.9986%, 83.6338%]
8173	82.83372079%	[82.0008%, 83.6358%]
8174	82.83582090%	[82.0030%, 83.6378%]
8175	82.83792049%	[82.0052%, 83.6398%]
8176	82.84001957%	[82.0074%, 83.6418%]
8177	82.84211814%	[82.0096%, 83.6438%]
8178	82.84421619%	[82.0118%, 83.6458%]
8179	82.84631373%	[82.0140%, 83.6478%]
8180	82.84841076%	[82.0161%, 83.6498%]
8181	82.85050727%	[82.0183%, 83.6518%]
8182	82.84038132%	[82.0081%, 83.6419%]
8183	82.84247831%	[82.0103%, 83.6439%]
8184	82.84457478%	[82.0124%, 83.6459%]
8185	82.84667074%	[82.0146%, 83.6479%]
8186	82.83655021%	[82.0044%, 83.6379%]
8187	82.83864663%	[82.0066%, 83.6399%]
8188	82.84074255%	[82.0087%, 83.6419%]
8189	82.84283795%	[82.0109%, 83.6439%]
8190	82.84493284%	[82.0131%, 83.6459%]
8191	82.83481870%	[82.0029%, 83.6360%]
8192	82.83691406%	[82.0051%, 83.6380%]
8193	82.83900891%	[82.0072%, 83.6400%]
8194	82.84110325%	[82.0094%, 83.6420%]
8195	82.84319707%	[82.0116%, 83.6440%]
8196	82.84529039%	[82.0138%, 83.6460%]
8197	82.83518360%	[82.0036%, 83.6361%]
8198	82.83727738%	[82.0057%, 83.6381%]
8199	82.83937065%	[82.0079%, 83.6401%]
8200	82.84146341%	[82.0101%, 83.6421%]
8201	82.84355566%	[82.0123%, 83.6441%]
8202	82.84564740%	[82.0145%, 83.6461%]
8203	82.84773863%	[82.0166%, 83.6481%]
8204	82.84982935%	[82.0188%, 83.6501%]
8205	82.83973187%	[82.0086%, 83.6401%]
8206	82.84182306%	[82.0108%, 83.6421%]
8207	82.84391373%	[82.0130%, 83.6441%]
8208	82.84600390%	[82.0151%, 83.6461%]
8209	82.83591180%	[82.0049%, 83.6362%]
8210	82.83800244%	[82.0071%, 83.6382%]
8211	82.82791377%	[81.9969%, 83.6283%]
8212	82.83000487%	[81.9991%, 83.6303%]
8213	82.83209546%	[82.0012%, 83.6323%]
8214	82.83418554%	[82.0034%, 83.6343%]
8215	82.82410225%	[81.9932%, 83.6243%]
8216	82.82619279%	[81.9954%, 83.6263%]
8217	82.82828283%	[81.9976%, 83.6283%]
8218	82.83037235%	[81.9997%, 83.6303%]
8219	82.83246137%	[82.0019%, 83.6323%]
8220	82.83454988%	[82.0041%, 83.6343%]
8221	82.82447391%	[81.9939%, 83.6244%]
8222	82.82656288%	[81.9961%, 83.6264%]
8223	82.82865134%	[81.9982%, 83.6284%]
8224	82.83073930%	[82.0004%, 83.6304%]
8225	82.83282675%	[82.0026%, 83.6324%]
8226	82.83491369%	[82.0048%, 83.6344%]
8227	82.83700012%	[82.0069%, 83.6364%]
8228	82.82693243%	[81.9967%, 83.6265%]
8229	82.82901932%	[81.9989%, 83.6285%]
8230	82.83110571%	[82.0011%, 83.6305%]
8231	82.82104240%	[81.9909%, 83.6206%]
8232	82.82312925%	[81.9931%, 83.6226%]
8233	82.81306936%	[81.9829%, 83.6126%]
8234	82.81515667%	[81.9851%, 83.6146%]
8235	82.81724347%	[81.9872%, 83.6166%]
8236	82.81932977%	[81.9894%, 83.6186%]
8237	82.82141556%	[81.9916%, 83.6206%]
8238	82.82350085%	[81.9938%, 83.6226%]
8239	82.82558563%	[81.9959%, 83.6246%]
8240	82.82766990%	[81.9981%, 83.6266%]
8241	82.81761922%	[81.9879%, 83.6167%]
8242	82.81970396%	[81.9901%, 83.6187%]
8243	82.82178818%	[81.9923%, 83.6207%]
8244	82.82387191%	[81.9945%, 83.6227%]
8245	82.82595512%	[81.9966%, 83.6247%]
8246	82.82803784%	[81.9988%, 83.6267%]
8247	82.83012004%	[82.0010%, 83.6287%]
8248	82.83220175%	[82.0031%, 83.6307%]
8249	82.83428294%	[82.0053%, 83.6327%]
8250	82.83636364%	[82.0075%, 83.6347%]
8251	82.83844382%	[82.0096%, 83.6367%]
8252	82.84052351%	[82.0118%, 83.6387%]
8253	82.83048588%	[82.0016%, 83.6288%]
8254	82.83256603%	[82.0038%, 83.6308%]
8255	82.83464567%	[82.0060%, 83.6328%]
8256	82.83672481%	[82.0082%, 83.6348%]
8257	82.83880344%	[82.0103%, 83.6367%]
8258	82.82877210%	[82.0002%, 83.6269%]
8259	82.83085119%	[82.0023%, 83.6288%]
8260	82.83292978%	[82.0045%, 83.6308%]
8261	82.82290280%	[81.9943%, 83.6210%]
8262	82.82498184%	[81.9965%, 83.6230%]
8263	82.82706039%	[81.9987%, 83.6249%]
8264	82.82913843%	[82.0008%, 83.6269%]
8265	82.83121597%	[82.0030%, 83.6289%]
8266	82.83329301%	[82.0052%, 83.6309%]
8267	82.82327326%	[81.9950%, 83.6210%]
8268	82.81325593%	[81.9849%, 83.6112%]
8269	82.81533438%	[81.9870%, 83.6132%]
8270	82.80532044%	[81.9769%, 83.6033%]
8271	82.79530891%	[81.9667%, 83.5934%]
8272	82.79738878%	[81.9689%, 83.5954%]
8273	82.79946815%	[81.9711%, 83.5974%]
8274	82.80154701%	[81.9733%, 83.5994%]
8275	82.79154079%	[81.9631%, 83.5895%]
8276	82.79362011%	[81.9653%, 83.5915%]
8277	82.79569892%	[81.9674%, 83.5935%]
8278	82.79777724%	[81.9696%, 83.5955%]
8279	82.79985505%	[81.9718%, 83.5975%]
8280	82.80193237%	[81.9739%, 83.5995%]
8281	82.80400918%	[81.9761%, 83.6015%]
8282	82.80608549%	[81.9783%, 83.6035%]
8283	82.80816129%	[81.9804%, 83.6055%]
8284	82.81023660%	[81.9826%, 83.6074%]
8285	82.81231141%	[81.9848%, 83.6094%]
8286	82.81438571%	[81.9869%, 83.6114%]
8287	82.81645951%	[81.9891%, 83.6134%]
8288	82.81853282%	[81.9913%, 83.6154%]
8289	82.82060562%	[81.9934%, 83.6174%]
8290	82.82267793%	[81.9956%, 83.6194%]
8291	82.81268846%	[81.9855%, 83.6095%]
8292	82.80270140%	[81.9753%, 83.5997%]
8293	82.80477511%	[81.9775%, 83.6017%]
8294	82.80684832%	[81.9797%, 83.6037%]
8295	82.80892104%	[81.9818%, 83.6056%]
8296	82.81099325%	[81.9840%, 83.6076%]
8297	82.81306496%	[81.9861%, 83.6096%]
8298	82.80308508%	[81.9760%, 83.5998%]
8299	82.80515725%	[81.9782%, 83.6018%]
8300	82.80722892%	[81.9804%, 83.6037%]
8301	82.80930008%	[81.9825%, 83.6057%]
8302	82.81137075%	[81.9847%, 83.6077%]
8303	82.81344092%	[81.9868%, 83.6097%]
8304	82.81551060%	[81.9890%, 83.6117%]
8305	82.81757977%	[81.9912%, 83.6137%]
8306	82.81964845%	[81.9933%, 83.6156%]
8307	82.82171662%	[81.9955%, 83.6176%]
8308	82.82378430%	[81.9976%, 83.6196%]
8309	82.82585149%	[81.9998%, 83.6216%]
8310	82.81588448%	[81.9897%, 83.6118%]
8311	82.81795211%	[81.9918%, 83.6137%]
8312	82.80798845%	[81.9817%, 83.6039%]
8313	82.81005654%	[81.9839%, 83.6059%]
8314	82.81212413%	[81.9861%, 83.6079%]
8315	82.80216476%	[81.9760%, 83.5981%]
8316	82.80423280%	[81.9781%, 83.6001%]
8317	82.80630035%	[81.9803%, 83.6020%]
8318	82.80836740%	[81.9824%, 83.6040%]
8319	82.81043395%	[81.9846%, 83.6060%]
8320	82.81250000%	[81.9867%, 83.6080%]
8321	82.81456556%	[81.9889%, 83.6100%]
8322	82.81663062%	[81.9910%, 83.6119%]
8323	82.81869518%	[81.9932%, 83.6139%]
8324	82.82075925%	[81.9954%, 83.6159%]
8325	82.82282282%	[81.9975%, 83.6179%]
8326	82.82488590%	[81.9997%, 83.6198%]
8327	82.82694848%	[82.0018%, 83.6218%]
8328	82.82901057%	[82.0040%, 83.6238%]
8329	82.83107216%	[82.0061%, 83.6258%]
8330	82.83313325%	[82.0083%, 83.6277%]
8331	82.83519385%	[82.0104%, 83.6297%]
8332	82.82525204%	[82.0003%, 83.6199%]
8333	82.82731309%	[82.0025%, 83.6219%]
8334	82.82937365%	[82.0046%, 83.6239%]
8335	82.83143371%	[82.0068%, 83.6258%]
8336	82.83349328%	[82.0089%, 83.6278%]
8337	82.83555236%	[82.0111%, 83.6298%]
8338	82.83761094%	[82.0132%, 83.6318%]
8339	82.83966903%	[82.0154%, 83.6337%]
8340	82.84172662%	[82.0175%, 83.6357%]
8341	82.84378372%	[82.0197%, 83.6377%]
8342	82.84584033%	[82.0218%, 83.6396%]
8343	82.84789644%	[82.0239%, 83.6416%]
8344	82.84995206%	[82.0261%, 83.6436%]
8345	82.84002397%	[82.0160%, 83.6338%]
8346	82.84208004%	[82.0182%, 83.6358%]
8347	82.84413562%	[82.0203%, 83.6377%]
8348	82.84619070%	[82.0225%, 83.6397%]
8349	82.83626782%	[82.0124%, 83.6299%]
8350	82.83832335%	[82.0145%, 83.6319%]
8351	82.82840378%	[82.0045%, 83.6221%]
8352	82.83045977%	[82.0066%, 83.6241%]
8353	82.83251526%	[82.0088%, 83.6261%]
8354	82.83457027%	[82.0109%, 83.6280%]
8355	82.83662478%	[82.0131%, 83.6300%]
8356	82.82671135%	[82.0030%, 83.6202%]
8357	82.82876630%	[82.0052%, 83.6222%]
8358	82.83082077%	[82.0073%, 83.6242%]
8359	82.83287475%	[82.0094%, 83.6261%]
8360	82.82296651%	[81.9994%, 83.6164%]
8361	82.82502093%	[82.0016%, 83.6183%]
8362	82.82707486%	[82.0037%, 83.6203%]
8363	82.81717087%	[81.9937%, 83.6105%]
8364	82.81922525%	[81.9958%, 83.6125%]
8365	82.82127914%	[81.9979%, 83.6145%]
8366	82.82333254%	[82.0001%, 83.6165%]
8367	82.82538544%	[82.0022%, 83.6184%]
8368	82.82743786%	[82.0044%, 83.6204%]
8369	82.82948978%	[82.0065%, 83.6224%]
8370	82.83154122%	[82.0086%, 83.6243%]
8371	82.83359216%	[82.0108%, 83.6263%]
8372	82.83564262%	[82.0129%, 83.6282%]
8373	82.82574943%	[82.0029%, 83.6185%]
8374	82.82780033%	[82.0050%, 83.6205%]
8375	82.82985075%	[82.0072%, 83.6224%]
8376	82.83190067%	[82.0093%, 83.6244%]
8377	82.82201265%	[81.9993%, 83.6146%]
8378	82.82406302%	[82.0014%, 83.6166%]
8379	82.82611290%	[82.0036%, 83.6186%]
8380	82.82816229%	[82.0057%, 83.6205%]
8381	82.81827944%	[81.9957%, 83.6108%]
8382	82.82032928%	[81.9978%, 83.6128%]
8383	82.82237862%	[82.0000%, 83.6147%]
8384	82.81250000%	[81.9900%, 83.6050%]
8385	82.81454979%	[81.9921%, 83.6070%]
8386	82.80467446%	[81.9821%, 83.5972%]
8387	82.80672469%	[81.9842%, 83.5992%]
8388	82.79685265%	[81.9742%, 83.5895%]
8389	82.79890333%	[81.9764%, 83.5914%]
8390	82.80095352%	[81.9785%, 83.5934%]
8391	82.80300322%	[81.9806%, 83.5954%]
8392	82.80505243%	[81.9828%, 83.5973%]
8393	82.79518646%	[81.9728%, 83.5876%]
8394	82.79723612%	[81.9749%, 83.5896%]
8395	82.79928529%	[81.9770%, 83.5915%]
8396	82.80133397%	[81.9792%, 83.5935%]
8397	82.80338216%	[81.9813%, 83.5954%]
8398	82.80542986%	[81.9835%, 83.5974%]
8399	82.80747708%	[81.9856%, 83.5994%]
8400	82.80952381%	[81.9877%, 83.6013%]
8401	82.81157005%	[81.9899%, 83.6033%]
8402	82.81361581%	[81.9920%, 83.6053%]
8403	82.81566107%	[81.9941%, 83.6072%]
8404	82.81770585%	[81.9963%, 83.6092%]
8405	82.81975015%	[81.9984%, 83.6111%]
8406	82.82179396%	[82.0005%, 83.6131%]
8407	82.82383728%	[82.0026%, 83.6150%]
8408	82.82588011%	[82.0048%, 83.6170%]
8409	82.82792246%	[82.0069%, 83.6190%]
8410	82.82996433%	[82.0090%, 83.6209%]
8411	82.83200571%	[82.0112%, 83.6229%]
8412	82.82215882%	[82.0012%, 83.6132%]
8413	82.82420064%	[82.0033%, 83.6151%]
8414	82.82624198%	[82.0054%, 83.6171%]
8415	82.81639929%	[81.9955%, 83.6074%]
8416	82.81844106%	[81.9976%, 83.6093%]
8417	82.82048236%	[81.9997%, 83.6113%]
8418	82.82252316%	[82.0019%, 83.6133%]
8419	82.82456349%	[82.0040%, 83.6152%]
8420	82.82660333%	[82.0061%, 83.6172%]
8421	82.82864268%	[82.0082%, 83.6191%]
8422	82.83068155%	[82.0104%, 83.6211%]
8423	82.83271993%	[82.0125%, 83.6230%]
8424	82.83475783%	[82.0146%, 83.6250%]
8425	82.82492582%	[82.0046%, 83.6153%]
8426	82.82696416%	[82.0068%, 83.6172%]
8427	82.81713540%	[81.9968%, 83.6076%]
8428	82.81917418%	[81.9989%, 83.6095%]
8429	82.82121248%	[82.0011%, 83.6115%]
8430	82.82325030%	[82.0032%, 83.6134%]
8431	82.82528763%	[82.0053%, 83.6154%]
8432	82.82732448%	[82.0074%, 83.6173%]
8433	82.81750267%	[81.9975%, 83.6076%]
8434	82.81953996%	[81.9996%, 83.6096%]
8435	82.82157676%	[82.0017%, 83.6115%]
8436	82.82361309%	[82.0039%, 83.6135%]
8437	82.82564893%	[82.0060%, 83.6154%]
8438	82.82768429%	[82.0081%, 83.6174%]
8439	82.82971916%	[82.0102%, 83.6193%]
8440	82.83175355%	[82.0123%, 83.6213%]
8441	82.83378747%	[82.0145%, 83.6232%]
8442	82.83582090%	[82.0166%, 83.6252%]
8443	82.83785384%	[82.0187%, 83.6271%]
8444	82.83988631%	[82.0208%, 83.6291%]
8445	82.83007697%	[82.0109%, 83.6194%]
8446	82.83210987%	[82.0130%, 83.6214%]
8447	82.83414230%	[82.0151%, 83.6233%]
8448	82.82433712%	[82.0052%, 83.6137%]
8449	82.82636998%	[82.0073%, 83.6156%]
8450	82.81656805%	[81.9974%, 83.6059%]
8451	82.81860135%	[81.9995%, 83.6079%]
8452	82.82063417%	[82.0016%, 83.6098%]
8453	82.82266651%	[82.0037%, 83.6118%]
8454	82.82469837%	[82.0058%, 83.6137%]
8455	82.82672975%	[82.0080%, 83.6157%]
8456	82.82876064%	[82.0101%, 83.6176%]
8457	82.83079106%	[82.0122%, 83.6196%]
8458	82.83282100%	[82.0143%, 83.6215%]
8459	82.83485046%	[82.0164%, 83.6235%]
8460	82.83687943%	[82.0185%, 83.6254%]
8461	82.83890793%	[82.0207%, 83.6274%]
8462	82.84093595%	[82.0228%, 83.6293%]
8463	82.84296349%	[82.0249%, 83.6312%]
8464	82.84499055%	[82.0270%, 83.6332%]
8465	82.83520378%	[82.0171%, 83.6235%]
8466	82.83723128%	[82.0192%, 83.6255%]
8467	82.83925830%	[82.0213%, 83.6274%]
8468	82.84128484%	[82.0234%, 83.6294%]
8469	82.83150313%	[82.0135%, 83.6197%]
8470	82.83353011%	[82.0156%, 83.6217%]
8471	82.82375162%	[82.0057%, 83.6120%]
8472	82.82577904%	[82.0078%, 83.6140%]
8473	82.82780597%	[82.0099%, 83.6159%]
8474	82.82983243%	[82.0121%, 83.6179%]
8475	82.83185841%	[82.0142%, 83.6198%]
8476	82.83388391%	[82.0163%, 83.6217%]
8477	82.83590893%	[82.0184%, 83.6237%]
8478	82.83793347%	[82.0205%, 83.6256%]
8479	82.83995754%	[82.0226%, 83.6276%]
8480	82.84198113%	[82.0247%, 83.6295%]
8481	82.83221318%	[82.0148%, 83.6199%]
8482	82.83423721%	[82.0169%, 83.6218%]
8483	82.83626076%	[82.0190%, 83.6238%]
8484	82.83828383%	[82.0212%, 83.6257%]
8485	82.84030642%	[82.0233%, 83.6276%]
8486	82.84232854%	[82.0254%, 83.6296%]
8487	82.84435018%	[82.0275%, 83.6315%]
8488	82.84637135%	[82.0296%, 83.6334%]
8489	82.84839204%	[82.0317%, 83.6354%]
8490	82.85041225%	[82.0338%, 83.6373%]
8491	82.84065481%	[82.0239%, 83.6277%]
8492	82.84267546%	[82.0260%, 83.6296%]
8493	82.84469563%	[82.0281%, 83.6316%]
8494	82.84671533%	[82.0302%, 83.6335%]
8495	82.84873455%	[82.0323%, 83.6354%]
8496	82.85075330%	[82.0344%, 83.6374%]
8497	82.85277157%	[82.0365%, 83.6393%]
8498	82.85478936%	[82.0386%, 83.6412%]
8499	82.85680668%	[82.0407%, 83.6432%]
8500	82.85882353%	[82.0428%, 83.6451%]
8501	82.86083990%	[82.0449%, 83.6470%]
8502	82.86285580%	[82.0470%, 83.6490%]
8503	82.86487122%	[82.0492%, 83.6509%]
8504	82.86688617%	[82.0513%, 83.6528%]
8505	82.85714286%	[82.0414%, 83.6432%]
8506	82.84740183%	[82.0315%, 83.6336%]
8507	82.84941813%	[82.0336%, 83.6356%]
8508	82.85143394%	[82.0357%, 83.6375%]
8509	82.85344929%	[82.0378%, 83.6394%]
8510	82.85546416%	[82.0399%, 83.6414%]
8511	82.85747856%	[82.0420%, 83.6433%]
8512	82.85949248%	[82.0441%, 83.6452%]
8513	82.86150593%	[82.0462%, 83.6472%]
8514	82.86351891%	[82.0483%, 83.6491%]
8515	82.86553142%	[82.0504%, 83.6510%]
8516	82.86754345%	[82.0525%, 83.6529%]
8517	82.86955501%	[82.0546%, 83.6549%]
8518	82.87156610%	[82.0567%, 83.6568%]
8519	82.87357671%	[82.0588%, 83.6587%]
8520	82.86384977%	[82.0489%, 83.6491%]
8521	82.86586081%	[82.0510%, 83.6511%]
8522	82.86787139%	[82.0531%, 83.6530%]
8523	82.86988150%	[82.0552%, 83.6549%]
8524	82.87189113%	[82.0573%, 83.6568%]
8525	82.86217009%	[82.0475%, 83.6473%]
8526	82.86418015%	[82.0496%, 83.6492%]
8527	82.86618975%	[82.0517%, 83.6511%]
8528	82.86819887%	[82.0538%, 83.6530%]
8529	82.85848282%	[82.0439%, 83.6435%]
8530	82.86049238%	[82.0460%, 83.6454%]
8531	82.86250147%	[82.0481%, 83.6473%]
8532	82.85278950%	[82.0383%, 83.6377%]
8533	82.85479902%	[82.0404%, 83.6397%]
8534	82.85680806%	[82.0425%, 83.6416%]
8535	82.85881664%	[82.0445%, 83.6435%]
8536	82.86082474%	[82.0466%, 83.6454%]
8537	82.85111866%	[82.0368%, 83.6359%]
8538	82.84141485%	[82.0270%, 83.6263%]
8539	82.84342429%	[82.0291%, 83.6282%]
8540	82.84543326%	[82.0312%, 83.6302%]
8541	82.83573352%	[82.0213%, 83.6206%]
8542	82.83774292%	[82.0234%, 83.6225%]
8543	82.82804635%	[82.0136%, 83.6130%]
8544	82.83005618%	[82.0157%, 83.6149%]
8545	82.83206554%	[82.0178%, 83.6168%]
8546	82.82237304%	[82.0080%, 83.6073%]
8547	82.81268281%	[81.9982%, 83.5977%]
8548	82.81469350%	[82.0003%, 83.5996%]
8549	82.81670371%	[82.0024%, 83.6016%]
8550	82.81871345%	[82.0044%, 83.6035%]
8551	82.82072272%	[82.0065%, 83.6054%]
8552	82.82273152%	[82.0086%, 83.6074%]
8553	82.82473986%	[82.0107%, 83.6093%]
8554	82.82674772%	[82.0128%, 83.6112%]
8555	82.82875511%	[82.0149%, 83.6131%]
8556	82.83076204%	[82.0170%, 83.6151%]
8557	82.83276849%	[82.0191%, 83.6170%]
8558	82.83477448%	[82.0212%, 83.6189%]
8559	82.83678000%	[82.0233%, 83.6208%]
8560	82.83878505%	[82.0254%, 83.6227%]
8561	82.82910875%	[82.0156%, 83.6132%]
8562	82.83111423%	[82.0177%, 83.6151%]
8563	82.82144108%	[82.0079%, 83.6056%]
8564	82.82344699%	[82.0099%, 83.6075%]
8565	82.81377700%	[82.0001%, 83.5980%]
8566	82.81578333%	[82.0022%, 83.5999%]
8567	82.81778919%	[82.0043%, 83.6018%]
8568	82.81979458%	[82.0064%, 83.6038%]
8569	82.82179951%	[82.0085%, 83.6057%]
8570	82.82380397%	[82.0106%, 83.6076%]
8571	82.81414071%	[82.0008%, 83.5981%]
8572	82.80447970%	[81.9910%, 83.5885%]
8573	82.80648548%	[81.9931%, 83.5905%]
8574	82.80849079%	[81.9952%, 83.5924%]
8575	82.81049563%	[81.9973%, 83.5943%]
8576	82.81250000%	[81.9994%, 83.5962%]
8577	82.81450391%	[82.0015%, 83.5982%]
8578	82.81650734%	[82.0036%, 83.6001%]
8579	82.80685395%	[81.9938%, 83.5906%]
8580	82.80885781%	[81.9959%, 83.5925%]
8581	82.81086120%	[81.9980%, 83.5944%]
8582	82.80121184%	[81.9882%, 83.5849%]
8583	82.80321566%	[81.9903%, 83.5868%]
8584	82.80521901%	[81.9924%, 83.5887%]
8585	82.80722190%	[81.9944%, 83.5907%]
8586	82.80922432%	[81.9965%, 83.5926%]
8587	82.81122627%	[81.9986%, 83.5945%]
8588	82.81322776%	[82.0007%, 83.5964%]
8589	82.81522878%	[82.0028%, 83.5983%]
8590	82.81722934%	[82.0049%, 83.6003%]
8591	82.80758934%	[81.9951%, 83.5907%]
8592	82.79795158%	[81.9853%, 83.5812%]
8593	82.79995345%	[81.9874%, 83.5832%]
8594	82.80195485%	[81.9895%, 83.5851%]
8595	82.80395579%	[81.9916%, 83.5870%]
8596	82.80595626%	[81.9937%, 83.5889%]
8597	82.80795626%	[81.9958%, 83.5908%]
8598	82.80995580%	[81.9978%, 83.5928%]
8599	82.81195488%	[81.9999%, 83.5947%]
8600	82.81395349%	[82.0020%, 83.5966%]
8601	82.81595163%	[82.0041%, 83.5985%]
8602	82.81794931%	[82.0062%, 83.6004%]
8603	82.81994653%	[82.0083%, 83.6023%]
8604	82.82194328%	[82.0103%, 83.6043%]
8605	82.82393957%	[82.0124%, 83.6062%]
8606	82.82593539%	[82.0145%, 83.6081%]
8607	82.82793075%	[82.0166%, 83.6100%]
8608	82.82992565%	[82.0187%, 83.6119%]
8609	82.83192008%	[82.0207%, 83.6138%]
8610	82.83391405%	[82.0228%, 83.6157%]
8611	82.83590756%	[82.0249%, 83.6176%]
8612	82.83790060%	[82.0270%, 83.6196%]
8613	82.82828283%	[82.0172%, 83.6101%]
8614	82.83027629%	[82.0193%, 83.6120%]
8615	82.83226930%	[82.0214%, 83.6139%]
8616	82.83426184%	[82.0235%, 83.6158%]
8617	82.82464895%	[82.0137%, 83.6063%]
8618	82.82664191%	[82.0158%, 83.6082%]
8619	82.82863441%	[82.0179%, 83.6101%]
8620	82.83062645%	[82.0199%, 83.6121%]
8621	82.83261803%	[82.0220%, 83.6140%]
8622	82.82301090%	[82.0123%, 83.6045%]
8623	82.82500290%	[82.0144%, 83.6064%]
8624	82.82699443%	[82.0164%, 83.6083%]
8625	82.82898551%	[82.0185%, 83.6102%]
8626	82.83097612%	[82.0206%, 83.6121%]
8627	82.83296627%	[82.0227%, 83.6140%]
8628	82.83495596%	[82.0247%, 83.6160%]
8629	82.83694518%	[82.0268%, 83.6179%]
8630	82.83893395%	[82.0289%, 83.6198%]
8631	82.84092226%	[82.0310%, 83.6217%]
8632	82.84291010%	[82.0330%, 83.6236%]
8633	82.84489749%	[82.0351%, 83.6255%]
8634	82.84688441%	[82.0372%, 83.6274%]
8635	82.84887087%	[82.0392%, 83.6293%]
8636	82.85085688%	[82.0413%, 83.6312%]
8637	82.85284242%	[82.0434%, 83.6331%]
8638	82.85482751%	[82.0454%, 83.6350%]
8639	82.85681213%	[82.0475%, 83.6369%]
8640	82.84722222%	[82.0378%, 83.6275%]
8641	82.84920727%	[82.0399%, 83.6294%]
8642	82.85119185%	[82.0419%, 83.6313%]
8643	82.84160592%	[82.0322%, 83.6218%]
8644	82.84359093%	[82.0343%, 83.6237%]
8645	82.84557548%	[82.0364%, 83.6256%]
8646	82.84755957%	[82.0384%, 83.6275%]
8647	82.84954319%	[82.0405%, 83.6294%]
8648	82.85152636%	[82.0426%, 83.6313%]
8649	82.84194705%	[82.0329%, 83.6219%]
8650	82.84393064%	[82.0349%, 83.6238%]
8651	82.83435441%	[82.0252%, 83.6143%]
8652	82.83633842%	[82.0273%, 83.6162%]
8653	82.83832197%	[82.0294%, 83.6181%]
8654	82.84030506%	[82.0314%, 83.6200%]
8655	82.84228769%	[82.0335%, 83.6219%]
8656	82.84426987%	[82.0356%, 83.6238%]
8657	82.83470024%	[82.0259%, 83.6144%]
8658	82.83668284%	[82.0279%, 83.6163%]
8659	82.83866497%	[82.0300%, 83.6182%]
8660	82.84064665%	[82.0321%, 83.6201%]
8661	82.84262787%	[82.0341%, 83.6220%]
8662	82.83306396%	[82.0244%, 83.6126%]
8663	82.82350225%	[82.0147%, 83.6032%]
8664	82.82548476%	[82.0168%, 83.6051%]
8665	82.82746682%	[82.0189%, 83.6070%]
8666	82.82944842%	[82.0209%, 83.6089%]
8667	82.81989154%	[82.0113%, 83.5994%]
8668	82.82187356%	[82.0133%, 83.6013%]
8669	82.82385512%	[82.0154%, 83.6032%]
8670	82.82583622%	[82.0175%, 83.6051%]
8671	82.82781686%	[82.0195%, 83.6070%]
8672	82.81826568%	[82.0098%, 83.5976%]
8673	82.82024674%	[82.0119%, 83.5995%]
8674	82.81069864%	[82.0022%, 83.5901%]
8675	82.81268012%	[82.0043%, 83.5920%]
8676	82.81466113%	[82.0064%, 83.5939%]
8677	82.81664170%	[82.0084%, 83.5958%]
8678	82.81862180%	[82.0105%, 83.5977%]
8679	82.82060145%	[82.0126%, 83.5996%]
8680	82.82258065%	[82.0146%, 83.6015%]
8681	82.82455938%	[82.0167%, 83.6034%]
8682	82.82653766%	[82.0187%, 83.6053%]
8683	82.82851549%	[82.0208%, 83.6072%]
8684	82.83049286%	[82.0229%, 83.6091%]
8685	82.83246978%	[82.0249%, 83.6110%]
8686	82.83444624%	[82.0270%, 83.6129%]
8687	82.82491079%	[82.0173%, 83.6035%]
8688	82.82688766%	[82.0194%, 83.6054%]
8689	82.82886408%	[82.0214%, 83.6073%]
8690	82.83084005%	[82.0235%, 83.6092%]
8691	82.83281556%	[82.0256%, 83.6111%]
8692	82.83479061%	[82.0276%, 83.6130%]
8693	82.82526170%	[82.0180%, 83.6036%]
8694	82.82723718%	[82.0200%, 83.6055%]
8695	82.82921219%	[82.0221%, 83.6074%]
8696	82.83118675%	[82.0241%, 83.6093%]
8697	82.82166264%	[82.0145%, 83.5999%]
8698	82.82363762%	[82.0165%, 83.6018%]
8699	82.82561214%	[82.0186%, 83.6036%]
8700	82.82758621%	[82.0207%, 83.6055%]
8701	82.82955982%	[82.0227%, 83.6074%]
8702	82.83153298%	[82.0248%, 83.6093%]
8703	82.83350569%	[82.0268%, 83.6112%]
8704	82.83547794%	[82.0289%, 83.6131%]
8705	82.83744974%	[82.0309%, 83.6150%]
8706	82.83942109%	[82.0330%, 83.6169%]
8707	82.84139198%	[82.0350%, 83.6188%]
8708	82.84336243%	[82.0371%, 83.6207%]
8709	82.84533241%	[82.0391%, 83.6226%]
8710	82.83582090%	[82.0295%, 83.6132%]
8711	82.82631156%	[82.0199%, 83.6038%]
8712	82.81680441%	[82.0102%, 83.5944%]
8713	82.81877654%	[82.0123%, 83.5963%]
8714	82.82074822%	[82.0144%, 83.5982%]
8715	82.82271945%	[82.0164%, 83.6001%]
8716	82.82469022%	[82.0185%, 83.6020%]
8717	82.82666055%	[82.0205%, 83.6039%]
8718	82.82863042%	[82.0226%, 83.6058%]
8719	82.83059984%	[82.0246%, 83.6077%]
8720	82.83256881%	[82.0267%, 83.6096%]
8721	82.83453732%	[82.0287%, 83.6114%]
8722	82.83650539%	[82.0308%, 83.6133%]
8723	82.83847300%	[82.0328%, 83.6152%]
8724	82.84044017%	[82.0349%, 83.6171%]
8725	82.84240688%	[82.0369%, 83.6190%]
8726	82.84437314%	[82.0390%, 83.6209%]
8727	82.84633895%	[82.0410%, 83.6228%]
8728	82.84830431%	[82.0431%, 83.6246%]
8729	82.83881315%	[82.0334%, 83.6153%]
8730	82.82932417%	[82.0238%, 83.6059%]
8731	82.81983736%	[82.0142%, 83.5966%]
8732	82.82180486%	[82.0163%, 83.5985%]
8733	82.82377190%	[82.0183%, 83.6004%]
8734	82.81428899%	[82.0087%, 83.5910%]
8735	82.81625644%	[82.0108%, 83.5929%]
8736	82.80677656%	[82.0012%, 83.5835%]
8737	82.79729884%	[81.9916%, 83.5742%]
8738	82.79926757%	[81.9936%, 83.5761%]
8739	82.80123584%	[81.9957%, 83.5780%]
8740	82.80320366%	[81.9977%, 83.5799%]
8741	82.80517103%	[81.9998%, 83.5818%]
8742	82.80713795%	[82.0018%, 83.5836%]
8743	82.80910443%	[82.0039%, 83.5855%]
8744	82.81107045%	[82.0059%, 83.5874%]
8745	82.81303602%	[82.0080%, 83.5893%]
8746	82.81500114%	[82.0100%, 83.5912%]
8747	82.81696582%	[82.0121%, 83.5931%]
8748	82.81893004%	[82.0141%, 83.5949%]
8749	82.82089382%	[82.0161%, 83.5968%]
8750	82.82285714%	[82.0182%, 83.5987%]
8751	82.82482002%	[82.0202%, 83.6006%]
8752	82.82678245%	[82.0223%, 83.6025%]
8753	82.82874443%	[82.0243%, 83.6044%]
8754	82.83070596%	[82.0264%, 83.6062%]
8755	82.83266705%	[82.0284%, 83.6081%]
8756	82.83462768%	[82.0305%, 83.6100%]
8757	82.82516844%	[82.0209%, 83.6007%]
8758	82.82712948%	[82.0229%, 83.6026%]
8759	82.82909008%	[82.0250%, 83.6044%]
8760	82.81963470%	[82.0154%, 83.5951%]
8761	82.82159571%	[82.0174%, 83.5970%]
8762	82.82355627%	[82.0195%, 83.5989%]
8763	82.82551638%	[82.0215%, 83.6008%]
8764	82.82747604%	[82.0235%, 83.6026%]
8765	82.81802624%	[82.0140%, 83.5933%]
8766	82.81998631%	[82.0160%, 83.5952%]
8767	82.82194593%	[82.0181%, 83.5971%]
8768	82.81250000%	[82.0085%, 83.5878%]
8769	82.81446003%	[82.0105%, 83.5897%]
8770	82.81641961%	[82.0126%, 83.5915%]
8771	82.81837875%	[82.0146%, 83.5934%]
8772	82.82033744%	[82.0167%, 83.5953%]
8773	82.81089707%	[82.0071%, 83.5860%]
8774	82.81285617%	[82.0091%, 83.5879%]
8775	82.81481481%	[82.0112%, 83.5897%]
8776	82.81677302%	[82.0132%, 83.5916%]
8777	82.81873077%	[82.0153%, 83.5935%]
8778	82.80929597%	[82.0057%, 83.5842%]
8779	82.79986331%	[81.9961%, 83.5749%]
8780	82.80182232%	[81.9982%, 83.5768%]
8781	82.79239267%	[81.9886%, 83.5675%]
8782	82.79435208%	[81.9907%, 83.5694%]
8783	82.79631106%	[81.9927%, 83.5712%]
8784	82.79826958%	[81.9948%, 83.5731%]
8785	82.80022766%	[81.9968%, 83.5750%]
8786	82.80218529%	[81.9988%, 83.5769%]
8787	82.80414248%	[82.0009%, 83.5787%]
8788	82.80609923%	[82.0029%, 83.5806%]
8789	82.80805552%	[82.0049%, 83.5825%]
8790	82.81001138%	[82.0070%, 83.5844%]
8791	82.81196678%	[82.0090%, 83.5863%]
8792	82.80254777%	[81.9995%, 83.5770%]
8793	82.80450358%	[82.0015%, 83.5788%]
8794	82.80645895%	[82.0036%, 83.5807%]
8795	82.80841387%	[82.0056%, 83.5826%]
8796	82.81036835%	[82.0076%, 83.5845%]
8797	82.81232238%	[82.0097%, 83.5863%]
8798	82.81427597%	[82.0117%, 83.5882%]
8799	82.80486419%	[82.0022%, 83.5789%]
8800	82.80681818%	[82.0042%, 83.5808%]
8801	82.80877173%	[82.0062%, 83.5827%]
8802	82.81072484%	[82.0083%, 83.5846%]
8803	82.81267750%	[82.0103%, 83.5864%]
8804	82.81462971%	[82.0123%, 83.5883%]
8805	82.81658149%	[82.0144%, 83.5902%]
8806	82.81853282%	[82.0164%, 83.5920%]
8807	82.82048371%	[82.0184%, 83.5939%]
8808	82.82243415%	[82.0205%, 83.5958%]
8809	82.81303213%	[82.0109%, 83.5865%]
8810	82.81498297%	[82.0130%, 83.5884%]
8811	82.81693338%	[82.0150%, 83.5903%]
8812	82.81888334%	[82.0170%, 83.5921%]
8813	82.82083286%	[82.0191%, 83.5940%]
8814	82.82278194%	[82.0211%, 83.5959%]
8815	82.81338627%	[82.0116%, 83.5866%]
8816	82.81533575%	[82.0136%, 83.5885%]
8817	82.81728479%	[82.0156%, 83.5903%]
8818	82.81923339%	[82.0177%, 83.5922%]
8819	82.80984239%	[82.0082%, 83.5830%]
8820	82.81179138%	[82.0102%, 83.5848%]
8821	82.80240336%	[82.0007%, 83.5756%]
8822	82.80435275%	[82.0027%, 83.5774%]
8823	82.80630171%	[82.0047%, 83.5793%]
8824	82.80825023%	[82.0068%, 83.5812%]
8825	82.79886686%	[81.9973%, 83.5719%]
8826	82.80081577%	[81.9993%, 83.5738%]
8827	82.80276425%	[82.0013%, 83.5757%]
8828	82.80471228%	[82.0034%, 83.5775%]
8829	82.80665987%	[82.0054%, 83.5794%]
8830	82.80860702%	[82.0074%, 83.5813%]
8831	82.81055373%	[82.0094%, 83.5831%]
8832	82.81250000%	[82.0115%, 83.5850%]
8833	82.81444583%	[82.0135%, 83.5869%]
8834	82.81639122%	[82.0155%, 83.5887%]
8835	82.81833616%	[82.0175%, 83.5906%]
8836	82.82028067%	[82.0196%, 83.5925%]
8837	82.82222474%	[82.0216%, 83.5943%]
8838	82.81285359%	[82.0121%, 83.5851%]
8839	82.81479805%	[82.0141%, 83.5870%]
8840	82.81674208%	[82.0161%, 83.5888%]
8841	82.81868567%	[82.0182%, 83.5907%]
8842	82.82062882%	[82.0202%, 83.5926%]
8843	82.82257153%	[82.0222%, 83.5944%]
8844	82.82451379%	[82.0242%, 83.5963%]
8845	82.82645562%	[82.0263%, 83.5981%]
8846	82.81709247%	[82.0168%, 83.5889%]
8847	82.81903470%	[82.0188%, 83.5908%]
8848	82.82097649%	[82.0208%, 83.5926%]
8849	82.82291784%	[82.0228%, 83.5945%]
8850	82.82485876%	[82.0249%, 83.5964%]
8851	82.82679923%	[82.0269%, 83.5982%]
8852	82.82873927%	[82.0289%, 83.6001%]
8853	82.83067887%	[82.0309%, 83.6020%]
8854	82.82132370%	[82.0215%, 83.5927%]
8855	82.82326369%	[82.0235%, 83.5946%]
8856	82.82520325%	[82.0255%, 83.5964%]
8857	82.82714237%	[82.0275%, 83.5983%]
8858	82.82908106%	[82.0295%, 83.6002%]
8859	82.83101930%	[82.0316%, 83.6020%]
8860	82.83295711%	[82.0336%, 83.6039%]
8861	82.82360907%	[82.0241%, 83.5947%]
8862	82.82554728%	[82.0261%, 83.5965%]
8863	82.82748505%	[82.0281%, 83.5984%]
8864	82.81814079%	[82.0187%, 83.5892%]
8865	82.82007896%	[82.0207%, 83.5910%]
8866	82.82201669%	[82.0227%, 83.5929%]
8867	82.81267622%	[82.0133%, 83.5837%]
8868	82.81461434%	[82.0153%, 83.5855%]
8869	82.81655204%	[82.0173%, 83.5874%]
8870	82.81848929%	[82.0193%, 83.5893%]
8871	82.80915342%	[82.0098%, 83.5801%]
8872	82.81109107%	[82.0119%, 83.5819%]
8873	82.81302829%	[82.0139%, 83.5838%]
8874	82.81496507%	[82.0159%, 83.5856%]
8875	82.81690141%	[82.0179%, 83.5875%]
8876	82.81883731%	[82.0199%, 83.5893%]
8877	82.82077278%	[82.0219%, 83.5912%]
8878	82.82270782%	[82.0240%, 83.5931%]
8879	82.82464241%	[82.0260%, 83.5949%]
8880	82.82657658%	[82.0280%, 83.5968%]
8881	82.81725031%	[82.0185%, 83.5876%]
8882	82.81918487%	[82.0206%, 83.5894%]
8883	82.80986153%	[82.0111%, 83.5802%]
8884	82.81179649%	[82.0131%, 83.5821%]
8885	82.81373101%	[82.0151%, 83.5840%]
8886	82.80441143%	[82.0057%, 83.5748%]
8887	82.80634635%	[82.0077%, 83.5766%]
8888	82.80828083%	[82.0097%, 83.5785%]
8889	82.79896501%	[82.0003%, 83.5693%]
8890	82.80089989%	[82.0023%, 83.5711%]
8891	82.80283433%	[82.0043%, 83.5730%]
8892	82.79352227%	[81.9949%, 83.5638%]
8893	82.79545710%	[81.9969%, 83.5657%]
8894	82.79739150%	[81.9989%, 83.5675%]
8895	82.79932546%	[82.0009%, 83.5694%]
8896	82.80125899%	[82.0030%, 83.5712%]
8897	82.80319209%	[82.0050%, 83.5731%]
8898	82.79388627%	[81.9955%, 83.5639%]
8899	82.79581976%	[81.9976%, 83.5658%]
8900	82.79775281%	[81.9996%, 83.5676%]
8901	82.79968543%	[82.0016%, 83.5695%]
8902	82.80161761%	[82.0036%, 83.5713%]
8903	82.80354937%	[82.0056%, 83.5732%]
8904	82.79424978%	[81.9962%, 83.5640%]
8905	82.78495227%	[81.9868%, 83.5549%]
8906	82.78688525%	[81.9888%, 83.5567%]
8907	82.77759066%	[81.9794%, 83.5475%]
8908	82.77952402%	[81.9814%, 83.5494%]
8909	82.78145695%	[81.9834%, 83.5513%]
8910	82.78338945%	[81.9854%, 83.5531%]
8911	82.78532151%	[81.9874%, 83.5550%]
8912	82.78725314%	[81.9894%, 83.5568%]
8913	82.77796477%	[81.9800%, 83.5477%]
8914	82.76867848%	[81.9706%, 83.5385%]
8915	82.77061133%	[81.9726%, 83.5404%]
8916	82.76132795%	[81.9632%, 83.5312%]
8917	82.76326119%	[81.9653%, 83.5331%]
8918	82.76519399%	[81.9673%, 83.5349%]
8919	82.75591434%	[81.9579%, 83.5258%]
8920	82.74663677%	[81.9485%, 83.5166%]
8921	82.74857079%	[81.9505%, 83.5185%]
8922	82.75050437%	[81.9525%, 83.5203%]
8923	82.75243752%	[81.9545%, 83.5222%]
8924	82.75437024%	[81.9565%, 83.5240%]
8925	82.75630252%	[81.9585%, 83.5259%]
8926	82.75823437%	[81.9605%, 83.5277%]
8927	82.76016579%	[81.9626%, 83.5296%]
8928	82.76209677%	[81.9646%, 83.5314%]
8929	82.76402733%	[81.9666%, 83.5333%]
8930	82.76595745%	[81.9686%, 83.5352%]
8931	82.76788713%	[81.9706%, 83.5370%]
8932	82.76981639%	[81.9726%, 83.5389%]
8933	82.77174521%	[81.9746%, 83.5407%]
8934	82.77367361%	[81.9766%, 83.5426%]
8935	82.77560157%	[81.9786%, 83.5444%]
8936	82.77752910%	[81.9806%, 83.5463%]
8937	82.77945619%	[81.9826%, 83.5481%]
8938	82.78138286%	[81.9846%, 83.5500%]
8939	82.77212216%	[81.9753%, 83.5408%]
8940	82.77404922%	[81.9773%, 83.5427%]
8941	82.77597584%	[81.9793%, 83.5445%]
8942	82.77790204%	[81.9813%, 83.5464%]
8943	82.76864587%	[81.9719%, 83.5372%]
8944	82.77057245%	[81.9739%, 83.5391%]
8945	82.76131917%	[81.9645%, 83.5300%]
8946	82.76324614%	[81.9666%, 83.5318%]
8947	82.76517268%	[81.9686%, 83.5337%]
8948	82.76709879%	[81.9706%, 83.5355%]
8949	82.75785004%	[81.9612%, 83.5264%]
8950	82.75977654%	[81.9632%, 83.5282%]
8951	82.76170260%	[81.9652%, 83.5301%]
8952	82.76362824%	[81.9672%, 83.5319%]
8953	82.75438401%	[81.9579%, 83.5228%]
8954	82.75631003%	[81.9599%, 83.5247%]
8955	82.75823562%	[81.9619%, 83.5265%]
8956	82.76016079%	[81.9639%, 83.5284%]
8957	82.76208552%	[81.9659%, 83.5302%]
8958	82.76400982%	[81.9679%, 83.5321%]
8959	82.75477174%	[81.9585%, 83.5229%]
8960	82.75669643%	[81.9605%, 83.5248%]
8961	82.75862069%	[81.9625%, 83.5266%]
8962	82.76054452%	[81.9645%, 83.5285%]
8963	82.76246792%	[81.9665%, 83.5303%]
8964	82.76439090%	[81.9685%, 83.5322%]
8965	82.76631344%	[81.9705%, 83.5340%]
8966	82.76823556%	[81.9725%, 83.5359%]
8967	82.77015724%	[81.9745%, 83.5377%]
8968	82.76092774%	[81.9652%, 83.5286%]
8969	82.76284982%	[81.9672%, 83.5305%]
8970	82.76477146%	[81.9692%, 83.5323%]
8971	82.75554565%	[81.9598%, 83.5232%]
8972	82.75746768%	[81.9618%, 83.5250%]
8973	82.75938928%	[81.9638%, 83.5269%]
8974	82.75016715%	[81.9545%, 83.5178%]
8975	82.75208914%	[81.9565%, 83.5196%]
8976	82.75401070%	[81.9585%, 83.5215%]
8977	82.75593183%	[81.9605%, 83.5233%]
8978	82.74671419%	[81.9512%, 83.5142%]
8979	82.74863571%	[81.9532%, 83.5161%]
8980	82.75055679%	[81.9552%, 83.5179%]
8981	82.75247745%	[81.9572%, 83.5198%]
8982	82.74326431%	[81.9478%, 83.5107%]
8983	82.74518535%	[81.9498%, 83.5125%]
8984	82.74710597%	[81.9518%, 83.5144%]
8985	82.74902615%	[81.9538%, 83.5162%]
8986	82.75094592%	[81.9558%, 83.5181%]
8987	82.74173807%	[81.9465%, 83.5090%]
8988	82.74365821%	[81.9485%, 83.5108%]
8989	82.74557793%	[81.9505%, 83.5127%]
8990	82.74749722%	[81.9525%, 83.5145%]
8991	82.74941608%	[81.9545%, 83.5163%]
8992	82.75133452%	[81.9565%, 83.5182%]
8993	82.75325253%	[81.9585%, 83.5200%]
8994	82.74405159%	[81.9492%, 83.5110%]
8995	82.74596998%	[81.9512%, 83.5128%]
8996	82.74788795%	[81.9532%, 83.5146%]
8997	82.74980549%	[81.9552%, 83.5165%]
8998	82.74060902%	[81.9459%, 83.5074%]
8999	82.74252695%	[81.9479%, 83.5092%]
9000	82.74444444%	[81.9499%, 83.5111%]
9001	82.74636152%	[81.9519%, 83.5129%]
9002	82.74827816%	[81.9538%, 83.5148%]
9003	82.75019438%	[81.9558%, 83.5166%]
9004	82.75211017%	[81.9578%, 83.5184%]
9005	82.75402554%	[81.9598%, 83.5203%]
9006	82.75594048%	[81.9618%, 83.5221%]
9007	82.74675253%	[81.9525%, 83.5131%]
9008	82.74866785%	[81.9545%, 83.5149%]
9009	82.75058275%	[81.9565%, 83.5167%]
9010	82.75249723%	[81.9585%, 83.5186%]
9011	82.75441128%	[81.9605%, 83.5204%]
9012	82.75632490%	[81.9625%, 83.5223%]
9013	82.74714302%	[81.9532%, 83.5132%]
9014	82.74905702%	[81.9552%, 83.5150%]
9015	82.75097060%	[81.9572%, 83.5169%]
9016	82.75288376%	[81.9592%, 83.5187%]
9017	82.75479650%	[81.9612%, 83.5205%]
9018	82.75670880%	[81.9631%, 83.5224%]
9019	82.75862069%	[81.9651%, 83.5242%]
9020	82.76053215%	[81.9671%, 83.5260%]
9021	82.76244319%	[81.9691%, 83.5279%]
9022	82.76435380%	[81.9711%, 83.5297%]
9023	82.76626399%	[81.9731%, 83.5316%]
9024	82.76817376%	[81.9751%, 83.5334%]
9025	82.77008310%	[81.9771%, 83.5352%]
9026	82.77199202%	[81.9791%, 83.5370%]
9027	82.77390052%	[81.9810%, 83.5389%]
9028	82.77580860%	[81.9830%, 83.5407%]
9029	82.77771625%	[81.9850%, 83.5425%]
9030	82.76854928%	[81.9757%, 83.5335%]
9031	82.75938434%	[81.9664%, 83.5245%]
9032	82.76129318%	[81.9684%, 83.5263%]
9033	82.76320159%	[81.9704%, 83.5281%]
9034	82.76510959%	[81.9724%, 83.5300%]
9035	82.76701716%	[81.9744%, 83.5318%]
9036	82.76892430%	[81.9764%, 83.5336%]
9037	82.77083103%	[81.9784%, 83.5355%]
9038	82.77273733%	[81.9803%, 83.5373%]
9039	82.77464321%	[81.9823%, 83.5391%]
9040	82.77654867%	[81.9843%, 83.5409%]
9041	82.77845371%	[81.9863%, 83.5428%]
9042	82.78035833%	[81.9883%, 83.5446%]
9043	82.78226252%	[81.9903%, 83.5464%]
9044	82.78416630%	[81.9922%, 83.5483%]
9045	82.77501382%	[81.9830%, 83.5392%]
9046	82.76586337%	[81.9737%, 83.5302%]
9047	82.76776832%	[81.9757%, 83.5320%]
9048	82.76967286%	[81.9777%, 83.5339%]
9049	82.77157697%	[81.9797%, 83.5357%]
9050	82.77348066%	[81.9816%, 83.5375%]
9051	82.77538394%	[81.9836%, 83.5393%]
9052	82.77728679%	[81.9856%, 83.5412%]
9053	82.77918922%	[81.9876%, 83.5430%]
9054	82.78109123%	[81.9896%, 83.5448%]
9055	82.78299282%	[81.9915%, 83.5466%]
9056	82.78489399%	[81.9935%, 83.5485%]
9057	82.77575356%	[81.9843%, 83.5395%]
9058	82.77765511%	[81.9862%, 83.5413%]
9059	82.77955624%	[81.9882%, 83.5431%]
9060	82.78145695%	[81.9902%, 83.5449%]
9061	82.78335725%	[81.9922%, 83.5468%]
9062	82.78525712%	[81.9942%, 83.5486%]
9063	82.77612270%	[81.9849%, 83.5396%]
9064	82.77802295%	[81.9869%, 83.5414%]
9065	82.76889134%	[81.9776%, 83.5324%]
9066	82.77079197%	[81.9796%, 83.5342%]
9067	82.77269218%	[81.9816%, 83.5360%]
9068	82.77459197%	[81.9836%, 83.5379%]
9069	82.77649134%	[81.9855%, 83.5397%]
9070	82.77839030%	[81.9875%, 83.5415%]
9071	82.78028883%	[81.9895%, 83.5433%]
9072	82.78218695%	[81.9915%, 83.5452%]
9073	82.78408465%	[81.9934%, 83.5470%]
9074	82.77496143%	[81.9842%, 83.5380%]
9075	82.77685950%	[81.9862%, 83.5398%]
9076	82.76773909%	[81.9769%, 83.5308%]
9077	82.76963755%	[81.9789%, 83.5326%]
9078	82.77153558%	[81.9809%, 83.5344%]
9079	82.77343320%	[81.9829%, 83.5363%]
9080	82.76431718%	[81.9736%, 83.5273%]
9081	82.76621517%	[81.9756%, 83.5291%]
9082	82.76811275%	[81.9776%, 83.5309%]
9083	82.75900033%	[81.9684%, 83.5219%]
9084	82.74988992%	[81.9591%, 83.5129%]
9085	82.75178866%	[81.9611%, 83.5148%]
9086	82.74268105%	[81.9519%, 83.5058%]
9087	82.74458017%	[81.9539%, 83.5076%]
9088	82.74647887%	[81.9559%, 83.5094%]
9089	82.74837716%	[81.9578%, 83.5113%]
9090	82.75027503%	[81.9598%, 83.5131%]
9091	82.75217248%	[81.9618%, 83.5149%]
9092	82.75406951%	[81.9638%, 83.5167%]
9093	82.75596613%	[81.9657%, 83.5185%]
9094	82.75786233%	[81.9677%, 83.5204%]
9095	82.75975811%	[81.9697%, 83.5222%]
9096	82.75065963%	[81.9605%, 83.5132%]
9097	82.75255579%	[81.9624%, 83.5150%]
9098	82.75445153%	[81.9644%, 83.5169%]
9099	82.74535663%	[81.9552%, 83.5079%]
9100	82.74725275%	[81.9572%, 83.5097%]
9101	82.74914845%	[81.9591%, 83.5115%]
9102	82.75104373%	[81.9611%, 83.5133%]
9103	82.75293859%	[81.9631%, 83.5152%]
9104	82.75483304%	[81.9651%, 83.5170%]
9105	82.75672707%	[81.9670%, 83.5188%]
9106	82.75862069%	[81.9690%, 83.5206%]
9107	82.76051389%	[81.9710%, 83.5224%]
9108	82.76240668%	[81.9729%, 83.5242%]
9109	82.76429904%	[81.9749%, 83.5261%]
9110	82.76619100%	[81.9769%, 83.5279%]
9111	82.76808254%	[81.9788%, 83.5297%]
9112	82.76997366%	[81.9808%, 83.5315%]
9113	82.76089103%	[81.9716%, 83.5226%]
9114	82.76278253%	[81.9736%, 83.5244%]
9115	82.76467361%	[81.9756%, 83.5262%]
9116	82.76656428%	[81.9775%, 83.5280%]
9117	82.76845454%	[81.9795%, 83.5298%]
9118	82.77034437%	[81.9815%, 83.5316%]
9119	82.77223380%	[81.9834%, 83.5334%]
9120	82.77412281%	[81.9854%, 83.5353%]
9121	82.76504769%	[81.9762%, 83.5263%]
9122	82.76693708%	[81.9782%, 83.5281%]
9123	82.75786474%	[81.9690%, 83.5192%]
9124	82.75975449%	[81.9709%, 83.5210%]
9125	82.76164384%	[81.9729%, 83.5228%]
9126	82.76353276%	[81.9749%, 83.5246%]
9127	82.76542128%	[81.9768%, 83.5264%]
9128	82.76730938%	[81.9788%, 83.5282%]
9129	82.76919706%	[81.9808%, 83.5301%]
9130	82.77108434%	[81.9827%, 83.5319%]
9131	82.77297120%	[81.9847%, 83.5337%]
9132	82.77485764%	[81.9867%, 83.5355%]
9133	82.77674368%	[81.9886%, 83.5373%]
9134	82.77862930%	[81.9906%, 83.5391%]
9135	82.78051450%	[81.9925%, 83.5409%]
9136	82.78239930%	[81.9945%, 83.5427%]
9137	82.77333917%	[81.9853%, 83.5338%]
9138	82.77522434%	[81.9873%, 83.5356%]
9139	82.77710909%	[81.9893%, 83.5374%]
9140	82.76805252%	[81.9801%, 83.5285%]
9141	82.76993764%	[81.9821%, 83.5303%]
9142	82.77182236%	[81.9840%, 83.5321%]
9143	82.77370666%	[81.9860%, 83.5339%]
9144	82.77559055%	[81.9879%, 83.5357%]
9145	82.77747403%	[81.9899%, 83.5375%]
9146	82.76842335%	[81.9807%, 83.5286%]
9147	82.77030720%	[81.9827%, 83.5304%]
9148	82.76125929%	[81.9735%, 83.5215%]
9149	82.76314351%	[81.9755%, 83.5233%]
9150	82.76502732%	[81.9775%, 83.5251%]
9151	82.76691072%	[81.9794%, 83.5269%]
9152	82.76879371%	[81.9814%, 83.5287%]
9153	82.75975090%	[81.9722%, 83.5198%]
9154	82.76163426%	[81.9742%, 83.5216%]
9155	82.76351720%	[81.9761%, 83.5234%]
9156	82.76539974%	[81.9781%, 83.5252%]
9157	82.76728186%	[81.9801%, 83.5270%]
9158	82.76916357%	[81.9820%, 83.5288%]
9159	82.76012665%	[81.9729%, 83.5199%]
9160	82.76200873%	[81.9748%, 83.5217%]
9161	82.76389040%	[81.9768%, 83.5235%]
9162	82.76577167%	[81.9787%, 83.5253%]
9163	82.76765252%	[81.9807%, 83.5272%]
9164	82.76953296%	[81.9826%, 83.5290%]
9165	82.77141298%	[81.9846%, 83.5308%]
9166	82.76238272%	[81.9755%, 83.5219%]
9167	82.76426312%	[81.9774%, 83.5237%]
9168	82.76614311%	[81.9794%, 83.5255%]
9169	82.76802269%	[81.9813%, 83.5273%]
9170	82.76990185%	[81.9833%, 83.5291%]
9171	82.77178061%	[81.9852%, 83.5309%]
9172	82.77365896%	[81.9872%, 83.5327%]
9173	82.77553690%	[81.9891%, 83.5345%]
9174	82.76651406%	[81.9800%, 83.5256%]
9175	82.76839237%	[81.9820%, 83.5274%]
9176	82.75937228%	[81.9728%, 83.5185%]
9177	82.76125095%	[81.9748%, 83.5203%]
9178	82.75223360%	[81.9657%, 83.5114%]
9179	82.75411265%	[81.9676%, 83.5132%]
9180	82.75599129%	[81.9696%, 83.5150%]
9181	82.75786951%	[81.9715%, 83.5168%]
9182	82.75974733%	[81.9735%, 83.5186%]
9183	82.76162474%	[81.9754%, 83.5204%]
9184	82.75261324%	[81.9663%, 83.5115%]
9185	82.75449102%	[81.9683%, 83.5133%]
9186	82.75636839%	[81.9702%, 83.5151%]
9187	82.75824535%	[81.9722%, 83.5169%]
9188	82.76012190%	[81.9741%, 83.5187%]
9189	82.75111546%	[81.9650%, 83.5099%]
9190	82.74211099%	[81.9559%, 83.5010%]
9191	82.74398868%	[81.9578%, 83.5028%]
9192	82.74586597%	[81.9598%, 83.5046%]
9193	82.74774285%	[81.9617%, 83.5064%]
9194	82.74961932%	[81.9637%, 83.5082%]
9195	82.75149538%	[81.9656%, 83.5100%]
9196	82.75337103%	[81.9676%, 83.5118%]
9197	82.75524628%	[81.9696%, 83.5136%]
9198	82.75712111%	[81.9715%, 83.5154%]
9199	82.75899554%	[81.9735%, 83.5172%]
9200	82.75000000%	[81.9643%, 83.5083%]
9201	82.74100641%	[81.9552%, 83.4994%]
9202	82.74288198%	[81.9572%, 83.5012%]
9203	82.74475714%	[81.9591%, 83.5030%]
9204	82.74663190%	[81.9611%, 83.5048%]
9205	82.74850625%	[81.9630%, 83.5066%]
9206	82.75038019%	[81.9650%, 83.5084%]
9207	82.75225372%	[81.9669%, 83.5102%]
9208	82.75412685%	[81.9689%, 83.5120%]
9209	82.75599957%	[81.9708%, 83.5138%]
9210	82.75787188%	[81.9728%, 83.5156%]
9211	82.75974378%	[81.9747%, 83.5174%]
9212	82.76161528%	[81.9767%, 83.5192%]
9213	82.76348638%	[81.9786%, 83.5210%]
9214	82.76535707%	[81.9806%, 83.5228%]
9215	82.76722735%	[81.9825%, 83.5246%]
9216	82.76909722%	[81.9845%, 83.5264%]
9217	82.77096669%	[81.9864%, 83.5282%]
9218	82.77283576%	[81.9884%, 83.5300%]
9219	82.77470441%	[81.9903%, 83.5318%]
9220	82.77657267%	[81.9922%, 83.5336%]
9221	82.77844052%	[81.9942%, 83.5354%]
9222	82.78030796%	[81.9961%, 83.5372%]
9223	82.78217500%	[81.9981%, 83.5390%]
9224	82.77320035%	[81.9890%, 83.5301%]
9225	82.76422764%	[81.9799%, 83.5213%]
9226	82.76609582%	[81.9818%, 83.5231%]
9227	82.76796359%	[81.9838%, 83.5249%]
9228	82.76983095%	[81.9857%, 83.5267%]
9229	82.77169791%	[81.9877%, 83.5285%]
9230	82.77356446%	[81.9896%, 83.5302%]
9231	82.77543061%	[81.9916%, 83.5320%]
9232	82.77729636%	[81.9935%, 83.5338%]
9233	82.77916170%	[81.9954%, 83.5356%]
9234	82.78102664%	[81.9974%, 83.5374%]
9235	82.78289117%	[81.9993%, 83.5392%]
9236	82.78475531%	[82.0013%, 83.5410%]
9237	82.78661903%	[82.0032%, 83.5428%]
9238	82.78848236%	[82.0051%, 83.5446%]
9239	82.79034528%	[82.0071%, 83.5464%]
9240	82.79220779%	[82.0090%, 83.5481%]
9241	82.79406991%	[82.0109%, 83.5499%]
9242	82.79593162%	[82.0129%, 83.5517%]
9243	82.79779292%	[82.0148%, 83.5535%]
9244	82.78883600%	[82.0058%, 83.5447%]
9245	82.79069767%	[82.0077%, 83.5465%]
9246	82.79255894%	[82.0096%, 83.5483%]
9247	82.79441981%	[82.0116%, 83.5500%]
9248	82.79628028%	[82.0135%, 83.5518%]
9249	82.79814034%	[82.0154%, 83.5536%]
9250	82.80000000%	[82.0174%, 83.5554%]
9251	82.80185926%	[82.0193%, 83.5572%]
9252	82.80371812%	[82.0212%, 83.5590%]
9253	82.80557657%	[82.0232%, 83.5608%]
9254	82.80743462%	[82.0251%, 83.5625%]
9255	82.80929227%	[82.0270%, 83.5643%]
9256	82.81114952%	[82.0290%, 83.5661%]
9257	82.81300637%	[82.0309%, 83.5679%]
9258	82.81486282%	[82.0328%, 83.5697%]
9259	82.81671887%	[82.0348%, 83.5715%]
9260	82.80777538%	[82.0257%, 83.5626%]
9261	82.79883382%	[82.0167%, 83.5538%]
9262	82.80069100%	[82.0186%, 83.5556%]
9263	82.79175213%	[82.0095%, 83.5468%]
9264	82.79360967%	[82.0115%, 83.5486%]
9265	82.79546681%	[82.0134%, 83.5503%]
9266	82.78653141%	[82.0044%, 83.5415%]
9267	82.78838891%	[82.0063%, 83.5433%]
9268	82.79024601%	[82.0082%, 83.5451%]
9269	82.79210271%	[82.0102%, 83.5469%]
9270	82.79395901%	[82.0121%, 83.5487%]
9271	82.79581491%	[82.0140%, 83.5504%]
9272	82.79767041%	[82.0159%, 83.5522%]
9273	82.79952550%	[82.0179%, 83.5540%]
9274	82.80138020%	[82.0198%, 83.5558%]
9275	82.79245283%	[82.0108%, 83.5470%]
9276	82.79430789%	[82.0127%, 83.5488%]
9277	82.79616255%	[82.0146%, 83.5506%]
9278	82.79801681%	[82.0166%, 83.5523%]
9279	82.79987068%	[82.0185%, 83.5541%]
9280	82.79094828%	[82.0094%, 83.5453%]
9281	82.78202780%	[82.0004%, 83.5365%]
9282	82.77310924%	[81.9914%, 83.5277%]
9283	82.76419261%	[81.9824%, 83.5189%]
9284	82.76604912%	[81.9843%, 83.5207%]
9285	82.76790522%	[81.9862%, 83.5225%]
9286	82.76976093%	[81.9882%, 83.5243%]
9287	82.77161624%	[81.9901%, 83.5260%]
9288	82.77347115%	[81.9920%, 83.5278%]
9289	82.77532565%	[81.9939%, 83.5296%]
9290	82.77717976%	[81.9959%, 83.5314%]
9291	82.77903347%	[81.9978%, 83.5332%]
9292	82.78088678%	[81.9997%, 83.5350%]
9293	82.78273970%	[82.0017%, 83.5367%]
9294	82.78459221%	[82.0036%, 83.5385%]
9295	82.78644432%	[82.0055%, 83.5403%]
9296	82.78829604%	[82.0074%, 83.5421%]
9297	82.77939120%	[81.9984%, 83.5333%]
9298	82.77048828%	[81.9894%, 83.5245%]
9299	82.77234111%	[81.9913%, 83.5263%]
9300	82.77419355%	[81.9933%, 83.5281%]
9301	82.77604559%	[81.9952%, 83.5298%]
9302	82.77789723%	[81.9971%, 83.5316%]
9303	82.77974847%	[81.9990%, 83.5334%]
9304	82.78159931%	[82.0010%, 83.5352%]
9305	82.78344976%	[82.0029%, 83.5370%]
9306	82.77455405%	[81.9939%, 83.5282%]
9307	82.77640486%	[81.9958%, 83.5300%]
9308	82.77825526%	[81.9977%, 83.5317%]
9309	82.78010527%	[81.9997%, 83.5335%]
9310	82.78195489%	[82.0016%, 83.5353%]
9311	82.78380410%	[82.0035%, 83.5371%]
9312	82.78565292%	[82.0054%, 83.5388%]
9313	82.78750134%	[82.0074%, 83.5406%]
9314	82.78934937%	[82.0093%, 83.5424%]
9315	82.79119699%	[82.0112%, 83.5442%]
9316	82.79304422%	[82.0131%, 83.5459%]
9317	82.79489106%	[82.0150%, 83.5477%]
9318	82.79673750%	[82.0170%, 83.5495%]
9319	82.79858354%	[82.0189%, 83.5513%]
9320	82.80042918%	[82.0208%, 83.5530%]
9321	82.80227443%	[82.0227%, 83.5548%]
9322	82.79339198%	[82.0137%, 83.5460%]
9323	82.79523758%	[82.0156%, 83.5478%]
9324	82.79708280%	[82.0176%, 83.5496%]
9325	82.79892761%	[82.0195%, 83.5514%]
9326	82.80077204%	[82.0214%, 83.5531%]
9327	82.80261606%	[82.0233%, 83.5549%]
9328	82.79373928%	[82.0143%, 83.5461%]
9329	82.79558366%	[82.0163%, 83.5479%]
9330	82.79742765%	[82.0182%, 83.5497%]
9331	82.79927125%	[82.0201%, 83.5515%]
9332	82.79039863%	[82.0111%, 83.5427%]
9333	82.79224258%	[82.0130%, 83.5445%]
9334	82.79408614%	[82.0149%, 83.5462%]
9335	82.79592930%	[82.0169%, 83.5480%]
9336	82.78706084%	[82.0079%, 83.5393%]
9337	82.78890436%	[82.0098%, 83.5410%]
9338	82.79074748%	[82.0117%, 83.5428%]
9339	82.79259021%	[82.0136%, 83.5446%]
9340	82.79443255%	[82.0156%, 83.5463%]
9341	82.79627449%	[82.0175%, 83.5481%]
9342	82.78741169%	[82.0085%, 83.5394%]
9343	82.78925399%	[82.0104%, 83.5411%]
9344	82.79109589%	[82.0123%, 83.5429%]
9345	82.78223649%	[82.0034%, 83.5342%]
9346	82.78407875%	[82.0053%, 83.5359%]
9347	82.78592062%	[82.0072%, 83.5377%]
9348	82.78776209%	[82.0091%, 83.5395%]
9349	82.78960317%	[82.0110%, 83.5413%]
9350	82.79144385%	[82.0129%, 83.5430%]
9351	82.79328414%	[82.0148%, 83.5448%]
9352	82.79512404%	[82.0168%, 83.5466%]
9353	82.79696354%	[82.0187%, 83.5483%]
9354	82.79880265%	[82.0206%, 83.5501%]
9355	82.80064137%	[82.0225%, 83.5519%]
9356	82.80247969%	[82.0244%, 83.5536%]
9357	82.80431762%	[82.0263%, 83.5554%]
9358	82.80615516%	[82.0282%, 83.5571%]
9359	82.80799231%	[82.0301%, 83.5589%]
9360	82.80982906%	[82.0321%, 83.5607%]
9361	82.80098280%	[82.0231%, 83.5520%]
9362	82.80281991%	[82.0250%, 83.5537%]
9363	82.80465663%	[82.0269%, 83.5555%]
9364	82.80649295%	[82.0288%, 83.5572%]
9365	82.80832888%	[82.0307%, 83.5590%]
9366	82.81016442%	[82.0327%, 83.5608%]
9367	82.80132380%	[82.0237%, 83.5521%]
9368	82.80315969%	[82.0256%, 83.5538%]
9369	82.80499520%	[82.0275%, 83.5556%]
9370	82.80683031%	[82.0294%, 83.5573%]
9371	82.79799381%	[82.0205%, 83.5486%]
9372	82.79982928%	[82.0224%, 83.5504%]
9373	82.80166436%	[82.0243%, 83.5521%]
9374	82.80349904%	[82.0262%, 83.5539%]
9375	82.79466667%	[82.0173%, 83.5452%]
9376	82.79650171%	[82.0192%, 83.5470%]
9377	82.79833635%	[82.0211%, 83.5487%]
9378	82.80017061%	[82.0230%, 83.5505%]
9379	82.80200448%	[82.0249%, 83.5522%]
9380	82.80383795%	[82.0268%, 83.5540%]
9381	82.80567104%	[82.0287%, 83.5558%]
9382	82.79684502%	[82.0198%, 83.5471%]
9383	82.79867846%	[82.0217%, 83.5488%]
9384	82.80051151%	[82.0236%, 83.5506%]
9385	82.80234417%	[82.0255%, 83.5523%]
9386	82.80417643%	[82.0274%, 83.5541%]
9387	82.80600831%	[82.0293%, 83.5559%]
9388	82.80783980%	[82.0312%, 83.5576%]
9389	82.80967089%	[82.0331%, 83.5594%]
9390	82.80085197%	[82.0242%, 83.5507%]
9391	82.80268342%	[82.0261%, 83.5524%]
9392	82.80451448%	[82.0280%, 83.5542%]
9393	82.80634515%	[82.0299%, 83.5560%]
9394	82.80817543%	[82.0318%, 83.5577%]
9395	82.81000532%	[82.0337%, 83.5595%]
9396	82.80119200%	[82.0248%, 83.5508%]
9397	82.80302224%	[82.0267%, 83.5525%]
9398	82.80485210%	[82.0286%, 83.5543%]
9399	82.80668156%	[82.0305%, 83.5561%]
9400	82.80851064%	[82.0324%, 83.5578%]
9401	82.81033933%	[82.0343%, 83.5596%]
9402	82.81216762%	[82.0362%, 83.5613%]
9403	82.81399553%	[82.0381%, 83.5631%]
9404	82.81582305%	[82.0400%, 83.5648%]
9405	82.81765019%	[82.0419%, 83.5666%]
9406	82.81947693%	[82.0438%, 83.5683%]
9407	82.82130328%	[82.0457%, 83.5701%]
9408	82.82312925%	[82.0476%, 83.5719%]
9409	82.82495483%	[82.0495%, 83.5736%]
9410	82.82678002%	[82.0514%, 83.5754%]
9411	82.82860482%	[82.0533%, 83.5771%]
9412	82.81980450%	[82.0444%, 83.5684%]
9413	82.82162966%	[82.0463%, 83.5702%]
9414	82.82345443%	[82.0482%, 83.5719%]
9415	82.82527881%	[82.0501%, 83.5737%]
9416	82.82710280%	[82.0520%, 83.5754%]
9417	82.82892641%	[82.0539%, 83.5772%]
9418	82.83074963%	[82.0558%, 83.5789%]
9419	82.83257246%	[82.0577%, 83.5807%]
9420	82.83439490%	[82.0596%, 83.5825%]
9421	82.83621696%	[82.0615%, 83.5842%]
9422	82.83803863%	[82.0634%, 83.5860%]
9423	82.82924759%	[82.0545%, 83.5773%]
9424	82.83106961%	[82.0564%, 83.5790%]
9425	82.83289125%	[82.0582%, 83.5808%]
9426	82.82410354%	[82.0494%, 83.5721%]
9427	82.81531770%	[82.0405%, 83.5634%]
9428	82.81714043%	[82.0424%, 83.5652%]
9429	82.81896277%	[82.0442%, 83.5669%]
9430	82.81018028%	[82.0354%, 83.5583%]
9431	82.81200297%	[82.0373%, 83.5600%]
9432	82.80322307%	[82.0284%, 83.5514%]
9433	82.80504611%	[82.0303%, 83.5531%]
9434	82.80686877%	[82.0322%, 83.5549%]
9435	82.80869104%	[82.0341%, 83.5566%]
9436	82.81051293%	[82.0359%, 83.5584%]
9437	82.81233443%	[82.0378%, 83.5601%]
9438	82.81415554%	[82.0397%, 83.5619%]
9439	82.81597627%	[82.0416%, 83.5636%]
9440	82.80720339%	[82.0327%, 83.5550%]
9441	82.80902447%	[82.0346%, 83.5567%]
9442	82.81084516%	[82.0365%, 83.5585%]
9443	82.80207561%	[82.0277%, 83.5498%]
9444	82.80389665%	[82.0296%, 83.5516%]
9445	82.79512970%	[82.0207%, 83.5429%]
9446	82.79695109%	[82.0226%, 83.5447%]
9447	82.79877210%	[82.0245%, 83.5464%]
9448	82.80059272%	[82.0264%, 83.5482%]
9449	82.80241295%	[82.0283%, 83.5499%]
9450	82.80423280%	[82.0301%, 83.5517%]
9451	82.80605227%	[82.0320%, 83.5534%]
9452	82.80787135%	[82.0339%, 83.5552%]
9453	82.80969005%	[82.0358%, 83.5569%]
9454	82.81150836%	[82.0377%, 83.5587%]
9455	82.81332628%	[82.0396%, 83.5604%]
9456	82.81514382%	[82.0415%, 83.5621%]
9457	82.81696098%	[82.0434%, 83.5639%]
9458	82.81877775%	[82.0453%, 83.5656%]
9459	82.82059414%	[82.0472%, 83.5674%]
9460	82.82241015%	[82.0490%, 83.5691%]
9461	82.81365606%	[82.0402%, 83.5605%]
9462	82.81547242%	[82.0421%, 83.5622%]
9463	82.81728839%	[82.0440%, 83.5640%]
9464	82.81910397%	[82.0459%, 83.5657%]
9465	82.82091918%	[82.0477%, 83.5675%]
9466	82.81216987%	[82.0389%, 83.5588%]
9467	82.81398542%	[82.0408%, 83.5606%]
9468	82.81580059%	[82.0427%, 83.5623%]
9469	82.81761538%	[82.0445%, 83.5641%]
9470	82.81942978%	[82.0464%, 83.5658%]
9471	82.82124380%	[82.0483%, 83.5676%]
9472	82.82305743%	[82.0502%, 83.5693%]
9473	82.82487069%	[82.0521%, 83.5710%]
9474	82.81612835%	[82.0432%, 83.5624%]
9475	82.80738786%	[82.0344%, 83.5538%]
9476	82.80920220%	[82.0363%, 83.5555%]
9477	82.81101614%	[82.0382%, 83.5573%]
9478	82.81282971%	[82.0401%, 83.5590%]
9479	82.81464289%	[82.0419%, 83.5608%]
9480	82.81645570%	[82.0438%, 83.5625%]
9481	82.81826812%	[82.0457%, 83.5642%]
9482	82.82008015%	[82.0476%, 83.5660%]
9483	82.82189181%	[82.0495%, 83.5677%]
9484	82.82370308%	[82.0514%, 83.5695%]
9485	82.82551397%	[82.0532%, 83.5712%]
9486	82.82732448%	[82.0551%, 83.5729%]
9487	82.82913461%	[82.0570%, 83.5747%]
9488	82.83094435%	[82.0589%, 83.5764%]
9489	82.83275371%	[82.0608%, 83.5782%]
9490	82.83456270%	[82.0627%, 83.5799%]
9491	82.83637130%	[82.0645%, 83.5816%]
9492	82.83817952%	[82.0664%, 83.5834%]
9493	82.83998736%	[82.0683%, 83.5851%]
9494	82.84179482%	[82.0702%, 83.5868%]
9495	82.83307004%	[82.0613%, 83.5782%]
9496	82.82434709%	[82.0525%, 83.5696%]
9497	82.82615563%	[82.0544%, 83.5714%]
9498	82.82796378%	[82.0563%, 83.5731%]
9499	82.82977155%	[82.0582%, 83.5748%]
9500	82.83157895%	[82.0600%, 83.5766%]
9501	82.83338596%	[82.0619%, 83.5783%]
9502	82.83519259%	[82.0638%, 83.5801%]
9503	82.83699884%	[82.0657%, 83.5818%]
9504	82.82828283%	[82.0568%, 83.5732%]
9505	82.83008943%	[82.0587%, 83.5749%]
9506	82.83189564%	[82.0606%, 83.5767%]
9507	82.83370148%	[82.0625%, 83.5784%]
9508	82.82498948%	[82.0537%, 83.5698%]
9509	82.82679567%	[82.0555%, 83.5715%]
9510	82.82860147%	[82.0574%, 83.5733%]
9511	82.83040690%	[82.0593%, 83.5750%]
9512	82.83221194%	[82.0612%, 83.5767%]
9513	82.82350468%	[82.0524%, 83.5682%]
9514	82.82531007%	[82.0542%, 83.5699%]
9515	82.82711508%	[82.0561%, 83.5716%]
9516	82.82891971%	[82.0580%, 83.5734%]
9517	82.83072397%	[82.0599%, 83.5751%]
9518	82.83252784%	[82.0617%, 83.5768%]
9519	82.82382603%	[82.0529%, 83.5682%]
9520	82.81512605%	[82.0441%, 83.5597%]
9521	82.81693099%	[82.0460%, 83.5614%]
9522	82.81873556%	[82.0479%, 83.5631%]
9523	82.82053975%	[82.0498%, 83.5649%]
9524	82.82234355%	[82.0516%, 83.5666%]
9525	82.82414698%	[82.0535%, 83.5683%]
9526	82.81545245%	[82.0447%, 83.5597%]
9527	82.81725622%	[82.0466%, 83.5615%]
9528	82.81905961%	[82.0485%, 83.5632%]
9529	82.81036835%	[82.0397%, 83.5546%]
9530	82.81217209%	[82.0415%, 83.5564%]
9531	82.81397545%	[82.0434%, 83.5581%]
9532	82.81577843%	[82.0453%, 83.5598%]
9533	82.80709116%	[82.0365%, 83.5513%]
9534	82.80889448%	[82.0384%, 83.5530%]
9535	82.81069743%	[82.0402%, 83.5547%]
9536	82.81250000%	[82.0421%, 83.5565%]
9537	82.81430219%	[82.0440%, 83.5582%]
9538	82.81610401%	[82.0459%, 83.5599%]
9539	82.81790544%	[82.0477%, 83.5617%]
9540	82.81970650%	[82.0496%, 83.5634%]
9541	82.82150718%	[82.0515%, 83.5651%]
9542	82.82330748%	[82.0533%, 83.5669%]
9543	82.81462852%	[82.0446%, 83.5583%]
9544	82.81642917%	[82.0464%, 83.5600%]
9545	82.80775275%	[82.0377%, 83.5515%]
9546	82.80955374%	[82.0395%, 83.5532%]
9547	82.81135435%	[82.0414%, 83.5549%]
9548	82.81315459%	[82.0433%, 83.5566%]
9549	82.81495445%	[82.0451%, 83.5584%]
9550	82.81675393%	[82.0470%, 83.5601%]
9551	82.81855303%	[82.0489%, 83.5618%]
9552	82.82035176%	[82.0508%, 83.5636%]
9553	82.82215011%	[82.0526%, 83.5653%]
9554	82.82394808%	[82.0545%, 83.5670%]
9555	82.82574568%	[82.0564%, 83.5687%]
9556	82.82754290%	[82.0582%, 83.5705%]
9557	82.82933975%	[82.0601%, 83.5722%]
9558	82.83113622%	[82.0620%, 83.5739%]
9559	82.83293232%	[82.0638%, 83.5757%]
9560	82.83472803%	[82.0657%, 83.5774%]
9561	82.83652338%	[82.0676%, 83.5791%]
9562	82.83831834%	[82.0694%, 83.5808%]
9563	82.84011294%	[82.0713%, 83.5826%]
9564	82.83145128%	[82.0625%, 83.5740%]
9565	82.83324621%	[82.0644%, 83.5757%]
9566	82.83504077%	[82.0663%, 83.5775%]
9567	82.83683495%	[82.0681%, 83.5792%]
9568	82.83862876%	[82.0700%, 83.5809%]
9569	82.84042220%	[82.0719%, 83.5826%]
9570	82.84221526%	[82.0737%, 83.5844%]
9571	82.84400794%	[82.0756%, 83.5861%]
9572	82.84580025%	[82.0775%, 83.5878%]
9573	82.83714614%	[82.0687%, 83.5793%]
9574	82.82849384%	[82.0599%, 83.5707%]
9575	82.83028721%	[82.0618%, 83.5724%]
9576	82.83208020%	[82.0637%, 83.5742%]
9577	82.83387282%	[82.0655%, 83.5759%]
9578	82.83566507%	[82.0674%, 83.5776%]
9579	82.83745694%	[82.0693%, 83.5793%]
9580	82.83924843%	[82.0711%, 83.5811%]
9581	82.83060223%	[82.0624%, 83.5725%]
9582	82.83239407%	[82.0642%, 83.5742%]
9583	82.83418554%	[82.0661%, 83.5760%]
9584	82.83597663%	[82.0679%, 83.5777%]
9585	82.83776734%	[82.0698%, 83.5794%]
9586	82.83955769%	[82.0717%, 83.5811%]
9587	82.84134766%	[82.0735%, 83.5829%]
9588	82.84313725%	[82.0754%, 83.5846%]
9589	82.83449786%	[82.0666%, 83.5760%]
9590	82.83628780%	[82.0685%, 83.5778%]
9591	82.83807736%	[82.0704%, 83.5795%]
9592	82.82944120%	[82.0616%, 83.5710%]
9593	82.83123111%	[82.0635%, 83.5727%]
9594	82.83302064%	[82.0654%, 83.5744%]
9595	82.83480980%	[82.0672%, 83.5761%]
9596	82.83659858%	[82.0691%, 83.5778%]
9597	82.83838700%	[82.0709%, 83.5796%]
9598	82.84017504%	[82.0728%, 83.5813%]
9599	82.84196270%	[82.0746%, 83.5830%]
9600	82.84375000%	[82.0765%, 83.5847%]
9601	82.84553692%	[82.0784%, 83.5864%]
9602	82.83690898%	[82.0696%, 83.5779%]
9603	82.83869624%	[82.0715%, 83.5796%]
9604	82.84048313%	[82.0733%, 83.5814%]
9605	82.84226965%	[82.0752%, 83.5831%]
9606	82.84405580%	[82.0771%, 83.5848%]
9607	82.83543250%	[82.0683%, 83.5763%]
9608	82.83721898%	[82.0702%, 83.5780%]
9609	82.83900510%	[82.0720%, 83.5797%]
9610	82.84079084%	[82.0739%, 83.5814%]
9611	82.83217147%	[82.0652%, 83.5729%]
9612	82.83395755%	[82.0670%, 83.5746%]
9613	82.82534068%	[82.0583%, 83.5661%]
9614	82.82712711%	[82.0602%, 83.5679%]
9615	82.82891316%	[82.0620%, 83.5696%]
9616	82.83069884%	[82.0639%, 83.5713%]
9617	82.83248414%	[82.0657%, 83.5730%]
9618	82.83426908%	[82.0676%, 83.5747%]
9619	82.83605364%	[82.0695%, 83.5764%]
9620	82.83783784%	[82.0713%, 83.5782%]
9621	82.83962166%	[82.0732%, 83.5799%]
9622	82.84140511%	[82.0750%, 83.5816%]
9623	82.84318819%	[82.0769%, 83.5833%]
9624	82.84497091%	[82.0787%, 83.5850%]
9625	82.84675325%	[82.0806%, 83.5867%]
9626	82.84853522%	[82.0824%, 83.5884%]
9627	82.83992937%	[82.0737%, 83.5799%]
9628	82.84171167%	[82.0756%, 83.5817%]
9629	82.84349361%	[82.0774%, 83.5834%]
9630	82.84527518%	[82.0793%, 83.5851%]
9631	82.84705638%	[82.0811%, 83.5868%]
9632	82.84883721%	[82.0830%, 83.5885%]
9633	82.85061767%	[82.0848%, 83.5902%]
9634	82.85239776%	[82.0867%, 83.5919%]
9635	82.85417748%	[82.0885%, 83.5936%]
9636	82.84557908%	[82.0798%, 83.5852%]
9637	82.84735914%	[82.0817%, 83.5869%]
9638	82.83876323%	[82.0730%, 83.5784%]
9639	82.84054362%	[82.0748%, 83.5801%]
9640	82.84232365%	[82.0767%, 83.5818%]
9641	82.83373094%	[82.0680%, 83.5733%]
9642	82.83551130%	[82.0698%, 83.5750%]
9643	82.82692108%	[82.0611%, 83.5666%]
9644	82.81833264%	[82.0524%, 83.5581%]
9645	82.82011405%	[82.0543%, 83.5598%]
9646	82.81152809%	[82.0456%, 83.5513%]
9647	82.81330984%	[82.0475%, 83.5530%]
9648	82.81509121%	[82.0493%, 83.5548%]
9649	82.81687221%	[82.0512%, 83.5565%]
9650	82.81865285%	[82.0530%, 83.5582%]
9651	82.82043312%	[82.0549%, 83.5599%]
9652	82.82221301%	[82.0567%, 83.5616%]
9653	82.82399254%	[82.0586%, 83.5633%]
9654	82.82577170%	[82.0604%, 83.5650%]
9655	82.82755049%	[82.0623%, 83.5667%]
9656	82.82932891%	[82.0641%, 83.5684%]
9657	82.83110697%	[82.0660%, 83.5701%]
9658	82.83288466%	[82.0678%, 83.5719%]
9659	82.82430893%	[82.0591%, 83.5634%]
9660	82.81573499%	[82.0504%, 83.5549%]
9661	82.81751371%	[82.0523%, 83.5566%]
9662	82.81929207%	[82.0541%, 83.5584%]
9663	82.82107006%	[82.0560%, 83.5601%]
9664	82.82284768%	[82.0578%, 83.5618%]
9665	82.82462494%	[82.0597%, 83.5635%]
9666	82.81605628%	[82.0510%, 83.5550%]
9667	82.81783387%	[82.0529%, 83.5567%]
9668	82.81961109%	[82.0547%, 83.5584%]
9669	82.82138794%	[82.0566%, 83.5602%]
9670	82.82316443%	[82.0584%, 83.5619%]
9671	82.82494054%	[82.0602%, 83.5636%]
9672	82.81637717%	[82.0516%, 83.5551%]
9673	82.81815362%	[82.0534%, 83.5568%]
9674	82.81992971%	[82.0553%, 83.5585%]
9675	82.82170543%	[82.0571%, 83.5602%]
9676	82.82348078%	[82.0590%, 83.5619%]
9677	82.82525576%	[82.0608%, 83.5637%]
9678	82.81669766%	[82.0521%, 83.5552%]
9679	82.81847298%	[82.0540%, 83.5569%]
9680	82.82024793%	[82.0558%, 83.5586%]
9681	82.81169301%	[82.0472%, 83.5502%]
9682	82.80313985%	[82.0385%, 83.5417%]
9683	82.80491583%	[82.0404%, 83.5434%]
9684	82.80669145%	[82.0422%, 83.5452%]
9685	82.80846670%	[82.0441%, 83.5469%]
9686	82.81024159%	[82.0459%, 83.5486%]
9687	82.80169299%	[82.0372%, 83.5401%]
9688	82.80346821%	[82.0391%, 83.5418%]
9689	82.80524306%	[82.0409%, 83.5435%]
9690	82.80701754%	[82.0428%, 83.5452%]
9691	82.80879166%	[82.0446%, 83.5470%]
9692	82.81056541%	[82.0465%, 83.5487%]
9693	82.81233880%	[82.0483%, 83.5504%]
9694	82.81411182%	[82.0502%, 83.5521%]
9695	82.81588448%	[82.0520%, 83.5538%]
9696	82.81765677%	[82.0538%, 83.5555%]
9697	82.81942869%	[82.0557%, 83.5572%]
9698	82.82120025%	[82.0575%, 83.5589%]
9699	82.82297144%	[82.0594%, 83.5606%]
9700	82.82474227%	[82.0612%, 83.5623%]
9701	82.81620451%	[82.0526%, 83.5539%]
9702	82.80766852%	[82.0439%, 83.5454%]
9703	82.79913429%	[82.0353%, 83.5370%]
9704	82.80090684%	[82.0371%, 83.5387%]
9705	82.80267903%	[82.0390%, 83.5404%]
9706	82.79414795%	[82.0303%, 83.5320%]
9707	82.78561863%	[82.0217%, 83.5236%]
9708	82.78739184%	[82.0235%, 83.5253%]
9709	82.78916469%	[82.0254%, 83.5270%]
9710	82.78063852%	[82.0168%, 83.5186%]
9711	82.78241170%	[82.0186%, 83.5203%]
9712	82.78418451%	[82.0204%, 83.5220%]
9713	82.78595696%	[82.0223%, 83.5237%]
9714	82.78772905%	[82.0241%, 83.5254%]
9715	82.78950077%	[82.0260%, 83.5271%]
9716	82.79127213%	[82.0278%, 83.5288%]
9717	82.79304312%	[82.0297%, 83.5305%]
9718	82.79481375%	[82.0315%, 83.5322%]
9719	82.79658401%	[82.0333%, 83.5339%]
9720	82.79835391%	[82.0352%, 83.5356%]
9721	82.80012344%	[82.0370%, 83.5373%]
9722	82.79160667%	[82.0284%, 83.5289%]
9723	82.79337653%	[82.0302%, 83.5306%]
9724	82.79514603%	[82.0321%, 83.5323%]
9725	82.79691517%	[82.0339%, 83.5340%]
9726	82.79868394%	[82.0357%, 83.5357%]
9727	82.80045235%	[82.0376%, 83.5374%]
9728	82.80222039%	[82.0394%, 83.5391%]
9729	82.80398808%	[82.0413%, 83.5408%]
9730	82.80575540%	[82.0431%, 83.5425%]
9731	82.80752235%	[82.0449%, 83.5442%]
9732	82.80928894%	[82.0468%, 83.5459%]
9733	82.80078085%	[82.0382%, 83.5375%]
9734	82.79227450%	[82.0296%, 83.5291%]
9735	82.79404212%	[82.0314%, 83.5308%]
9736	82.79580937%	[82.0332%, 83.5325%]
9737	82.79757626%	[82.0351%, 83.5342%]
9738	82.79934278%	[82.0369%, 83.5359%]
9739	82.80110894%	[82.0387%, 83.5376%]
9740	82.80287474%	[82.0406%, 83.5393%]
9741	82.80464018%	[82.0424%, 83.5410%]
9742	82.80640526%	[82.0442%, 83.5427%]
9743	82.80816997%	[82.0461%, 83.5444%]
9744	82.80993432%	[82.0479%, 83.5461%]
9745	82.81169831%	[82.0497%, 83.5478%]
9746	82.80320131%	[82.0411%, 83.5394%]
9747	82.80496563%	[82.0430%, 83.5411%]
9748	82.80672959%	[82.0448%, 83.5428%]
9749	82.80849318%	[82.0466%, 83.5445%]
9750	82.80000000%	[82.0380%, 83.5361%]
9751	82.79150856%	[82.0294%, 83.5277%]
9752	82.79327317%	[82.0313%, 83.5294%]
9753	82.79503742%	[82.0331%, 83.5311%]
9754	82.79680131%	[82.0349%, 83.5328%]
9755	82.79856484%	[82.0368%, 83.5345%]
9756	82.80032800%	[82.0386%, 83.5362%]
9757	82.79184175%	[82.0300%, 83.5278%]
9758	82.79360525%	[82.0319%, 83.5295%]
9759	82.79536838%	[82.0337%, 83.5312%]
9760	82.79713115%	[82.0355%, 83.5329%]
9761	82.79889356%	[82.0374%, 83.5346%]
9762	82.80065560%	[82.0392%, 83.5363%]
9763	82.80241729%	[82.0410%, 83.5380%]
9764	82.80417862%	[82.0428%, 83.5397%]
9765	82.79569892%	[82.0343%, 83.5313%]
9766	82.79746058%	[82.0361%, 83.5330%]
9767	82.79922187%	[82.0379%, 83.5347%]
9768	82.80098280%	[82.0398%, 83.5364%]
9769	82.80274337%	[82.0416%, 83.5381%]
9770	82.80450358%	[82.0434%, 83.5398%]
9771	82.80626343%	[82.0452%, 83.5415%]
9772	82.79778960%	[82.0367%, 83.5331%]
9773	82.79954978%	[82.0385%, 83.5348%]
9774	82.80130960%	[82.0403%, 83.5365%]
9775	82.80306905%	[82.0422%, 83.5382%]
9776	82.80482815%	[82.0440%, 83.5399%]
9777	82.80658689%	[82.0458%, 83.5416%]
9778	82.80834526%	[82.0476%, 83.5433%]
9779	82.79987729%	[82.0391%, 83.5349%]
9780	82.80163599%	[82.0409%, 83.5366%]
9781	82.80339434%	[82.0427%, 83.5383%]
9782	82.80515232%	[82.0446%, 83.5400%]
9783	82.80690995%	[82.0464%, 83.5417%]
9784	82.79844644%	[82.0378%, 83.5333%]
9785	82.80020439%	[82.0396%, 83.5350%]
9786	82.80196199%	[82.0415%, 83.5367%]
9787	82.79350158%	[82.0329%, 83.5284%]
9788	82.79525950%	[82.0347%, 83.5301%]
9789	82.79701706%	[82.0366%, 83.5317%]
9790	82.79877426%	[82.0384%, 83.5334%]
9791	82.80053110%	[82.0402%, 83.5351%]
9792	82.80228758%	[82.0420%, 83.5368%]
9793	82.80404370%	[82.0439%, 83.5385%]
9794	82.79558914%	[82.0353%, 83.5302%]
9795	82.78713629%	[82.0267%, 83.5218%]
9796	82.78889343%	[82.0286%, 83.5235%]
9797	82.79065020%	[82.0304%, 83.5252%]
9798	82.79240661%	[82.0322%, 83.5269%]
9799	82.79416267%	[82.0340%, 83.5286%]
9800	82.79591837%	[82.0359%, 83.5303%]
9801	82.79767371%	[82.0377%, 83.5320%]
9802	82.79942869%	[82.0395%, 83.5336%]
9803	82.80118331%	[82.0413%, 83.5353%]
9804	82.80293758%	[82.0432%, 83.5370%]
9805	82.80469148%	[82.0450%, 83.5387%]
9806	82.80644503%	[82.0468%, 83.5404%]
9807	82.80819823%	[82.0486%, 83.5421%]
9808	82.80995106%	[82.0505%, 83.5438%]
9809	82.81170354%	[82.0523%, 83.5454%]
9810	82.80326198%	[82.0437%, 83.5371%]
9811	82.80501478%	[82.0456%, 83.5388%]
9812	82.80676722%	[82.0474%, 83.5405%]
9813	82.80851931%	[82.0492%, 83.5422%]
9814	82.80008152%	[82.0407%, 83.5338%]
9815	82.80183393%	[82.0425%, 83.5355%]
9816	82.80358598%	[82.0443%, 83.5372%]
9817	82.79515127%	[82.0358%, 83.5289%]
9818	82.79690365%	[82.0376%, 83.5306%]
9819	82.79865567%	[82.0394%, 83.5323%]
9820	82.80040733%	[82.0412%, 83.5339%]
9821	82.80215864%	[82.0430%, 83.5356%]
9822	82.80390959%	[82.0449%, 83.5373%]
9823	82.79548000%	[82.0363%, 83.5290%]
9824	82.79723127%	[82.0382%, 83.5307%]
9825	82.79898219%	[82.0400%, 83.5324%]
9826	82.80073275%	[82.0418%, 83.5340%]
9827	82.80248296%	[82.0436%, 83.5357%]
9828	82.80423280%	[82.0454%, 83.5374%]
9829	82.80598230%	[82.0472%, 83.5391%]
9830	82.80773143%	[82.0491%, 83.5408%]
9831	82.80948022%	[82.0509%, 83.5424%]
9832	82.81122864%	[82.0527%, 83.5441%]
9833	82.81297671%	[82.0545%, 83.5458%]
9834	82.81472443%	[82.0563%, 83.5475%]
9835	82.81647178%	[82.0581%, 83.5492%]
9836	82.81821879%	[82.0600%, 83.5509%]
9837	82.81996544%	[82.0618%, 83.5525%]
9838	82.81154706%	[82.0533%, 83.5442%]
9839	82.80313040%	[82.0447%, 83.5359%]
9840	82.80487805%	[82.0466%, 83.5376%]
9841	82.80662534%	[82.0484%, 83.5393%]
9842	82.80837228%	[82.0502%, 83.5410%]
9843	82.81011887%	[82.0520%, 83.5426%]
9844	82.81186510%	[82.0538%, 83.5443%]
9845	82.80345353%	[82.0453%, 83.5360%]
9846	82.80520008%	[82.0471%, 83.5377%]
9847	82.80694628%	[82.0489%, 83.5394%]
9848	82.80869212%	[82.0507%, 83.5411%]
9849	82.80028429%	[82.0422%, 83.5328%]
9850	82.80203046%	[82.0441%, 83.5344%]
9851	82.80377627%	[82.0459%, 83.5361%]
9852	82.80552172%	[82.0477%, 83.5378%]
9853	82.79711763%	[82.0392%, 83.5295%]
9854	82.78871524%	[82.0307%, 83.5212%]
9855	82.78031456%	[82.0222%, 83.5129%]
9856	82.78206169%	[82.0240%, 83.5146%]
9857	82.78380846%	[82.0258%, 83.5163%]
9858	82.78555488%	[82.0276%, 83.5180%]
9859	82.78730094%	[82.0294%, 83.5196%]
9860	82.78904665%	[82.0312%, 83.5213%]
9861	82.79079201%	[82.0331%, 83.5230%]
9862	82.79253701%	[82.0349%, 83.5247%]
9863	82.79428166%	[82.0367%, 83.5263%]
9864	82.79602595%	[82.0385%, 83.5280%]
9865	82.79776989%	[82.0403%, 83.5297%]
9866	82.79951348%	[82.0421%, 83.5314%]
9867	82.80125671%	[82.0439%, 83.5331%]
9868	82.80299959%	[82.0457%, 83.5347%]
9869	82.80474212%	[82.0475%, 83.5364%]
9870	82.80648430%	[82.0494%, 83.5381%]
9871	82.80822612%	[82.0512%, 83.5398%]
9872	82.80996759%	[82.0530%, 83.5414%]
9873	82.81170870%	[82.0548%, 83.5431%]
9874	82.81344946%	[82.0566%, 83.5448%]
9875	82.81518987%	[82.0584%, 83.5465%]
9876	82.81692993%	[82.0602%, 83.5481%]
9877	82.81866964%	[82.0620%, 83.5498%]
9878	82.82040899%	[82.0638%, 83.5515%]
9879	82.82214799%	[82.0656%, 83.5531%]
9880	82.82388664%	[82.0674%, 83.5548%]
9881	82.82562494%	[82.0693%, 83.5565%]
9882	82.81724347%	[82.0608%, 83.5482%]
9883	82.81898209%	[82.0626%, 83.5499%]
9884	82.82072036%	[82.0644%, 83.5516%]
9885	82.81234193%	[82.0559%, 83.5433%]
9886	82.81408052%	[82.0577%, 83.5450%]
9887	82.81581875%	[82.0595%, 83.5466%]
9888	82.81755663%	[82.0613%, 83.5483%]
9889	82.81929417%	[82.0631%, 83.5500%]
9890	82.81092012%	[82.0546%, 83.5417%]
9891	82.81265797%	[82.0565%, 83.5434%]
9892	82.81439547%	[82.0583%, 83.5451%]
9893	82.81613262%	[82.0601%, 83.5467%]
9894	82.81786942%	[82.0619%, 83.5484%]
9895	82.80949975%	[82.0534%, 83.5401%]
9896	82.81123686%	[82.0552%, 83.5418%]
9897	82.81297363%	[82.0570%, 83.5435%]
9898	82.81471004%	[82.0588%, 83.5451%]
9899	82.81644611%	[82.0606%, 83.5468%]
9900	82.81818182%	[82.0624%, 83.5485%]
9901	82.80981719%	[82.0540%, 83.5402%]
9902	82.81155322%	[82.0558%, 83.5419%]
9903	82.80319095%	[82.0473%, 83.5336%]
9904	82.80492730%	[82.0491%, 83.5353%]
9905	82.80666330%	[82.0509%, 83.5370%]
9906	82.80839895%	[82.0527%, 83.5387%]
9907	82.81013425%	[82.0545%, 83.5403%]
9908	82.81186920%	[82.0563%, 83.5420%]
9909	82.81360379%	[82.0581%, 83.5437%]
9910	82.81533804%	[82.0599%, 83.5453%]
9911	82.81707194%	[82.0617%, 83.5470%]
9912	82.81880549%	[82.0635%, 83.5487%]
9913	82.81045092%	[82.0551%, 83.5404%]
9914	82.81218479%	[82.0569%, 83.5421%]
9915	82.81391831%	[82.0587%, 83.5438%]
9916	82.81565147%	[82.0605%, 83.5454%]
9917	82.81738429%	[82.0623%, 83.5471%]
9918	82.80903408%	[82.0538%, 83.5388%]
9919	82.81076721%	[82.0556%, 83.5405%]
9920	82.81250000%	[82.0574%, 83.5422%]
9921	82.81423244%	[82.0592%, 83.5438%]
9922	82.80588591%	[82.0508%, 83.5356%]
9923	82.80761866%	[82.0526%, 83.5373%]
9924	82.80935107%	[82.0544%, 83.5389%]
9925	82.81108312%	[82.0562%, 83.5406%]
9926	82.81281483%	[82.0580%, 83.5423%]
9927	82.81454619%	[82.0598%, 83.5439%]
9928	82.81627720%	[82.0616%, 83.5456%]
9929	82.81800786%	[82.0634%, 83.5473%]
9930	82.81973817%	[82.0652%, 83.5489%]
9931	82.82146813%	[82.0670%, 83.5506%]
9932	82.82319774%	[82.0688%, 83.5523%]
9933	82.82492701%	[82.0706%, 83.5539%]
9934	82.82665593%	[82.0724%, 83.5556%]
9935	82.82838450%	[82.0741%, 83.5572%]
9936	82.83011272%	[82.0759%, 83.5589%]
9937	82.83184060%	[82.0777%, 83.5606%]
9938	82.83356812%	[82.0795%, 83.5622%]
9939	82.83529530%	[82.0813%, 83.5639%]
9940	82.83702213%	[82.0831%, 83.5655%]
9941	82.83874862%	[82.0849%, 83.5672%]
9942	82.84047475%	[82.0867%, 83.5689%]
9943	82.84220054%	[82.0885%, 83.5705%]
9944	82.83386967%	[82.0801%, 83.5623%]
9945	82.82554047%	[82.0716%, 83.5541%]
9946	82.82726724%	[82.0734%, 83.5557%]
9947	82.82899367%	[82.0752%, 83.5574%]
9948	82.82066747%	[82.0668%, 83.5492%]
9949	82.82239421%	[82.0686%, 83.5509%]
9950	82.82412060%	[82.0704%, 83.5525%]
9951	82.82584665%	[82.0722%, 83.5542%]
9952	82.82757235%	[82.0740%, 83.5558%]
9953	82.82929770%	[82.0758%, 83.5575%]
9954	82.83102270%	[82.0776%, 83.5592%]
9955	82.82270216%	[82.0691%, 83.5509%]
9956	82.82442748%	[82.0709%, 83.5526%]
9957	82.82615246%	[82.0727%, 83.5543%]
9958	82.82787708%	[82.0745%, 83.5559%]
9959	82.82960137%	[82.0763%, 83.5576%]
9960	82.83132530%	[82.0781%, 83.5592%]
9961	82.83304889%	[82.0799%, 83.5609%]
9962	82.83477213%	[82.0817%, 83.5625%]
9963	82.83649503%	[82.0835%, 83.5642%]
9964	82.83821758%	[82.0853%, 83.5659%]
9965	82.83993979%	[82.0871%, 83.5675%]
9966	82.84166165%	[82.0888%, 83.5692%]
9967	82.84338316%	[82.0906%, 83.5708%]
9968	82.84510433%	[82.0924%, 83.5725%]
9969	82.84682516%	[82.0942%, 83.5741%]
9970	82.84854564%	[82.0960%, 83.5758%]
9971	82.85026577%	[82.0978%, 83.5774%]
9972	82.85198556%	[82.0996%, 83.5791%]
9973	82.85370500%	[82.1014%, 83.5808%]
9974	82.85542410%	[82.1031%, 83.5824%]
9975	82.85714286%	[82.1049%, 83.5841%]
9976	82.85886127%	[82.1067%, 83.5857%]
9977	82.86057933%	[82.1085%, 83.5874%]
9978	82.86229705%	[82.1103%, 83.5890%]
9979	82.86401443%	[82.1121%, 83.5907%]
9980	82.86573146%	[82.1138%, 83.5923%]
9981	82.86744815%	[82.1156%, 83.5940%]
9982	82.86916450%	[82.1174%, 83.5956%]
9983	82.87088050%	[82.1192%, 83.5973%]
9984	82.87259615%	[82.1210%, 83.5989%]
9985	82.87431147%	[82.1228%, 83.6006%]
9986	82.87602644%	[82.1245%, 83.6022%]
9987	82.87774106%	[82.1263%, 83.6039%]
9988	82.87945535%	[82.1281%, 83.6055%]
9989	82.88116929%	[82.1299%, 83.6072%]
9990	82.88288288%	[82.1317%, 83.6088%]
9991	82.88459614%	[82.1335%, 83.6105%]
9992	82.87630104%	[82.1251%, 83.6023%]
9993	82.87801461%	[82.1268%, 83.6039%]
9994	82.87972784%	[82.1286%, 83.6056%]
9995	82.87143572%	[82.1202%, 83.5974%]
9996	82.87314926%	[82.1220%, 83.5990%]
9997	82.87486246%	[82.1238%, 83.6007%]
9998	82.87657532%	[82.1256%, 83.6023%]
9999	82.86828683%	[82.1172%, 83.5942%]
10000	82.87000000%	[82.1190%, 83.5958%]
10001	82.87171283%	[82.1207%, 83.5974%]
10002	82.87342531%	[82.1225%, 83.5991%]
10003	82.87513746%	[82.1243%, 83.6007%]
10004	82.87684926%	[82.1261%, 83.6024%]
10005	82.87856072%	[82.1278%, 83.6040%]
10006	82.87027783%	[82.1195%, 83.5959%]
10007	82.87198961%	[82.1212%, 83.5975%]
10008	82.87370104%	[82.1230%, 83.5992%]
10009	82.87541213%	[82.1248%, 83.6008%]
10010	82.87712288%	[82.1266%, 83.6024%]
10011	82.87883328%	[82.1284%, 83.6041%]
10012	82.88054335%	[82.1301%, 83.6057%]
10013	82.87226605%	[82.1218%, 83.5976%]
10014	82.87397643%	[82.1235%, 83.5992%]
10015	82.87568647%	[82.1253%, 83.6009%]
10016	82.87739617%	[82.1271%, 83.6025%]
10017	82.86912249%	[82.1187%, 83.5943%]
10018	82.87083250%	[82.1205%, 83.5960%]
10019	82.86256113%	[82.1121%, 83.5878%]
10020	82.86427146%	[82.1139%, 83.5895%]
10021	82.86598144%	[82.1157%, 83.5911%]
10022	82.86769108%	[82.1174%, 83.5927%]
10023	82.86940038%	[82.1192%, 83.5944%]
10024	82.87110934%	[82.1210%, 83.5960%]
10025	82.87281796%	[82.1228%, 83.5977%]
10026	82.86455216%	[82.1144%, 83.5895%]
10027	82.86626110%	[82.1162%, 83.5912%]
10028	82.86796968%	[82.1180%, 83.5928%]
10029	82.85970685%	[82.1096%, 83.5847%]
10030	82.86141575%	[82.1114%, 83.5863%]
10031	82.86312431%	[82.1131%, 83.5879%]
10032	82.85486443%	[82.1048%, 83.5798%]
10033	82.85657331%	[82.1066%, 83.5814%]
10034	82.84831573%	[82.0982%, 83.5733%]
10035	82.85002491%	[82.1000%, 83.5749%]
10036	82.85173376%	[82.1018%, 83.5766%]
10037	82.84347913%	[82.0934%, 83.5684%]
10038	82.84518828%	[82.0952%, 83.5701%]
10039	82.84689710%	[82.0970%, 83.5717%]
10040	82.84860558%	[82.0987%, 83.5734%]
10041	82.85031371%	[82.1005%, 83.5750%]
10042	82.85202151%	[82.1023%, 83.5766%]


