0.00.550.402 W model has unused tensor blk.64.attn_norm.weight (size = 20480 bytes) -- ignoring
0.00.550.408 W model has unused tensor blk.64.post_attention_norm.weight (size = 20480 bytes) -- ignoring
0.00.550.411 W model has unused tensor blk.64.attn_q.weight (size = 43253760 bytes) -- ignoring
0.00.550.412 W model has unused tensor blk.64.attn_k.weight (size = 3604480 bytes) -- ignoring
0.00.550.413 W model has unused tensor blk.64.attn_v.weight (size = 3604480 bytes) -- ignoring
0.00.550.417 W model has unused tensor blk.64.attn_output.weight (size = 21626880 bytes) -- ignoring
0.00.550.418 W model has unused tensor blk.64.attn_q_norm.weight (size = 1024 bytes) -- ignoring
0.00.550.420 W model has unused tensor blk.64.attn_k_norm.weight (size = 1024 bytes) -- ignoring
0.00.550.422 W model has unused tensor blk.64.ffn_gate.weight (size = 61276160 bytes) -- ignoring
0.00.550.423 W model has unused tensor blk.64.ffn_down.weight (size = 61276160 bytes) -- ignoring
0.00.550.424 W model has unused tensor blk.64.ffn_up.weight (size = 61276160 bytes) -- ignoring
0.00.550.426 W model has unused tensor blk.64.nextn.eh_proj.weight (size = 36044800 bytes) -- ignoring
0.00.550.428 W model has unused tensor blk.64.nextn.enorm.weight (size = 20480 bytes) -- ignoring
0.00.550.429 W model has unused tensor blk.64.nextn.hnorm.weight (size = 20480 bytes) -- ignoring
0.00.550.432 W model has unused tensor blk.64.nextn.shared_head_norm.weight (size = 20480 bytes) -- ignoring
0.02.940.557 I 
0.02.940.632 I system_info: n_threads = 16 (n_threads_batch = 16) / 32 | CUDA : ARCHS = 1200 | USE_GRAPHS = 1 | BLACKWELL_NATIVE_FP4 = 1 | CPU : SSE3 = 1 | SSSE3 = 1 | AVX = 1 | AVX_VNNI = 1 | AVX2 = 1 | F16C = 1 | FMA = 1 | BMI2 = 1 | AVX512 = 1 | AVX512_VBMI = 1 | AVX512_VNNI = 1 | AVX512_BF16 = 1 | LLAMAFILE = 1 | OPENMP = 1 | REPACK = 1 | 
0.02.944.849 I hellaswag_score : loaded 10042 tasks from prompt.
0.02.944.852 I ================================= is_spm = 0
0.02.944.853 I hellaswag_score : selecting 10042 randomized tasks.
0.05.630.252 I hellaswag_score : calculating hellaswag score over selected tasks.

task	acc_norm	95% confidence interval
1	100.00000000%	[20.6549%, 100.0000%]
2	100.00000000%	[34.2380%, 100.0000%]
3	100.00000000%	[43.8503%, 100.0000%]
4	100.00000000%	[51.0109%, 100.0000%]
5	100.00000000%	[56.5518%, 100.0000%]
6	100.00000000%	[60.9666%, 100.0000%]
7	100.00000000%	[64.5670%, 100.0000%]
8	87.50000000%	[52.9112%, 97.7583%]
9	77.77777778%	[45.2589%, 93.6775%]
10	70.00000000%	[39.6778%, 89.2209%]
11	63.63636364%	[35.3801%, 84.8335%]
12	66.66666667%	[39.0622%, 86.1880%]
13	61.53846154%	[35.5229%, 82.2903%]
14	57.14285714%	[32.5906%, 78.6192%]
15	60.00000000%	[35.7468%, 80.1755%]
16	62.50000000%	[38.6410%, 81.5188%]
17	64.70588235%	[41.3004%, 82.6903%]
18	66.66666667%	[43.7495%, 83.7212%]
19	68.42105263%	[46.0104%, 84.6356%]
20	70.00000000%	[48.1027%, 85.4523%]
21	71.42857143%	[50.0436%, 86.1861%]
22	72.72727273%	[51.8483%, 86.8492%]
23	73.91304348%	[53.5300%, 87.4514%]
24	75.00000000%	[55.1006%, 88.0006%]
25	72.00000000%	[52.4234%, 85.7161%]
26	73.07692308%	[53.9170%, 86.2956%]
27	74.07407407%	[55.3214%, 86.8296%]
28	71.42857143%	[52.9407%, 84.7460%]
29	72.41379310%	[54.2829%, 85.3012%]
30	73.33333333%	[55.5520%, 85.8173%]
31	74.19354839%	[56.7539%, 86.2983%]
32	75.00000000%	[57.8934%, 86.7476%]
33	75.75757576%	[58.9754%, 87.1683%]
34	76.47058824%	[60.0039%, 87.5630%]
35	77.14285714%	[60.9827%, 87.9341%]
36	77.77777778%	[61.9153%, 88.2837%]
37	78.37837838%	[62.8049%, 88.6135%]
38	78.94736842%	[63.6542%, 88.9252%]
39	79.48717949%	[64.4660%, 89.2203%]
40	80.00000000%	[65.2427%, 89.5000%]
41	80.48780488%	[65.9864%, 89.7656%]
42	80.95238095%	[66.6992%, 90.0180%]
43	81.39534884%	[67.3830%, 90.2582%]
44	81.81818182%	[68.0394%, 90.4872%]
45	82.22222222%	[68.6702%, 90.7056%]
46	82.60869565%	[69.2766%, 90.9142%]
47	82.97872340%	[69.8602%, 91.1136%]
48	83.33333333%	[70.4222%, 91.3045%]
49	83.67346939%	[70.9637%, 91.4873%]
50	84.00000000%	[71.4858%, 91.6626%]
51	84.31372549%	[71.9896%, 91.8308%]
52	84.61538462%	[72.4759%, 91.9923%]
53	84.90566038%	[72.9458%, 92.1476%]
54	83.33333333%	[71.2635%, 90.9756%]
55	83.63636364%	[71.7363%, 91.1446%]
56	82.14285714%	[70.1588%, 90.0001%]
57	82.45614035%	[70.6326%, 90.1811%]
58	82.75862069%	[71.0917%, 90.3557%]
59	83.05084746%	[71.5368%, 90.5242%]
60	83.33333333%	[71.9684%, 90.6868%]
61	83.60655738%	[72.3872%, 90.8440%]
62	83.87096774%	[72.7937%, 90.9959%]
63	84.12698413%	[73.1884%, 91.1429%]
64	84.37500000%	[73.5719%, 91.2852%]
65	84.61538462%	[73.9447%, 91.4229%]
66	84.84848485%	[74.3071%, 91.5564%]
67	85.07462687%	[74.6596%, 91.6857%]
68	85.29411765%	[75.0026%, 91.8112%]
69	85.50724638%	[75.3365%, 91.9329%]
70	84.28571429%	[74.0118%, 90.9924%]
71	84.50704225%	[74.3490%, 91.1227%]
72	84.72222222%	[74.6777%, 91.2493%]
73	84.93150685%	[74.9981%, 91.3723%]
74	85.13513514%	[75.3105%, 91.4919%]
75	84.00000000%	[74.0833%, 90.6035%]
76	84.21052632%	[74.3986%, 90.7305%]
77	83.11688312%	[73.2271%, 89.8593%]
78	83.33333333%	[73.5444%, 89.9931%]
79	83.54430380%	[73.8543%, 90.1233%]
80	83.75000000%	[74.1571%, 90.2502%]
81	83.95061728%	[74.4530%, 90.3738%]
82	84.14634146%	[74.7421%, 90.4944%]
83	83.13253012%	[73.6559%, 89.6779%]
84	83.33333333%	[73.9470%, 89.8043%]
85	82.35294118%	[72.9044%, 89.0036%]
86	82.55813953%	[73.1968%, 89.1352%]
87	82.75862069%	[73.4830%, 89.2637%]
88	82.95454545%	[73.7631%, 89.3892%]
89	83.14606742%	[74.0374%, 89.5117%]
90	83.33333333%	[74.3061%, 89.6315%]
91	83.51648352%	[74.5693%, 89.7486%]
92	83.69565217%	[74.8272%, 89.8630%]
93	83.87096774%	[75.0799%, 89.9749%]
94	84.04255319%	[75.3276%, 90.0844%]
95	84.21052632%	[75.5704%, 90.1915%]
96	84.37500000%	[75.8085%, 90.2963%]
97	84.53608247%	[76.0420%, 90.3989%]
98	84.69387755%	[76.2711%, 90.4993%]
99	84.84848485%	[76.4959%, 90.5977%]
100	84.00000000%	[75.5797%, 89.9047%]
101	84.15841584%	[75.8064%, 90.0072%]
102	83.33333333%	[74.9213%, 89.3258%]
103	83.49514563%	[75.1495%, 89.4322%]
104	83.65384615%	[75.3736%, 89.5365%]
105	83.80952381%	[75.5938%, 89.6387%]
106	83.96226415%	[75.8100%, 89.7390%]
107	84.11214953%	[76.0225%, 89.8373%]
108	84.25925926%	[76.2313%, 89.9338%]
109	84.40366972%	[76.4365%, 90.0285%]
110	84.54545455%	[76.6382%, 90.1213%]
111	84.68468468%	[76.8364%, 90.2125%]
112	84.82142857%	[77.0314%, 90.3020%]
113	84.95575221%	[77.2231%, 90.3899%]
114	84.21052632%	[76.4179%, 89.7727%]
115	84.34782609%	[76.6112%, 89.8639%]
116	84.48275862%	[76.8015%, 89.9534%]
117	84.61538462%	[76.9886%, 90.0413%]
118	83.89830508%	[76.2164%, 89.4427%]
119	84.03361345%	[76.4050%, 89.5336%]
120	83.33333333%	[75.6547%, 88.9440%]
121	83.47107438%	[75.8446%, 89.0377%]
122	83.60655738%	[76.0315%, 89.1298%]
123	83.73983740%	[76.2156%, 89.2204%]
124	83.87096774%	[76.3968%, 89.3095%]
125	84.00000000%	[76.5754%, 89.3972%]
126	84.12698413%	[76.7512%, 89.4834%]
127	84.25196850%	[76.9245%, 89.5682%]
128	83.59375000%	[76.2182%, 89.0117%]
129	82.94573643%	[75.5267%, 88.4594%]
130	83.07692308%	[75.7047%, 88.5504%]
131	83.20610687%	[75.8802%, 88.6401%]
132	82.57575758%	[75.2096%, 88.0995%]
133	82.70676692%	[75.3860%, 88.1913%]
134	82.08955224%	[74.7320%, 87.6585%]
135	82.22222222%	[74.9090%, 87.7524%]
136	82.35294118%	[75.0836%, 87.8448%]
137	82.48175182%	[75.2558%, 87.9358%]
138	82.60869565%	[75.4256%, 88.0255%]
139	82.73381295%	[75.5932%, 88.1138%]
140	82.85714286%	[75.7584%, 88.2009%]
141	82.26950355%	[75.1352%, 87.6921%]
142	82.39436620%	[75.3012%, 87.7810%]
143	82.51748252%	[75.4649%, 87.8687%]
144	82.63888889%	[75.6266%, 87.9551%]
145	82.75862069%	[75.7861%, 88.0402%]
146	82.87671233%	[75.9435%, 88.1242%]
147	82.99319728%	[76.0989%, 88.2070%]
148	83.10810811%	[76.2524%, 88.2886%]
149	83.22147651%	[76.4039%, 88.3692%]
150	83.33333333%	[76.5534%, 88.4486%]
151	83.44370861%	[76.7011%, 88.5269%]
152	83.55263158%	[76.8469%, 88.6042%]
153	83.66013072%	[76.9910%, 88.6804%]
154	83.11688312%	[76.4116%, 88.2102%]
155	83.22580645%	[76.5564%, 88.2881%]
156	83.33333333%	[76.6995%, 88.3650%]
157	83.43949045%	[76.8408%, 88.4408%]
158	83.54430380%	[76.9805%, 88.5157%]
159	83.64779874%	[77.1184%, 88.5897%]
160	83.75000000%	[77.2547%, 88.6626%]
161	83.85093168%	[77.3895%, 88.7347%]
162	83.95061728%	[77.5226%, 88.8058%]
163	84.04907975%	[77.6542%, 88.8761%]
164	84.14634146%	[77.7842%, 88.9454%]
165	84.24242424%	[77.9128%, 89.0139%]
166	84.33734940%	[78.0398%, 89.0816%]
167	84.43113772%	[78.1654%, 89.1484%]
168	84.52380952%	[78.2896%, 89.2145%]
169	84.61538462%	[78.4124%, 89.2797%]
170	84.70588235%	[78.5338%, 89.3441%]
171	84.79532164%	[78.6539%, 89.4078%]
172	84.88372093%	[78.7726%, 89.4707%]
173	84.97109827%	[78.8900%, 89.5328%]
174	85.05747126%	[79.0062%, 89.5943%]
175	85.14285714%	[79.1210%, 89.6550%]
176	85.22727273%	[79.2346%, 89.7150%]
177	85.31073446%	[79.3470%, 89.7743%]
178	85.39325843%	[79.4582%, 89.8330%]
179	85.47486034%	[79.5682%, 89.8909%]
180	85.55555556%	[79.6770%, 89.9482%]
181	85.63535912%	[79.7846%, 90.0049%]
182	85.71428571%	[79.8912%, 90.0609%]
183	85.79234973%	[79.9966%, 90.1163%]
184	85.86956522%	[80.1009%, 90.1711%]
185	85.94594595%	[80.2042%, 90.2253%]
186	86.02150538%	[80.3063%, 90.2789%]
187	85.56149733%	[79.8079%, 89.8835%]
188	85.63829787%	[79.9110%, 89.9384%]
189	85.71428571%	[80.0130%, 89.9927%]
190	85.78947368%	[80.1140%, 90.0464%]
191	85.86387435%	[80.2140%, 90.0995%]
192	85.93750000%	[80.3131%, 90.1521%]
193	85.49222798%	[79.8312%, 89.7680%]
194	85.56701031%	[79.9311%, 89.8218%]
195	85.64102564%	[80.0299%, 89.8750%]
196	85.71428571%	[80.1279%, 89.9277%]
197	85.78680203%	[80.2248%, 89.9798%]
198	85.35353535%	[79.7567%, 89.6046%]
199	85.42713568%	[79.8545%, 89.6579%]
200	85.00000000%	[79.3944%, 89.2864%]
201	85.07462687%	[79.4929%, 89.3408%]
202	85.14851485%	[79.5905%, 89.3946%]
203	85.22167488%	[79.6872%, 89.4479%]
204	84.80392157%	[79.2380%, 89.0833%]
205	84.39024390%	[78.7947%, 88.7206%]
206	84.46601942%	[78.8936%, 88.7765%]
207	84.54106280%	[78.9916%, 88.8319%]
208	84.61538462%	[79.0887%, 88.8867%]
209	84.68899522%	[79.1849%, 88.9409%]
210	84.76190476%	[79.2802%, 88.9947%]
211	84.83412322%	[79.3747%, 89.0479%]
212	84.43396226%	[78.9460%, 88.6963%]
213	84.50704225%	[79.0410%, 88.7504%]
214	84.11214953%	[78.6190%, 88.4022%]
215	83.72093023%	[78.2021%, 88.0559%]
216	83.79629630%	[78.2991%, 88.1124%]
217	83.87096774%	[78.3953%, 88.1683%]
218	83.94495413%	[78.4906%, 88.2237%]
219	84.01826484%	[78.5851%, 88.2786%]
220	84.09090909%	[78.6787%, 88.3330%]
221	84.16289593%	[78.7716%, 88.3869%]
222	83.78378378%	[78.3676%, 88.0507%]
223	83.85650224%	[78.4610%, 88.1054%]
224	83.92857143%	[78.5535%, 88.1596%]
225	84.00000000%	[78.6452%, 88.2133%]
226	84.07079646%	[78.7362%, 88.2665%]
227	84.14096916%	[78.8264%, 88.3193%]
228	84.21052632%	[78.9158%, 88.3715%]
229	84.27947598%	[79.0045%, 88.4233%]
230	84.34782609%	[79.0925%, 88.4747%]
231	84.41558442%	[79.1797%, 88.5256%]
232	84.48275862%	[79.2662%, 88.5760%]
233	84.54935622%	[79.3519%, 88.6260%]
234	84.18803419%	[78.9662%, 88.3055%]
235	84.25531915%	[79.0525%, 88.3562%]
236	84.32203390%	[79.1381%, 88.4066%]
237	84.38818565%	[79.2229%, 88.4564%]
238	84.45378151%	[79.3071%, 88.5059%]
239	84.51882845%	[79.3906%, 88.5550%]
240	84.16666667%	[79.0149%, 88.2419%]
241	84.23236515%	[79.0989%, 88.2916%]
242	84.29752066%	[79.1822%, 88.3410%]
243	83.95061728%	[78.8128%, 88.0317%]
244	84.01639344%	[78.8965%, 88.0818%]
245	84.08163265%	[78.9796%, 88.1314%]
246	84.14634146%	[79.0620%, 88.1806%]
247	84.21052632%	[79.1438%, 88.2294%]
248	83.87096774%	[78.7825%, 87.9261%]
249	83.93574297%	[78.8647%, 87.9756%]
250	84.00000000%	[78.9463%, 88.0246%]
251	84.06374502%	[79.0273%, 88.0733%]
252	84.12698413%	[79.1076%, 88.1215%]
253	84.18972332%	[79.1873%, 88.1694%]
254	84.25196850%	[79.2664%, 88.2169%]
255	84.31372549%	[79.3449%, 88.2640%]
256	83.98437500%	[78.9945%, 87.9695%]
257	84.04669261%	[79.0734%, 88.0172%]
258	84.10852713%	[79.1517%, 88.0645%]
259	83.78378378%	[78.8066%, 87.7734%]
260	83.46153846%	[78.4650%, 87.4837%]
261	83.52490421%	[78.5446%, 87.5326%]
262	83.20610687%	[78.2072%, 87.2454%]
263	82.88973384%	[77.8730%, 86.9596%]
264	82.95454545%	[77.9538%, 87.0100%]
265	83.01886792%	[78.0341%, 87.0600%]
266	83.08270677%	[78.1139%, 87.1096%]
267	83.14606742%	[78.1930%, 87.1589%]
268	83.20895522%	[78.2716%, 87.2078%]
269	83.27137546%	[78.3496%, 87.2563%]
270	83.33333333%	[78.4270%, 87.3044%]
271	83.39483395%	[78.5039%, 87.3522%]
272	83.45588235%	[78.5803%, 87.3996%]
273	83.15018315%	[78.2570%, 87.1233%]
274	83.21167883%	[78.3337%, 87.1713%]
275	83.27272727%	[78.4098%, 87.2189%]
276	83.33333333%	[78.4854%, 87.2661%]
277	83.39350181%	[78.5605%, 87.3130%]
278	83.45323741%	[78.6350%, 87.3595%]
279	83.51254480%	[78.7091%, 87.4057%]
280	83.21428571%	[78.3937%, 87.1358%]
281	83.27402135%	[78.4680%, 87.1825%]
282	83.33333333%	[78.5418%, 87.2289%]
283	83.39222615%	[78.6152%, 87.2749%]
284	83.45070423%	[78.6880%, 87.3206%]
285	83.50877193%	[78.7603%, 87.3659%]
286	83.21678322%	[78.4517%, 87.1014%]
287	83.27526132%	[78.5243%, 87.1472%]
288	83.33333333%	[78.5964%, 87.1927%]
289	83.39100346%	[78.6681%, 87.2379%]
290	83.44827586%	[78.7392%, 87.2828%]
291	83.50515464%	[78.8099%, 87.3273%]
292	83.56164384%	[78.8801%, 87.3716%]
293	83.61774744%	[78.9499%, 87.4155%]
294	83.67346939%	[79.0192%, 87.4591%]
295	83.72881356%	[79.0880%, 87.5024%]
296	83.78378378%	[79.1564%, 87.5455%]
297	83.50168350%	[78.8580%, 87.2898%]
298	83.55704698%	[78.9266%, 87.3333%]
299	83.61204013%	[78.9949%, 87.3765%]
300	83.66666667%	[79.0627%, 87.4194%]
301	83.72093023%	[79.1300%, 87.4619%]
302	83.44370861%	[78.8369%, 87.2104%]
303	83.49834983%	[78.9045%, 87.2534%]
304	83.55263158%	[78.9718%, 87.2961%]
305	83.60655738%	[79.0385%, 87.3386%]
306	83.66013072%	[79.1049%, 87.3807%]
307	83.38762215%	[78.8169%, 87.1331%]
308	83.44155844%	[78.8835%, 87.1757%]
309	83.49514563%	[78.9497%, 87.2180%]
310	83.22580645%	[78.6654%, 86.9728%]
311	83.27974277%	[78.7319%, 87.0155%]
312	83.33333333%	[78.7979%, 87.0579%]
313	83.38658147%	[78.8635%, 87.1000%]
314	83.43949045%	[78.9288%, 87.1419%]
315	83.49206349%	[78.9936%, 87.1835%]
316	83.54430380%	[79.0580%, 87.2248%]
317	83.59621451%	[79.1221%, 87.2659%]
318	83.64779874%	[79.1857%, 87.3067%]
319	83.69905956%	[79.2490%, 87.3472%]
320	83.75000000%	[79.3118%, 87.3875%]
321	83.80062305%	[79.3743%, 87.4275%]
322	83.85093168%	[79.4365%, 87.4672%]
323	83.90092879%	[79.4982%, 87.5068%]
324	83.95061728%	[79.5596%, 87.5460%]
325	84.00000000%	[79.6206%, 87.5850%]
326	84.04907975%	[79.6812%, 87.6238%]
327	84.09785933%	[79.7415%, 87.6623%]
328	84.14634146%	[79.8015%, 87.7006%]
329	83.89057751%	[79.5308%, 87.4681%]
330	83.93939394%	[79.5909%, 87.5068%]
331	83.98791541%	[79.6508%, 87.5452%]
332	84.03614458%	[79.7103%, 87.5834%]
333	83.78378378%	[79.4434%, 87.3536%]
334	83.83233533%	[79.5031%, 87.3922%]
335	83.88059701%	[79.5625%, 87.4305%]
336	83.92857143%	[79.6215%, 87.4686%]
337	83.97626113%	[79.6802%, 87.5064%]
338	84.02366864%	[79.7386%, 87.5441%]
339	84.07079646%	[79.7966%, 87.5815%]
340	84.11764706%	[79.8543%, 87.6186%]
341	84.16422287%	[79.9117%, 87.6556%]
342	84.21052632%	[79.9687%, 87.6923%]
343	84.25655977%	[80.0255%, 87.7288%]
344	84.30232558%	[80.0819%, 87.7651%]
345	84.05797101%	[79.8232%, 87.5426%]
346	83.81502890%	[79.5664%, 87.3210%]
347	83.86167147%	[79.6236%, 87.3582%]
348	83.90804598%	[79.6805%, 87.3952%]
349	83.95415473%	[79.7370%, 87.4320%]
350	83.71428571%	[79.4837%, 87.2129%]
351	83.76068376%	[79.5404%, 87.2499%]
352	83.80681818%	[79.5969%, 87.2868%]
353	83.85269122%	[79.6531%, 87.3235%]
354	83.89830508%	[79.7089%, 87.3599%]
355	83.94366197%	[79.7644%, 87.3961%]
356	83.98876404%	[79.8197%, 87.4322%]
357	84.03361345%	[79.8746%, 87.4680%]
358	84.07821229%	[79.9292%, 87.5036%]
359	84.12256267%	[79.9836%, 87.5390%]
360	84.16666667%	[80.0376%, 87.5742%]
361	83.93351801%	[79.7912%, 87.3612%]
362	83.97790055%	[79.8455%, 87.3968%]
363	84.02203857%	[79.8994%, 87.4321%]
364	83.79120879%	[79.6557%, 87.2209%]
365	83.83561644%	[79.7099%, 87.2565%]
366	83.87978142%	[79.7638%, 87.2920%]
367	83.92370572%	[79.8174%, 87.3272%]
368	83.96739130%	[79.8707%, 87.3622%]
369	83.73983740%	[79.6306%, 87.1538%]
370	83.78378378%	[79.6841%, 87.1892%]
371	83.82749326%	[79.7373%, 87.2243%]
372	83.87096774%	[79.7903%, 87.2593%]
373	83.91420912%	[79.8430%, 87.2940%]
374	83.95721925%	[79.8954%, 87.3286%]
375	83.73333333%	[79.6592%, 87.1233%]
376	83.77659574%	[79.7118%, 87.1582%]
377	83.81962865%	[79.7642%, 87.1928%]
378	83.86243386%	[79.8162%, 87.2273%]
379	83.90501319%	[79.8680%, 87.2616%]
380	83.94736842%	[79.9196%, 87.2957%]
381	83.72703412%	[79.6872%, 87.0936%]
382	83.76963351%	[79.7389%, 87.1279%]
383	83.81201044%	[79.7904%, 87.1621%]
384	83.85416667%	[79.8416%, 87.1961%]
385	83.89610390%	[79.8925%, 87.2300%]
386	83.93782383%	[79.9432%, 87.2636%]
387	83.72093023%	[79.7145%, 87.0645%]
388	83.76288660%	[79.7654%, 87.0984%]
389	83.80462725%	[79.8160%, 87.1321%]
390	83.84615385%	[79.8664%, 87.1657%]
391	83.63171355%	[79.6404%, 86.9686%]
392	83.67346939%	[79.6910%, 87.0024%]
393	83.71501272%	[79.7413%, 87.0360%]
394	83.75634518%	[79.7913%, 87.0695%]
395	83.79746835%	[79.8411%, 87.1028%]
396	83.83838384%	[79.8907%, 87.1359%]
397	83.62720403%	[79.6682%, 86.9416%]
398	83.66834171%	[79.7179%, 86.9750%]
399	83.70927318%	[79.7674%, 87.0082%]
400	83.75000000%	[79.8167%, 87.0413%]
401	83.79052369%	[79.8657%, 87.0741%]
402	83.83084577%	[79.9144%, 87.1068%]
403	83.87096774%	[79.9629%, 87.1394%]
404	83.66336634%	[79.7443%, 86.9483%]
405	83.70370370%	[79.7930%, 86.9810%]
406	83.74384236%	[79.8415%, 87.0137%]
407	83.78378378%	[79.8897%, 87.0461%]
408	83.82352941%	[79.9377%, 87.0784%]
409	83.86308068%	[79.9855%, 87.1105%]
410	83.90243902%	[80.0330%, 87.1425%]
411	83.94160584%	[80.0803%, 87.1743%]
412	83.98058252%	[80.1274%, 87.2059%]
413	84.01937046%	[80.1743%, 87.2374%]
414	83.81642512%	[79.9605%, 87.0506%]
415	83.85542169%	[80.0075%, 87.0823%]
416	83.89423077%	[80.0543%, 87.1139%]
417	83.69304556%	[79.8426%, 86.9284%]
418	83.73205742%	[79.8895%, 86.9602%]
419	83.77088305%	[79.9363%, 86.9919%]
420	83.80952381%	[79.9828%, 87.0234%]
421	83.61045131%	[79.7734%, 86.8397%]
422	83.64928910%	[79.8201%, 86.8714%]
423	83.68794326%	[79.8666%, 86.9030%]
424	83.49056604%	[79.6591%, 86.7207%]
425	83.52941176%	[79.7057%, 86.7524%]
426	83.56807512%	[79.7521%, 86.7840%]
427	83.60655738%	[79.7983%, 86.8155%]
428	83.64485981%	[79.8443%, 86.8468%]
429	83.44988345%	[79.6394%, 86.6666%]
430	83.48837209%	[79.6855%, 86.6981%]
431	83.29466357%	[79.4822%, 86.5189%]
432	83.33333333%	[79.5284%, 86.5506%]
433	83.37182448%	[79.5745%, 86.5822%]
434	83.41013825%	[79.6204%, 86.6137%]
435	83.44827586%	[79.6660%, 86.6449%]
436	83.25688073%	[79.4651%, 86.4677%]
437	83.29519451%	[79.5109%, 86.4992%]
438	83.33333333%	[79.5565%, 86.5305%]
439	83.37129841%	[79.6019%, 86.5617%]
440	83.18181818%	[79.4031%, 86.3861%]
441	83.21995465%	[79.4486%, 86.4175%]
442	83.25791855%	[79.4940%, 86.4488%]
443	83.29571106%	[79.5391%, 86.4799%]
444	83.33333333%	[79.5840%, 86.5108%]
445	83.37078652%	[79.6287%, 86.5416%]
446	83.40807175%	[79.6732%, 86.5723%]
447	83.44519016%	[79.7176%, 86.6029%]
448	83.48214286%	[79.7617%, 86.6333%]
449	83.51893096%	[79.8057%, 86.6635%]
450	83.55555556%	[79.8494%, 86.6936%]
451	83.59201774%	[79.8930%, 86.7236%]
452	83.62831858%	[79.9364%, 86.7535%]
453	83.66445916%	[79.9796%, 86.7832%]
454	83.70044053%	[80.0226%, 86.8128%]
455	83.73626374%	[80.0654%, 86.8422%]
456	83.77192982%	[80.1080%, 86.8716%]
457	83.58862144%	[79.9155%, 86.7018%]
458	83.62445415%	[79.9583%, 86.7313%]
459	83.66013072%	[80.0009%, 86.7607%]
460	83.69565217%	[80.0433%, 86.7899%]
461	83.73101952%	[80.0855%, 86.8190%]
462	83.76623377%	[80.1276%, 86.8480%]
463	83.58531317%	[79.9376%, 86.6803%]
464	83.40517241%	[79.7486%, 86.5132%]
465	83.44086022%	[79.7910%, 86.5427%]
466	83.47639485%	[79.8334%, 86.5720%]
467	83.51177730%	[79.8755%, 86.6012%]
468	83.54700855%	[79.9174%, 86.6303%]
469	83.58208955%	[79.9592%, 86.6593%]
470	83.61702128%	[80.0008%, 86.6882%]
471	83.65180467%	[80.0423%, 86.7169%]
472	83.68644068%	[80.0835%, 86.7455%]
473	83.72093023%	[80.1246%, 86.7739%]
474	83.75527426%	[80.1655%, 86.8023%]
475	83.78947368%	[80.2063%, 86.8305%]
476	83.61344538%	[80.0215%, 86.6672%]
477	83.64779874%	[80.0624%, 86.6956%]
478	83.68200837%	[80.1031%, 86.7239%]
479	83.71607516%	[80.1436%, 86.7520%]
480	83.75000000%	[80.1840%, 86.7801%]
481	83.78378378%	[80.2242%, 86.8080%]
482	83.81742739%	[80.2643%, 86.8358%]
483	83.85093168%	[80.3042%, 86.8635%]
484	83.88429752%	[80.3439%, 86.8910%]
485	83.91752577%	[80.3835%, 86.9185%]
486	83.95061728%	[80.4229%, 86.9458%]
487	83.77823409%	[80.2419%, 86.7859%]
488	83.81147541%	[80.2814%, 86.8134%]
489	83.84458078%	[80.3208%, 86.8408%]
490	83.87755102%	[80.3600%, 86.8681%]
491	83.70672098%	[80.1807%, 86.7094%]
492	83.73983740%	[80.2200%, 86.7369%]
493	83.77281947%	[80.2592%, 86.7642%]
494	83.80566802%	[80.2982%, 86.7914%]
495	83.83838384%	[80.3371%, 86.8185%]
496	83.66935484%	[80.1597%, 86.6614%]
497	83.50100604%	[79.9832%, 86.5049%]
498	83.53413655%	[80.0225%, 86.5324%]
499	83.56713427%	[80.0616%, 86.5598%]
500	83.60000000%	[80.1005%, 86.5871%]
501	83.63273453%	[80.1393%, 86.6143%]
502	83.66533865%	[80.1780%, 86.6414%]
503	83.69781312%	[80.2165%, 86.6684%]
504	83.73015873%	[80.2548%, 86.6952%]
505	83.76237624%	[80.2930%, 86.7220%]
506	83.79446640%	[80.3310%, 86.7486%]
507	83.82642998%	[80.3689%, 86.7752%]
508	83.85826772%	[80.4067%, 86.8016%]
509	83.69351670%	[80.2339%, 86.6484%]
510	83.52941176%	[80.0619%, 86.4956%]
511	83.56164384%	[80.1000%, 86.5224%]
512	83.59375000%	[80.1380%, 86.5492%]
513	83.62573099%	[80.1758%, 86.5758%]
514	83.46303502%	[80.0054%, 86.4242%]
515	83.49514563%	[80.0433%, 86.4510%]
516	83.33333333%	[79.8739%, 86.3001%]
517	83.36557060%	[79.9119%, 86.3270%]
518	83.39768340%	[79.9498%, 86.3539%]
519	83.42967245%	[79.9876%, 86.3806%]
520	83.46153846%	[80.0252%, 86.4072%]
521	83.49328215%	[80.0626%, 86.4337%]
522	83.52490421%	[80.0999%, 86.4600%]
523	83.55640535%	[80.1371%, 86.4863%]
524	83.39694656%	[79.9702%, 86.3376%]
525	83.42857143%	[80.0075%, 86.3640%]
526	83.46007605%	[80.0446%, 86.3904%]
527	83.49146110%	[80.0816%, 86.4166%]
528	83.52272727%	[80.1185%, 86.4427%]
529	83.55387524%	[80.1552%, 86.4687%]
530	83.58490566%	[80.1918%, 86.4947%]
531	83.61581921%	[80.2283%, 86.5205%]
532	83.64661654%	[80.2646%, 86.5462%]
533	83.67729831%	[80.3008%, 86.5718%]
534	83.70786517%	[80.3368%, 86.5974%]
535	83.73831776%	[80.3728%, 86.6228%]
536	83.76865672%	[80.4086%, 86.6481%]
537	83.79888268%	[80.4442%, 86.6734%]
538	83.82899628%	[80.4798%, 86.6985%]
539	83.85899814%	[80.5152%, 86.7236%]
540	83.70370370%	[80.3525%, 86.5788%]
541	83.73382625%	[80.3880%, 86.6040%]
542	83.76383764%	[80.4234%, 86.6291%]
543	83.79373849%	[80.4586%, 86.6541%]
544	83.82352941%	[80.4937%, 86.6790%]
545	83.85321101%	[80.5287%, 86.7038%]
546	83.88278388%	[80.5636%, 86.7285%]
547	83.91224863%	[80.5984%, 86.7531%]
548	83.94160584%	[80.6330%, 86.7777%]
549	83.97085610%	[80.6675%, 86.8021%]
550	84.00000000%	[80.7019%, 86.8265%]
551	83.84754991%	[80.5421%, 86.6843%]
552	83.87681159%	[80.5766%, 86.7088%]
553	83.90596745%	[80.6109%, 86.7332%]
554	83.75451264%	[80.4523%, 86.5919%]
555	83.78378378%	[80.4867%, 86.6164%]
556	83.63309353%	[80.3289%, 86.4757%]
557	83.66247756%	[80.3635%, 86.5003%]
558	83.69175627%	[80.3979%, 86.5249%]
559	83.72093023%	[80.4322%, 86.5494%]
560	83.75000000%	[80.4664%, 86.5737%]
561	83.77896613%	[80.5004%, 86.5980%]
562	83.80782918%	[80.5344%, 86.6222%]
563	83.83658970%	[80.5682%, 86.6463%]
564	83.86524823%	[80.6019%, 86.6704%]
565	83.89380531%	[80.6355%, 86.6943%]
566	83.92226148%	[80.6690%, 86.7182%]
567	83.95061728%	[80.7023%, 86.7419%]
568	83.80281690%	[80.5475%, 86.6039%]
569	83.65553603%	[80.3934%, 86.4663%]
570	83.68421053%	[80.4270%, 86.4904%]
571	83.71278459%	[80.4606%, 86.5144%]
572	83.74125874%	[80.4940%, 86.5383%]
573	83.76963351%	[80.5273%, 86.5622%]
574	83.79790941%	[80.5605%, 86.5859%]
575	83.82608696%	[80.5936%, 86.6096%]
576	83.85416667%	[80.6266%, 86.6332%]
577	83.88214905%	[80.6594%, 86.6567%]
578	83.91003460%	[80.6922%, 86.6801%]
579	83.93782383%	[80.7248%, 86.7035%]
580	83.96551724%	[80.7573%, 86.7267%]
581	83.99311532%	[80.7898%, 86.7499%]
582	84.02061856%	[80.8221%, 86.7730%]
583	84.04802744%	[80.8543%, 86.7960%]
584	84.07534247%	[80.8864%, 86.8190%]
585	84.10256410%	[80.9184%, 86.8418%]
586	84.12969283%	[80.9502%, 86.8646%]
587	83.98637138%	[80.8001%, 86.7307%]
588	84.01360544%	[80.8321%, 86.7536%]
589	84.04074703%	[80.8639%, 86.7764%]
590	84.06779661%	[80.8957%, 86.7992%]
591	84.09475465%	[80.9273%, 86.8218%]
592	84.12162162%	[80.9589%, 86.8444%]
593	84.14839798%	[80.9903%, 86.8669%]
594	84.17508418%	[81.0216%, 86.8893%]
595	84.20168067%	[81.0529%, 86.9117%]
596	84.22818792%	[81.0840%, 86.9340%]
597	84.25460637%	[81.1150%, 86.9562%]
598	84.28093645%	[81.1460%, 86.9783%]
599	84.30717863%	[81.1768%, 87.0003%]
600	84.33333333%	[81.2075%, 87.0223%]
601	84.35940100%	[81.2381%, 87.0442%]
602	84.38538206%	[81.2687%, 87.0660%]
603	84.41127695%	[81.2991%, 87.0878%]
604	84.43708609%	[81.3294%, 87.1095%]
605	84.46280992%	[81.3597%, 87.1311%]
606	84.48844884%	[81.3898%, 87.1526%]
607	84.51400329%	[81.4198%, 87.1741%]
608	84.53947368%	[81.4498%, 87.1955%]
609	84.56486043%	[81.4796%, 87.2168%]
610	84.59016393%	[81.5094%, 87.2380%]
611	84.61538462%	[81.5390%, 87.2592%]
612	84.64052288%	[81.5686%, 87.2803%]
613	84.66557912%	[81.5980%, 87.3013%]
614	84.69055375%	[81.6274%, 87.3223%]
615	84.71544715%	[81.6567%, 87.3432%]
616	84.74025974%	[81.6859%, 87.3640%]
617	84.76499190%	[81.7150%, 87.3848%]
618	84.78964401%	[81.7440%, 87.4055%]
619	84.65266559%	[81.6002%, 87.2777%]
620	84.67741935%	[81.6293%, 87.2985%]
621	84.70209340%	[81.6582%, 87.3193%]
622	84.72668810%	[81.6871%, 87.3399%]
623	84.75120385%	[81.7160%, 87.3605%]
624	84.77564103%	[81.7447%, 87.3811%]
625	84.80000000%	[81.7733%, 87.4015%]
626	84.82428115%	[81.8019%, 87.4219%]
627	84.84848485%	[81.8303%, 87.4423%]
628	84.87261146%	[81.8587%, 87.4625%]
629	84.89666137%	[81.8869%, 87.4827%]
630	84.92063492%	[81.9151%, 87.5029%]
631	84.94453249%	[81.9432%, 87.5229%]
632	84.96835443%	[81.9712%, 87.5429%]
633	84.99210111%	[81.9992%, 87.5629%]
634	85.01577287%	[82.0270%, 87.5828%]
635	85.03937008%	[82.0548%, 87.6026%]
636	85.06289308%	[82.0824%, 87.6223%]
637	84.92935636%	[81.9422%, 87.4978%]
638	84.95297806%	[81.9699%, 87.5177%]
639	84.97652582%	[81.9976%, 87.5375%]
640	85.00000000%	[82.0252%, 87.5572%]
641	85.02340094%	[82.0527%, 87.5769%]
642	85.04672897%	[82.0801%, 87.5965%]
643	85.06998445%	[82.1074%, 87.6160%]
644	85.09316770%	[82.1347%, 87.6355%]
645	85.11627907%	[82.1618%, 87.6549%]
646	84.98452012%	[82.0234%, 87.5320%]
647	85.00772798%	[82.0507%, 87.5515%]
648	85.03086420%	[82.0778%, 87.5710%]
649	85.05392912%	[82.1049%, 87.5904%]
650	85.07692308%	[82.1319%, 87.6098%]
651	85.09984639%	[82.1588%, 87.6290%]
652	85.12269939%	[82.1857%, 87.6483%]
653	85.14548239%	[82.2124%, 87.6674%]
654	85.01529052%	[82.0757%, 87.5459%]
655	85.03816794%	[82.1025%, 87.5652%]
656	85.06097561%	[82.1293%, 87.5844%]
657	84.93150685%	[81.9934%, 87.4635%]
658	84.95440729%	[82.0202%, 87.4828%]
659	84.97723824%	[82.0470%, 87.5021%]
660	85.00000000%	[82.0737%, 87.5213%]
661	84.87140696%	[81.9387%, 87.4011%]
662	84.89425982%	[81.9655%, 87.4204%]
663	84.76621418%	[81.8312%, 87.3007%]
664	84.63855422%	[81.6974%, 87.1813%]
665	84.51127820%	[81.5640%, 87.0621%]
666	84.38438438%	[81.4311%, 86.9432%]
667	84.40779610%	[81.4584%, 86.9631%]
668	84.43113772%	[81.4857%, 86.9829%]
669	84.45440957%	[81.5128%, 87.0026%]
670	84.47761194%	[81.5399%, 87.0222%]
671	84.50074516%	[81.5669%, 87.0418%]
672	84.37500000%	[81.4352%, 86.9240%]
673	84.39821694%	[81.4623%, 86.9437%]
674	84.42136499%	[81.4893%, 86.9633%]
675	84.44444444%	[81.5162%, 86.9829%]
676	84.31952663%	[81.3854%, 86.8658%]
677	84.34268833%	[81.4124%, 86.8854%]
678	84.21828909%	[81.2823%, 86.7687%]
679	84.24153166%	[81.3093%, 86.7885%]
680	84.11764706%	[81.1798%, 86.6722%]
681	84.14096916%	[81.2069%, 86.6920%]
682	84.16422287%	[81.2339%, 86.7118%]
683	84.18740849%	[81.2609%, 86.7315%]
684	84.06432749%	[81.1322%, 86.6159%]
685	84.08759124%	[81.1593%, 86.6357%]
686	84.11078717%	[81.1862%, 86.6555%]
687	84.13391557%	[81.2131%, 86.6752%]
688	84.15697674%	[81.2398%, 86.6948%]
689	84.03483309%	[81.1122%, 86.5800%]
690	84.05797101%	[81.1391%, 86.5998%]
691	84.08104197%	[81.1658%, 86.6194%]
692	83.95953757%	[81.0389%, 86.5052%]
693	83.98268398%	[81.0658%, 86.5249%]
694	84.00576369%	[81.0925%, 86.5446%]
695	84.02877698%	[81.1192%, 86.5642%]
696	84.05172414%	[81.1458%, 86.5838%]
697	84.07460545%	[81.1724%, 86.6033%]
698	84.09742120%	[81.1988%, 86.6228%]
699	83.97711016%	[81.0732%, 86.5096%]
700	83.85714286%	[80.9479%, 86.3968%]
701	83.88017118%	[80.9746%, 86.4164%]
702	83.90313390%	[81.0012%, 86.4360%]
703	83.92603129%	[81.0277%, 86.4556%]
704	83.94886364%	[81.0541%, 86.4751%]
705	83.82978723%	[80.9299%, 86.3630%]
706	83.71104816%	[80.8060%, 86.2512%]
707	83.73408769%	[80.8327%, 86.2709%]
708	83.75706215%	[80.8592%, 86.2906%]
709	83.77997179%	[80.8857%, 86.3102%]
710	83.66197183%	[80.7626%, 86.1990%]
711	83.68495077%	[80.7892%, 86.2187%]
712	83.70786517%	[80.8157%, 86.2383%]
713	83.73071529%	[80.8421%, 86.2579%]
714	83.75350140%	[80.8684%, 86.2774%]
715	83.63636364%	[80.7463%, 86.1670%]
716	83.65921788%	[80.7726%, 86.1866%]
717	83.68200837%	[80.7989%, 86.2061%]
718	83.70473538%	[80.8252%, 86.2256%]
719	83.72739917%	[80.8513%, 86.2450%]
720	83.75000000%	[80.8774%, 86.2643%]
721	83.63384189%	[80.7564%, 86.1548%]
722	83.65650970%	[80.7825%, 86.1743%]
723	83.67911480%	[80.8086%, 86.1936%]
724	83.70165746%	[80.8346%, 86.2130%]
725	83.72413793%	[80.8605%, 86.2322%]
726	83.74655647%	[80.8864%, 86.2515%]
727	83.76891334%	[80.9122%, 86.2706%]
728	83.79120879%	[80.9379%, 86.2897%]
729	83.67626886%	[80.8181%, 86.1814%]
730	83.56164384%	[80.6987%, 86.0732%]
731	83.58413133%	[80.7246%, 86.0925%]
732	83.46994536%	[80.6057%, 85.9847%]
733	83.49249659%	[80.6316%, 86.0041%]
734	83.51498638%	[80.6575%, 86.0235%]
735	83.53741497%	[80.6834%, 86.0427%]
736	83.55978261%	[80.7091%, 86.0619%]
737	83.58208955%	[80.7348%, 86.0811%]
738	83.46883469%	[80.6169%, 85.9742%]
739	83.35588633%	[80.4993%, 85.8675%]
740	83.37837838%	[80.5252%, 85.8868%]
741	83.40080972%	[80.5509%, 85.9061%]
742	83.42318059%	[80.5767%, 85.9254%]
743	83.44549125%	[80.6023%, 85.9446%]
744	83.46774194%	[80.6279%, 85.9637%]
745	83.48993289%	[80.6534%, 85.9828%]
746	83.51206434%	[80.6789%, 86.0019%]
747	83.53413655%	[80.7043%, 86.0209%]
748	83.55614973%	[80.7296%, 86.0398%]
749	83.57810414%	[80.7548%, 86.0587%]
750	83.60000000%	[80.7800%, 86.0775%]
751	83.62183755%	[80.8051%, 86.0963%]
752	83.64361702%	[80.8302%, 86.1151%]
753	83.66533865%	[80.8552%, 86.1337%]
754	83.68700265%	[80.8801%, 86.1524%]
755	83.57615894%	[80.7647%, 86.0477%]
756	83.59788360%	[80.7897%, 86.0664%]
757	83.61955086%	[80.8146%, 86.0850%]
758	83.64116095%	[80.8394%, 86.1037%]
759	83.66271410%	[80.8642%, 86.1222%]
760	83.55263158%	[80.7496%, 86.0182%]
761	83.57424442%	[80.7744%, 86.0368%]
762	83.59580052%	[80.7992%, 86.0554%]
763	83.48623853%	[80.6851%, 85.9518%]
764	83.50785340%	[80.7100%, 85.9705%]
765	83.52941176%	[80.7347%, 85.9891%]
766	83.42036554%	[80.6212%, 85.8860%]
767	83.44198175%	[80.6460%, 85.9046%]
768	83.33333333%	[80.5330%, 85.8018%]
769	83.22496749%	[80.4204%, 85.6993%]
770	83.24675325%	[80.4453%, 85.7181%]
771	83.26848249%	[80.4702%, 85.7369%]
772	83.29015544%	[80.4951%, 85.7556%]
773	83.31177232%	[80.5198%, 85.7743%]
774	83.33333333%	[80.5445%, 85.7929%]
775	83.35483871%	[80.5692%, 85.8115%]
776	83.37628866%	[80.5938%, 85.8300%]
777	83.39768340%	[80.6183%, 85.8485%]
778	83.41902314%	[80.6427%, 85.8669%]
779	83.44030809%	[80.6671%, 85.8853%]
780	83.46153846%	[80.6915%, 85.9036%]
781	83.48271447%	[80.7158%, 85.9219%]
782	83.50383632%	[80.7400%, 85.9401%]
783	83.39719029%	[80.6290%, 85.8392%]
784	83.29081633%	[80.5185%, 85.7385%]
785	83.31210191%	[80.5428%, 85.7569%]
786	83.33333333%	[80.5671%, 85.7753%]
787	83.35451080%	[80.5914%, 85.7936%]
788	83.37563452%	[80.6156%, 85.8119%]
789	83.26996198%	[80.5057%, 85.7118%]
790	83.29113924%	[80.5299%, 85.7301%]
791	83.18584071%	[80.4205%, 85.6304%]
792	83.20707071%	[80.4448%, 85.6488%]
793	83.22824716%	[80.4690%, 85.6671%]
794	83.24937028%	[80.4932%, 85.6854%]
795	83.27044025%	[80.5173%, 85.7036%]
796	83.16582915%	[80.4086%, 85.6045%]
797	83.18695107%	[80.4327%, 85.6228%]
798	83.20802005%	[80.4568%, 85.6411%]
799	83.22903630%	[80.4808%, 85.6593%]
800	83.25000000%	[80.5048%, 85.6774%]
801	83.27091136%	[80.5287%, 85.6955%]
802	83.29177057%	[80.5525%, 85.7136%]
803	83.31257783%	[80.5763%, 85.7316%]
804	83.33333333%	[80.6000%, 85.7496%]
805	83.35403727%	[80.6237%, 85.7676%]
806	83.37468983%	[80.6473%, 85.7854%]
807	83.27137546%	[80.5400%, 85.6875%]
808	83.29207921%	[80.5636%, 85.7055%]
809	83.31273177%	[80.5872%, 85.7234%]
810	83.33333333%	[80.6107%, 85.7412%]
811	83.35388409%	[80.6342%, 85.7591%]
812	83.37438424%	[80.6576%, 85.7768%]
813	83.39483395%	[80.6810%, 85.7946%]
814	83.41523342%	[80.7043%, 85.8122%]
815	83.43558282%	[80.7276%, 85.8299%]
816	83.45588235%	[80.7508%, 85.8475%]
817	83.35373317%	[80.6446%, 85.7507%]
818	83.37408313%	[80.6679%, 85.7683%]
819	83.39438339%	[80.6911%, 85.7859%]
820	83.41463415%	[80.7142%, 85.8035%]
821	83.31303289%	[80.6086%, 85.7071%]
822	83.33333333%	[80.6318%, 85.7248%]
823	83.35358445%	[80.6549%, 85.7423%]
824	83.37378641%	[80.6780%, 85.7599%]
825	83.39393939%	[80.7010%, 85.7773%]
826	83.41404358%	[80.7239%, 85.7948%]
827	83.43409915%	[80.7468%, 85.8122%]
828	83.45410628%	[80.7697%, 85.8295%]
829	83.47406514%	[80.7925%, 85.8469%]
830	83.49397590%	[80.8152%, 85.8641%]
831	83.51383875%	[80.8379%, 85.8814%]
832	83.53365385%	[80.8605%, 85.8985%]
833	83.43337335%	[80.7563%, 85.8035%]
834	83.45323741%	[80.7790%, 85.8207%]
835	83.47305389%	[80.8016%, 85.8379%]
836	83.49282297%	[80.8242%, 85.8551%]
837	83.51254480%	[80.8467%, 85.8722%]
838	83.53221957%	[80.8691%, 85.8893%]
839	83.55184744%	[80.8915%, 85.9063%]
840	83.57142857%	[80.9139%, 85.9233%]
841	83.59096314%	[80.9362%, 85.9403%]
842	83.61045131%	[80.9584%, 85.9572%]
843	83.51126928%	[80.8554%, 85.8631%]
844	83.53080569%	[80.8777%, 85.8801%]
845	83.43195266%	[80.7750%, 85.7864%]
846	83.45153664%	[80.7973%, 85.8034%]
847	83.47107438%	[80.8196%, 85.8204%]
848	83.37264151%	[80.7173%, 85.7270%]
849	83.39222615%	[80.7396%, 85.7440%]
850	83.41176471%	[80.7619%, 85.7610%]
851	83.43125734%	[80.7841%, 85.7779%]
852	83.45070423%	[80.8063%, 85.7948%]
853	83.35287222%	[80.7047%, 85.7020%]
854	83.37236534%	[80.7269%, 85.7190%]
855	83.27485380%	[80.6257%, 85.6264%]
856	83.17757009%	[80.5247%, 85.5340%]
857	83.19719953%	[80.5470%, 85.5511%]
858	83.21678322%	[80.5693%, 85.5682%]
859	83.11990687%	[80.4688%, 85.4761%]
860	83.13953488%	[80.4911%, 85.4932%]
861	83.04297329%	[80.3909%, 85.4015%]
862	83.06264501%	[80.4133%, 85.4186%]
863	83.08227115%	[80.4356%, 85.4357%]
864	82.98611111%	[80.3359%, 85.3443%]
865	83.00578035%	[80.3582%, 85.3615%]
866	83.02540416%	[80.3805%, 85.3786%]
867	83.04498270%	[80.4027%, 85.3957%]
868	82.94930876%	[80.3036%, 85.3047%]
869	82.96892980%	[80.3258%, 85.3218%]
870	82.98850575%	[80.3480%, 85.3389%]
871	83.00803674%	[80.3702%, 85.3560%]
872	83.02752294%	[80.3923%, 85.3730%]
873	82.93241695%	[80.2938%, 85.2825%]
874	82.95194508%	[80.3159%, 85.2996%]
875	82.97142857%	[80.3380%, 85.3166%]
876	82.99086758%	[80.3601%, 85.3336%]
877	83.01026226%	[80.3821%, 85.3505%]
878	83.02961276%	[80.4040%, 85.3674%]
879	83.04891923%	[80.4260%, 85.3843%]
880	83.06818182%	[80.4478%, 85.4011%]
881	82.97389330%	[80.3501%, 85.3114%]
882	82.99319728%	[80.3720%, 85.3283%]
883	83.01245753%	[80.3938%, 85.3451%]
884	83.03167421%	[80.4156%, 85.3619%]
885	83.05084746%	[80.4374%, 85.3786%]
886	83.06997743%	[80.4591%, 85.3954%]
887	83.08906426%	[80.4807%, 85.4120%]
888	82.99549550%	[80.3837%, 85.3230%]
889	83.01462317%	[80.4054%, 85.3397%]
890	83.03370787%	[80.4271%, 85.3564%]
891	83.05274972%	[80.4487%, 85.3731%]
892	83.07174888%	[80.4702%, 85.3897%]
893	83.09070549%	[80.4917%, 85.4062%]
894	83.10961969%	[80.5131%, 85.4228%]
895	83.12849162%	[80.5346%, 85.4393%]
896	83.14732143%	[80.5559%, 85.4557%]
897	83.16610925%	[80.5772%, 85.4721%]
898	83.07349666%	[80.4812%, 85.3840%]
899	83.09232481%	[80.5026%, 85.4005%]
900	83.11111111%	[80.5238%, 85.4169%]
901	83.12985572%	[80.5451%, 85.4333%]
902	83.14855876%	[80.5663%, 85.4497%]
903	83.16722038%	[80.5875%, 85.4660%]
904	83.18584071%	[80.6086%, 85.4823%]
905	83.20441989%	[80.6296%, 85.4985%]
906	83.22295806%	[80.6507%, 85.5147%]
907	83.24145535%	[80.6716%, 85.5309%]
908	83.25991189%	[80.6926%, 85.5470%]
909	83.27832783%	[80.7135%, 85.5631%]
910	83.29670330%	[80.7343%, 85.5792%]
911	83.31503842%	[80.7551%, 85.5952%]
912	83.33333333%	[80.7758%, 85.6112%]
913	83.35158817%	[80.7965%, 85.6272%]
914	83.36980306%	[80.8172%, 85.6431%]
915	83.38797814%	[80.8378%, 85.6590%]
916	83.40611354%	[80.8584%, 85.6748%]
917	83.31515812%	[80.7640%, 85.5883%]
918	83.33333333%	[80.7847%, 85.6042%]
919	83.35146899%	[80.8052%, 85.6201%]
920	83.36956522%	[80.8257%, 85.6359%]
921	83.38762215%	[80.8462%, 85.6517%]
922	83.40563991%	[80.8666%, 85.6674%]
923	83.42361863%	[80.8870%, 85.6832%]
924	83.44155844%	[80.9074%, 85.6988%]
925	83.45945946%	[80.9277%, 85.7145%]
926	83.47732181%	[80.9479%, 85.7301%]
927	83.49514563%	[80.9681%, 85.7457%]
928	83.51293103%	[80.9883%, 85.7612%]
929	83.53067815%	[81.0084%, 85.7768%]
930	83.54838710%	[81.0285%, 85.7922%]
931	83.56605800%	[81.0486%, 85.8077%]
932	83.47639485%	[80.9555%, 85.7224%]
933	83.49410504%	[80.9756%, 85.7379%]
934	83.51177730%	[80.9957%, 85.7534%]
935	83.42245989%	[80.9030%, 85.6684%]
936	83.44017094%	[80.9231%, 85.6839%]
937	83.45784418%	[80.9431%, 85.6994%]
938	83.47547974%	[80.9631%, 85.7148%]
939	83.38658147%	[80.8709%, 85.6302%]
940	83.40425532%	[80.8909%, 85.6457%]
941	83.42189160%	[80.9109%, 85.6611%]
942	83.43949045%	[80.9308%, 85.6765%]
943	83.45705196%	[80.9507%, 85.6919%]
944	83.47457627%	[80.9706%, 85.7073%]
945	83.49206349%	[80.9904%, 85.7226%]
946	83.50951374%	[81.0101%, 85.7379%]
947	83.52692714%	[81.0299%, 85.7531%]
948	83.54430380%	[81.0495%, 85.7683%]
949	83.45626976%	[80.9582%, 85.6845%]
950	83.36842105%	[80.8671%, 85.6009%]
951	83.28075710%	[80.7763%, 85.5175%]
952	83.29831933%	[80.7961%, 85.5329%]
953	83.31584470%	[80.8160%, 85.5482%]
954	83.33333333%	[80.8357%, 85.5636%]
955	83.24607330%	[80.7453%, 85.4804%]
956	83.26359833%	[80.7651%, 85.4958%]
957	83.28108673%	[80.7849%, 85.5112%]
958	83.19415449%	[80.6948%, 85.4283%]
959	83.21167883%	[80.7146%, 85.4437%]
960	83.22916667%	[80.7344%, 85.4591%]
961	83.24661811%	[80.7541%, 85.4744%]
962	83.26403326%	[80.7738%, 85.4897%]
963	83.28141225%	[80.7934%, 85.5049%]
964	83.19502075%	[80.7039%, 85.4226%]
965	83.10880829%	[80.6146%, 85.3404%]
966	83.12629400%	[80.6344%, 85.3558%]
967	83.14374354%	[80.6541%, 85.3711%]
968	83.05785124%	[80.5651%, 85.2892%]
969	83.07533540%	[80.5849%, 85.3046%]
970	83.09278351%	[80.6045%, 85.3199%]
971	83.11019567%	[80.6242%, 85.3352%]
972	83.12757202%	[80.6438%, 85.3505%]
973	83.14491264%	[80.6634%, 85.3658%]
974	83.16221766%	[80.6829%, 85.3810%]
975	83.17948718%	[80.7024%, 85.3961%]
976	83.19672131%	[80.7219%, 85.4113%]
977	83.21392016%	[80.7413%, 85.4264%]
978	83.23108384%	[80.7606%, 85.4415%]
979	83.24821246%	[80.7800%, 85.4565%]
980	83.16326531%	[80.6920%, 85.3756%]
981	83.18042813%	[80.7114%, 85.3906%]
982	83.19755601%	[80.7307%, 85.4057%]
983	83.21464903%	[80.7500%, 85.4207%]
984	83.23170732%	[80.7692%, 85.4357%]
985	83.24873096%	[80.7884%, 85.4507%]
986	83.16430020%	[80.7010%, 85.3702%]
987	83.18135765%	[80.7202%, 85.3852%]
988	83.19838057%	[80.7394%, 85.4002%]
989	83.21536906%	[80.7586%, 85.4151%]
990	83.23232323%	[80.7777%, 85.4300%]
991	83.14833502%	[80.6908%, 85.3499%]
992	83.16532258%	[80.7099%, 85.3649%]
993	83.08157100%	[80.6232%, 85.2850%]
994	83.09859155%	[80.6424%, 85.2999%]
995	83.11557789%	[80.6615%, 85.3149%]
996	83.03212851%	[80.5752%, 85.2353%]
997	83.04914744%	[80.5943%, 85.2503%]
998	83.06613226%	[80.6135%, 85.2652%]
999	83.08308308%	[80.6326%, 85.2801%]
1000	83.10000000%	[80.6516%, 85.2950%]
1001	83.11688312%	[80.6707%, 85.3099%]
1002	83.03393214%	[80.5848%, 85.2307%]
1003	83.05084746%	[80.6039%, 85.2456%]
1004	83.06772908%	[80.6229%, 85.2605%]
1005	83.08457711%	[80.6418%, 85.2754%]
1006	83.10139165%	[80.6608%, 85.2902%]
1007	83.11817279%	[80.6797%, 85.3050%]
1008	83.03571429%	[80.5943%, 85.2262%]
1009	83.05252725%	[80.6133%, 85.2411%]
1010	83.06930693%	[80.6322%, 85.2559%]
1011	83.08605341%	[80.6510%, 85.2706%]
1012	83.10276680%	[80.6698%, 85.2853%]
1013	83.11944719%	[80.6886%, 85.3000%]
1014	83.13609467%	[80.7074%, 85.3147%]
1015	83.15270936%	[80.7261%, 85.3294%]
1016	83.16929134%	[80.7447%, 85.3440%]
1017	83.18584071%	[80.7634%, 85.3586%]
1018	83.20235756%	[80.7820%, 85.3731%]
1019	83.21884200%	[80.8005%, 85.3876%]
1020	83.23529412%	[80.8191%, 85.4021%]
1021	83.15377081%	[80.7347%, 85.3243%]
1022	83.07240705%	[80.6505%, 85.2466%]
1023	83.08895406%	[80.6691%, 85.2612%]
1024	83.10546875%	[80.6877%, 85.2758%]
1025	83.12195122%	[80.7062%, 85.2903%]
1026	83.13840156%	[80.7247%, 85.3048%]
1027	83.15481986%	[80.7432%, 85.3193%]
1028	83.07392996%	[80.6595%, 85.2421%]
1029	83.09037901%	[80.6780%, 85.2566%]
1030	83.10679612%	[80.6965%, 85.2711%]
1031	83.12318138%	[80.7149%, 85.2855%]
1032	83.13953488%	[80.7333%, 85.3000%]
1033	83.15585673%	[80.7517%, 85.3144%]
1034	83.17214700%	[80.7700%, 85.3287%]
1035	83.18840580%	[80.7883%, 85.3431%]
1036	83.10810811%	[80.7052%, 85.2664%]
1037	83.12439730%	[80.7235%, 85.2808%]
1038	83.14065511%	[80.7418%, 85.2951%]
1039	83.15688162%	[80.7600%, 85.3095%]
1040	83.07692308%	[80.6773%, 85.2331%]
1041	83.09317963%	[80.6956%, 85.2474%]
1042	83.10940499%	[80.7138%, 85.2618%]
1043	83.12559923%	[80.7320%, 85.2761%]
1044	83.04597701%	[80.6497%, 85.2000%]
1045	83.06220096%	[80.6679%, 85.2143%]
1046	83.07839388%	[80.6861%, 85.2286%]
1047	82.99904489%	[80.6040%, 85.1528%]
1048	83.01526718%	[80.6222%, 85.1671%]
1049	83.03145853%	[80.6404%, 85.1814%]
1050	83.04761905%	[80.6586%, 85.1957%]
1051	83.06374881%	[80.6767%, 85.2100%]
1052	83.07984791%	[80.6948%, 85.2242%]
1053	83.09591643%	[80.7128%, 85.2384%]
1054	83.11195446%	[80.7308%, 85.2526%]
1055	83.12796209%	[80.7488%, 85.2667%]
1056	83.14393939%	[80.7668%, 85.2808%]
1057	83.15988647%	[80.7847%, 85.2949%]
1058	83.17580340%	[80.8026%, 85.3090%]
1059	83.09726157%	[80.7213%, 85.2339%]
1060	83.11320755%	[80.7392%, 85.2480%]
1061	83.12912347%	[80.7571%, 85.2621%]
1062	83.14500942%	[80.7750%, 85.2761%]
1063	83.06679210%	[80.6941%, 85.2014%]
1064	83.08270677%	[80.7119%, 85.2155%]
1065	83.00469484%	[80.6313%, 85.1409%]
1066	83.02063790%	[80.6492%, 85.1550%]
1067	83.03655108%	[80.6670%, 85.1691%]
1068	82.95880150%	[80.5866%, 85.0947%]
1069	82.97474275%	[80.6045%, 85.1088%]
1070	82.89719626%	[80.5244%, 85.0347%]
1071	82.91316527%	[80.5423%, 85.0488%]
1072	82.83582090%	[80.4624%, 84.9748%]
1073	82.85181733%	[80.4803%, 84.9890%]
1074	82.86778399%	[80.4982%, 85.0031%]
1075	82.79069767%	[80.4185%, 84.9293%]
1076	82.80669145%	[80.4365%, 84.9435%]
1077	82.82265552%	[80.4543%, 84.9577%]
1078	82.83858998%	[80.4722%, 84.9718%]
1079	82.85449490%	[80.4900%, 84.9859%]
1080	82.87037037%	[80.5078%, 84.9999%]
1081	82.88621647%	[80.5255%, 85.0140%]
1082	82.80961183%	[80.4464%, 84.9407%]
1083	82.82548476%	[80.4642%, 84.9547%]
1084	82.84132841%	[80.4819%, 84.9688%]
1085	82.85714286%	[80.4996%, 84.9828%]
1086	82.87292818%	[80.5173%, 84.9968%]
1087	82.88868445%	[80.5350%, 85.0108%]
1088	82.90441176%	[80.5526%, 85.0247%]
1089	82.92011019%	[80.5702%, 85.0386%]
1090	82.93577982%	[80.5877%, 85.0525%]
1091	82.85976169%	[80.5092%, 84.9797%]
1092	82.78388278%	[80.4308%, 84.9071%]
1093	82.79963403%	[80.4484%, 84.9211%]
1094	82.81535649%	[80.4660%, 84.9350%]
1095	82.73972603%	[80.3879%, 84.8626%]
1096	82.75547445%	[80.4056%, 84.8766%]
1097	82.77119417%	[80.4231%, 84.8905%]
1098	82.78688525%	[80.4407%, 84.9044%]
1099	82.80254777%	[80.4582%, 84.9183%]
1100	82.81818182%	[80.4757%, 84.9322%]
1101	82.83378747%	[80.4932%, 84.9461%]
1102	82.75862069%	[80.4156%, 84.8741%]
1103	82.77425204%	[80.4330%, 84.8880%]
1104	82.78985507%	[80.4505%, 84.9018%]
1105	82.80542986%	[80.4679%, 84.9156%]
1106	82.73056058%	[80.3906%, 84.8439%]
1107	82.74616079%	[80.4081%, 84.8578%]
1108	82.76173285%	[80.4255%, 84.8716%]
1109	82.77727683%	[80.4429%, 84.8854%]
1110	82.79279279%	[80.4602%, 84.8992%]
1111	82.71827183%	[80.3833%, 84.8278%]
1112	82.73381295%	[80.4006%, 84.8416%]
1113	82.74932615%	[80.4180%, 84.8554%]
1114	82.76481149%	[80.4353%, 84.8691%]
1115	82.69058296%	[80.3587%, 84.7980%]
1116	82.70609319%	[80.3760%, 84.8118%]
1117	82.72157565%	[80.3933%, 84.8256%]
1118	82.73703041%	[80.4106%, 84.8393%]
1119	82.75245755%	[80.4278%, 84.8530%]
1120	82.76785714%	[80.4450%, 84.8667%]
1121	82.69402319%	[80.3688%, 84.7959%]
1122	82.70944742%	[80.3860%, 84.8096%]
1123	82.72484417%	[80.4032%, 84.8233%]
1124	82.74021352%	[80.4204%, 84.8370%]
1125	82.66666667%	[80.3445%, 84.7665%]
1126	82.68206039%	[80.3617%, 84.7802%]
1127	82.69742680%	[80.3789%, 84.7938%]
1128	82.71276596%	[80.3960%, 84.8075%]
1129	82.72807795%	[80.4131%, 84.8211%]
1130	82.74336283%	[80.4302%, 84.8347%]
1131	82.67020336%	[80.3547%, 84.7646%]
1132	82.59717314%	[80.2793%, 84.6945%]
1133	82.61253310%	[80.2965%, 84.7082%]
1134	82.62786596%	[80.3136%, 84.7219%]
1135	82.64317181%	[80.3307%, 84.7355%]
1136	82.65845070%	[80.3477%, 84.7491%]
1137	82.67370273%	[80.3647%, 84.7626%]
1138	82.68892794%	[80.3817%, 84.7762%]
1139	82.70412643%	[80.3987%, 84.7897%]
1140	82.71929825%	[80.4156%, 84.8032%]
1141	82.73444347%	[80.4325%, 84.8167%]
1142	82.74956217%	[80.4494%, 84.8301%]
1143	82.67716535%	[80.3747%, 84.7607%]
1144	82.69230769%	[80.3916%, 84.7742%]
1145	82.70742358%	[80.4085%, 84.7876%]
1146	82.72251309%	[80.4253%, 84.8011%]
1147	82.73757629%	[80.4421%, 84.8145%]
1148	82.75261324%	[80.4589%, 84.8279%]
1149	82.68059182%	[80.3846%, 84.7588%]
1150	82.69565217%	[80.4014%, 84.7722%]
1151	82.71068636%	[80.4182%, 84.7856%]
1152	82.72569444%	[80.4349%, 84.7990%]
1153	82.65394623%	[80.3609%, 84.7301%]
1154	82.66897747%	[80.3776%, 84.7435%]
1155	82.59740260%	[80.3038%, 84.6749%]
1156	82.61245675%	[80.3206%, 84.6883%]
1157	82.62748487%	[80.3373%, 84.7017%]
1158	82.64248705%	[80.3541%, 84.7150%]
1159	82.57118205%	[80.2805%, 84.6466%]
1160	82.50000000%	[80.2071%, 84.5783%]
1161	82.51507321%	[80.2239%, 84.5918%]
1162	82.53012048%	[80.2407%, 84.6052%]
1163	82.45915735%	[80.1675%, 84.5371%]
1164	82.47422680%	[80.1843%, 84.5505%]
1165	82.48927039%	[80.2011%, 84.5639%]
1166	82.41852487%	[80.1281%, 84.4960%]
1167	82.43359040%	[80.1449%, 84.5095%]
1168	82.44863014%	[80.1616%, 84.5229%]
1169	82.46364414%	[80.1784%, 84.5363%]
1170	82.47863248%	[80.1951%, 84.5496%]
1171	82.49359522%	[80.2117%, 84.5630%]
1172	82.50853242%	[80.2283%, 84.5763%]
1173	82.52344416%	[80.2450%, 84.5896%]
1174	82.53833049%	[80.2615%, 84.6029%]
1175	82.55319149%	[80.2781%, 84.6161%]
1176	82.56802721%	[80.2946%, 84.6294%]
1177	82.58283772%	[80.3111%, 84.6426%]
1178	82.59762309%	[80.3276%, 84.6558%]
1179	82.61238338%	[80.3440%, 84.6689%]
1180	82.62711864%	[80.3604%, 84.6821%]
1181	82.64182896%	[80.3768%, 84.6952%]
1182	82.65651438%	[80.3932%, 84.7083%]
1183	82.67117498%	[80.4095%, 84.7214%]
1184	82.68581081%	[80.4258%, 84.7344%]
1185	82.70042194%	[80.4421%, 84.7474%]
1186	82.71500843%	[80.4583%, 84.7605%]
1187	82.64532435%	[80.3864%, 84.6936%]
1188	82.65993266%	[80.4027%, 84.7066%]
1189	82.59041211%	[80.3310%, 84.6399%]
1190	82.60504202%	[80.3473%, 84.6529%]
1191	82.53568430%	[80.2758%, 84.5864%]
1192	82.55033557%	[80.2921%, 84.5994%]
1193	82.48113998%	[80.2208%, 84.5330%]
1194	82.49581240%	[80.2371%, 84.5461%]
1195	82.51046025%	[80.2534%, 84.5592%]
1196	82.52508361%	[80.2697%, 84.5722%]
1197	82.45614035%	[80.1986%, 84.5060%]
1198	82.38731219%	[80.1277%, 84.4399%]
1199	82.31859883%	[80.0569%, 84.3739%]
1200	82.33333333%	[80.0733%, 84.3870%]
1201	82.34804330%	[80.0896%, 84.4002%]
1202	82.36272879%	[80.1059%, 84.4133%]
1203	82.37738986%	[80.1222%, 84.4264%]
1204	82.39202658%	[80.1385%, 84.4395%]
1205	82.40663900%	[80.1547%, 84.4526%]
1206	82.33830846%	[80.0844%, 84.3869%]
1207	82.35294118%	[80.1006%, 84.4000%]
1208	82.28476821%	[80.0304%, 84.3345%]
1209	82.29942101%	[80.0467%, 84.3476%]
1210	82.23140496%	[79.9766%, 84.2822%]
1211	82.24607762%	[79.9929%, 84.2953%]
1212	82.26072607%	[80.0092%, 84.3084%]
1213	82.19291014%	[79.9393%, 84.2432%]
1214	82.20757825%	[79.9556%, 84.2563%]
1215	82.22222222%	[79.9719%, 84.2695%]
1216	82.23684211%	[79.9881%, 84.2825%]
1217	82.25143796%	[80.0043%, 84.2956%]
1218	82.26600985%	[80.0205%, 84.3086%]
1219	82.28055783%	[80.0366%, 84.3217%]
1220	82.29508197%	[80.0528%, 84.3347%]
1221	82.30958231%	[80.0689%, 84.3476%]
1222	82.32405892%	[80.0849%, 84.3606%]
1223	82.33851186%	[80.1010%, 84.3735%]
1224	82.35294118%	[80.1170%, 84.3864%]
1225	82.28571429%	[80.0478%, 84.3218%]
1226	82.30016313%	[80.0638%, 84.3347%]
1227	82.23308883%	[79.9947%, 84.2702%]
1228	82.24755700%	[80.0108%, 84.2832%]
1229	82.26200163%	[80.0268%, 84.2961%]
1230	82.27642276%	[80.0428%, 84.3090%]
1231	82.29082047%	[80.0588%, 84.3219%]
1232	82.30519481%	[80.0747%, 84.3348%]
1233	82.31954582%	[80.0907%, 84.3477%]
1234	82.33387358%	[80.1066%, 84.3605%]
1235	82.34817814%	[80.1224%, 84.3733%]
1236	82.36245955%	[80.1383%, 84.3861%]
1237	82.37671787%	[80.1541%, 84.3989%]
1238	82.39095315%	[80.1699%, 84.4116%]
1239	82.40516546%	[80.1857%, 84.4243%]
1240	82.41935484%	[80.2014%, 84.4370%]
1241	82.43352135%	[80.2172%, 84.4497%]
1242	82.44766506%	[80.2329%, 84.4624%]
1243	82.46178600%	[80.2485%, 84.4750%]
1244	82.47588424%	[80.2642%, 84.4876%]
1245	82.48995984%	[80.2798%, 84.5002%]
1246	82.50401284%	[80.2954%, 84.5128%]
1247	82.51804330%	[80.3110%, 84.5254%]
1248	82.53205128%	[80.3265%, 84.5379%]
1249	82.54603683%	[80.3421%, 84.5504%]
1250	82.56000000%	[80.3576%, 84.5629%]
1251	82.49400480%	[80.2896%, 84.4995%]
1252	82.50798722%	[80.3051%, 84.5120%]
1253	82.52194733%	[80.3206%, 84.5245%]
1254	82.53588517%	[80.3361%, 84.5370%]
1255	82.54980080%	[80.3515%, 84.5494%]
1256	82.48407643%	[80.2838%, 84.4863%]
1257	82.49801114%	[80.2993%, 84.4987%]
1258	82.51192369%	[80.3147%, 84.5112%]
1259	82.52581414%	[80.3301%, 84.5236%]
1260	82.46031746%	[80.2626%, 84.4607%]
1261	82.39492466%	[80.1953%, 84.3978%]
1262	82.40887480%	[80.2108%, 84.4103%]
1263	82.42280285%	[80.2262%, 84.4228%]
1264	82.43670886%	[80.2416%, 84.4352%]
1265	82.45059289%	[80.2570%, 84.4477%]
1266	82.46445498%	[80.2724%, 84.4601%]
1267	82.47829519%	[80.2877%, 84.4725%]
1268	82.49211356%	[80.3031%, 84.4849%]
1269	82.50591017%	[80.3184%, 84.4972%]
1270	82.51968504%	[80.3337%, 84.5096%]
1271	82.53343824%	[80.3489%, 84.5219%]
1272	82.46855346%	[80.2821%, 84.4595%]
1273	82.48232522%	[80.2973%, 84.4719%]
1274	82.49607535%	[80.3126%, 84.4842%]
1275	82.43137255%	[80.2460%, 84.4219%]
1276	82.44514107%	[80.2612%, 84.4343%]
1277	82.45888802%	[80.2765%, 84.4466%]
1278	82.47261346%	[80.2917%, 84.4589%]
1279	82.48631744%	[80.3069%, 84.4712%]
1280	82.42187500%	[80.2405%, 84.4092%]
1281	82.35753318%	[80.1743%, 84.3473%]
1282	82.37129485%	[80.1895%, 84.3597%]
1283	82.38503507%	[80.2047%, 84.3720%]
1284	82.39875389%	[80.2199%, 84.3843%]
1285	82.41245136%	[80.2351%, 84.3966%]
1286	82.42612753%	[80.2503%, 84.4088%]
1287	82.43978244%	[80.2654%, 84.4211%]
1288	82.45341615%	[80.2805%, 84.4333%]
1289	82.46702870%	[80.2956%, 84.4455%]
1290	82.40310078%	[80.2298%, 84.3840%]
1291	82.41673122%	[80.2449%, 84.3963%]
1292	82.43034056%	[80.2599%, 84.4085%]
1293	82.44392885%	[80.2750%, 84.4207%]
1294	82.45749614%	[80.2900%, 84.4328%]
1295	82.39382239%	[80.2245%, 84.3716%]
1296	82.40740741%	[80.2395%, 84.3838%]
1297	82.42097147%	[80.2545%, 84.3959%]
1298	82.43451464%	[80.2695%, 84.4081%]
1299	82.44803695%	[80.2845%, 84.4202%]
1300	82.46153846%	[80.2995%, 84.4323%]
1301	82.47501922%	[80.3144%, 84.4444%]
1302	82.48847926%	[80.3293%, 84.4565%]
1303	82.50191865%	[80.3442%, 84.4686%]
1304	82.51533742%	[80.3590%, 84.4806%]
1305	82.52873563%	[80.3739%, 84.4926%]
1306	82.54211332%	[80.3887%, 84.5046%]
1307	82.55547054%	[80.4035%, 84.5166%]
1308	82.56880734%	[80.4183%, 84.5286%]
1309	82.58212376%	[80.4330%, 84.5406%]
1310	82.59541985%	[80.4477%, 84.5525%]
1311	82.60869565%	[80.4625%, 84.5644%]
1312	82.62195122%	[80.4771%, 84.5763%]
1313	82.63518660%	[80.4918%, 84.5882%]
1314	82.64840183%	[80.5064%, 84.6000%]
1315	82.66159696%	[80.5211%, 84.6119%]
1316	82.67477204%	[80.5357%, 84.6237%]
1317	82.68792711%	[80.5502%, 84.6355%]
1318	82.70106222%	[80.5648%, 84.6473%]
1319	82.71417741%	[80.5793%, 84.6590%]
1320	82.65151515%	[80.5148%, 84.5988%]
1321	82.66464799%	[80.5293%, 84.6105%]
1322	82.67776097%	[80.5438%, 84.6223%]
1323	82.69085412%	[80.5583%, 84.6341%]
1324	82.70392749%	[80.5728%, 84.6458%]
1325	82.71698113%	[80.5873%, 84.6575%]
1326	82.73001508%	[80.6017%, 84.6692%]
1327	82.74302939%	[80.6161%, 84.6809%]
1328	82.75602410%	[80.6305%, 84.6925%]
1329	82.76899925%	[80.6449%, 84.7042%]
1330	82.78195489%	[80.6593%, 84.7158%]
1331	82.79489106%	[80.6736%, 84.7274%]
1332	82.80780781%	[80.6879%, 84.7390%]
1333	82.82070518%	[80.7022%, 84.7506%]
1334	82.83358321%	[80.7165%, 84.7621%]
1335	82.84644195%	[80.7307%, 84.7737%]
1336	82.78443114%	[80.6668%, 84.7140%]
1337	82.79730740%	[80.6811%, 84.7256%]
1338	82.81016442%	[80.6953%, 84.7371%]
1339	82.82300224%	[80.7096%, 84.7487%]
1340	82.83582090%	[80.7238%, 84.7602%]
1341	82.84862043%	[80.7379%, 84.7716%]
1342	82.86140089%	[80.7521%, 84.7831%]
1343	82.79970216%	[80.6885%, 84.7238%]
1344	82.81250000%	[80.7027%, 84.7353%]
1345	82.82527881%	[80.7169%, 84.7467%]
1346	82.83803863%	[80.7310%, 84.7582%]
1347	82.85077951%	[80.7451%, 84.7696%]
1348	82.86350148%	[80.7592%, 84.7810%]
1349	82.87620460%	[80.7733%, 84.7924%]
1350	82.88888889%	[80.7873%, 84.8038%]
1351	82.90155440%	[80.8013%, 84.8152%]
1352	82.91420118%	[80.8153%, 84.8266%]
1353	82.92682927%	[80.8293%, 84.8379%]
1354	82.93943870%	[80.8433%, 84.8492%]
1355	82.95202952%	[80.8572%, 84.8605%]
1356	82.89085546%	[80.7942%, 84.8017%]
1357	82.90346352%	[80.8082%, 84.8130%]
1358	82.91605302%	[80.8221%, 84.8243%]
1359	82.92862399%	[80.8360%, 84.8356%]
1360	82.94117647%	[80.8499%, 84.8468%]
1361	82.95371051%	[80.8638%, 84.8581%]
1362	82.96622614%	[80.8777%, 84.8693%]
1363	82.97872340%	[80.8915%, 84.8806%]
1364	82.91788856%	[80.8288%, 84.8220%]
1365	82.93040293%	[80.8427%, 84.8333%]
1366	82.94289898%	[80.8565%, 84.8445%]
1367	82.95537674%	[80.8703%, 84.8557%]
1368	82.96783626%	[80.8841%, 84.8669%]
1369	82.98027757%	[80.8979%, 84.8781%]
1370	82.99270073%	[80.9117%, 84.8892%]
1371	83.00510576%	[80.9254%, 84.9004%]
1372	82.94460641%	[80.8631%, 84.8422%]
1373	82.95702840%	[80.8768%, 84.8533%]
1374	82.89665211%	[80.8146%, 84.7952%]
1375	82.83636364%	[80.7525%, 84.7372%]
1376	82.84883721%	[80.7663%, 84.7484%]
1377	82.86129267%	[80.7801%, 84.7596%]
1378	82.80116110%	[80.7182%, 84.7018%]
1379	82.74111675%	[80.6564%, 84.6440%]
1380	82.68115942%	[80.5946%, 84.5862%]
1381	82.62128892%	[80.5330%, 84.5286%]
1382	82.63386397%	[80.5469%, 84.5399%]
1383	82.64642082%	[80.5608%, 84.5512%]
1384	82.65895954%	[80.5746%, 84.5625%]
1385	82.67148014%	[80.5885%, 84.5737%]
1386	82.68398268%	[80.6023%, 84.5850%]
1387	82.62436914%	[80.5409%, 84.5276%]
1388	82.63688761%	[80.5548%, 84.5389%]
1389	82.64938805%	[80.5686%, 84.5501%]
1390	82.58992806%	[80.5074%, 84.4928%]
1391	82.60244428%	[80.5212%, 84.5041%]
1392	82.54310345%	[80.4602%, 84.4469%]
1393	82.55563532%	[80.4740%, 84.4582%]
1394	82.56814921%	[80.4878%, 84.4695%]
1395	82.50896057%	[80.4269%, 84.4125%]
1396	82.52148997%	[80.4407%, 84.4237%]
1397	82.53400143%	[80.4546%, 84.4350%]
1398	82.54649499%	[80.4683%, 84.4463%]
1399	82.55897069%	[80.4821%, 84.4575%]
1400	82.57142857%	[80.4959%, 84.4687%]
1401	82.51249108%	[80.4352%, 84.4119%]
1402	82.52496434%	[80.4490%, 84.4232%]
1403	82.53741981%	[80.4628%, 84.4344%]
1404	82.54985755%	[80.4765%, 84.4456%]
1405	82.49110320%	[80.4160%, 84.3890%]
1406	82.50355619%	[80.4298%, 84.4002%]
1407	82.51599147%	[80.4435%, 84.4114%]
1408	82.52840909%	[80.4572%, 84.4226%]
1409	82.54080908%	[80.4709%, 84.4338%]
1410	82.55319149%	[80.4846%, 84.4449%]
1411	82.56555634%	[80.4982%, 84.4561%]
1412	82.57790368%	[80.5118%, 84.4672%]
1413	82.59023355%	[80.5254%, 84.4783%]
1414	82.60254597%	[80.5390%, 84.4894%]
1415	82.61484099%	[80.5526%, 84.5005%]
1416	82.62711864%	[80.5661%, 84.5115%]
1417	82.63937897%	[80.5797%, 84.5226%]
1418	82.65162200%	[80.5932%, 84.5336%]
1419	82.59337562%	[80.5333%, 84.4775%]
1420	82.60563380%	[80.5468%, 84.4885%]
1421	82.61787474%	[80.5603%, 84.4996%]
1422	82.63009845%	[80.5738%, 84.5106%]
1423	82.64230499%	[80.5873%, 84.5216%]
1424	82.65449438%	[80.6007%, 84.5326%]
1425	82.59649123%	[80.5410%, 84.4767%]
1426	82.60869565%	[80.5545%, 84.4877%]
1427	82.55080589%	[80.4949%, 84.4319%]
1428	82.56302521%	[80.5084%, 84.4429%]
1429	82.57522743%	[80.5219%, 84.4539%]
1430	82.58741259%	[80.5353%, 84.4649%]
1431	82.52969951%	[80.4760%, 84.4093%]
1432	82.54189944%	[80.4894%, 84.4203%]
1433	82.55408234%	[80.5028%, 84.4313%]
1434	82.56624826%	[80.5163%, 84.4422%]
1435	82.50871080%	[80.4571%, 84.3868%]
1436	82.45125348%	[80.3980%, 84.3314%]
1437	82.46346555%	[80.4115%, 84.3424%]
1438	82.47566064%	[80.4249%, 84.3534%]
1439	82.48783878%	[80.4383%, 84.3644%]
1440	82.43055556%	[80.3794%, 84.3091%]
1441	82.44274809%	[80.3929%, 84.3201%]
1442	82.38557559%	[80.3341%, 84.2650%]
1443	82.39778240%	[80.3475%, 84.2760%]
1444	82.34072022%	[80.2889%, 84.2210%]
1445	82.35294118%	[80.3023%, 84.2320%]
1446	82.36514523%	[80.3158%, 84.2430%]
1447	82.37733241%	[80.3292%, 84.2540%]
1448	82.38950276%	[80.3426%, 84.2650%]
1449	82.33264320%	[80.2841%, 84.2102%]
1450	82.27586207%	[80.2258%, 84.1554%]
1451	82.28807719%	[80.2392%, 84.1664%]
1452	82.30027548%	[80.2527%, 84.1774%]
1453	82.24363386%	[80.1945%, 84.1228%]
1454	82.18707015%	[80.1363%, 84.0682%]
1455	82.19931271%	[80.1498%, 84.0792%]
1456	82.21153846%	[80.1633%, 84.0903%]
1457	82.22374743%	[80.1767%, 84.1013%]
1458	82.16735254%	[80.1187%, 84.0469%]
1459	82.17957505%	[80.1322%, 84.0579%]
1460	82.19178082%	[80.1456%, 84.0690%]
1461	82.20396988%	[80.1590%, 84.0800%]
1462	82.21614227%	[80.1724%, 84.0910%]
1463	82.22829802%	[80.1858%, 84.1020%]
1464	82.24043716%	[80.1991%, 84.1130%]
1465	82.25255973%	[80.2125%, 84.1239%]
1466	82.26466576%	[80.2258%, 84.1349%]
1467	82.27675528%	[80.2391%, 84.1458%]
1468	82.28882834%	[80.2524%, 84.1567%]
1469	82.30088496%	[80.2657%, 84.1676%]
1470	82.31292517%	[80.2789%, 84.1785%]
1471	82.32494901%	[80.2921%, 84.1894%]
1472	82.33695652%	[80.3053%, 84.2002%]
1473	82.34894773%	[80.3185%, 84.2111%]
1474	82.36092266%	[80.3317%, 84.2219%]
1475	82.37288136%	[80.3449%, 84.2327%]
1476	82.38482385%	[80.3580%, 84.2435%]
1477	82.39675017%	[80.3711%, 84.2543%]
1478	82.34100135%	[80.3138%, 84.2005%]
1479	82.35294118%	[80.3270%, 84.2113%]
1480	82.36486486%	[80.3401%, 84.2221%]
1481	82.37677245%	[80.3532%, 84.2328%]
1482	82.38866397%	[80.3663%, 84.2436%]
1483	82.40053945%	[80.3794%, 84.2543%]
1484	82.41239892%	[80.3924%, 84.2650%]
1485	82.42424242%	[80.4054%, 84.2757%]
1486	82.43606999%	[80.4184%, 84.2864%]
1487	82.44788164%	[80.4314%, 84.2971%]
1488	82.45967742%	[80.4444%, 84.3078%]
1489	82.47145735%	[80.4574%, 84.3184%]
1490	82.48322148%	[80.4703%, 84.3290%]
1491	82.49496982%	[80.4833%, 84.3397%]
1492	82.43967828%	[80.4264%, 84.2863%]
1493	82.45144005%	[80.4394%, 84.2969%]
1494	82.46318608%	[80.4523%, 84.3076%]
1495	82.47491639%	[80.4652%, 84.3182%]
1496	82.48663102%	[80.4781%, 84.3288%]
1497	82.49832999%	[80.4910%, 84.3393%]
1498	82.51001335%	[80.5038%, 84.3499%]
1499	82.52168112%	[80.5166%, 84.3605%]
1500	82.46666667%	[80.4601%, 84.3074%]
1501	82.47834777%	[80.4729%, 84.3179%]
1502	82.49001332%	[80.4858%, 84.3285%]
1503	82.50166334%	[80.4986%, 84.3390%]
1504	82.51329787%	[80.5114%, 84.3495%]
1505	82.52491694%	[80.5242%, 84.3600%]
1506	82.53652058%	[80.5369%, 84.3705%]
1507	82.54810883%	[80.5497%, 84.3810%]
1508	82.55968170%	[80.5624%, 84.3915%]
1509	82.57123923%	[80.5751%, 84.4019%]
1510	82.58278146%	[80.5878%, 84.4124%]
1511	82.59430841%	[80.6005%, 84.4228%]
1512	82.60582011%	[80.6132%, 84.4332%]
1513	82.61731659%	[80.6258%, 84.4436%]
1514	82.62879789%	[80.6385%, 84.4540%]
1515	82.57425743%	[80.5824%, 84.4013%]
1516	82.58575198%	[80.5950%, 84.4117%]
1517	82.59723138%	[80.6077%, 84.4221%]
1518	82.60869565%	[80.6203%, 84.4325%]
1519	82.62014483%	[80.6329%, 84.4428%]
1520	82.63157895%	[80.6454%, 84.4532%]
1521	82.64299803%	[80.6580%, 84.4635%]
1522	82.65440210%	[80.6706%, 84.4738%]
1523	82.66579120%	[80.6831%, 84.4841%]
1524	82.67716535%	[80.6956%, 84.4944%]
1525	82.68852459%	[80.7081%, 84.5047%]
1526	82.69986894%	[80.7206%, 84.5149%]
1527	82.71119843%	[80.7330%, 84.5252%]
1528	82.72251309%	[80.7455%, 84.5354%]
1529	82.73381295%	[80.7579%, 84.5456%]
1530	82.67973856%	[80.7023%, 84.4935%]
1531	82.69105160%	[80.7148%, 84.5037%]
1532	82.70234987%	[80.7272%, 84.5139%]
1533	82.71363340%	[80.7396%, 84.5241%]
1534	82.72490222%	[80.7520%, 84.5343%]
1535	82.73615635%	[80.7644%, 84.5445%]
1536	82.74739583%	[80.7767%, 84.5547%]
1537	82.75862069%	[80.7891%, 84.5648%]
1538	82.70481144%	[80.7338%, 84.5129%]
1539	82.71604938%	[80.7461%, 84.5231%]
1540	82.72727273%	[80.7585%, 84.5332%]
1541	82.73848151%	[80.7708%, 84.5433%]
1542	82.74967575%	[80.7831%, 84.5535%]
1543	82.76085548%	[80.7954%, 84.5636%]
1544	82.77202073%	[80.8077%, 84.5737%]
1545	82.78317152%	[80.8200%, 84.5838%]
1546	82.79430789%	[80.8322%, 84.5938%]
1547	82.80542986%	[80.8444%, 84.6039%]
1548	82.75193798%	[80.7894%, 84.5523%]
1549	82.76307295%	[80.8017%, 84.5624%]
1550	82.77419355%	[80.8139%, 84.5724%]
1551	82.72082527%	[80.7590%, 84.5209%]
1552	82.66752577%	[80.7043%, 84.4695%]
1553	82.67868641%	[80.7165%, 84.4796%]
1554	82.68983269%	[80.7288%, 84.4897%]
1555	82.70096463%	[80.7410%, 84.4998%]
1556	82.71208226%	[80.7532%, 84.5098%]
1557	82.72318561%	[80.7654%, 84.5199%]
1558	82.73427471%	[80.7776%, 84.5299%]
1559	82.74534958%	[80.7898%, 84.5399%]
1560	82.75641026%	[80.8020%, 84.5499%]
1561	82.76745676%	[80.8141%, 84.5599%]
1562	82.77848912%	[80.8262%, 84.5699%]
1563	82.78950736%	[80.8383%, 84.5799%]
1564	82.73657289%	[80.7839%, 84.5288%]
1565	82.68370607%	[80.7296%, 84.4778%]
1566	82.69476373%	[80.7417%, 84.4878%]
1567	82.70580728%	[80.7539%, 84.4978%]
1568	82.65306122%	[80.6997%, 84.4469%]
1569	82.66411727%	[80.7118%, 84.4569%]
1570	82.67515924%	[80.7239%, 84.4669%]
1571	82.68618714%	[80.7360%, 84.4769%]
1572	82.69720102%	[80.7481%, 84.4868%]
1573	82.70820089%	[80.7602%, 84.4968%]
1574	82.71918679%	[80.7723%, 84.5068%]
1575	82.73015873%	[80.7844%, 84.5167%]
1576	82.74111675%	[80.7964%, 84.5266%]
1577	82.75206088%	[80.8084%, 84.5365%]
1578	82.76299113%	[80.8204%, 84.5464%]
1579	82.77390754%	[80.8324%, 84.5563%]
1580	82.78481013%	[80.8444%, 84.5662%]
1581	82.79569892%	[80.8564%, 84.5760%]
1582	82.74336283%	[80.8026%, 84.5255%]
1583	82.75426406%	[80.8145%, 84.5354%]
1584	82.76515152%	[80.8265%, 84.5453%]
1585	82.77602524%	[80.8385%, 84.5551%]
1586	82.78688525%	[80.8504%, 84.5649%]
1587	82.73471960%	[80.7968%, 84.5146%]
1588	82.74559194%	[80.8087%, 84.5244%]
1589	82.75645060%	[80.8206%, 84.5343%]
1590	82.70440252%	[80.7671%, 84.4840%]
1591	82.71527341%	[80.7791%, 84.4939%]
1592	82.72613065%	[80.7910%, 84.5037%]
1593	82.67419962%	[80.7376%, 84.4536%]
1594	82.68506901%	[80.7496%, 84.4634%]
1595	82.69592476%	[80.7615%, 84.4733%]
1596	82.70676692%	[80.7734%, 84.4831%]
1597	82.71759549%	[80.7853%, 84.4929%]
1598	82.72841051%	[80.7972%, 84.5027%]
1599	82.73921201%	[80.8090%, 84.5125%]
1600	82.75000000%	[80.8209%, 84.5223%]
1601	82.76077452%	[80.8327%, 84.5320%]
1602	82.77153558%	[80.8445%, 84.5418%]
1603	82.71990019%	[80.7914%, 84.4919%]
1604	82.73067332%	[80.8033%, 84.5017%]
1605	82.74143302%	[80.8151%, 84.5114%]
1606	82.75217933%	[80.8269%, 84.5212%]
1607	82.76291226%	[80.8387%, 84.5309%]
1608	82.71144279%	[80.7858%, 84.4812%]
1609	82.72218769%	[80.7976%, 84.4909%]
1610	82.73291925%	[80.8093%, 84.5007%]
1611	82.74363749%	[80.8211%, 84.5104%]
1612	82.75434243%	[80.8329%, 84.5201%]
1613	82.70303782%	[80.7801%, 84.4705%]
1614	82.71375465%	[80.7919%, 84.4803%]
1615	82.72445820%	[80.8036%, 84.4900%]
1616	82.73514851%	[80.8154%, 84.4997%]
1617	82.74582560%	[80.8271%, 84.5093%]
1618	82.75648949%	[80.8388%, 84.5190%]
1619	82.76714021%	[80.8505%, 84.5287%]
1620	82.77777778%	[80.8622%, 84.5383%]
1621	82.78840222%	[80.8738%, 84.5480%]
1622	82.79901356%	[80.8855%, 84.5576%]
1623	82.74799754%	[80.8330%, 84.5083%]
1624	82.69704433%	[80.7807%, 84.4591%]
1625	82.70769231%	[80.7924%, 84.4687%]
1626	82.71832718%	[80.8040%, 84.4784%]
1627	82.72894899%	[80.8157%, 84.4880%]
1628	82.73955774%	[80.8273%, 84.4977%]
1629	82.75015347%	[80.8389%, 84.5073%]
1630	82.76073620%	[80.8506%, 84.5169%]
1631	82.77130595%	[80.8622%, 84.5264%]
1632	82.78186275%	[80.8737%, 84.5360%]
1633	82.79240661%	[80.8853%, 84.5456%]
1634	82.80293758%	[80.8969%, 84.5551%]
1635	82.81345566%	[80.9084%, 84.5647%]
1636	82.82396088%	[80.9199%, 84.5742%]
1637	82.77336591%	[80.8679%, 84.5253%]
1638	82.78388278%	[80.8795%, 84.5349%]
1639	82.79438682%	[80.8910%, 84.5444%]
1640	82.80487805%	[80.9025%, 84.5539%]
1641	82.81535649%	[80.9140%, 84.5634%]
1642	82.82582217%	[80.9255%, 84.5729%]
1643	82.77541083%	[80.8737%, 84.5242%]
1644	82.78588808%	[80.8852%, 84.5337%]
1645	82.73556231%	[80.8335%, 84.4851%]
1646	82.74605103%	[80.8450%, 84.4946%]
1647	82.69581056%	[80.7934%, 84.4461%]
1648	82.70631068%	[80.8049%, 84.4556%]
1649	82.71679806%	[80.8164%, 84.4652%]
1650	82.72727273%	[80.8278%, 84.4747%]
1651	82.73773471%	[80.8393%, 84.4842%]
1652	82.74818402%	[80.8508%, 84.4936%]
1653	82.75862069%	[80.8622%, 84.5031%]
1654	82.76904474%	[80.8736%, 84.5126%]
1655	82.71903323%	[80.8223%, 84.4643%]
1656	82.66908213%	[80.7710%, 84.4160%]
1657	82.67954134%	[80.7824%, 84.4255%]
1658	82.68998794%	[80.7939%, 84.4350%]
1659	82.70042194%	[80.8053%, 84.4444%]
1660	82.71084337%	[80.8167%, 84.4539%]
1661	82.72125226%	[80.8281%, 84.4634%]
1662	82.73164862%	[80.8395%, 84.4728%]
1663	82.74203247%	[80.8509%, 84.4822%]
1664	82.69230769%	[80.7998%, 84.4342%]
1665	82.70270270%	[80.8112%, 84.4436%]
1666	82.71308523%	[80.8226%, 84.4531%]
1667	82.66346731%	[80.7716%, 84.4051%]
1668	82.67386091%	[80.7830%, 84.4145%]
1669	82.68424206%	[80.7944%, 84.4240%]
1670	82.69461078%	[80.8058%, 84.4334%]
1671	82.70496709%	[80.8171%, 84.4428%]
1672	82.71531100%	[80.8284%, 84.4522%]
1673	82.72564256%	[80.8398%, 84.4616%]
1674	82.73596177%	[80.8511%, 84.4709%]
1675	82.68656716%	[80.8003%, 84.4232%]
1676	82.69689737%	[80.8117%, 84.4326%]
1677	82.70721527%	[80.8230%, 84.4420%]
1678	82.71752086%	[80.8343%, 84.4513%]
1679	82.72781418%	[80.8455%, 84.4607%]
1680	82.73809524%	[80.8568%, 84.4700%]
1681	82.74836407%	[80.8680%, 84.4794%]
1682	82.75862069%	[80.8793%, 84.4887%]
1683	82.76886512%	[80.8905%, 84.4980%]
1684	82.77909739%	[80.9017%, 84.5073%]
1685	82.78931751%	[80.9129%, 84.5166%]
1686	82.79952550%	[80.9241%, 84.5258%]
1687	82.80972140%	[80.9353%, 84.5351%]
1688	82.81990521%	[80.9464%, 84.5443%]
1689	82.83007697%	[80.9576%, 84.5536%]
1690	82.84023669%	[80.9687%, 84.5628%]
1691	82.85038439%	[80.9798%, 84.5720%]
1692	82.86052009%	[80.9909%, 84.5812%]
1693	82.87064383%	[81.0020%, 84.5904%]
1694	82.88075561%	[81.0131%, 84.5996%]
1695	82.89085546%	[81.0242%, 84.6088%]
1696	82.90094340%	[81.0352%, 84.6180%]
1697	82.91101945%	[81.0463%, 84.6271%]
1698	82.92108363%	[81.0573%, 84.6362%]
1699	82.93113596%	[81.0683%, 84.6454%]
1700	82.94117647%	[81.0793%, 84.6545%]
1701	82.95120517%	[81.0903%, 84.6636%]
1702	82.96122209%	[81.1013%, 84.6727%]
1703	82.97122725%	[81.1122%, 84.6818%]
1704	82.98122066%	[81.1232%, 84.6909%]
1705	82.99120235%	[81.1341%, 84.6999%]
1706	83.00117233%	[81.1451%, 84.7090%]
1707	82.95254833%	[81.0951%, 84.6620%]
1708	82.90398126%	[81.0452%, 84.6151%]
1709	82.91398479%	[81.0562%, 84.6242%]
1710	82.92397661%	[81.0671%, 84.6333%]
1711	82.93395675%	[81.0780%, 84.6423%]
1712	82.94392523%	[81.0890%, 84.6514%]
1713	82.95388208%	[81.0999%, 84.6604%]
1714	82.96382730%	[81.1108%, 84.6695%]
1715	82.91545190%	[81.0611%, 84.6227%]
1716	82.92540793%	[81.0720%, 84.6318%]
1717	82.93535236%	[81.0829%, 84.6408%]
1718	82.88707800%	[81.0333%, 84.5941%]
1719	82.89703316%	[81.0442%, 84.6032%]
1720	82.90697674%	[81.0551%, 84.6122%]
1721	82.91690877%	[81.0659%, 84.6213%]
1722	82.92682927%	[81.0768%, 84.6303%]
1723	82.93673825%	[81.0877%, 84.6393%]
1724	82.88863109%	[81.0382%, 84.5928%]
1725	82.89855072%	[81.0491%, 84.6018%]
1726	82.90845886%	[81.0600%, 84.6108%]
1727	82.91835553%	[81.0708%, 84.6198%]
1728	82.92824074%	[81.0816%, 84.6288%]
1729	82.93811452%	[81.0924%, 84.6378%]
1730	82.94797688%	[81.1032%, 84.6467%]
1731	82.95782785%	[81.1140%, 84.6557%]
1732	82.96766744%	[81.1248%, 84.6646%]
1733	82.91979227%	[81.0756%, 84.6184%]
1734	82.87197232%	[81.0265%, 84.5721%]
1735	82.88184438%	[81.0373%, 84.5811%]
1736	82.89170507%	[81.0481%, 84.5901%]
1737	82.90155440%	[81.0589%, 84.5990%]
1738	82.91139241%	[81.0696%, 84.6080%]
1739	82.86371478%	[81.0207%, 84.5619%]
1740	82.87356322%	[81.0314%, 84.5708%]
1741	82.82596209%	[80.9826%, 84.5248%]
1742	82.83582090%	[80.9933%, 84.5338%]
1743	82.84566839%	[81.0041%, 84.5428%]
1744	82.85550459%	[81.0149%, 84.5517%]
1745	82.86532951%	[81.0256%, 84.5606%]
1746	82.81786942%	[80.9769%, 84.5148%]
1747	82.82770464%	[80.9877%, 84.5237%]
1748	82.78032037%	[80.9390%, 84.4779%]
1749	82.79016581%	[80.9498%, 84.4868%]
1750	82.80000000%	[80.9605%, 84.4958%]
1751	82.75271274%	[80.9120%, 84.4501%]
1752	82.76255708%	[80.9227%, 84.4590%]
1753	82.77239019%	[80.9335%, 84.4680%]
1754	82.78221209%	[80.9442%, 84.4769%]
1755	82.79202279%	[80.9550%, 84.4858%]
1756	82.80182232%	[80.9657%, 84.4948%]
1757	82.81161070%	[80.9764%, 84.5037%]
1758	82.76450512%	[80.9280%, 84.4581%]
1759	82.77430358%	[80.9387%, 84.4670%]
1760	82.78409091%	[80.9494%, 84.4759%]
1761	82.79386712%	[80.9601%, 84.4848%]
1762	82.80363224%	[80.9708%, 84.4937%]
1763	82.75666478%	[80.9226%, 84.4483%]
1764	82.76643991%	[80.9333%, 84.4572%]
1765	82.77620397%	[80.9440%, 84.4661%]
1766	82.78595696%	[80.9546%, 84.4750%]
1767	82.79569892%	[80.9653%, 84.4838%]
1768	82.80542986%	[80.9759%, 84.4927%]
1769	82.81514980%	[80.9865%, 84.5016%]
1770	82.82485876%	[80.9972%, 84.5104%]
1771	82.83455675%	[81.0078%, 84.5192%]
1772	82.84424379%	[81.0184%, 84.5280%]
1773	82.79751833%	[80.9704%, 84.4828%]
1774	82.80721533%	[80.9810%, 84.4917%]
1775	82.81690141%	[80.9916%, 84.5005%]
1776	82.82657658%	[81.0021%, 84.5093%]
1777	82.83624086%	[81.0127%, 84.5181%]
1778	82.84589426%	[81.0233%, 84.5269%]
1779	82.85553682%	[81.0338%, 84.5357%]
1780	82.80898876%	[80.9860%, 84.4907%]
1781	82.81864121%	[80.9966%, 84.4994%]
1782	82.82828283%	[81.0071%, 84.5082%]
1783	82.78182838%	[80.9594%, 84.4633%]
1784	82.79147982%	[80.9700%, 84.4721%]
1785	82.80112045%	[80.9805%, 84.4809%]
1786	82.81075028%	[80.9910%, 84.4896%]
1787	82.82036933%	[81.0015%, 84.4984%]
1788	82.77404922%	[80.9540%, 84.4536%]
1789	82.78367803%	[80.9645%, 84.4624%]
1790	82.79329609%	[80.9750%, 84.4711%]
1791	82.74706868%	[80.9276%, 84.4264%]
1792	82.75669643%	[80.9381%, 84.4352%]
1793	82.76631344%	[80.9486%, 84.4439%]
1794	82.72017837%	[80.9012%, 84.3993%]
1795	82.72980501%	[80.9118%, 84.4081%]
1796	82.73942094%	[80.9223%, 84.4168%]
1797	82.74902615%	[80.9328%, 84.4256%]
1798	82.75862069%	[80.9432%, 84.4343%]
1799	82.76820456%	[80.9537%, 84.4431%]
1800	82.72222222%	[80.9065%, 84.3986%]
1801	82.73181566%	[80.9170%, 84.4073%]
1802	82.74139845%	[80.9275%, 84.4160%]
1803	82.75097060%	[80.9379%, 84.4248%]
1804	82.70509978%	[80.8908%, 84.3804%]
1805	82.71468144%	[80.9013%, 84.3891%]
1806	82.72425249%	[80.9118%, 84.3978%]
1807	82.73381295%	[80.9222%, 84.4066%]
1808	82.74336283%	[80.9326%, 84.4153%]
1809	82.75290216%	[80.9430%, 84.4240%]
1810	82.70718232%	[80.8961%, 84.3797%]
1811	82.71673109%	[80.9065%, 84.3884%]
1812	82.72626932%	[80.9170%, 84.3971%]
1813	82.73579702%	[80.9274%, 84.4058%]
1814	82.74531422%	[80.9378%, 84.4145%]
1815	82.75482094%	[80.9481%, 84.4231%]
1816	82.76431718%	[80.9585%, 84.4318%]
1817	82.77380297%	[80.9689%, 84.4405%]
1818	82.78327833%	[80.9792%, 84.4491%]
1819	82.79274327%	[80.9895%, 84.4577%]
1820	82.80219780%	[80.9999%, 84.4663%]
1821	82.81164195%	[81.0102%, 84.4750%]
1822	82.82107574%	[81.0205%, 84.4836%]
1823	82.83049918%	[81.0308%, 84.4921%]
1824	82.83991228%	[81.0411%, 84.5007%]
1825	82.84931507%	[81.0513%, 84.5093%]
1826	82.85870756%	[81.0616%, 84.5179%]
1827	82.86808976%	[81.0718%, 84.5264%]
1828	82.87746171%	[81.0821%, 84.5350%]
1829	82.88682340%	[81.0923%, 84.5435%]
1830	82.89617486%	[81.1025%, 84.5520%]
1831	82.90551611%	[81.1127%, 84.5605%]
1832	82.91484716%	[81.1229%, 84.5690%]
1833	82.92416803%	[81.1331%, 84.5775%]
1834	82.93347874%	[81.1433%, 84.5860%]
1835	82.94277929%	[81.1534%, 84.5945%]
1836	82.95206972%	[81.1636%, 84.6030%]
1837	82.96135003%	[81.1737%, 84.6114%]
1838	82.97062024%	[81.1838%, 84.6199%]
1839	82.97988037%	[81.1939%, 84.6283%]
1840	82.93478261%	[81.1476%, 84.5847%]
1841	82.94405215%	[81.1578%, 84.5931%]
1842	82.95331162%	[81.1679%, 84.6016%]
1843	82.96256104%	[81.1780%, 84.6100%]
1844	82.97180043%	[81.1881%, 84.6184%]
1845	82.92682927%	[81.1419%, 84.5749%]
1846	82.93607801%	[81.1520%, 84.5834%]
1847	82.94531673%	[81.1621%, 84.5918%]
1848	82.90043290%	[81.1160%, 84.5484%]
1849	82.90968091%	[81.1261%, 84.5568%]
1850	82.91891892%	[81.1362%, 84.5652%]
1851	82.92814695%	[81.1463%, 84.5736%]
1852	82.93736501%	[81.1563%, 84.5820%]
1853	82.89260658%	[81.1104%, 84.5387%]
1854	82.90183387%	[81.1205%, 84.5471%]
1855	82.91105121%	[81.1305%, 84.5555%]
1856	82.92025862%	[81.1406%, 84.5639%]
1857	82.92945611%	[81.1506%, 84.5723%]
1858	82.88482239%	[81.1048%, 84.5291%]
1859	82.89402905%	[81.1149%, 84.5375%]
1860	82.84946237%	[81.0691%, 84.4944%]
1861	82.85867813%	[81.0792%, 84.5028%]
1862	82.81417830%	[81.0335%, 84.4597%]
1863	82.82340311%	[81.0436%, 84.4682%]
1864	82.83261803%	[81.0536%, 84.4766%]
1865	82.84182306%	[81.0637%, 84.4850%]
1866	82.79742765%	[81.0181%, 84.4420%]
1867	82.80664167%	[81.0282%, 84.4504%]
1868	82.81584582%	[81.0382%, 84.4588%]
1869	82.82504013%	[81.0482%, 84.4672%]
1870	82.83422460%	[81.0583%, 84.4756%]
1871	82.84339925%	[81.0683%, 84.4839%]
1872	82.85256410%	[81.0783%, 84.4923%]
1873	82.86171917%	[81.0882%, 84.5007%]
1874	82.81750267%	[81.0429%, 84.4579%]
1875	82.82666667%	[81.0529%, 84.4662%]
1876	82.78251599%	[81.0076%, 84.4235%]
1877	82.73841236%	[80.9623%, 84.3808%]
1878	82.74760383%	[80.9723%, 84.3892%]
1879	82.75678552%	[80.9824%, 84.3975%]
1880	82.76595745%	[80.9924%, 84.4059%]
1881	82.77511962%	[81.0023%, 84.4143%]
1882	82.78427205%	[81.0123%, 84.4227%]
1883	82.79341476%	[81.0223%, 84.4310%]
1884	82.80254777%	[81.0323%, 84.4393%]
1885	82.81167109%	[81.0422%, 84.4477%]
1886	82.82078473%	[81.0521%, 84.4560%]
1887	82.82988871%	[81.0621%, 84.4643%]
1888	82.83898305%	[81.0720%, 84.4726%]
1889	82.84806776%	[81.0819%, 84.4809%]
1890	82.85714286%	[81.0918%, 84.4892%]
1891	82.86620836%	[81.1017%, 84.4975%]
1892	82.87526427%	[81.1116%, 84.5057%]
1893	82.88431062%	[81.1214%, 84.5140%]
1894	82.89334741%	[81.1313%, 84.5223%]
1895	82.90237467%	[81.1411%, 84.5305%]
1896	82.91139241%	[81.1510%, 84.5387%]
1897	82.92040063%	[81.1608%, 84.5470%]
1898	82.92939937%	[81.1706%, 84.5552%]
1899	82.93838863%	[81.1804%, 84.5634%]
1900	82.94736842%	[81.1902%, 84.5716%]
1901	82.90373488%	[81.1454%, 84.5293%]
1902	82.91272345%	[81.1552%, 84.5375%]
1903	82.92170257%	[81.1650%, 84.5457%]
1904	82.93067227%	[81.1748%, 84.5539%]
1905	82.93963255%	[81.1846%, 84.5621%]
1906	82.94858342%	[81.1943%, 84.5703%]
1907	82.95752491%	[81.2041%, 84.5785%]
1908	82.96645702%	[81.2138%, 84.5866%]
1909	82.97537978%	[81.2235%, 84.5948%]
1910	82.98429319%	[81.2333%, 84.6029%]
1911	82.99319728%	[81.2430%, 84.6110%]
1912	82.94979079%	[81.1984%, 84.5690%]
1913	82.95870361%	[81.2082%, 84.5772%]
1914	82.91536050%	[81.1637%, 84.5352%]
1915	82.87206266%	[81.1193%, 84.4933%]
1916	82.88100209%	[81.1290%, 84.5014%]
1917	82.88993219%	[81.1387%, 84.5096%]
1918	82.89885297%	[81.1485%, 84.5177%]
1919	82.90776446%	[81.1582%, 84.5259%]
1920	82.86458333%	[81.1139%, 84.4841%]
1921	82.87350338%	[81.1236%, 84.4922%]
1922	82.88241415%	[81.1333%, 84.5004%]
1923	82.89131565%	[81.1430%, 84.5085%]
1924	82.84823285%	[81.0988%, 84.4668%]
1925	82.85714286%	[81.1085%, 84.4749%]
1926	82.81412253%	[81.0644%, 84.4332%]
1927	82.82304100%	[81.0741%, 84.4414%]
1928	82.83195021%	[81.0838%, 84.4495%]
1929	82.78900985%	[81.0398%, 84.4079%]
1930	82.79792746%	[81.0495%, 84.4161%]
1931	82.80683584%	[81.0592%, 84.4242%]
1932	82.81573499%	[81.0689%, 84.4324%]
1933	82.82462494%	[81.0786%, 84.4405%]
1934	82.83350569%	[81.0882%, 84.4486%]
1935	82.84237726%	[81.0979%, 84.4567%]
1936	82.85123967%	[81.1075%, 84.4648%]
1937	82.86009293%	[81.1172%, 84.4729%]
1938	82.81733746%	[81.0733%, 84.4315%]
1939	82.82619907%	[81.0830%, 84.4396%]
1940	82.83505155%	[81.0926%, 84.4477%]
1941	82.84389490%	[81.1023%, 84.4558%]
1942	82.85272915%	[81.1119%, 84.4639%]
1943	82.86155430%	[81.1215%, 84.4719%]
1944	82.81893004%	[81.0778%, 84.4306%]
1945	82.82776350%	[81.0874%, 84.4387%]
1946	82.78520041%	[81.0437%, 84.3975%]
1947	82.79404212%	[81.0534%, 84.4056%]
1948	82.80287474%	[81.0630%, 84.4136%]
1949	82.81169831%	[81.0726%, 84.4217%]
1950	82.76923077%	[81.0290%, 84.3806%]
1951	82.77806253%	[81.0387%, 84.3886%]
1952	82.78688525%	[81.0483%, 84.3967%]
1953	82.79569892%	[81.0579%, 84.4048%]
1954	82.80450358%	[81.0674%, 84.4128%]
1955	82.81329923%	[81.0770%, 84.4209%]
1956	82.82208589%	[81.0866%, 84.4289%]
1957	82.83086357%	[81.0961%, 84.4369%]
1958	82.83963228%	[81.1057%, 84.4450%]
1959	82.84839204%	[81.1152%, 84.4530%]
1960	82.85714286%	[81.1248%, 84.4610%]
1961	82.81489036%	[81.0814%, 84.4200%]
1962	82.82364934%	[81.0910%, 84.4281%]
1963	82.83239939%	[81.1005%, 84.4361%]
1964	82.84114053%	[81.1100%, 84.4441%]
1965	82.84987277%	[81.1195%, 84.4520%]
1966	82.80773143%	[81.0763%, 84.4112%]
1967	82.76563294%	[81.0331%, 84.3704%]
1968	82.72357724%	[80.9900%, 84.3296%]
1969	82.73235145%	[80.9996%, 84.3377%]
1970	82.69035533%	[80.9565%, 84.2970%]
1971	82.69913749%	[80.9660%, 84.3050%]
1972	82.70791075%	[80.9756%, 84.3130%]
1973	82.71667511%	[80.9851%, 84.3211%]
1974	82.72543060%	[80.9947%, 84.3291%]
1975	82.68354430%	[80.9517%, 84.2885%]
1976	82.69230769%	[80.9612%, 84.2965%]
1977	82.70106222%	[80.9708%, 84.3045%]
1978	82.70980789%	[80.9803%, 84.3125%]
1979	82.71854472%	[80.9898%, 84.3205%]
1980	82.72727273%	[80.9993%, 84.3285%]
1981	82.73599192%	[81.0088%, 84.3365%]
1982	82.74470232%	[81.0182%, 84.3445%]
1983	82.75340393%	[81.0277%, 84.3524%]
1984	82.76209677%	[81.0372%, 84.3604%]
1985	82.72040302%	[80.9944%, 84.3200%]
1986	82.72910373%	[81.0039%, 84.3280%]
1987	82.73779567%	[81.0133%, 84.3359%]
1988	82.74647887%	[81.0228%, 84.3439%]
1989	82.75515334%	[81.0322%, 84.3518%]
1990	82.76381910%	[81.0416%, 84.3597%]
1991	82.77247614%	[81.0511%, 84.3677%]
1992	82.73092369%	[81.0085%, 84.3274%]
1993	82.73958856%	[81.0179%, 84.3353%]
1994	82.69809428%	[80.9754%, 84.2951%]
1995	82.70676692%	[80.9848%, 84.3030%]
1996	82.71543086%	[80.9942%, 84.3110%]
1997	82.67401102%	[80.9517%, 84.2708%]
1998	82.68268268%	[80.9612%, 84.2788%]
1999	82.69134567%	[80.9706%, 84.2867%]
2000	82.70000000%	[80.9800%, 84.2946%]
2001	82.70864568%	[80.9894%, 84.3025%]
2002	82.71728272%	[80.9988%, 84.3105%]
2003	82.72591113%	[81.0082%, 84.3184%]
2004	82.73453094%	[81.0176%, 84.3263%]
2005	82.74314214%	[81.0269%, 84.3341%]
2006	82.70189432%	[80.9846%, 84.2941%]
2007	82.71051320%	[80.9940%, 84.3020%]
2008	82.71912351%	[81.0034%, 84.3099%]
2009	82.67794923%	[80.9612%, 84.2700%]
2010	82.68656716%	[80.9705%, 84.2779%]
2011	82.69517653%	[80.9799%, 84.2858%]
2012	82.70377734%	[80.9892%, 84.2937%]
2013	82.71236960%	[80.9986%, 84.3015%]
2014	82.67130089%	[80.9565%, 84.2617%]
2015	82.67990074%	[80.9658%, 84.2696%]
2016	82.68849206%	[80.9752%, 84.2775%]
2017	82.69707486%	[80.9845%, 84.2853%]
2018	82.70564916%	[80.9938%, 84.2932%]
2019	82.71421496%	[81.0031%, 84.3010%]
2020	82.72277228%	[81.0124%, 84.3089%]
2021	82.73132113%	[81.0217%, 84.3167%]
2022	82.73986152%	[81.0310%, 84.3246%]
2023	82.74839348%	[81.0403%, 84.3324%]
2024	82.75691700%	[81.0495%, 84.3402%]
2025	82.76543210%	[81.0588%, 84.3480%]
2026	82.77393880%	[81.0680%, 84.3558%]
2027	82.73310311%	[81.0262%, 84.3162%]
2028	82.74161736%	[81.0354%, 84.3240%]
2029	82.75012321%	[81.0447%, 84.3318%]
2030	82.75862069%	[81.0539%, 84.3396%]
2031	82.76710980%	[81.0632%, 84.3473%]
2032	82.77559055%	[81.0724%, 84.3551%]
2033	82.78406296%	[81.0816%, 84.3629%]
2034	82.79252704%	[81.0908%, 84.3706%]
2035	82.80098280%	[81.1000%, 84.3784%]
2036	82.80943026%	[81.1092%, 84.3861%]
2037	82.81786942%	[81.1183%, 84.3939%]
2038	82.82630029%	[81.1275%, 84.4016%]
2039	82.83472290%	[81.1366%, 84.4093%]
2040	82.84313725%	[81.1458%, 84.4170%]
2041	82.85154336%	[81.1549%, 84.4247%]
2042	82.85994123%	[81.1641%, 84.4324%]
2043	82.81938326%	[81.1225%, 84.3931%]
2044	82.77886497%	[81.0809%, 84.3538%]
2045	82.78728606%	[81.0901%, 84.3615%]
2046	82.79569892%	[81.0992%, 84.3692%]
2047	82.80410357%	[81.1084%, 84.3769%]
2048	82.81250000%	[81.1175%, 84.3846%]
2049	82.82088824%	[81.1266%, 84.3923%]
2050	82.82926829%	[81.1357%, 84.4000%]
2051	82.78888347%	[81.0943%, 84.3608%]
2052	82.79727096%	[81.1034%, 84.3685%]
2053	82.80565027%	[81.1125%, 84.3762%]
2054	82.81402142%	[81.1216%, 84.3839%]
2055	82.77372263%	[81.0803%, 84.3448%]
2056	82.78210117%	[81.0894%, 84.3525%]
2057	82.79047156%	[81.0985%, 84.3602%]
2058	82.79883382%	[81.1076%, 84.3678%]
2059	82.80718796%	[81.1167%, 84.3755%]
2060	82.81553398%	[81.1258%, 84.3831%]
2061	82.82387191%	[81.1348%, 84.3908%]
2062	82.83220175%	[81.1439%, 84.3984%]
2063	82.84052351%	[81.1529%, 84.4061%]
2064	82.84883721%	[81.1619%, 84.4137%]
2065	82.80871671%	[81.1208%, 84.3748%]
2066	82.81703775%	[81.1299%, 84.3824%]
2067	82.77697146%	[81.0888%, 84.3435%]
2068	82.78529981%	[81.0978%, 84.3512%]
2069	82.79362011%	[81.1069%, 84.3588%]
2070	82.80193237%	[81.1159%, 84.3664%]
2071	82.81023660%	[81.1249%, 84.3741%]
2072	82.81853282%	[81.1339%, 84.3817%]
2073	82.77858177%	[81.0930%, 84.3429%]
2074	82.78688525%	[81.1020%, 84.3505%]
2075	82.79518072%	[81.1110%, 84.3581%]
2076	82.80346821%	[81.1200%, 84.3657%]
2077	82.81174771%	[81.1290%, 84.3733%]
2078	82.77189605%	[81.0882%, 84.3347%]
2079	82.73208273%	[81.0474%, 84.2961%]
2080	82.74038462%	[81.0564%, 84.3037%]
2081	82.74867852%	[81.0654%, 84.3113%]
2082	82.75696446%	[81.0744%, 84.3189%]
2083	82.71723476%	[81.0337%, 84.2803%]
2084	82.72552783%	[81.0427%, 84.2880%]
2085	82.68585132%	[81.0020%, 84.2495%]
2086	82.69415149%	[81.0110%, 84.2571%]
2087	82.70244370%	[81.0200%, 84.2647%]
2088	82.71072797%	[81.0290%, 84.2723%]
2089	82.71900431%	[81.0380%, 84.2799%]
2090	82.72727273%	[81.0470%, 84.2875%]
2091	82.73553324%	[81.0560%, 84.2951%]
2092	82.74378585%	[81.0649%, 84.3026%]
2093	82.75203058%	[81.0739%, 84.3102%]
2094	82.76026743%	[81.0828%, 84.3178%]
2095	82.76849642%	[81.0917%, 84.3253%]
2096	82.77671756%	[81.1007%, 84.3328%]
2097	82.73724368%	[81.0602%, 84.2945%]
2098	82.74547188%	[81.0691%, 84.3021%]
2099	82.75369223%	[81.0781%, 84.3096%]
2100	82.76190476%	[81.0870%, 84.3172%]
2101	82.72251309%	[81.0466%, 84.2790%]
2102	82.73073264%	[81.0555%, 84.2865%]
2103	82.73894437%	[81.0645%, 84.2940%]
2104	82.74714829%	[81.0734%, 84.3016%]
2105	82.75534442%	[81.0823%, 84.3091%]
2106	82.71604938%	[81.0420%, 84.2710%]
2107	82.72425249%	[81.0509%, 84.2785%]
2108	82.73244782%	[81.0598%, 84.2860%]
2109	82.69321954%	[81.0196%, 84.2480%]
2110	82.70142180%	[81.0285%, 84.2555%]
2111	82.70961630%	[81.0374%, 84.2630%]
2112	82.71780303%	[81.0463%, 84.2705%]
2113	82.67865594%	[81.0062%, 84.2325%]
2114	82.68684957%	[81.0151%, 84.2401%]
2115	82.69503546%	[81.0239%, 84.2476%]
2116	82.70321361%	[81.0328%, 84.2551%]
2117	82.71138403%	[81.0417%, 84.2626%]
2118	82.71954674%	[81.0505%, 84.2701%]
2119	82.68050967%	[81.0105%, 84.2322%]
2120	82.68867925%	[81.0194%, 84.2397%]
2121	82.69684111%	[81.0283%, 84.2472%]
2122	82.70499529%	[81.0371%, 84.2547%]
2123	82.71314178%	[81.0459%, 84.2622%]
2124	82.72128060%	[81.0548%, 84.2697%]
2125	82.72941176%	[81.0636%, 84.2771%]
2126	82.73753528%	[81.0724%, 84.2846%]
2127	82.74565115%	[81.0812%, 84.2920%]
2128	82.75375940%	[81.0900%, 84.2995%]
2129	82.76186003%	[81.0988%, 84.3069%]
2130	82.76995305%	[81.1076%, 84.3144%]
2131	82.77803848%	[81.1163%, 84.3218%]
2132	82.78611632%	[81.1251%, 84.3292%]
2133	82.79418659%	[81.1339%, 84.3366%]
2134	82.80224930%	[81.1426%, 84.3440%]
2135	82.76346604%	[81.1029%, 84.3064%]
2136	82.77153558%	[81.1116%, 84.3138%]
2137	82.73280299%	[81.0719%, 84.2762%]
2138	82.74087933%	[81.0807%, 84.2836%]
2139	82.74894811%	[81.0894%, 84.2910%]
2140	82.75700935%	[81.0982%, 84.2984%]
2141	82.71835591%	[81.0586%, 84.2609%]
2142	82.72642390%	[81.0673%, 84.2683%]
2143	82.73448437%	[81.0761%, 84.2757%]
2144	82.74253731%	[81.0848%, 84.2831%]
2145	82.75058275%	[81.0935%, 84.2905%]
2146	82.75862069%	[81.1023%, 84.2979%]
2147	82.76665114%	[81.1110%, 84.3053%]
2148	82.77467412%	[81.1197%, 84.3127%]
2149	82.78268962%	[81.1284%, 84.3200%]
2150	82.79069767%	[81.1370%, 84.3274%]
2151	82.79869828%	[81.1457%, 84.3347%]
2152	82.80669145%	[81.1544%, 84.3421%]
2153	82.76823038%	[81.1150%, 84.3047%]
2154	82.77623027%	[81.1237%, 84.3121%]
2155	82.78422274%	[81.1323%, 84.3194%]
2156	82.79220779%	[81.1410%, 84.3268%]
2157	82.80018544%	[81.1496%, 84.3341%]
2158	82.80815570%	[81.1583%, 84.3414%]
2159	82.81611857%	[81.1669%, 84.3487%]
2160	82.77777778%	[81.1276%, 84.3115%]
2161	82.78574734%	[81.1363%, 84.3189%]
2162	82.74745606%	[81.0971%, 84.2817%]
2163	82.75543227%	[81.1057%, 84.2890%]
2164	82.76340111%	[81.1143%, 84.2963%]
2165	82.77136259%	[81.1230%, 84.3037%]
2166	82.77931671%	[81.1316%, 84.3110%]
2167	82.78726350%	[81.1402%, 84.3183%]
2168	82.79520295%	[81.1488%, 84.3256%]
2169	82.80313509%	[81.1574%, 84.3329%]
2170	82.81105991%	[81.1660%, 84.3401%]
2171	82.81897743%	[81.1746%, 84.3474%]
2172	82.82688766%	[81.1832%, 84.3547%]
2173	82.83479061%	[81.1917%, 84.3619%]
2174	82.79668813%	[81.1527%, 84.3250%]
2175	82.80459770%	[81.1613%, 84.3322%]
2176	82.81250000%	[81.1699%, 84.3395%]
2177	82.77446027%	[81.1309%, 84.3026%]
2178	82.78236915%	[81.1395%, 84.3098%]
2179	82.74437816%	[81.1006%, 84.2730%]
2180	82.75229358%	[81.1091%, 84.2802%]
2181	82.76020174%	[81.1177%, 84.2875%]
2182	82.76810266%	[81.1263%, 84.2948%]
2183	82.77599634%	[81.1348%, 84.3020%]
2184	82.73809524%	[81.0960%, 84.2652%]
2185	82.74599542%	[81.1046%, 84.2725%]
2186	82.75388838%	[81.1131%, 84.2797%]
2187	82.76177412%	[81.1217%, 84.2870%]
2188	82.76965265%	[81.1302%, 84.2942%]
2189	82.77752398%	[81.1387%, 84.3015%]
2190	82.73972603%	[81.1000%, 84.2648%]
2191	82.70196257%	[81.0613%, 84.2281%]
2192	82.66423358%	[81.0227%, 84.1915%]
2193	82.62653899%	[80.9841%, 84.1549%]
2194	82.63445761%	[80.9927%, 84.1622%]
2195	82.64236902%	[81.0013%, 84.1694%]
2196	82.65027322%	[81.0098%, 84.1767%]
2197	82.65817023%	[81.0184%, 84.1840%]
2198	82.62056415%	[80.9799%, 84.1474%]
2199	82.62846749%	[80.9884%, 84.1547%]
2200	82.59090909%	[80.9500%, 84.1182%]
2201	82.59881872%	[80.9585%, 84.1255%]
2202	82.60672116%	[80.9671%, 84.1328%]
2203	82.61461643%	[80.9756%, 84.1400%]
2204	82.62250454%	[80.9842%, 84.1473%]
2205	82.63038549%	[80.9927%, 84.1546%]
2206	82.63825929%	[81.0012%, 84.1618%]
2207	82.60081559%	[80.9629%, 84.1254%]
2208	82.60869565%	[80.9714%, 84.1327%]
2209	82.61656858%	[80.9800%, 84.1399%]
2210	82.62443439%	[80.9885%, 84.1472%]
2211	82.63229308%	[80.9970%, 84.1544%]
2212	82.64014467%	[81.0055%, 84.1616%]
2213	82.64798915%	[81.0140%, 84.1688%]
2214	82.65582656%	[81.0225%, 84.1761%]
2215	82.66365688%	[81.0309%, 84.1833%]
2216	82.67148014%	[81.0394%, 84.1905%]
2217	82.67929635%	[81.0479%, 84.1977%]
2218	82.68710550%	[81.0563%, 84.2048%]
2219	82.69490762%	[81.0648%, 84.2120%]
2220	82.70270270%	[81.0732%, 84.2192%]
2221	82.71049077%	[81.0817%, 84.2264%]
2222	82.71827183%	[81.0901%, 84.2335%]
2223	82.72604588%	[81.0985%, 84.2407%]
2224	82.68884892%	[81.0604%, 84.2046%]
2225	82.69662921%	[81.0688%, 84.2117%]
2226	82.70440252%	[81.0773%, 84.2189%]
2227	82.71216884%	[81.0857%, 84.2260%]
2228	82.71992819%	[81.0941%, 84.2332%]
2229	82.72768057%	[81.1025%, 84.2403%]
2230	82.73542601%	[81.1108%, 84.2474%]
2231	82.74316450%	[81.1192%, 84.2545%]
2232	82.75089606%	[81.1276%, 84.2617%]
2233	82.71383789%	[81.0897%, 84.2257%]
2234	82.72157565%	[81.0980%, 84.2328%]
2235	82.72930649%	[81.1064%, 84.2399%]
2236	82.73703041%	[81.1148%, 84.2470%]
2237	82.70004470%	[81.0769%, 84.2111%]
2238	82.70777480%	[81.0853%, 84.2182%]
2239	82.71549799%	[81.0936%, 84.2253%]
2240	82.72321429%	[81.1020%, 84.2324%]
2241	82.73092369%	[81.1103%, 84.2395%]
2242	82.73862623%	[81.1187%, 84.2466%]
2243	82.74632189%	[81.1270%, 84.2537%]
2244	82.75401070%	[81.1353%, 84.2608%]
2245	82.76169265%	[81.1436%, 84.2678%]
2246	82.76936776%	[81.1519%, 84.2749%]
2247	82.73253227%	[81.1142%, 84.2391%]
2248	82.74021352%	[81.1225%, 84.2462%]
2249	82.74788795%	[81.1308%, 84.2533%]
2250	82.75555556%	[81.1391%, 84.2603%]
2251	82.76321635%	[81.1474%, 84.2674%]
2252	82.72646536%	[81.1098%, 84.2317%]
2253	82.73413227%	[81.1181%, 84.2387%]
2254	82.74179237%	[81.1264%, 84.2458%]
2255	82.74944568%	[81.1347%, 84.2528%]
2256	82.75709220%	[81.1430%, 84.2599%]
2257	82.76473195%	[81.1512%, 84.2669%]
2258	82.77236492%	[81.1595%, 84.2739%]
2259	82.77999115%	[81.1677%, 84.2809%]
2260	82.78761062%	[81.1760%, 84.2880%]
2261	82.79522335%	[81.1842%, 84.2950%]
2262	82.75862069%	[81.1467%, 84.2594%]
2263	82.76623951%	[81.1550%, 84.2664%]
2264	82.77385159%	[81.1632%, 84.2734%]
2265	82.78145695%	[81.1715%, 84.2804%]
2266	82.74492498%	[81.1341%, 84.2450%]
2267	82.75253639%	[81.1423%, 84.2520%]
2268	82.76014109%	[81.1505%, 84.2590%]
2269	82.76773909%	[81.1587%, 84.2660%]
2270	82.77533040%	[81.1670%, 84.2730%]
2271	82.73888155%	[81.1296%, 84.2375%]
2272	82.74647887%	[81.1379%, 84.2445%]
2273	82.75406951%	[81.1461%, 84.2515%]
2274	82.76165347%	[81.1543%, 84.2585%]
2275	82.76923077%	[81.1625%, 84.2655%]
2276	82.77680141%	[81.1707%, 84.2725%]
2277	82.78436539%	[81.1789%, 84.2794%]
2278	82.79192274%	[81.1870%, 84.2864%]
2279	82.79947345%	[81.1952%, 84.2933%]
2280	82.76315789%	[81.1580%, 84.2581%]
2281	82.77071460%	[81.1662%, 84.2650%]
2282	82.73444347%	[81.1291%, 84.2298%]
2283	82.74200613%	[81.1373%, 84.2368%]
2284	82.74956217%	[81.1454%, 84.2437%]
2285	82.75711160%	[81.1536%, 84.2507%]
2286	82.76465442%	[81.1618%, 84.2576%]
2287	82.77219064%	[81.1699%, 84.2646%]
2288	82.77972028%	[81.1781%, 84.2715%]
2289	82.78724334%	[81.1862%, 84.2784%]
2290	82.79475983%	[81.1943%, 84.2854%]
2291	82.80226975%	[81.2025%, 84.2923%]
2292	82.76614311%	[81.1655%, 84.2572%]
2293	82.77365896%	[81.1736%, 84.2641%]
2294	82.78116827%	[81.1817%, 84.2710%]
2295	82.78867102%	[81.1898%, 84.2779%]
2296	82.75261324%	[81.1529%, 84.2429%]
2297	82.76012190%	[81.1610%, 84.2498%]
2298	82.72410792%	[81.1242%, 84.2148%]
2299	82.68812527%	[81.0873%, 84.1798%]
2300	82.69565217%	[81.0955%, 84.1868%]
2301	82.70317253%	[81.1036%, 84.1937%]
2302	82.71068636%	[81.1117%, 84.2006%]
2303	82.71819366%	[81.1199%, 84.2076%]
2304	82.72569444%	[81.1280%, 84.2145%]
2305	82.68980477%	[81.0912%, 84.1796%]
2306	82.69731136%	[81.0994%, 84.1865%]
2307	82.70481144%	[81.1075%, 84.1934%]
2308	82.71230503%	[81.1156%, 84.2003%]
2309	82.71979212%	[81.1237%, 84.2072%]
2310	82.72727273%	[81.1317%, 84.2141%]
2311	82.69147555%	[81.0951%, 84.1793%]
2312	82.69896194%	[81.1032%, 84.1862%]
2313	82.70644185%	[81.1113%, 84.1931%]
2314	82.71391530%	[81.1194%, 84.2000%]
2315	82.72138229%	[81.1274%, 84.2069%]
2316	82.72884283%	[81.1355%, 84.2138%]
2317	82.73629694%	[81.1436%, 84.2207%]
2318	82.74374461%	[81.1516%, 84.2275%]
2319	82.75118586%	[81.1597%, 84.2344%]
2320	82.75862069%	[81.1677%, 84.2412%]
2321	82.76604912%	[81.1757%, 84.2481%]
2322	82.77347115%	[81.1838%, 84.2549%]
2323	82.78088678%	[81.1918%, 84.2618%]
2324	82.78829604%	[81.1998%, 84.2686%]
2325	82.79569892%	[81.2078%, 84.2754%]
2326	82.76010318%	[81.1714%, 84.2408%]
2327	82.72453803%	[81.1350%, 84.2063%]
2328	82.73195876%	[81.1430%, 84.2131%]
2329	82.73937312%	[81.1510%, 84.2199%]
2330	82.70386266%	[81.1146%, 84.1854%]
2331	82.66838267%	[81.0783%, 84.1509%]
2332	82.67581475%	[81.0864%, 84.1578%]
2333	82.68324046%	[81.0944%, 84.1646%]
2334	82.69065981%	[81.1024%, 84.1715%]
2335	82.65524625%	[81.0662%, 84.1370%]
2336	82.66267123%	[81.0742%, 84.1439%]
2337	82.67008986%	[81.0822%, 84.1507%]
2338	82.67750214%	[81.0902%, 84.1576%]
2339	82.68490808%	[81.0982%, 84.1644%]
2340	82.69230769%	[81.1062%, 84.1712%]
2341	82.69970098%	[81.1142%, 84.1780%]
2342	82.70708796%	[81.1222%, 84.1849%]
2343	82.71446863%	[81.1302%, 84.1917%]
2344	82.72184300%	[81.1381%, 84.1985%]
2345	82.72921109%	[81.1461%, 84.2053%]
2346	82.73657289%	[81.1541%, 84.2121%]
2347	82.74392842%	[81.1620%, 84.2188%]
2348	82.75127768%	[81.1699%, 84.2256%]
2349	82.75862069%	[81.1779%, 84.2324%]
2350	82.76595745%	[81.1858%, 84.2392%]
2351	82.77328796%	[81.1937%, 84.2459%]
2352	82.78061224%	[81.2017%, 84.2527%]
2353	82.74543136%	[81.1656%, 84.2185%]
2354	82.71028037%	[81.1297%, 84.1843%]
2355	82.71762208%	[81.1376%, 84.1911%]
2356	82.68251273%	[81.1017%, 84.1569%]
2357	82.68985999%	[81.1096%, 84.1637%]
2358	82.69720102%	[81.1175%, 84.1705%]
2359	82.66214498%	[81.0817%, 84.1364%]
2360	82.66949153%	[81.0896%, 84.1432%]
2361	82.67683185%	[81.0975%, 84.1500%]
2362	82.68416596%	[81.1055%, 84.1567%]
2363	82.69149386%	[81.1134%, 84.1635%]
2364	82.69881557%	[81.1213%, 84.1702%]
2365	82.66384778%	[81.0855%, 84.1363%]
2366	82.67117498%	[81.0934%, 84.1430%]
2367	82.67849599%	[81.1013%, 84.1498%]
2368	82.68581081%	[81.1092%, 84.1565%]
2369	82.69311946%	[81.1171%, 84.1633%]
2370	82.70042194%	[81.1250%, 84.1700%]
2371	82.66554197%	[81.0893%, 84.1361%]
2372	82.67284992%	[81.0972%, 84.1428%]
2373	82.68015171%	[81.1051%, 84.1496%]
2374	82.68744735%	[81.1130%, 84.1563%]
2375	82.69473684%	[81.1208%, 84.1630%]
2376	82.70202020%	[81.1287%, 84.1698%]
2377	82.70929743%	[81.1366%, 84.1765%]
2378	82.71656854%	[81.1444%, 84.1832%]
2379	82.72383354%	[81.1523%, 84.1899%]
2380	82.73109244%	[81.1601%, 84.1966%]
2381	82.69634607%	[81.1246%, 84.1628%]
2382	82.70361041%	[81.1324%, 84.1695%]
2383	82.66890474%	[81.0969%, 84.1358%]
2384	82.67617450%	[81.1047%, 84.1425%]
2385	82.68343816%	[81.1126%, 84.1492%]
2386	82.69069573%	[81.1204%, 84.1559%]
2387	82.69794721%	[81.1283%, 84.1626%]
2388	82.70519263%	[81.1361%, 84.1693%]
2389	82.71243198%	[81.1439%, 84.1759%]
2390	82.71966527%	[81.1517%, 84.1826%]
2391	82.72689251%	[81.1595%, 84.1893%]
2392	82.69230769%	[81.1241%, 84.1557%]
2393	82.69954033%	[81.1319%, 84.1623%]
2394	82.70676692%	[81.1397%, 84.1690%]
2395	82.67223382%	[81.1044%, 84.1354%]
2396	82.67946578%	[81.1122%, 84.1421%]
2397	82.68669170%	[81.1200%, 84.1488%]
2398	82.69391159%	[81.1278%, 84.1554%]
2399	82.65944143%	[81.0925%, 84.1219%]
2400	82.66666667%	[81.1003%, 84.1286%]
2401	82.67388588%	[81.1081%, 84.1352%]
2402	82.68109908%	[81.1159%, 84.1419%]
2403	82.68830628%	[81.1237%, 84.1486%]
2404	82.69550749%	[81.1315%, 84.1552%]
2405	82.70270270%	[81.1392%, 84.1619%]
2406	82.70989194%	[81.1470%, 84.1685%]
2407	82.71707520%	[81.1548%, 84.1751%]
2408	82.72425249%	[81.1625%, 84.1818%]
2409	82.68991283%	[81.1274%, 84.1484%]
2410	82.69709544%	[81.1351%, 84.1550%]
2411	82.66279552%	[81.1000%, 84.1216%]
2412	82.66998342%	[81.1078%, 84.1283%]
2413	82.67716535%	[81.1156%, 84.1349%]
2414	82.68434134%	[81.1233%, 84.1415%]
2415	82.65010352%	[81.0883%, 84.1082%]
2416	82.65728477%	[81.0960%, 84.1149%]
2417	82.62308647%	[81.0610%, 84.0816%]
2418	82.63027295%	[81.0688%, 84.0882%]
2419	82.63745349%	[81.0765%, 84.0949%]
2420	82.60330579%	[81.0416%, 84.0617%]
2421	82.61049153%	[81.0494%, 84.0683%]
2422	82.61767135%	[81.0571%, 84.0749%]
2423	82.58357408%	[81.0222%, 84.0418%]
2424	82.54950495%	[80.9874%, 84.0086%]
2425	82.55670103%	[80.9952%, 84.0153%]
2426	82.56389118%	[81.0029%, 84.0219%]
2427	82.57107540%	[81.0107%, 84.0285%]
2428	82.57825371%	[81.0184%, 84.0352%]
2429	82.58542610%	[81.0261%, 84.0418%]
2430	82.59259259%	[81.0339%, 84.0484%]
2431	82.55861785%	[80.9991%, 84.0154%]
2432	82.52467105%	[80.9644%, 83.9823%]
2433	82.53185368%	[80.9722%, 83.9890%]
2434	82.53903040%	[80.9799%, 83.9956%]
2435	82.54620123%	[80.9876%, 84.0022%]
2436	82.55336617%	[80.9954%, 84.0089%]
2437	82.56052524%	[81.0031%, 84.0155%]
2438	82.56767842%	[81.0108%, 84.0221%]
2439	82.57482575%	[81.0185%, 84.0287%]
2440	82.58196721%	[81.0262%, 84.0353%]
2441	82.54813601%	[80.9916%, 84.0024%]
2442	82.51433251%	[80.9570%, 83.9695%]
2443	82.52148997%	[80.9648%, 83.9761%]
2444	82.48772504%	[80.9302%, 83.9432%]
2445	82.49488753%	[80.9380%, 83.9499%]
2446	82.46116108%	[80.9035%, 83.9170%]
2447	82.46832857%	[80.9112%, 83.9237%]
2448	82.47549020%	[80.9189%, 83.9303%]
2449	82.44181298%	[80.8845%, 83.8975%]
2450	82.44897959%	[80.8922%, 83.9041%]
2451	82.45614035%	[80.8999%, 83.9108%]
2452	82.42251223%	[80.8656%, 83.8780%]
2453	82.38891154%	[80.8312%, 83.8453%]
2454	82.39608802%	[80.8389%, 83.8520%]
2455	82.40325866%	[80.8467%, 83.8586%]
2456	82.41042345%	[80.8544%, 83.8652%]
2457	82.37688238%	[80.8201%, 83.8326%]
2458	82.38405207%	[80.8278%, 83.8392%]
2459	82.39121594%	[80.8355%, 83.8458%]
2460	82.39837398%	[80.8433%, 83.8525%]
2461	82.36489232%	[80.8090%, 83.8199%]
2462	82.37205524%	[80.8167%, 83.8265%]
2463	82.33861145%	[80.7826%, 83.7939%]
2464	82.34577922%	[80.7903%, 83.8006%]
2465	82.31237323%	[80.7561%, 83.7680%]
2466	82.31954582%	[80.7639%, 83.7747%]
2467	82.32671261%	[80.7716%, 83.7813%]
2468	82.33387358%	[80.7793%, 83.7879%]
2469	82.34102876%	[80.7870%, 83.7946%]
2470	82.34817814%	[80.7947%, 83.8012%]
2471	82.31485229%	[80.7607%, 83.7687%]
2472	82.32200647%	[80.7684%, 83.7754%]
2473	82.32915487%	[80.7761%, 83.7820%]
2474	82.29587712%	[80.7420%, 83.7496%]
2475	82.30303030%	[80.7498%, 83.7562%]
2476	82.31017771%	[80.7574%, 83.7628%]
2477	82.27694792%	[80.7235%, 83.7304%]
2478	82.28410008%	[80.7312%, 83.7371%]
2479	82.25090762%	[80.6973%, 83.7047%]
2480	82.21774194%	[80.6634%, 83.6724%]
2481	82.22490931%	[80.6711%, 83.6791%]
2482	82.23207091%	[80.6788%, 83.6857%]
2483	82.23922674%	[80.6865%, 83.6923%]
2484	82.20611916%	[80.6527%, 83.6601%]
2485	82.21327968%	[80.6604%, 83.6667%]
2486	82.22043443%	[80.6681%, 83.6733%]
2487	82.22758343%	[80.6758%, 83.6800%]
2488	82.23472669%	[80.6835%, 83.6866%]
2489	82.24186420%	[80.6912%, 83.6932%]
2490	82.24899598%	[80.6988%, 83.6998%]
2491	82.25612204%	[80.7065%, 83.7064%]
2492	82.26324238%	[80.7142%, 83.7130%]
2493	82.27035700%	[80.7218%, 83.7196%]
2494	82.27746592%	[80.7295%, 83.7262%]
2495	82.28456914%	[80.7371%, 83.7327%]
2496	82.29166667%	[80.7448%, 83.7393%]
2497	82.29875851%	[80.7524%, 83.7459%]
2498	82.30584468%	[80.7600%, 83.7524%]
2499	82.31292517%	[80.7677%, 83.7590%]
2500	82.32000000%	[80.7753%, 83.7655%]
2501	82.28708517%	[80.7417%, 83.7335%]
2502	82.29416467%	[80.7493%, 83.7400%]
2503	82.30123851%	[80.7569%, 83.7466%]
2504	82.30830671%	[80.7645%, 83.7531%]
2505	82.31536926%	[80.7721%, 83.7597%]
2506	82.32242618%	[80.7797%, 83.7662%]
2507	82.32947746%	[80.7873%, 83.7727%]
2508	82.33652313%	[80.7949%, 83.7793%]
2509	82.34356317%	[80.8025%, 83.7858%]
2510	82.35059761%	[80.8100%, 83.7923%]
2511	82.35762644%	[80.8176%, 83.7988%]
2512	82.36464968%	[80.8252%, 83.8053%]
2513	82.37166733%	[80.8327%, 83.8118%]
2514	82.37867940%	[80.8403%, 83.8183%]
2515	82.38568588%	[80.8478%, 83.8248%]
2516	82.35294118%	[80.8143%, 83.7929%]
2517	82.35995232%	[80.8219%, 83.7994%]
2518	82.36695790%	[80.8294%, 83.8059%]
2519	82.37395792%	[80.8370%, 83.8124%]
2520	82.38095238%	[80.8445%, 83.8188%]
2521	82.38794129%	[80.8520%, 83.8253%]
2522	82.39492466%	[80.8595%, 83.8318%]
2523	82.36226714%	[80.8262%, 83.8000%]
2524	82.36925515%	[80.8337%, 83.8064%]
2525	82.37623762%	[80.8412%, 83.8129%]
2526	82.38321457%	[80.8487%, 83.8194%]
2527	82.39018599%	[80.8562%, 83.8258%]
2528	82.39715190%	[80.8637%, 83.8323%]
2529	82.40411230%	[80.8712%, 83.8387%]
2530	82.37154150%	[80.8379%, 83.8070%]
2531	82.37850652%	[80.8454%, 83.8135%]
2532	82.34597156%	[80.8122%, 83.7818%]
2533	82.35294118%	[80.8197%, 83.7882%]
2534	82.35990529%	[80.8272%, 83.7947%]
2535	82.36686391%	[80.8347%, 83.8011%]
2536	82.37381703%	[80.8421%, 83.8076%]
2537	82.38076468%	[80.8496%, 83.8140%]
2538	82.38770686%	[80.8571%, 83.8204%]
2539	82.35525798%	[80.8239%, 83.7888%]
2540	82.36220472%	[80.8314%, 83.7953%]
2541	82.36914601%	[80.8389%, 83.8017%]
2542	82.37608183%	[80.8463%, 83.8081%]
2543	82.38301219%	[80.8538%, 83.8145%]
2544	82.38993711%	[80.8613%, 83.8209%]
2545	82.39685658%	[80.8687%, 83.8274%]
2546	82.40377062%	[80.8761%, 83.8338%]
2547	82.41067923%	[80.8836%, 83.8402%]
2548	82.41758242%	[80.8910%, 83.8466%]
2549	82.42448019%	[80.8984%, 83.8529%]
2550	82.43137255%	[80.9059%, 83.8593%]
2551	82.43825951%	[80.9133%, 83.8657%]
2552	82.44514107%	[80.9207%, 83.8721%]
2553	82.45201723%	[80.9281%, 83.8784%]
2554	82.45888802%	[80.9355%, 83.8848%]
2555	82.46575342%	[80.9429%, 83.8912%]
2556	82.43348983%	[80.9099%, 83.8598%]
2557	82.40125147%	[80.8769%, 83.8284%]
2558	82.36903831%	[80.8440%, 83.7970%]
2559	82.37592810%	[80.8514%, 83.8034%]
2560	82.38281250%	[80.8588%, 83.8097%]
2561	82.35064428%	[80.8260%, 83.7784%]
2562	82.35753318%	[80.8334%, 83.7848%]
2563	82.36441670%	[80.8408%, 83.7912%]
2564	82.33229329%	[80.8080%, 83.7599%]
2565	82.30019493%	[80.7752%, 83.7286%]
2566	82.30709275%	[80.7826%, 83.7350%]
2567	82.31398520%	[80.7900%, 83.7414%]
2568	82.32087227%	[80.7974%, 83.7478%]
2569	82.32775399%	[80.8048%, 83.7542%]
2570	82.33463035%	[80.8122%, 83.7605%]
2571	82.34150136%	[80.8196%, 83.7669%]
2572	82.34836703%	[80.8270%, 83.7733%]
2573	82.31636222%	[80.7943%, 83.7421%]
2574	82.32323232%	[80.8017%, 83.7484%]
2575	82.29126214%	[80.7690%, 83.7173%]
2576	82.29813665%	[80.7764%, 83.7237%]
2577	82.26620101%	[80.7438%, 83.6926%]
2578	82.27307991%	[80.7512%, 83.6989%]
2579	82.27995347%	[80.7586%, 83.7053%]
2580	82.28682171%	[80.7660%, 83.7117%]
2581	82.25493995%	[80.7334%, 83.6806%]
2582	82.26181255%	[80.7408%, 83.6870%]
2583	82.26867983%	[80.7482%, 83.6933%]
2584	82.27554180%	[80.7556%, 83.6997%]
2585	82.28239845%	[80.7629%, 83.7061%]
2586	82.28924981%	[80.7703%, 83.7124%]
2587	82.29609586%	[80.7777%, 83.7188%]
2588	82.30293663%	[80.7850%, 83.7251%]
2589	82.30977211%	[80.7924%, 83.7314%]
2590	82.31660232%	[80.7997%, 83.7378%]
2591	82.32342725%	[80.8070%, 83.7441%]
2592	82.33024691%	[80.8144%, 83.7504%]
2593	82.33706132%	[80.8217%, 83.7568%]
2594	82.34387047%	[80.8290%, 83.7631%]
2595	82.35067437%	[80.8363%, 83.7694%]
2596	82.35747304%	[80.8437%, 83.7757%]
2597	82.36426646%	[80.8510%, 83.7820%]
2598	82.37105466%	[80.8583%, 83.7883%]
2599	82.33936129%	[80.8259%, 83.7574%]
2600	82.34615385%	[80.8332%, 83.7637%]
2601	82.31449443%	[80.8008%, 83.7328%]
2602	82.28285934%	[80.7685%, 83.7020%]
2603	82.28966577%	[80.7758%, 83.7083%]
2604	82.29646697%	[80.7832%, 83.7146%]
2605	82.30326296%	[80.7905%, 83.7209%]
2606	82.31005372%	[80.7978%, 83.7272%]
2607	82.31683928%	[80.8051%, 83.7335%]
2608	82.28527607%	[80.7728%, 83.7028%]
2609	82.29206593%	[80.7801%, 83.7091%]
2610	82.26053640%	[80.7479%, 83.6783%]
2611	82.26733052%	[80.7552%, 83.6846%]
2612	82.27411945%	[80.7625%, 83.6909%]
2613	82.24263299%	[80.7303%, 83.6603%]
2614	82.24942617%	[80.7376%, 83.6666%]
2615	82.25621415%	[80.7449%, 83.6729%]
2616	82.22477064%	[80.7128%, 83.6422%]
2617	82.23156286%	[80.7201%, 83.6485%]
2618	82.23834989%	[80.7274%, 83.6548%]
2619	82.24513173%	[80.7347%, 83.6611%]
2620	82.25190840%	[80.7420%, 83.6674%]
2621	82.25867989%	[80.7493%, 83.6737%]
2622	82.26544622%	[80.7565%, 83.6799%]
2623	82.27220740%	[80.7638%, 83.6862%]
2624	82.27896341%	[80.7711%, 83.6925%]
2625	82.28571429%	[80.7783%, 83.6988%]
2626	82.29246002%	[80.7856%, 83.7050%]
2627	82.29920061%	[80.7928%, 83.7113%]
2628	82.30593607%	[80.8001%, 83.7175%]
2629	82.31266641%	[80.8073%, 83.7238%]
2630	82.28136882%	[80.7753%, 83.6933%]
2631	82.28810338%	[80.7826%, 83.6995%]
2632	82.25683891%	[80.7506%, 83.6690%]
2633	82.26357767%	[80.7579%, 83.6753%]
2634	82.23234624%	[80.7260%, 83.6448%]
2635	82.23908918%	[80.7332%, 83.6511%]
2636	82.20789074%	[80.7014%, 83.6207%]
2637	82.21463785%	[80.7086%, 83.6270%]
2638	82.22137983%	[80.7158%, 83.6332%]
2639	82.22811671%	[80.7231%, 83.6395%]
2640	82.19696970%	[80.6913%, 83.6091%]
2641	82.20371072%	[80.6985%, 83.6154%]
2642	82.21044663%	[80.7058%, 83.6216%]
2643	82.21717745%	[80.7130%, 83.6279%]
2644	82.22390318%	[80.7202%, 83.6341%]
2645	82.23062382%	[80.7274%, 83.6403%]
2646	82.23733938%	[80.7346%, 83.6466%]
2647	82.24404987%	[80.7418%, 83.6528%]
2648	82.25075529%	[80.7491%, 83.6590%]
2649	82.25745564%	[80.7563%, 83.6652%]
2650	82.26415094%	[80.7634%, 83.6715%]
2651	82.27084119%	[80.7706%, 83.6777%]
2652	82.27752640%	[80.7778%, 83.6839%]
2653	82.28420656%	[80.7850%, 83.6901%]
2654	82.29088169%	[80.7922%, 83.6963%]
2655	82.29755179%	[80.7993%, 83.7025%]
2656	82.26656627%	[80.7677%, 83.6723%]
2657	82.27324050%	[80.7748%, 83.6784%]
2658	82.27990971%	[80.7820%, 83.6846%]
2659	82.24896578%	[80.7504%, 83.6545%]
2660	82.25563910%	[80.7576%, 83.6607%]
2661	82.26230740%	[80.7647%, 83.6669%]
2662	82.26897070%	[80.7719%, 83.6730%]
2663	82.27562899%	[80.7791%, 83.6792%]
2664	82.28228228%	[80.7862%, 83.6854%]
2665	82.25140713%	[80.7547%, 83.6553%]
2666	82.22055514%	[80.7232%, 83.6252%]
2667	82.22722160%	[80.7303%, 83.6314%]
2668	82.23388306%	[80.7375%, 83.6376%]
2669	82.24053953%	[80.7446%, 83.6438%]
2670	82.24719101%	[80.7518%, 83.6500%]
2671	82.21639835%	[80.7203%, 83.6199%]
2672	82.22305389%	[80.7275%, 83.6261%]
2673	82.22970445%	[80.7346%, 83.6323%]
2674	82.23635004%	[80.7418%, 83.6385%]
2675	82.20560748%	[80.7104%, 83.6085%]
2676	82.17488789%	[80.6790%, 83.5785%]
2677	82.18154651%	[80.6861%, 83.5847%]
2678	82.18820015%	[80.6933%, 83.5909%]
2679	82.19484882%	[80.7004%, 83.5971%]
2680	82.20149254%	[80.7076%, 83.6032%]
2681	82.20813129%	[80.7147%, 83.6094%]
2682	82.21476510%	[80.7218%, 83.6156%]
2683	82.22139396%	[80.7289%, 83.6217%]
2684	82.22801788%	[80.7360%, 83.6279%]
2685	82.23463687%	[80.7431%, 83.6340%]
2686	82.24125093%	[80.7502%, 83.6402%]
2687	82.24786007%	[80.7573%, 83.6463%]
2688	82.21726190%	[80.7261%, 83.6165%]
2689	82.22387505%	[80.7332%, 83.6226%]
2690	82.23048327%	[80.7403%, 83.6288%]
2691	82.23708658%	[80.7474%, 83.6349%]
2692	82.24368499%	[80.7545%, 83.6410%]
2693	82.25027850%	[80.7615%, 83.6471%]
2694	82.25686711%	[80.7686%, 83.6533%]
2695	82.26345083%	[80.7757%, 83.6594%]
2696	82.27002967%	[80.7827%, 83.6655%]
2697	82.27660363%	[80.7898%, 83.6716%]
2698	82.28317272%	[80.7969%, 83.6777%]
2699	82.28973694%	[80.8039%, 83.6838%]
2700	82.29629630%	[80.8109%, 83.6899%]
2701	82.30285080%	[80.8180%, 83.6960%]
2702	82.27239082%	[80.7869%, 83.6663%]
2703	82.27894932%	[80.7939%, 83.6724%]
2704	82.28550296%	[80.8010%, 83.6784%]
2705	82.29205176%	[80.8080%, 83.6845%]
2706	82.29859571%	[80.8150%, 83.6906%]
2707	82.30513484%	[80.8220%, 83.6967%]
2708	82.31166913%	[80.8291%, 83.7027%]
2709	82.31819860%	[80.8361%, 83.7088%]
2710	82.32472325%	[80.8431%, 83.7149%]
2711	82.33124308%	[80.8501%, 83.7209%]
2712	82.30088496%	[80.8191%, 83.6913%]
2713	82.30740877%	[80.8261%, 83.6974%]
2714	82.31392778%	[80.8331%, 83.7034%]
2715	82.32044199%	[80.8401%, 83.7095%]
2716	82.32695140%	[80.8470%, 83.7155%]
2717	82.33345602%	[80.8540%, 83.7216%]
2718	82.33995585%	[80.8610%, 83.7276%]
2719	82.34645090%	[80.8680%, 83.7336%]
2720	82.35294118%	[80.8749%, 83.7397%]
2721	82.35942668%	[80.8819%, 83.7457%]
2722	82.36590742%	[80.8889%, 83.7517%]
2723	82.33565920%	[80.8580%, 83.7222%]
2724	82.34214391%	[80.8649%, 83.7283%]
2725	82.34862385%	[80.8719%, 83.7343%]
2726	82.35509905%	[80.8788%, 83.7403%]
2727	82.32489916%	[80.8480%, 83.7108%]
2728	82.33137830%	[80.8550%, 83.7169%]
2729	82.30120923%	[80.8242%, 83.6874%]
2730	82.30769231%	[80.8311%, 83.6935%]
2731	82.31417063%	[80.8381%, 83.6995%]
2732	82.28404100%	[80.8073%, 83.6701%]
2733	82.29052323%	[80.8143%, 83.6761%]
2734	82.29700073%	[80.8212%, 83.6822%]
2735	82.30347349%	[80.8282%, 83.6882%]
2736	82.30994152%	[80.8351%, 83.6942%]
2737	82.31640482%	[80.8420%, 83.7002%]
2738	82.28634039%	[80.8113%, 83.6709%]
2739	82.25629792%	[80.7807%, 83.6416%]
2740	82.26277372%	[80.7876%, 83.6476%]
2741	82.26924480%	[80.7946%, 83.6536%]
2742	82.27571116%	[80.8015%, 83.6596%]
2743	82.28217280%	[80.8084%, 83.6656%]
2744	82.25218659%	[80.7778%, 83.6364%]
2745	82.25865209%	[80.7848%, 83.6424%]
2746	82.26511289%	[80.7917%, 83.6484%]
2747	82.23516564%	[80.7611%, 83.6192%]
2748	82.24163028%	[80.7681%, 83.6252%]
2749	82.21171335%	[80.7375%, 83.5960%]
2750	82.21818182%	[80.7445%, 83.6020%]
2751	82.22464558%	[80.7514%, 83.6080%]
2752	82.19476744%	[80.7209%, 83.5789%]
2753	82.20123502%	[80.7278%, 83.5849%]
2754	82.20769789%	[80.7348%, 83.5909%]
2755	82.21415608%	[80.7417%, 83.5969%]
2756	82.22060958%	[80.7486%, 83.6029%]
2757	82.22705840%	[80.7555%, 83.6089%]
2758	82.23350254%	[80.7624%, 83.6149%]
2759	82.20369699%	[80.7320%, 83.5858%]
2760	82.21014493%	[80.7389%, 83.5918%]
2761	82.21658819%	[80.7458%, 83.5978%]
2762	82.22302679%	[80.7527%, 83.6038%]
2763	82.22946073%	[80.7597%, 83.6098%]
2764	82.23589001%	[80.7665%, 83.6158%]
2765	82.20614828%	[80.7362%, 83.5867%]
2766	82.21258134%	[80.7431%, 83.5927%]
2767	82.21900976%	[80.7500%, 83.5987%]
2768	82.18930636%	[80.7197%, 83.5697%]
2769	82.19573853%	[80.7266%, 83.5757%]
2770	82.20216606%	[80.7335%, 83.5817%]
2771	82.20858896%	[80.7403%, 83.5877%]
2772	82.21500722%	[80.7472%, 83.5936%]
2773	82.22142084%	[80.7541%, 83.5996%]
2774	82.19178082%	[80.7238%, 83.5707%]
2775	82.19819820%	[80.7307%, 83.5766%]
2776	82.20461095%	[80.7376%, 83.5826%]
2777	82.21101909%	[80.7445%, 83.5886%]
2778	82.21742261%	[80.7513%, 83.5945%]
2779	82.22382152%	[80.7582%, 83.6005%]
2780	82.23021583%	[80.7651%, 83.6064%]
2781	82.23660554%	[80.7719%, 83.6124%]
2782	82.24299065%	[80.7788%, 83.6183%]
2783	82.24937118%	[80.7856%, 83.6242%]
2784	82.25574713%	[80.7924%, 83.6302%]
2785	82.26211849%	[80.7993%, 83.6361%]
2786	82.23259153%	[80.7691%, 83.6073%]
2787	82.23896663%	[80.7760%, 83.6132%]
2788	82.24533716%	[80.7828%, 83.6191%]
2789	82.25170312%	[80.7896%, 83.6251%]
2790	82.25806452%	[80.7964%, 83.6310%]
2791	82.26442135%	[80.8033%, 83.6369%]
2792	82.27077364%	[80.8101%, 83.6428%]
2793	82.27712137%	[80.8169%, 83.6487%]
2794	82.28346457%	[80.8237%, 83.6546%]
2795	82.25402504%	[80.7936%, 83.6259%]
2796	82.26037196%	[80.8004%, 83.6318%]
2797	82.26671434%	[80.8072%, 83.6377%]
2798	82.27305218%	[80.8140%, 83.6436%]
2799	82.27938549%	[80.8208%, 83.6495%]
2800	82.28571429%	[80.8276%, 83.6553%]
2801	82.29203856%	[80.8344%, 83.6612%]
2802	82.29835832%	[80.8412%, 83.6671%]
2803	82.30467356%	[80.8479%, 83.6730%]
2804	82.31098431%	[80.8547%, 83.6788%]
2805	82.31729055%	[80.8615%, 83.6847%]
2806	82.32359230%	[80.8682%, 83.6906%]
2807	82.32988956%	[80.8750%, 83.6964%]
2808	82.30056980%	[80.8451%, 83.6678%]
2809	82.30687077%	[80.8518%, 83.6737%]
2810	82.31316726%	[80.8586%, 83.6795%]
2811	82.31945927%	[80.8653%, 83.6854%]
2812	82.32574680%	[80.8720%, 83.6912%]
2813	82.29648063%	[80.8422%, 83.6627%]
2814	82.30277186%	[80.8489%, 83.6685%]
2815	82.30905861%	[80.8557%, 83.6744%]
2816	82.31534091%	[80.8624%, 83.6802%]
2817	82.32161874%	[80.8691%, 83.6861%]
2818	82.32789212%	[80.8759%, 83.6919%]
2819	82.33416105%	[80.8826%, 83.6977%]
2820	82.34042553%	[80.8893%, 83.7036%]
2821	82.34668557%	[80.8960%, 83.7094%]
2822	82.35294118%	[80.9027%, 83.7152%]
2823	82.35919235%	[80.9094%, 83.7210%]
2824	82.36543909%	[80.9161%, 83.7268%]
2825	82.37168142%	[80.9228%, 83.7326%]
2826	82.37791932%	[80.9295%, 83.7384%]
2827	82.38415281%	[80.9362%, 83.7442%]
2828	82.39038190%	[80.9429%, 83.7500%]
2829	82.39660657%	[80.9495%, 83.7558%]
2830	82.40282686%	[80.9562%, 83.7616%]
2831	82.40904274%	[80.9629%, 83.7674%]
2832	82.41525424%	[80.9695%, 83.7732%]
2833	82.38616308%	[80.9398%, 83.7448%]
2834	82.39237826%	[80.9465%, 83.7506%]
2835	82.39858907%	[80.9531%, 83.7563%]
2836	82.40479549%	[80.9598%, 83.7621%]
2837	82.41099753%	[80.9665%, 83.7679%]
2838	82.41719521%	[80.9731%, 83.7737%]
2839	82.38816485%	[80.9435%, 83.7453%]
2840	82.39436620%	[80.9501%, 83.7511%]
2841	82.40056318%	[80.9568%, 83.7569%]
2842	82.40675581%	[80.9634%, 83.7626%]
2843	82.41294407%	[80.9700%, 83.7684%]
2844	82.41912799%	[80.9767%, 83.7741%]
2845	82.42530756%	[80.9833%, 83.7799%]
2846	82.43148278%	[80.9899%, 83.7856%]
2847	82.43765367%	[80.9965%, 83.7914%]
2848	82.44382022%	[81.0031%, 83.7971%]
2849	82.44998245%	[81.0097%, 83.8028%]
2850	82.45614035%	[81.0163%, 83.8086%]
2851	82.46229393%	[81.0229%, 83.8143%]
2852	82.46844320%	[81.0295%, 83.8200%]
2853	82.47458815%	[81.0361%, 83.8257%]
2854	82.48072880%	[81.0427%, 83.8314%]
2855	82.48686515%	[81.0493%, 83.8371%]
2856	82.49299720%	[81.0559%, 83.8428%]
2857	82.49912496%	[81.0624%, 83.8485%]
2858	82.50524843%	[81.0690%, 83.8542%]
2859	82.51136761%	[81.0756%, 83.8599%]
2860	82.51748252%	[81.0821%, 83.8656%]
2861	82.48864034%	[81.0527%, 83.8375%]
2862	82.49475891%	[81.0592%, 83.8432%]
2863	82.50087321%	[81.0658%, 83.8489%]
2864	82.50698324%	[81.0723%, 83.8545%]
2865	82.51308901%	[81.0789%, 83.8602%]
2866	82.48429867%	[81.0495%, 83.8321%]
2867	82.49040809%	[81.0560%, 83.8378%]
2868	82.49651325%	[81.0626%, 83.8435%]
2869	82.50261415%	[81.0691%, 83.8492%]
2870	82.47386760%	[81.0398%, 83.8211%]
2871	82.47997214%	[81.0463%, 83.8268%]
2872	82.48607242%	[81.0529%, 83.8325%]
2873	82.49216847%	[81.0594%, 83.8382%]
2874	82.49826026%	[81.0659%, 83.8438%]
2875	82.50434783%	[81.0724%, 83.8495%]
2876	82.51043115%	[81.0790%, 83.8552%]
2877	82.51651025%	[81.0855%, 83.8608%]
2878	82.52258513%	[81.0920%, 83.8665%]
2879	82.52865578%	[81.0985%, 83.8721%]
2880	82.53472222%	[81.1050%, 83.8778%]
2881	82.54078445%	[81.1115%, 83.8834%]
2882	82.54684247%	[81.1180%, 83.8890%]
2883	82.55289629%	[81.1245%, 83.8947%]
2884	82.55894591%	[81.1310%, 83.9003%]
2885	82.56499133%	[81.1375%, 83.9059%]
2886	82.57103257%	[81.1439%, 83.9115%]
2887	82.57706962%	[81.1504%, 83.9172%]
2888	82.58310249%	[81.1569%, 83.9228%]
2889	82.55451713%	[81.1277%, 83.8949%]
2890	82.56055363%	[81.1342%, 83.9005%]
2891	82.56658596%	[81.1406%, 83.9061%]
2892	82.57261411%	[81.1471%, 83.9117%]
2893	82.57863809%	[81.1535%, 83.9173%]
2894	82.58465791%	[81.1600%, 83.9229%]
2895	82.59067358%	[81.1664%, 83.9285%]
2896	82.56215470%	[81.1373%, 83.9007%]
2897	82.56817397%	[81.1438%, 83.9063%]
2898	82.57418910%	[81.1502%, 83.9119%]
2899	82.58020007%	[81.1567%, 83.9175%]
2900	82.58620690%	[81.1631%, 83.9231%]
2901	82.59220958%	[81.1695%, 83.9287%]
2902	82.59820813%	[81.1760%, 83.9342%]
2903	82.56975543%	[81.1469%, 83.9065%]
2904	82.57575758%	[81.1534%, 83.9121%]
2905	82.58175559%	[81.1598%, 83.9177%]
2906	82.58774948%	[81.1662%, 83.9232%]
2907	82.59373925%	[81.1726%, 83.9288%]
2908	82.59972490%	[81.1791%, 83.9344%]
2909	82.57133035%	[81.1501%, 83.9067%]
2910	82.57731959%	[81.1565%, 83.9123%]
2911	82.58330471%	[81.1629%, 83.9178%]
2912	82.58928571%	[81.1693%, 83.9234%]
2913	82.56093375%	[81.1404%, 83.8957%]
2914	82.56691833%	[81.1468%, 83.9013%]
2915	82.57289880%	[81.1532%, 83.9069%]
2916	82.57887517%	[81.1596%, 83.9124%]
2917	82.58484745%	[81.1660%, 83.9180%]
2918	82.59081563%	[81.1724%, 83.9235%]
2919	82.56252141%	[81.1435%, 83.8959%]
2920	82.53424658%	[81.1146%, 83.8684%]
2921	82.54022595%	[81.1210%, 83.8739%]
2922	82.54620123%	[81.1274%, 83.8795%]
2923	82.55217243%	[81.1338%, 83.8851%]
2924	82.55813953%	[81.1402%, 83.8906%]
2925	82.56410256%	[81.1466%, 83.8962%]
2926	82.57006152%	[81.1530%, 83.9017%]
2927	82.54185173%	[81.1242%, 83.8742%]
2928	82.54781421%	[81.1306%, 83.8797%]
2929	82.55377262%	[81.1370%, 83.8853%]
2930	82.55972696%	[81.1434%, 83.8908%]
2931	82.56567724%	[81.1497%, 83.8964%]
2932	82.57162347%	[81.1561%, 83.9019%]
2933	82.54347085%	[81.1274%, 83.8744%]
2934	82.54942059%	[81.1338%, 83.8800%]
2935	82.55536627%	[81.1401%, 83.8855%]
2936	82.56130790%	[81.1465%, 83.8910%]
2937	82.56724549%	[81.1529%, 83.8966%]
2938	82.57317903%	[81.1592%, 83.9021%]
2939	82.57910854%	[81.1656%, 83.9076%]
2940	82.58503401%	[81.1719%, 83.9131%]
2941	82.59095546%	[81.1783%, 83.9186%]
2942	82.59687288%	[81.1846%, 83.9241%]
2943	82.60278627%	[81.1909%, 83.9296%]
2944	82.60869565%	[81.1973%, 83.9351%]
2945	82.61460102%	[81.2036%, 83.9406%]
2946	82.62050238%	[81.2099%, 83.9461%]
2947	82.59246692%	[81.1813%, 83.9188%]
2948	82.59837178%	[81.1876%, 83.9243%]
2949	82.57036283%	[81.1590%, 83.8970%]
2950	82.57627119%	[81.1654%, 83.9025%]
2951	82.58217553%	[81.1717%, 83.9080%]
2952	82.58807588%	[81.1780%, 83.9134%]
2953	82.59397223%	[81.1843%, 83.9189%]
2954	82.59986459%	[81.1906%, 83.9244%]
2955	82.60575296%	[81.1969%, 83.9299%]
2956	82.61163735%	[81.2032%, 83.9354%]
2957	82.61751775%	[81.2095%, 83.9409%]
2958	82.58958756%	[81.1810%, 83.9136%]
2959	82.59547144%	[81.1873%, 83.9191%]
2960	82.60135135%	[81.1936%, 83.9246%]
2961	82.60722729%	[81.1999%, 83.9300%]
2962	82.61309926%	[81.2062%, 83.9355%]
2963	82.61896726%	[81.2125%, 83.9410%]
2964	82.59109312%	[81.1840%, 83.9138%]
2965	82.59696459%	[81.1903%, 83.9192%]
2966	82.60283210%	[81.1966%, 83.9247%]
2967	82.60869565%	[81.2029%, 83.9302%]
2968	82.61455526%	[81.2092%, 83.9356%]
2969	82.62041091%	[81.2155%, 83.9411%]
2970	82.62626263%	[81.2217%, 83.9465%]
2971	82.59845170%	[81.1933%, 83.9194%]
2972	82.60430686%	[81.1996%, 83.9248%]
2973	82.61015809%	[81.2059%, 83.9303%]
2974	82.61600538%	[81.2121%, 83.9357%]
2975	82.58823529%	[81.1838%, 83.9086%]
2976	82.59408602%	[81.1901%, 83.9141%]
2977	82.59993282%	[81.1963%, 83.9195%]
2978	82.60577569%	[81.2026%, 83.9250%]
2979	82.61161464%	[81.2088%, 83.9304%]
2980	82.58389262%	[81.1805%, 83.9034%]
2981	82.58973499%	[81.1868%, 83.9088%]
2982	82.59557344%	[81.1930%, 83.9142%]
2983	82.60140798%	[81.1993%, 83.9197%]
2984	82.60723861%	[81.2055%, 83.9251%]
2985	82.61306533%	[81.2118%, 83.9305%]
2986	82.61888814%	[81.2180%, 83.9359%]
2987	82.62470706%	[81.2242%, 83.9414%]
2988	82.63052209%	[81.2305%, 83.9468%]
2989	82.63633322%	[81.2367%, 83.9522%]
2990	82.64214047%	[81.2429%, 83.9576%]
2991	82.64794383%	[81.2491%, 83.9630%]
2992	82.65374332%	[81.2553%, 83.9684%]
2993	82.65953892%	[81.2615%, 83.9738%]
2994	82.66533066%	[81.2678%, 83.9792%]
2995	82.67111853%	[81.2740%, 83.9846%]
2996	82.67690254%	[81.2801%, 83.9900%]
2997	82.68268268%	[81.2863%, 83.9954%]
2998	82.68845897%	[81.2925%, 84.0007%]
2999	82.69423141%	[81.2987%, 84.0061%]
3000	82.70000000%	[81.3049%, 84.0115%]
3001	82.67244252%	[81.2768%, 83.9846%]
3002	82.67821452%	[81.2829%, 83.9900%]
3003	82.65068265%	[81.2548%, 83.9631%]
3004	82.65645806%	[81.2610%, 83.9685%]
3005	82.66222962%	[81.2672%, 83.9739%]
3006	82.66799734%	[81.2734%, 83.9792%]
3007	82.67376122%	[81.2795%, 83.9846%]
3008	82.67952128%	[81.2857%, 83.9900%]
3009	82.68527750%	[81.2919%, 83.9953%]
3010	82.69102990%	[81.2980%, 84.0007%]
3011	82.69677848%	[81.3042%, 84.0060%]
3012	82.70252324%	[81.3103%, 84.0114%]
3013	82.70826419%	[81.3165%, 84.0167%]
3014	82.71400133%	[81.3226%, 84.0221%]
3015	82.68656716%	[81.2946%, 83.9953%]
3016	82.65915119%	[81.2666%, 83.9686%]
3017	82.63175340%	[81.2387%, 83.9418%]
3018	82.63750828%	[81.2448%, 83.9472%]
3019	82.64325936%	[81.2510%, 83.9526%]
3020	82.64900662%	[81.2572%, 83.9579%]
3021	82.65475008%	[81.2633%, 83.9633%]
3022	82.66048974%	[81.2694%, 83.9686%]
3023	82.66622560%	[81.2756%, 83.9739%]
3024	82.67195767%	[81.2817%, 83.9793%]
3025	82.64462810%	[81.2538%, 83.9526%]
3026	82.65036352%	[81.2600%, 83.9580%]
3027	82.65609514%	[81.2661%, 83.9633%]
3028	82.66182299%	[81.2722%, 83.9686%]
3029	82.66754705%	[81.2784%, 83.9740%]
3030	82.67326733%	[81.2845%, 83.9793%]
3031	82.67898383%	[81.2906%, 83.9846%]
3032	82.68469657%	[81.2967%, 83.9899%]
3033	82.69040554%	[81.3028%, 83.9953%]
3034	82.66315096%	[81.2750%, 83.9687%]
3035	82.66886326%	[81.2811%, 83.9740%]
3036	82.67457181%	[81.2872%, 83.9793%]
3037	82.68027659%	[81.2934%, 83.9846%]
3038	82.68597762%	[81.2995%, 83.9899%]
3039	82.69167489%	[81.3056%, 83.9952%]
3040	82.69736842%	[81.3117%, 84.0005%]
3041	82.70305820%	[81.3177%, 84.0059%]
3042	82.67587114%	[81.2900%, 83.9793%]
3043	82.64870194%	[81.2623%, 83.9528%]
3044	82.65440210%	[81.2684%, 83.9581%]
3045	82.66009852%	[81.2745%, 83.9634%]
3046	82.66579120%	[81.2806%, 83.9687%]
3047	82.63866098%	[81.2529%, 83.9423%]
3048	82.64435696%	[81.2590%, 83.9476%]
3049	82.65004920%	[81.2651%, 83.9529%]
3050	82.65573770%	[81.2711%, 83.9582%]
3051	82.66142248%	[81.2772%, 83.9635%]
3052	82.66710354%	[81.2833%, 83.9688%]
3053	82.67278087%	[81.2894%, 83.9741%]
3054	82.67845449%	[81.2955%, 83.9793%]
3055	82.65139116%	[81.2678%, 83.9529%]
3056	82.65706806%	[81.2739%, 83.9582%]
3057	82.63002944%	[81.2463%, 83.9318%]
3058	82.60300850%	[81.2187%, 83.9055%]
3059	82.60869565%	[81.2248%, 83.9108%]
3060	82.61437908%	[81.2309%, 83.9161%]
3061	82.58738974%	[81.2034%, 83.8897%]
3062	82.59307642%	[81.2095%, 83.8950%]
3063	82.59875939%	[81.2155%, 83.9003%]
3064	82.57180157%	[81.1880%, 83.8740%]
3065	82.57748777%	[81.1941%, 83.8793%]
3066	82.55055447%	[81.1666%, 83.8530%]
3067	82.55624389%	[81.1727%, 83.8583%]
3068	82.56192960%	[81.1788%, 83.8636%]
3069	82.56761160%	[81.1849%, 83.8689%]
3070	82.57328990%	[81.1909%, 83.8742%]
3071	82.54640182%	[81.1635%, 83.8480%]
3072	82.55208333%	[81.1696%, 83.8533%]
3073	82.55776115%	[81.1757%, 83.8586%]
3074	82.56343526%	[81.1817%, 83.8639%]
3075	82.56910569%	[81.1878%, 83.8691%]
3076	82.57477243%	[81.1939%, 83.8744%]
3077	82.58043549%	[81.1999%, 83.8797%]
3078	82.55360624%	[81.1725%, 83.8535%]
3079	82.52679441%	[81.1452%, 83.8273%]
3080	82.50000000%	[81.1178%, 83.8012%]
3081	82.50567997%	[81.1239%, 83.8065%]
3082	82.47890980%	[81.0966%, 83.7803%]
3083	82.48459293%	[81.1027%, 83.7856%]
3084	82.49027237%	[81.1088%, 83.7909%]
3085	82.46353323%	[81.0815%, 83.7648%]
3086	82.46921581%	[81.0876%, 83.7701%]
3087	82.47489472%	[81.0936%, 83.7754%]
3088	82.48056995%	[81.0997%, 83.7807%]
3089	82.45386857%	[81.0725%, 83.7547%]
3090	82.45954693%	[81.0785%, 83.7600%]
3091	82.46522161%	[81.0846%, 83.7653%]
3092	82.47089263%	[81.0907%, 83.7705%]
3093	82.47655997%	[81.0967%, 83.7758%]
3094	82.48222366%	[81.1028%, 83.7811%]
3095	82.48788368%	[81.1088%, 83.7864%]
3096	82.46124031%	[81.0816%, 83.7604%]
3097	82.43461414%	[81.0545%, 83.7344%]
3098	82.44028405%	[81.0605%, 83.7397%]
3099	82.44595031%	[81.0666%, 83.7450%]
3100	82.45161290%	[81.0727%, 83.7502%]
3101	82.45727185%	[81.0787%, 83.7555%]
3102	82.46292714%	[81.0848%, 83.7608%]
3103	82.46857879%	[81.0908%, 83.7661%]
3104	82.47422680%	[81.0968%, 83.7713%]
3105	82.47987118%	[81.1029%, 83.7766%]
3106	82.48551191%	[81.1089%, 83.7819%]
3107	82.49114902%	[81.1149%, 83.7871%]
3108	82.49678250%	[81.1210%, 83.7924%]
3109	82.50241235%	[81.1270%, 83.7976%]
3110	82.50803859%	[81.1330%, 83.8029%]
3111	82.51366120%	[81.1390%, 83.8081%]
3112	82.48714653%	[81.1120%, 83.7822%]
3113	82.49277225%	[81.1180%, 83.7875%]
3114	82.49839435%	[81.1240%, 83.7927%]
3115	82.50401284%	[81.1300%, 83.7980%]
3116	82.47753530%	[81.1030%, 83.7721%]
3117	82.48315688%	[81.1090%, 83.7774%]
3118	82.48877486%	[81.1150%, 83.7826%]
3119	82.49438923%	[81.1210%, 83.7878%]
3120	82.50000000%	[81.1270%, 83.7931%]
3121	82.47356616%	[81.1000%, 83.7673%]
3122	82.47918001%	[81.1060%, 83.7725%]
3123	82.45276977%	[81.0791%, 83.7467%]
3124	82.45838668%	[81.0851%, 83.7520%]
3125	82.46400000%	[81.0911%, 83.7572%]
3126	82.43761996%	[81.0642%, 83.7314%]
3127	82.44323633%	[81.0702%, 83.7367%]
3128	82.44884910%	[81.0762%, 83.7419%]
3129	82.42249920%	[81.0493%, 83.7162%]
3130	82.42811502%	[81.0553%, 83.7214%]
3131	82.43372724%	[81.0613%, 83.7267%]
3132	82.43933589%	[81.0673%, 83.7319%]
3133	82.44494095%	[81.0733%, 83.7371%]
3134	82.45054244%	[81.0793%, 83.7424%]
3135	82.45614035%	[81.0853%, 83.7476%]
3136	82.42984694%	[81.0584%, 83.7219%]
3137	82.40357029%	[81.0316%, 83.6962%]
3138	82.40917782%	[81.0376%, 83.7015%]
3139	82.41478178%	[81.0436%, 83.7067%]
3140	82.38853503%	[81.0168%, 83.6811%]
3141	82.39414199%	[81.0228%, 83.6863%]
3142	82.39974539%	[81.0288%, 83.6915%]
3143	82.40534521%	[81.0348%, 83.6968%]
3144	82.37913486%	[81.0081%, 83.6712%]
3145	82.38473768%	[81.0141%, 83.6764%]
3146	82.39033694%	[81.0200%, 83.6816%]
3147	82.39593263%	[81.0260%, 83.6868%]
3148	82.40152478%	[81.0320%, 83.6921%]
3149	82.40711337%	[81.0380%, 83.6973%]
3150	82.41269841%	[81.0439%, 83.7025%]
3151	82.38654395%	[81.0173%, 83.6770%]
3152	82.39213198%	[81.0232%, 83.6822%]
3153	82.39771646%	[81.0292%, 83.6874%]
3154	82.40329740%	[81.0352%, 83.6926%]
3155	82.40887480%	[81.0411%, 83.6978%]
3156	82.41444867%	[81.0471%, 83.7030%]
3157	82.42001901%	[81.0530%, 83.7082%]
3158	82.42558581%	[81.0590%, 83.7134%]
3159	82.43114910%	[81.0649%, 83.7186%]
3160	82.40506329%	[81.0383%, 83.6931%]
3161	82.41062955%	[81.0443%, 83.6983%]
3162	82.41619228%	[81.0502%, 83.7035%]
3163	82.42175150%	[81.0561%, 83.7087%]
3164	82.42730721%	[81.0621%, 83.7139%]
3165	82.43285940%	[81.0680%, 83.7191%]
3166	82.43840809%	[81.0739%, 83.7243%]
3167	82.44395327%	[81.0799%, 83.7294%]
3168	82.44949495%	[81.0858%, 83.7346%]
3169	82.42347744%	[81.0592%, 83.7092%]
3170	82.42902208%	[81.0652%, 83.7144%]
3171	82.40302744%	[81.0387%, 83.6890%]
3172	82.40857503%	[81.0446%, 83.6942%]
3173	82.38260321%	[81.0181%, 83.6688%]
3174	82.38815375%	[81.0240%, 83.6740%]
3175	82.39370079%	[81.0300%, 83.6792%]
3176	82.39924433%	[81.0359%, 83.6843%]
3177	82.40478439%	[81.0418%, 83.6895%]
3178	82.41032096%	[81.0477%, 83.6947%]
3179	82.41585404%	[81.0536%, 83.6998%]
3180	82.42138365%	[81.0595%, 83.7050%]
3181	82.42690978%	[81.0654%, 83.7102%]
3182	82.43243243%	[81.0713%, 83.7153%]
3183	82.43795162%	[81.0772%, 83.7205%]
3184	82.44346734%	[81.0831%, 83.7256%]
3185	82.44897959%	[81.0890%, 83.7308%]
3186	82.45448839%	[81.0949%, 83.7359%]
3187	82.42861625%	[81.0685%, 83.7106%]
3188	82.40276035%	[81.0421%, 83.6854%]
3189	82.40827846%	[81.0480%, 83.6905%]
3190	82.41379310%	[81.0539%, 83.6957%]
3191	82.41930429%	[81.0598%, 83.7008%]
3192	82.42481203%	[81.0657%, 83.7060%]
3193	82.43031632%	[81.0716%, 83.7111%]
3194	82.43581716%	[81.0774%, 83.7163%]
3195	82.44131455%	[81.0833%, 83.7214%]
3196	82.44680851%	[81.0892%, 83.7265%]
3197	82.45229903%	[81.0950%, 83.7317%]
3198	82.45778612%	[81.1009%, 83.7368%]
3199	82.46326977%	[81.1068%, 83.7419%]
3200	82.46875000%	[81.1126%, 83.7470%]
3201	82.44298657%	[81.0863%, 83.7219%]
3202	82.44846971%	[81.0922%, 83.7270%]
3203	82.45394942%	[81.0980%, 83.7321%]
3204	82.45942572%	[81.1039%, 83.7372%]
3205	82.46489860%	[81.1097%, 83.7423%]
3206	82.47036806%	[81.1156%, 83.7474%]
3207	82.47583411%	[81.1214%, 83.7525%]
3208	82.48129676%	[81.1273%, 83.7576%]
3209	82.48675600%	[81.1331%, 83.7627%]
3210	82.49221184%	[81.1389%, 83.7678%]
3211	82.49766428%	[81.1447%, 83.7729%]
3212	82.50311333%	[81.1506%, 83.7780%]
3213	82.50855898%	[81.1564%, 83.7831%]
3214	82.51400124%	[81.1622%, 83.7882%]
3215	82.51944012%	[81.1680%, 83.7933%]
3216	82.52487562%	[81.1738%, 83.7983%]
3217	82.49922288%	[81.1476%, 83.7733%]
3218	82.50466128%	[81.1534%, 83.7784%]
3219	82.51009630%	[81.1593%, 83.7834%]
3220	82.51552795%	[81.1651%, 83.7885%]
3221	82.52095622%	[81.1708%, 83.7936%]
3222	82.49534451%	[81.1447%, 83.7686%]
3223	82.50077567%	[81.1505%, 83.7736%]
3224	82.47518610%	[81.1244%, 83.7486%]
3225	82.48062016%	[81.1302%, 83.7537%]
3226	82.48605084%	[81.1360%, 83.7588%]
3227	82.49147815%	[81.1418%, 83.7639%]
3228	82.49690211%	[81.1476%, 83.7689%]
3229	82.50232270%	[81.1534%, 83.7740%]
3230	82.50773994%	[81.1592%, 83.7791%]
3231	82.48220365%	[81.1332%, 83.7541%]
3232	82.48762376%	[81.1389%, 83.7592%]
3233	82.49304052%	[81.1447%, 83.7642%]
3234	82.49845393%	[81.1505%, 83.7693%]
3235	82.50386399%	[81.1563%, 83.7743%]
3236	82.50927070%	[81.1621%, 83.7794%]
3237	82.51467408%	[81.1678%, 83.7844%]
3238	82.52007412%	[81.1736%, 83.7895%]
3239	82.49459710%	[81.1476%, 83.7646%]
3240	82.50000000%	[81.1534%, 83.7696%]
3241	82.50539957%	[81.1591%, 83.7747%]
3242	82.51079581%	[81.1649%, 83.7797%]
3243	82.51618871%	[81.1707%, 83.7848%]
3244	82.52157830%	[81.1764%, 83.7898%]
3245	82.52696456%	[81.1822%, 83.7948%]
3246	82.53234750%	[81.1879%, 83.7999%]
3247	82.53772713%	[81.1937%, 83.8049%]
3248	82.54310345%	[81.1994%, 83.8099%]
3249	82.51769775%	[81.1735%, 83.7851%]
3250	82.52307692%	[81.1792%, 83.7901%]
3251	82.52845278%	[81.1850%, 83.7951%]
3252	82.53382534%	[81.1907%, 83.8002%]
3253	82.53919459%	[81.1964%, 83.8052%]
3254	82.51382913%	[81.1706%, 83.7804%]
3255	82.51920123%	[81.1763%, 83.7854%]
3256	82.52457002%	[81.1820%, 83.7904%]
3257	82.52993552%	[81.1878%, 83.7955%]
3258	82.50460405%	[81.1619%, 83.7707%]
3259	82.50997238%	[81.1677%, 83.7757%]
3260	82.51533742%	[81.1734%, 83.7807%]
3261	82.52069917%	[81.1791%, 83.7857%]
3262	82.52605763%	[81.1848%, 83.7908%]
3263	82.50076617%	[81.1591%, 83.7660%]
3264	82.50612745%	[81.1648%, 83.7711%]
3265	82.48085758%	[81.1390%, 83.7464%]
3266	82.48622168%	[81.1447%, 83.7514%]
3267	82.49158249%	[81.1505%, 83.7564%]
3268	82.49694002%	[81.1562%, 83.7614%]
3269	82.50229428%	[81.1619%, 83.7664%]
3270	82.50764526%	[81.1676%, 83.7714%]
3271	82.51299297%	[81.1733%, 83.7764%]
3272	82.51833741%	[81.1790%, 83.7814%]
3273	82.49312557%	[81.1533%, 83.7568%]
3274	82.49847282%	[81.1590%, 83.7618%]
3275	82.47328244%	[81.1333%, 83.7371%]
3276	82.44810745%	[81.1077%, 83.7125%]
3277	82.45346353%	[81.1134%, 83.7176%]
3278	82.45881635%	[81.1191%, 83.7226%]
3279	82.43366880%	[81.0934%, 83.6980%]
3280	82.43902439%	[81.0992%, 83.7030%]
3281	82.44437671%	[81.1049%, 83.7080%]
3282	82.44972578%	[81.1106%, 83.7130%]
3283	82.45507158%	[81.1163%, 83.7180%]
3284	82.46041413%	[81.1220%, 83.7230%]
3285	82.46575342%	[81.1277%, 83.7280%]
3286	82.44065733%	[81.1021%, 83.7035%]
3287	82.44599939%	[81.1078%, 83.7084%]
3288	82.45133820%	[81.1135%, 83.7134%]
3289	82.45667376%	[81.1192%, 83.7184%]
3290	82.43161094%	[81.0936%, 83.6939%]
3291	82.43694926%	[81.0993%, 83.6989%]
3292	82.44228433%	[81.1050%, 83.7039%]
3293	82.44761616%	[81.1107%, 83.7089%]
3294	82.45294475%	[81.1164%, 83.7139%]
3295	82.45827011%	[81.1221%, 83.7189%]
3296	82.46359223%	[81.1278%, 83.7238%]
3297	82.46891113%	[81.1334%, 83.7288%]
3298	82.47422680%	[81.1391%, 83.7338%]
3299	82.44922704%	[81.1136%, 83.7094%]
3300	82.45454545%	[81.1193%, 83.7143%]
3301	82.45986065%	[81.1250%, 83.7193%]
3302	82.46517262%	[81.1306%, 83.7243%]
3303	82.47048138%	[81.1363%, 83.7292%]
3304	82.47578692%	[81.1420%, 83.7342%]
3305	82.48108926%	[81.1476%, 83.7391%]
3306	82.48638838%	[81.1533%, 83.7441%]
3307	82.49168431%	[81.1589%, 83.7490%]
3308	82.49697703%	[81.1646%, 83.7540%]
3309	82.50226655%	[81.1702%, 83.7589%]
3310	82.50755287%	[81.1759%, 83.7639%]
3311	82.51283600%	[81.1815%, 83.7688%]
3312	82.48792271%	[81.1561%, 83.7445%]
3313	82.49320857%	[81.1617%, 83.7494%]
3314	82.49849125%	[81.1674%, 83.7544%]
3315	82.47360483%	[81.1420%, 83.7300%]
3316	82.47889023%	[81.1476%, 83.7350%]
3317	82.48417244%	[81.1533%, 83.7399%]
3318	82.48945148%	[81.1589%, 83.7449%]
3319	82.49472733%	[81.1645%, 83.7498%]
3320	82.50000000%	[81.1702%, 83.7547%]
3321	82.50526950%	[81.1758%, 83.7596%]
3322	82.51053582%	[81.1814%, 83.7646%]
3323	82.51579898%	[81.1870%, 83.7695%]
3324	82.52105897%	[81.1926%, 83.7744%]
3325	82.52631579%	[81.1982%, 83.7793%]
3326	82.50150331%	[81.1729%, 83.7551%]
3327	82.50676285%	[81.1785%, 83.7600%]
3328	82.51201923%	[81.1842%, 83.7649%]
3329	82.51727245%	[81.1898%, 83.7698%]
3330	82.52252252%	[81.1954%, 83.7747%]
3331	82.52776944%	[81.2010%, 83.7796%]
3332	82.53301321%	[81.2066%, 83.7845%]
3333	82.53825383%	[81.2121%, 83.7894%]
3334	82.51349730%	[81.1869%, 83.7653%]
3335	82.51874063%	[81.1925%, 83.7702%]
3336	82.52398082%	[81.1981%, 83.7751%]
3337	82.52921786%	[81.2037%, 83.7800%]
3338	82.53445177%	[81.2093%, 83.7848%]
3339	82.53968254%	[81.2148%, 83.7897%]
3340	82.54491018%	[81.2204%, 83.7946%]
3341	82.55013469%	[81.2260%, 83.7995%]
3342	82.55535607%	[81.2316%, 83.8044%]
3343	82.56057433%	[81.2371%, 83.8093%]
3344	82.56578947%	[81.2427%, 83.8142%]
3345	82.54110613%	[81.2175%, 83.7900%]
3346	82.54632397%	[81.2231%, 83.7949%]
3347	82.55153869%	[81.2287%, 83.7998%]
3348	82.55675030%	[81.2342%, 83.8047%]
3349	82.56195879%	[81.2398%, 83.8095%]
3350	82.56716418%	[81.2453%, 83.8144%]
3351	82.54252462%	[81.2202%, 83.7903%]
3352	82.54773270%	[81.2258%, 83.7952%]
3353	82.55293767%	[81.2313%, 83.8001%]
3354	82.55813953%	[81.2369%, 83.8049%]
3355	82.56333830%	[81.2424%, 83.8098%]
3356	82.53873659%	[81.2173%, 83.7857%]
3357	82.54393804%	[81.2229%, 83.7906%]
3358	82.54913639%	[81.2284%, 83.7955%]
3359	82.52456088%	[81.2034%, 83.7715%]
3360	82.52976190%	[81.2089%, 83.7763%]
3361	82.53495983%	[81.2144%, 83.7812%]
3362	82.54015467%	[81.2200%, 83.7860%]
3363	82.54534642%	[81.2255%, 83.7909%]
3364	82.55053508%	[81.2311%, 83.7958%]
3365	82.52600297%	[81.2060%, 83.7718%]
3366	82.53119430%	[81.2116%, 83.7766%]
3367	82.50668251%	[81.1866%, 83.7527%]
3368	82.51187648%	[81.1921%, 83.7575%]
3369	82.51706738%	[81.1977%, 83.7624%]
3370	82.52225519%	[81.2032%, 83.7672%]
3371	82.52743993%	[81.2087%, 83.7721%]
3372	82.53262159%	[81.2143%, 83.7769%]
3373	82.53780018%	[81.2198%, 83.7818%]
3374	82.51333729%	[81.1948%, 83.7579%]
3375	82.48888889%	[81.1699%, 83.7340%]
3376	82.49407583%	[81.1755%, 83.7388%]
3377	82.49925970%	[81.1810%, 83.7437%]
3378	82.50444050%	[81.1865%, 83.7485%]
3379	82.50961823%	[81.1920%, 83.7534%]
3380	82.51479290%	[81.1975%, 83.7582%]
3381	82.49038746%	[81.1727%, 83.7344%]
3382	82.49556475%	[81.1782%, 83.7392%]
3383	82.50073899%	[81.1837%, 83.7441%]
3384	82.50591017%	[81.1892%, 83.7489%]
3385	82.51107829%	[81.1947%, 83.7537%]
3386	82.51624335%	[81.2002%, 83.7586%]
3387	82.52140537%	[81.2057%, 83.7634%]
3388	82.49704841%	[81.1809%, 83.7396%]
3389	82.50221304%	[81.1864%, 83.7444%]
3390	82.50737463%	[81.1919%, 83.7492%]
3391	82.51253318%	[81.1974%, 83.7541%]
3392	82.51768868%	[81.2029%, 83.7589%]
3393	82.52284114%	[81.2084%, 83.7637%]
3394	82.49852681%	[81.1836%, 83.7399%]
3395	82.50368189%	[81.1891%, 83.7448%]
3396	82.50883392%	[81.1946%, 83.7496%]
3397	82.51398293%	[81.2001%, 83.7544%]
3398	82.51912890%	[81.2056%, 83.7592%]
3399	82.49485143%	[81.1808%, 83.7355%]
3400	82.50000000%	[81.1863%, 83.7403%]
3401	82.50514555%	[81.1918%, 83.7451%]
3402	82.51028807%	[81.1973%, 83.7499%]
3403	82.51542756%	[81.2028%, 83.7548%]
3404	82.52056404%	[81.2083%, 83.7596%]
3405	82.52569750%	[81.2137%, 83.7644%]
3406	82.53082795%	[81.2192%, 83.7692%]
3407	82.53595539%	[81.2247%, 83.7740%]
3408	82.54107981%	[81.2301%, 83.7788%]
3409	82.54620123%	[81.2356%, 83.7835%]
3410	82.55131965%	[81.2410%, 83.7883%]
3411	82.52711815%	[81.2164%, 83.7647%]
3412	82.53223916%	[81.2218%, 83.7695%]
3413	82.53735716%	[81.2273%, 83.7743%]
3414	82.54247217%	[81.2327%, 83.7791%]
3415	82.54758419%	[81.2382%, 83.7838%]
3416	82.55269321%	[81.2436%, 83.7886%]
3417	82.55779924%	[81.2491%, 83.7934%]
3418	82.56290228%	[81.2545%, 83.7982%]
3419	82.56800234%	[81.2600%, 83.8029%]
3420	82.54385965%	[81.2353%, 83.7793%]
3421	82.54896229%	[81.2408%, 83.7841%]
3422	82.55406195%	[81.2462%, 83.7889%]
3423	82.55915863%	[81.2517%, 83.7937%]
3424	82.56425234%	[81.2571%, 83.7984%]
3425	82.56934307%	[81.2625%, 83.8032%]
3426	82.57443082%	[81.2679%, 83.8080%]
3427	82.57951561%	[81.2734%, 83.8127%]
3428	82.58459743%	[81.2788%, 83.8175%]
3429	82.58967629%	[81.2842%, 83.8222%]
3430	82.59475219%	[81.2896%, 83.8270%]
3431	82.59982512%	[81.2950%, 83.8317%]
3432	82.60489510%	[81.3004%, 83.8365%]
3433	82.60996213%	[81.3058%, 83.8412%]
3434	82.61502621%	[81.3112%, 83.8459%]
3435	82.59097525%	[81.2867%, 83.8224%]
3436	82.59604191%	[81.2921%, 83.8272%]
3437	82.60110562%	[81.2975%, 83.8319%]
3438	82.60616638%	[81.3029%, 83.8367%]
3439	82.61122419%	[81.3083%, 83.8414%]
3440	82.61627907%	[81.3137%, 83.8461%]
3441	82.62133101%	[81.3191%, 83.8508%]
3442	82.59732714%	[81.2946%, 83.8274%]
3443	82.57333721%	[81.2701%, 83.8039%]
3444	82.57839721%	[81.2755%, 83.8087%]
3445	82.58345428%	[81.2809%, 83.8134%]
3446	82.58850842%	[81.2863%, 83.8181%]
3447	82.59355962%	[81.2917%, 83.8229%]
3448	82.59860789%	[81.2971%, 83.8276%]
3449	82.60365323%	[81.3024%, 83.8323%]
3450	82.57971014%	[81.2780%, 83.8089%]
3451	82.58475804%	[81.2834%, 83.8136%]
3452	82.58980301%	[81.2888%, 83.8184%]
3453	82.59484506%	[81.2942%, 83.8231%]
3454	82.59988419%	[81.2995%, 83.8278%]
3455	82.57597685%	[81.2752%, 83.8044%]
3456	82.58101852%	[81.2805%, 83.8091%]
3457	82.58605728%	[81.2859%, 83.8139%]
3458	82.59109312%	[81.2913%, 83.8186%]
3459	82.59612605%	[81.2966%, 83.8233%]
3460	82.57225434%	[81.2723%, 83.7999%]
3461	82.57728980%	[81.2777%, 83.8047%]
3462	82.58232236%	[81.2830%, 83.8094%]
3463	82.58735201%	[81.2884%, 83.8141%]
3464	82.59237875%	[81.2938%, 83.8188%]
3465	82.56854257%	[81.2695%, 83.7955%]
3466	82.57357184%	[81.2748%, 83.8002%]
3467	82.57859821%	[81.2802%, 83.8049%]
3468	82.55478662%	[81.2559%, 83.7816%]
3469	82.55981551%	[81.2613%, 83.7863%]
3470	82.53602305%	[81.2370%, 83.7631%]
3471	82.51224431%	[81.2128%, 83.7398%]
3472	82.51728111%	[81.2181%, 83.7445%]
3473	82.52231500%	[81.2235%, 83.7493%]
3474	82.49856074%	[81.1993%, 83.7260%]
3475	82.50359712%	[81.2047%, 83.7307%]
3476	82.50863061%	[81.2100%, 83.7355%]
3477	82.51366120%	[81.2154%, 83.7402%]
3478	82.51868890%	[81.2207%, 83.7449%]
3479	82.49496982%	[81.1966%, 83.7217%]
3480	82.50000000%	[81.2019%, 83.7264%]
3481	82.50502729%	[81.2073%, 83.7311%]
3482	82.51005169%	[81.2126%, 83.7358%]
3483	82.51507321%	[81.2180%, 83.7405%]
3484	82.52009185%	[81.2233%, 83.7452%]
3485	82.52510760%	[81.2287%, 83.7499%]
3486	82.50143431%	[81.2046%, 83.7268%]
3487	82.47777459%	[81.1804%, 83.7036%]
3488	82.48279817%	[81.1858%, 83.7083%]
3489	82.48781886%	[81.1911%, 83.7130%]
3490	82.46418338%	[81.1671%, 83.6899%]
3491	82.44056144%	[81.1430%, 83.6668%]
3492	82.44558992%	[81.1483%, 83.6715%]
3493	82.45061552%	[81.1537%, 83.6762%]
3494	82.45563824%	[81.1590%, 83.6810%]
3495	82.46065808%	[81.1644%, 83.6857%]
3496	82.46567506%	[81.1697%, 83.6904%]
3497	82.47068916%	[81.1751%, 83.6951%]
3498	82.47570040%	[81.1804%, 83.6997%]
3499	82.48070877%	[81.1857%, 83.7044%]
3500	82.48571429%	[81.1911%, 83.7091%]
3501	82.49071694%	[81.1964%, 83.7138%]
3502	82.49571673%	[81.2017%, 83.7185%]
3503	82.50071367%	[81.2070%, 83.7232%]
3504	82.50570776%	[81.2124%, 83.7279%]
3505	82.51069900%	[81.2177%, 83.7325%]
3506	82.51568739%	[81.2230%, 83.7372%]
3507	82.52067294%	[81.2283%, 83.7419%]
3508	82.52565564%	[81.2336%, 83.7465%]
3509	82.53063551%	[81.2389%, 83.7512%]
3510	82.53561254%	[81.2442%, 83.7559%]
3511	82.51210481%	[81.2203%, 83.7329%]
3512	82.51708428%	[81.2256%, 83.7375%]
3513	82.52206092%	[81.2309%, 83.7422%]
3514	82.52703472%	[81.2362%, 83.7469%]
3515	82.53200569%	[81.2415%, 83.7515%]
3516	82.53697383%	[81.2468%, 83.7562%]
3517	82.54193915%	[81.2520%, 83.7608%]
3518	82.54690165%	[81.2573%, 83.7655%]
3519	82.55186132%	[81.2626%, 83.7701%]
3520	82.52840909%	[81.2387%, 83.7472%]
3521	82.53337120%	[81.2440%, 83.7518%]
3522	82.53833049%	[81.2493%, 83.7565%]
3523	82.54328697%	[81.2546%, 83.7611%]
3524	82.54824064%	[81.2598%, 83.7658%]
3525	82.52482270%	[81.2360%, 83.7429%]
3526	82.52977879%	[81.2412%, 83.7475%]
3527	82.53473207%	[81.2465%, 83.7522%]
3528	82.53968254%	[81.2518%, 83.7568%]
3529	82.54463021%	[81.2571%, 83.7614%]
3530	82.54957507%	[81.2623%, 83.7661%]
3531	82.55451713%	[81.2676%, 83.7707%]
3532	82.55945640%	[81.2728%, 83.7753%]
3533	82.53608831%	[81.2490%, 83.7525%]
3534	82.54102999%	[81.2543%, 83.7571%]
3535	82.54596888%	[81.2596%, 83.7617%]
3536	82.55090498%	[81.2648%, 83.7663%]
3537	82.55583828%	[81.2701%, 83.7710%]
3538	82.56076880%	[81.2753%, 83.7756%]
3539	82.56569652%	[81.2806%, 83.7802%]
3540	82.54237288%	[81.2568%, 83.7574%]
3541	82.54730302%	[81.2620%, 83.7620%]
3542	82.52399774%	[81.2383%, 83.7392%]
3543	82.52893029%	[81.2435%, 83.7439%]
3544	82.53386005%	[81.2488%, 83.7485%]
3545	82.51057828%	[81.2251%, 83.7257%]
3546	82.51551043%	[81.2303%, 83.7303%]
3547	82.49224697%	[81.2066%, 83.7076%]
3548	82.49718151%	[81.2119%, 83.7122%]
3549	82.47393632%	[81.1882%, 83.6895%]
3550	82.47887324%	[81.1934%, 83.6941%]
3551	82.45564630%	[81.1698%, 83.6714%]
3552	82.46058559%	[81.1750%, 83.6760%]
3553	82.46552209%	[81.1803%, 83.6806%]
3554	82.47045582%	[81.1855%, 83.6853%]
3555	82.47538678%	[81.1908%, 83.6899%]
3556	82.48031496%	[81.1960%, 83.6945%]
3557	82.48524037%	[81.2013%, 83.6991%]
3558	82.49016301%	[81.2065%, 83.7037%]
3559	82.49508289%	[81.2118%, 83.7083%]
3560	82.50000000%	[81.2170%, 83.7129%]
3561	82.50491435%	[81.2222%, 83.7175%]
3562	82.50982594%	[81.2275%, 83.7222%]
3563	82.51473477%	[81.2327%, 83.7268%]
3564	82.51964085%	[81.2379%, 83.7314%]
3565	82.52454418%	[81.2431%, 83.7359%]
3566	82.52944476%	[81.2483%, 83.7405%]
3567	82.53434258%	[81.2536%, 83.7451%]
3568	82.53923767%	[81.2588%, 83.7497%]
3569	82.54413001%	[81.2640%, 83.7543%]
3570	82.54901961%	[81.2692%, 83.7589%]
3571	82.55390647%	[81.2744%, 83.7635%]
3572	82.55879059%	[81.2796%, 83.7680%]
3573	82.56367198%	[81.2848%, 83.7726%]
3574	82.56855064%	[81.2900%, 83.7772%]
3575	82.57342657%	[81.2952%, 83.7818%]
3576	82.55033557%	[81.2716%, 83.7592%]
3577	82.55521387%	[81.2768%, 83.7637%]
3578	82.56008944%	[81.2820%, 83.7683%]
3579	82.56496228%	[81.2872%, 83.7729%]
3580	82.56983240%	[81.2924%, 83.7775%]
3581	82.57469980%	[81.2976%, 83.7820%]
3582	82.57956449%	[81.3028%, 83.7866%]
3583	82.58442646%	[81.3079%, 83.7911%]
3584	82.56138393%	[81.2844%, 83.7686%]
3585	82.56624826%	[81.2896%, 83.7732%]
3586	82.57110987%	[81.2948%, 83.7777%]
3587	82.57596878%	[81.3000%, 83.7823%]
3588	82.58082497%	[81.3051%, 83.7868%]
3589	82.58567846%	[81.3103%, 83.7914%]
3590	82.59052925%	[81.3155%, 83.7959%]
3591	82.59537733%	[81.3206%, 83.8005%]
3592	82.60022272%	[81.3258%, 83.8050%]
3593	82.60506540%	[81.3310%, 83.8095%]
3594	82.60990540%	[81.3361%, 83.8141%]
3595	82.61474270%	[81.3413%, 83.8186%]
3596	82.61957731%	[81.3464%, 83.8231%]
3597	82.62440923%	[81.3515%, 83.8277%]
3598	82.62923847%	[81.3567%, 83.8322%]
3599	82.63406502%	[81.3618%, 83.8367%]
3600	82.63888889%	[81.3670%, 83.8412%]
3601	82.61594002%	[81.3436%, 83.8188%]
3602	82.62076624%	[81.3487%, 83.8233%]
3603	82.62558979%	[81.3538%, 83.8278%]
3604	82.63041065%	[81.3590%, 83.8324%]
3605	82.63522885%	[81.3641%, 83.8369%]
3606	82.64004437%	[81.3692%, 83.8414%]
3607	82.64485722%	[81.3744%, 83.8459%]
3608	82.62195122%	[81.3510%, 83.8235%]
3609	82.62676642%	[81.3561%, 83.8280%]
3610	82.63157895%	[81.3613%, 83.8325%]
3611	82.63638881%	[81.3664%, 83.8370%]
3612	82.64119601%	[81.3715%, 83.8415%]
3613	82.64600055%	[81.3766%, 83.8460%]
3614	82.65080243%	[81.3817%, 83.8505%]
3615	82.65560166%	[81.3868%, 83.8550%]
3616	82.66039823%	[81.3919%, 83.8595%]
3617	82.66519215%	[81.3970%, 83.8640%]
3618	82.66998342%	[81.4021%, 83.8685%]
3619	82.64714009%	[81.3789%, 83.8462%]
3620	82.65193370%	[81.3840%, 83.8507%]
3621	82.65672466%	[81.3891%, 83.8552%]
3622	82.66151298%	[81.3942%, 83.8597%]
3623	82.66629865%	[81.3993%, 83.8641%]
3624	82.64348786%	[81.3760%, 83.8418%]
3625	82.62068966%	[81.3528%, 83.8195%]
3626	82.62548263%	[81.3579%, 83.8240%]
3627	82.63027295%	[81.3630%, 83.8285%]
3628	82.63506064%	[81.3681%, 83.8330%]
3629	82.63984569%	[81.3732%, 83.8375%]
3630	82.64462810%	[81.3783%, 83.8420%]
3631	82.64940788%	[81.3834%, 83.8465%]
3632	82.65418502%	[81.3884%, 83.8509%]
3633	82.65895954%	[81.3935%, 83.8554%]
3634	82.66373143%	[81.3986%, 83.8599%]
3635	82.66850069%	[81.4037%, 83.8644%]
3636	82.67326733%	[81.4087%, 83.8688%]
3637	82.65053616%	[81.3856%, 83.8466%]
3638	82.65530511%	[81.3907%, 83.8511%]
3639	82.66007145%	[81.3957%, 83.8555%]
3640	82.66483516%	[81.4008%, 83.8600%]
3641	82.64213128%	[81.3777%, 83.8378%]
3642	82.64689731%	[81.3827%, 83.8423%]
3643	82.65166072%	[81.3878%, 83.8467%]
3644	82.65642151%	[81.3929%, 83.8512%]
3645	82.66117970%	[81.3979%, 83.8557%]
3646	82.63850795%	[81.3748%, 83.8335%]
3647	82.64326844%	[81.3799%, 83.8379%]
3648	82.62061404%	[81.3568%, 83.8158%]
3649	82.62537682%	[81.3619%, 83.8202%]
3650	82.63013699%	[81.3669%, 83.8247%]
3651	82.60750479%	[81.3439%, 83.8026%]
3652	82.61226725%	[81.3490%, 83.8070%]
3653	82.61702710%	[81.3540%, 83.8115%]
3654	82.62178435%	[81.3591%, 83.8160%]
3655	82.62653899%	[81.3641%, 83.8204%]
3656	82.60393873%	[81.3411%, 83.7983%]
3657	82.58135083%	[81.3181%, 83.7762%]
3658	82.58611263%	[81.3232%, 83.7807%]
3659	82.59087182%	[81.3282%, 83.7852%]
3660	82.59562842%	[81.3333%, 83.7896%]
3661	82.60038241%	[81.3383%, 83.7941%]
3662	82.60513381%	[81.3434%, 83.7985%]
3663	82.60988261%	[81.3485%, 83.8030%]
3664	82.61462882%	[81.3535%, 83.8074%]
3665	82.61937244%	[81.3586%, 83.8119%]
3666	82.62411348%	[81.3636%, 83.8163%]
3667	82.60158167%	[81.3406%, 83.7943%]
3668	82.60632497%	[81.3457%, 83.7987%]
3669	82.61106569%	[81.3507%, 83.8032%]
3670	82.61580381%	[81.3558%, 83.8076%]
3671	82.59329883%	[81.3328%, 83.7856%]
3672	82.59803922%	[81.3379%, 83.7901%]
3673	82.60277702%	[81.3429%, 83.7945%]
3674	82.60751225%	[81.3480%, 83.7989%]
3675	82.58503401%	[81.3251%, 83.7770%]
3676	82.58977149%	[81.3301%, 83.7814%]
3677	82.56731031%	[81.3072%, 83.7594%]
3678	82.57205003%	[81.3123%, 83.7639%]
3679	82.57678717%	[81.3173%, 83.7683%]
3680	82.58152174%	[81.3223%, 83.7728%]
3681	82.58625374%	[81.3274%, 83.7772%]
3682	82.59098316%	[81.3324%, 83.7816%]
3683	82.59571002%	[81.3374%, 83.7861%]
3684	82.60043431%	[81.3425%, 83.7905%]
3685	82.60515604%	[81.3475%, 83.7949%]
3686	82.60987520%	[81.3525%, 83.7994%]
3687	82.58746949%	[81.3297%, 83.7774%]
3688	82.56507592%	[81.3069%, 83.7555%]
3689	82.56980211%	[81.3119%, 83.7600%]
3690	82.57452575%	[81.3169%, 83.7644%]
3691	82.57924682%	[81.3219%, 83.7688%]
3692	82.58396533%	[81.3269%, 83.7732%]
3693	82.58868129%	[81.3320%, 83.7777%]
3694	82.59339469%	[81.3370%, 83.7821%]
3695	82.59810555%	[81.3420%, 83.7865%]
3696	82.60281385%	[81.3470%, 83.7909%]
3697	82.60751961%	[81.3520%, 83.7953%]
3698	82.61222282%	[81.3570%, 83.7998%]
3699	82.61692349%	[81.3620%, 83.8042%]
3700	82.59459459%	[81.3393%, 83.7823%]
3701	82.59929749%	[81.3443%, 83.7867%]
3702	82.60399784%	[81.3493%, 83.7911%]
3703	82.60869565%	[81.3543%, 83.7956%]
3704	82.58639309%	[81.3315%, 83.7737%]
3705	82.59109312%	[81.3365%, 83.7781%]
3706	82.59579061%	[81.3415%, 83.7826%]
3707	82.60048557%	[81.3465%, 83.7870%]
3708	82.60517799%	[81.3515%, 83.7914%]
3709	82.60986789%	[81.3565%, 83.7958%]
3710	82.61455526%	[81.3615%, 83.8002%]
3711	82.61924010%	[81.3665%, 83.8046%]
3712	82.62392241%	[81.3714%, 83.8089%]
3713	82.62860221%	[81.3764%, 83.8133%]
3714	82.60635433%	[81.3538%, 83.7916%]
3715	82.58411844%	[81.3311%, 83.7698%]
3716	82.56189451%	[81.3085%, 83.7481%]
3717	82.56658596%	[81.3135%, 83.7525%]
3718	82.57127488%	[81.3184%, 83.7569%]
3719	82.57596128%	[81.3234%, 83.7613%]
3720	82.58064516%	[81.3284%, 83.7657%]
3721	82.58532653%	[81.3334%, 83.7701%]
3722	82.59000537%	[81.3384%, 83.7745%]
3723	82.59468171%	[81.3433%, 83.7788%]
3724	82.59935553%	[81.3483%, 83.7832%]
3725	82.57718121%	[81.3257%, 83.7615%]
3726	82.58185722%	[81.3307%, 83.7659%]
3727	82.58653072%	[81.3357%, 83.7703%]
3728	82.56437768%	[81.3131%, 83.7486%]
3729	82.56905337%	[81.3181%, 83.7530%]
3730	82.57372654%	[81.3230%, 83.7574%]
3731	82.57839721%	[81.3280%, 83.7618%]
3732	82.58306538%	[81.3330%, 83.7662%]
3733	82.58773105%	[81.3379%, 83.7705%]
3734	82.59239422%	[81.3429%, 83.7749%]
3735	82.59705489%	[81.3478%, 83.7793%]
3736	82.60171306%	[81.3528%, 83.7837%]
3737	82.60636874%	[81.3577%, 83.7880%]
3738	82.58426966%	[81.3352%, 83.7664%]
3739	82.58892752%	[81.3402%, 83.7708%]
3740	82.56684492%	[81.3177%, 83.7492%]
3741	82.57150495%	[81.3226%, 83.7536%]
3742	82.57616248%	[81.3276%, 83.7579%]
3743	82.55410099%	[81.3051%, 83.7363%]
3744	82.55876068%	[81.3101%, 83.7407%]
3745	82.56341789%	[81.3150%, 83.7451%]
3746	82.56807261%	[81.3200%, 83.7495%]
3747	82.57272485%	[81.3249%, 83.7538%]
3748	82.57737460%	[81.3299%, 83.7582%]
3749	82.58202187%	[81.3348%, 83.7625%]
3750	82.58666667%	[81.3397%, 83.7669%]
3751	82.59130898%	[81.3447%, 83.7713%]
3752	82.59594883%	[81.3496%, 83.7756%]
3753	82.60058620%	[81.3545%, 83.7800%]
3754	82.60522110%	[81.3595%, 83.7843%]
3755	82.60985353%	[81.3644%, 83.7887%]
3756	82.61448349%	[81.3693%, 83.7930%]
3757	82.61911099%	[81.3742%, 83.7974%]
3758	82.62373603%	[81.3791%, 83.8017%]
3759	82.62835861%	[81.3841%, 83.8060%]
3760	82.60638298%	[81.3617%, 83.7845%]
3761	82.61100771%	[81.3666%, 83.7889%]
3762	82.61562998%	[81.3715%, 83.7932%]
3763	82.59367526%	[81.3491%, 83.7717%]
3764	82.59829968%	[81.3541%, 83.7761%]
3765	82.60292165%	[81.3590%, 83.7804%]
3766	82.60754116%	[81.3639%, 83.7847%]
3767	82.58561189%	[81.3415%, 83.7633%]
3768	82.56369427%	[81.3192%, 83.7418%]
3769	82.56832051%	[81.3241%, 83.7462%]
3770	82.54641910%	[81.3018%, 83.7248%]
3771	82.55104747%	[81.3067%, 83.7291%]
3772	82.55567338%	[81.3117%, 83.7334%]
3773	82.56029685%	[81.3166%, 83.7378%]
3774	82.56491786%	[81.3215%, 83.7421%]
3775	82.56953642%	[81.3264%, 83.7465%]
3776	82.57415254%	[81.3313%, 83.7508%]
3777	82.55229018%	[81.3090%, 83.7294%]
3778	82.55690842%	[81.3139%, 83.7337%]
3779	82.56152421%	[81.3189%, 83.7381%]
3780	82.53968254%	[81.2966%, 83.7167%]
3781	82.54430045%	[81.3015%, 83.7210%]
3782	82.54891592%	[81.3064%, 83.7254%]
3783	82.55352895%	[81.3113%, 83.7297%]
3784	82.55813953%	[81.3162%, 83.7340%]
3785	82.56274769%	[81.3211%, 83.7383%]
3786	82.54094031%	[81.2989%, 83.7170%]
3787	82.51914444%	[81.2767%, 83.6957%]
3788	82.52375924%	[81.2816%, 83.7000%]
3789	82.50197941%	[81.2594%, 83.6787%]
3790	82.50659631%	[81.2643%, 83.6830%]
3791	82.48483250%	[81.2422%, 83.6617%]
3792	82.46308017%	[81.2200%, 83.6404%]
3793	82.44133931%	[81.1979%, 83.6192%]
3794	82.44596732%	[81.2028%, 83.6235%]
3795	82.42424242%	[81.1807%, 83.6022%]
3796	82.42887250%	[81.1856%, 83.6066%]
3797	82.43350013%	[81.1905%, 83.6109%]
3798	82.43812533%	[81.1954%, 83.6153%]
3799	82.44274809%	[81.2003%, 83.6196%]
3800	82.42105263%	[81.1782%, 83.5984%]
3801	82.39936859%	[81.1562%, 83.5772%]
3802	82.40399790%	[81.1611%, 83.5815%]
3803	82.38232974%	[81.1390%, 83.5603%]
3804	82.38696109%	[81.1439%, 83.5646%]
3805	82.39159001%	[81.1488%, 83.5690%]
3806	82.39621650%	[81.1538%, 83.5733%]
3807	82.40084056%	[81.1587%, 83.5777%]
3808	82.40546218%	[81.1636%, 83.5820%]
3809	82.41008139%	[81.1685%, 83.5864%]
3810	82.41469816%	[81.1734%, 83.5907%]
3811	82.41931252%	[81.1783%, 83.5950%]
3812	82.42392445%	[81.1832%, 83.5994%]
3813	82.42853396%	[81.1881%, 83.6037%]
3814	82.43314106%	[81.1930%, 83.6080%]
3815	82.43774574%	[81.1979%, 83.6124%]
3816	82.44234801%	[81.2028%, 83.6167%]
3817	82.44694786%	[81.2076%, 83.6210%]
3818	82.42535359%	[81.1857%, 83.5999%]
3819	82.42995549%	[81.1905%, 83.6042%]
3820	82.43455497%	[81.1954%, 83.6085%]
3821	82.43915205%	[81.2003%, 83.6128%]
3822	82.44374673%	[81.2052%, 83.6171%]
3823	82.44833900%	[81.2101%, 83.6215%]
3824	82.45292887%	[81.2149%, 83.6258%]
3825	82.45751634%	[81.2198%, 83.6301%]
3826	82.46210141%	[81.2247%, 83.6344%]
3827	82.46668409%	[81.2296%, 83.6387%]
3828	82.47126437%	[81.2344%, 83.6430%]
3829	82.44972578%	[81.2125%, 83.6219%]
3830	82.45430809%	[81.2174%, 83.6262%]
3831	82.45888802%	[81.2222%, 83.6305%]
3832	82.46346555%	[81.2271%, 83.6348%]
3833	82.44195147%	[81.2052%, 83.6138%]
3834	82.44653104%	[81.2100%, 83.6181%]
3835	82.42503259%	[81.1882%, 83.5970%]
3836	82.40354536%	[81.1663%, 83.5760%]
3837	82.38206932%	[81.1444%, 83.5550%]
3838	82.38665972%	[81.1493%, 83.5593%]
3839	82.39124772%	[81.1542%, 83.5636%]
3840	82.39583333%	[81.1590%, 83.5679%]
3841	82.40041656%	[81.1639%, 83.5722%]
3842	82.40499740%	[81.1688%, 83.5765%]
3843	82.38355451%	[81.1469%, 83.5555%]
3844	82.38813736%	[81.1518%, 83.5598%]
3845	82.39271782%	[81.1567%, 83.5641%]
3846	82.39729589%	[81.1615%, 83.5684%]
3847	82.40187159%	[81.1664%, 83.5727%]
3848	82.40644491%	[81.1712%, 83.5770%]
3849	82.41101585%	[81.1761%, 83.5813%]
3850	82.38961039%	[81.1543%, 83.5604%]
3851	82.39418333%	[81.1591%, 83.5647%]
3852	82.39875389%	[81.1640%, 83.5690%]
3853	82.40332209%	[81.1688%, 83.5732%]
3854	82.40788791%	[81.1737%, 83.5775%]
3855	82.41245136%	[81.1785%, 83.5818%]
3856	82.41701245%	[81.1834%, 83.5861%]
3857	82.42157117%	[81.1882%, 83.5904%]
3858	82.40020736%	[81.1665%, 83.5695%]
3859	82.40476807%	[81.1713%, 83.5738%]
3860	82.40932642%	[81.1762%, 83.5781%]
3861	82.41388241%	[81.1810%, 83.5823%]
3862	82.41843604%	[81.1858%, 83.5866%]
3863	82.39710070%	[81.1641%, 83.5657%]
3864	82.40165631%	[81.1689%, 83.5700%]
3865	82.40620957%	[81.1738%, 83.5743%]
3866	82.41076048%	[81.1786%, 83.5786%]
3867	82.41530903%	[81.1834%, 83.5828%]
3868	82.41985522%	[81.1883%, 83.5871%]
3869	82.42439907%	[81.1931%, 83.5914%]
3870	82.42894057%	[81.1979%, 83.5957%]
3871	82.43347972%	[81.2027%, 83.5999%]
3872	82.43801653%	[81.2075%, 83.6042%]
3873	82.44255099%	[81.2124%, 83.6084%]
3874	82.42127001%	[81.1907%, 83.5876%]
3875	82.42580645%	[81.1955%, 83.5919%]
3876	82.43034056%	[81.2003%, 83.5961%]
3877	82.43487232%	[81.2051%, 83.6004%]
3878	82.43940175%	[81.2099%, 83.6047%]
3879	82.44392885%	[81.2148%, 83.6089%]
3880	82.44845361%	[81.2196%, 83.6132%]
3881	82.42720948%	[81.1979%, 83.5924%]
3882	82.43173622%	[81.2027%, 83.5966%]
3883	82.43626062%	[81.2075%, 83.6009%]
3884	82.44078270%	[81.2123%, 83.6051%]
3885	82.44530245%	[81.2171%, 83.6094%]
3886	82.44981987%	[81.2219%, 83.6136%]
3887	82.45433496%	[81.2267%, 83.6179%]
3888	82.45884774%	[81.2315%, 83.6221%]
3889	82.46335819%	[81.2363%, 83.6263%]
3890	82.46786632%	[81.2411%, 83.6306%]
3891	82.44667181%	[81.2195%, 83.6098%]
3892	82.45118191%	[81.2243%, 83.6141%]
3893	82.43000257%	[81.2027%, 83.5933%]
3894	82.43451464%	[81.2075%, 83.5976%]
3895	82.41335045%	[81.1860%, 83.5768%]
3896	82.41786448%	[81.1908%, 83.5811%]
3897	82.42237619%	[81.1956%, 83.5853%]
3898	82.42688558%	[81.2003%, 83.5896%]
3899	82.43139266%	[81.2051%, 83.5938%]
3900	82.43589744%	[81.2099%, 83.5980%]
3901	82.41476544%	[81.1884%, 83.5774%]
3902	82.41927217%	[81.1932%, 83.5816%]
3903	82.42377658%	[81.1980%, 83.5858%]
3904	82.42827869%	[81.2027%, 83.5901%]
3905	82.43277849%	[81.2075%, 83.5943%]
3906	82.43727599%	[81.2123%, 83.5985%]
3907	82.44177118%	[81.2171%, 83.6027%]
3908	82.44626407%	[81.2218%, 83.6070%]
3909	82.45075467%	[81.2266%, 83.6112%]
3910	82.45524297%	[81.2314%, 83.6154%]
3911	82.45972897%	[81.2361%, 83.6196%]
3912	82.43865031%	[81.2147%, 83.5990%]
3913	82.44313826%	[81.2194%, 83.6032%]
3914	82.44762391%	[81.2242%, 83.6074%]
3915	82.45210728%	[81.2290%, 83.6116%]
3916	82.45658836%	[81.2337%, 83.6159%]
3917	82.46106714%	[81.2385%, 83.6201%]
3918	82.46554364%	[81.2432%, 83.6243%]
3919	82.47001786%	[81.2480%, 83.6285%]
3920	82.44897959%	[81.2265%, 83.6079%]
3921	82.45345575%	[81.2313%, 83.6121%]
3922	82.45792963%	[81.2360%, 83.6163%]
3923	82.46240122%	[81.2408%, 83.6205%]
3924	82.46687054%	[81.2455%, 83.6247%]
3925	82.47133758%	[81.2503%, 83.6289%]
3926	82.45033113%	[81.2289%, 83.6083%]
3927	82.45480010%	[81.2336%, 83.6125%]
3928	82.45926680%	[81.2384%, 83.6167%]
3929	82.43827946%	[81.2170%, 83.5962%]
3930	82.44274809%	[81.2217%, 83.6004%]
3931	82.44721445%	[81.2265%, 83.6046%]
3932	82.45167854%	[81.2312%, 83.6088%]
3933	82.45614035%	[81.2360%, 83.6130%]
3934	82.46059990%	[81.2407%, 83.6172%]
3935	82.46505718%	[81.2454%, 83.6214%]
3936	82.46951220%	[81.2502%, 83.6256%]
3937	82.47396495%	[81.2549%, 83.6297%]
3938	82.47841544%	[81.2596%, 83.6339%]
3939	82.48286367%	[81.2643%, 83.6381%]
3940	82.48730964%	[81.2690%, 83.6423%]
3941	82.46637909%	[81.2477%, 83.6218%]
3942	82.47082699%	[81.2525%, 83.6260%]
3943	82.47527264%	[81.2572%, 83.6302%]
3944	82.47971602%	[81.2619%, 83.6343%]
3945	82.45880862%	[81.2406%, 83.6139%]
3946	82.46325393%	[81.2453%, 83.6180%]
3947	82.46769699%	[81.2500%, 83.6222%]
3948	82.47213779%	[81.2547%, 83.6264%]
3949	82.47657635%	[81.2595%, 83.6306%]
3950	82.45569620%	[81.2382%, 83.6101%]
3951	82.46013667%	[81.2429%, 83.6143%]
3952	82.46457490%	[81.2476%, 83.6185%]
3953	82.44371364%	[81.2264%, 83.5980%]
3954	82.44815377%	[81.2311%, 83.6022%]
3955	82.45259166%	[81.2358%, 83.6064%]
3956	82.45702730%	[81.2405%, 83.6106%]
3957	82.46146070%	[81.2452%, 83.6147%]
3958	82.44062658%	[81.2240%, 83.5943%]
3959	82.44506188%	[81.2287%, 83.5985%]
3960	82.44949495%	[81.2334%, 83.6027%]
3961	82.42867963%	[81.2122%, 83.5823%]
3962	82.43311459%	[81.2169%, 83.5865%]
3963	82.43754731%	[81.2216%, 83.5906%]
3964	82.44197780%	[81.2263%, 83.5948%]
3965	82.44640605%	[81.2310%, 83.5990%]
3966	82.45083207%	[81.2357%, 83.6031%]
3967	82.45525586%	[81.2404%, 83.6073%]
3968	82.43447581%	[81.2193%, 83.5869%]
3969	82.43890149%	[81.2240%, 83.5911%]
3970	82.44332494%	[81.2287%, 83.5953%]
3971	82.44774616%	[81.2334%, 83.5994%]
3972	82.45216516%	[81.2380%, 83.6036%]
3973	82.45658193%	[81.2427%, 83.6077%]
3974	82.46099648%	[81.2474%, 83.6119%]
3975	82.46540881%	[81.2521%, 83.6160%]
3976	82.46981891%	[81.2568%, 83.6202%]
3977	82.47422680%	[81.2615%, 83.6243%]
3978	82.47863248%	[81.2661%, 83.6285%]
3979	82.48303594%	[81.2708%, 83.6326%]
3980	82.46231156%	[81.2497%, 83.6123%]
3981	82.46671691%	[81.2544%, 83.6165%]
3982	82.47112004%	[81.2590%, 83.6206%]
3983	82.47552096%	[81.2637%, 83.6247%]
3984	82.47991968%	[81.2684%, 83.6289%]
3985	82.48431619%	[81.2730%, 83.6330%]
3986	82.48871049%	[81.2777%, 83.6372%]
3987	82.49310258%	[81.2824%, 83.6413%]
3988	82.49749248%	[81.2870%, 83.6454%]
3989	82.50188017%	[81.2917%, 83.6495%]
3990	82.48120301%	[81.2706%, 83.6293%]
3991	82.48559258%	[81.2753%, 83.6334%]
3992	82.48997996%	[81.2799%, 83.6375%]
3993	82.46932131%	[81.2589%, 83.6173%]
3994	82.44867301%	[81.2379%, 83.5971%]
3995	82.42803504%	[81.2169%, 83.5769%]
3996	82.43243243%	[81.2216%, 83.5810%]
3997	82.43682762%	[81.2262%, 83.5852%]
3998	82.44122061%	[81.2309%, 83.5893%]
3999	82.44561140%	[81.2355%, 83.5934%]
4000	82.42500000%	[81.2146%, 83.5732%]
4001	82.42939265%	[81.2192%, 83.5774%]
4002	82.43378311%	[81.2239%, 83.5815%]
4003	82.43817137%	[81.2285%, 83.5856%]
4004	82.44255744%	[81.2332%, 83.5897%]
4005	82.44694132%	[81.2378%, 83.5939%]
4006	82.42636046%	[81.2169%, 83.5737%]
4007	82.43074619%	[81.2215%, 83.5778%]
4008	82.41017964%	[81.2006%, 83.5577%]
4009	82.41456722%	[81.2052%, 83.5618%]
4010	82.41895262%	[81.2099%, 83.5660%]
4011	82.42333583%	[81.2145%, 83.5701%]
4012	82.42771685%	[81.2192%, 83.5742%]
4013	82.43209569%	[81.2238%, 83.5783%]
4014	82.43647235%	[81.2285%, 83.5824%]
4015	82.44084682%	[81.2331%, 83.5866%]
4016	82.42031873%	[81.2122%, 83.5664%]
4017	82.42469505%	[81.2169%, 83.5706%]
4018	82.42906919%	[81.2215%, 83.5747%]
4019	82.43344115%	[81.2261%, 83.5788%]
4020	82.43781095%	[81.2308%, 83.5829%]
4021	82.44217856%	[81.2354%, 83.5870%]
4022	82.44654401%	[81.2400%, 83.5911%]
4023	82.45090728%	[81.2447%, 83.5952%]
4024	82.45526839%	[81.2493%, 83.5993%]
4025	82.45962733%	[81.2539%, 83.6034%]
4026	82.46398410%	[81.2585%, 83.6075%]
4027	82.46833871%	[81.2632%, 83.6116%]
4028	82.44786495%	[81.2423%, 83.5916%]
4029	82.45222139%	[81.2469%, 83.5957%]
4030	82.43176179%	[81.2261%, 83.5756%]
4031	82.43612007%	[81.2307%, 83.5797%]
4032	82.44047619%	[81.2354%, 83.5838%]
4033	82.44483015%	[81.2400%, 83.5879%]
4034	82.44918195%	[81.2446%, 83.5920%]
4035	82.45353160%	[81.2492%, 83.5961%]
4036	82.43310208%	[81.2284%, 83.5761%]
4037	82.43745355%	[81.2330%, 83.5802%]
4038	82.44180287%	[81.2376%, 83.5843%]
4039	82.44615004%	[81.2422%, 83.5884%]
4040	82.45049505%	[81.2469%, 83.5925%]
4041	82.45483791%	[81.2515%, 83.5966%]
4042	82.45917862%	[81.2561%, 83.6007%]
4043	82.46351719%	[81.2607%, 83.6047%]
4044	82.46785361%	[81.2653%, 83.6088%]
4045	82.47218789%	[81.2699%, 83.6129%]
4046	82.47652002%	[81.2745%, 83.6170%]
4047	82.45614035%	[81.2537%, 83.5970%]
4048	82.43577075%	[81.2330%, 83.5771%]
4049	82.44010867%	[81.2376%, 83.5811%]
4050	82.41975309%	[81.2169%, 83.5612%]
4051	82.42409282%	[81.2215%, 83.5653%]
4052	82.42843040%	[81.2261%, 83.5694%]
4053	82.43276585%	[81.2307%, 83.5735%]
4054	82.43709916%	[81.2353%, 83.5775%]
4055	82.44143033%	[81.2398%, 83.5816%]
4056	82.44575937%	[81.2444%, 83.5857%]
4057	82.45008627%	[81.2490%, 83.5898%]
4058	82.42976836%	[81.2283%, 83.5699%]
4059	82.43409707%	[81.2329%, 83.5739%]
4060	82.41379310%	[81.2123%, 83.5540%]
4061	82.41812361%	[81.2169%, 83.5581%]
4062	82.42245199%	[81.2214%, 83.5622%]
4063	82.42677824%	[81.2260%, 83.5663%]
4064	82.40649606%	[81.2054%, 83.5464%]
4065	82.41082411%	[81.2100%, 83.5505%]
4066	82.41515002%	[81.2146%, 83.5545%]
4067	82.41947381%	[81.2192%, 83.5586%]
4068	82.42379548%	[81.2237%, 83.5627%]
4069	82.42811502%	[81.2283%, 83.5667%]
4070	82.43243243%	[81.2329%, 83.5708%]
4071	82.43674773%	[81.2375%, 83.5749%]
4072	82.44106090%	[81.2420%, 83.5789%]
4073	82.44537196%	[81.2466%, 83.5830%]
4074	82.42513500%	[81.2260%, 83.5632%]
4075	82.42944785%	[81.2306%, 83.5672%]
4076	82.40922473%	[81.2100%, 83.5474%]
4077	82.41353937%	[81.2146%, 83.5515%]
4078	82.41785189%	[81.2191%, 83.5555%]
4079	82.42216229%	[81.2237%, 83.5596%]
4080	82.40196078%	[81.2032%, 83.5398%]
4081	82.40627297%	[81.2077%, 83.5439%]
4082	82.41058305%	[81.2123%, 83.5479%]
4083	82.41489101%	[81.2169%, 83.5520%]
4084	82.41919687%	[81.2214%, 83.5560%]
4085	82.42350061%	[81.2260%, 83.5601%]
4086	82.42780225%	[81.2306%, 83.5641%]
4087	82.43210179%	[81.2351%, 83.5682%]
4088	82.41193738%	[81.2146%, 83.5484%]
4089	82.39178283%	[81.1941%, 83.5287%]
4090	82.39608802%	[81.1986%, 83.5327%]
4091	82.40039110%	[81.2032%, 83.5368%]
4092	82.38025415%	[81.1827%, 83.5171%]
4093	82.38455900%	[81.1873%, 83.5211%]
4094	82.38886175%	[81.1918%, 83.5252%]
4095	82.39316239%	[81.1964%, 83.5292%]
4096	82.39746094%	[81.2010%, 83.5333%]
4097	82.40175738%	[81.2055%, 83.5373%]
4098	82.40605173%	[81.2101%, 83.5413%]
4099	82.41034399%	[81.2146%, 83.5454%]
4100	82.41463415%	[81.2192%, 83.5494%]
4101	82.41892221%	[81.2237%, 83.5535%]
4102	82.39882984%	[81.2033%, 83.5338%]
4103	82.40311967%	[81.2078%, 83.5378%]
4104	82.40740741%	[81.2123%, 83.5419%]
4105	82.41169306%	[81.2169%, 83.5459%]
4106	82.41597662%	[81.2214%, 83.5499%]
4107	82.42025810%	[81.2260%, 83.5540%]
4108	82.42453749%	[81.2305%, 83.5580%]
4109	82.42881480%	[81.2350%, 83.5620%]
4110	82.43309002%	[81.2396%, 83.5660%]
4111	82.43736317%	[81.2441%, 83.5701%]
4112	82.44163424%	[81.2486%, 83.5741%]
4113	82.44590323%	[81.2531%, 83.5781%]
4114	82.45017015%	[81.2577%, 83.5821%]
4115	82.45443499%	[81.2622%, 83.5861%]
4116	82.45869776%	[81.2667%, 83.5902%]
4117	82.46295846%	[81.2712%, 83.5942%]
4118	82.46721710%	[81.2757%, 83.5982%]
4119	82.44719592%	[81.2554%, 83.5786%]
4120	82.45145631%	[81.2599%, 83.5826%]
4121	82.43144868%	[81.2395%, 83.5630%]
4122	82.43571082%	[81.2440%, 83.5670%]
4123	82.43997089%	[81.2485%, 83.5710%]
4124	82.44422890%	[81.2531%, 83.5750%]
4125	82.44848485%	[81.2576%, 83.5790%]
4126	82.45273873%	[81.2621%, 83.5830%]
4127	82.43275987%	[81.2417%, 83.5635%]
4128	82.43701550%	[81.2463%, 83.5675%]
4129	82.44126907%	[81.2508%, 83.5715%]
4130	82.44552058%	[81.2553%, 83.5755%]
4131	82.44977003%	[81.2598%, 83.5795%]
4132	82.45401742%	[81.2643%, 83.5835%]
4133	82.45826276%	[81.2688%, 83.5875%]
4134	82.46250605%	[81.2733%, 83.5915%]
4135	82.46674728%	[81.2778%, 83.5955%]
4136	82.47098646%	[81.2823%, 83.5995%]
4137	82.47522359%	[81.2867%, 83.6034%]
4138	82.47945868%	[81.2912%, 83.6074%]
4139	82.48369171%	[81.2957%, 83.6114%]
4140	82.48792271%	[81.3002%, 83.6154%]
4141	82.49215165%	[81.3047%, 83.6194%]
4142	82.47223563%	[81.2844%, 83.5999%]
4143	82.47646633%	[81.2889%, 83.6039%]
4144	82.48069498%	[81.2934%, 83.6078%]
4145	82.48492159%	[81.2979%, 83.6118%]
4146	82.48914616%	[81.3023%, 83.6158%]
4147	82.49336870%	[81.3068%, 83.6198%]
4148	82.47348120%	[81.2866%, 83.6003%]
4149	82.47770547%	[81.2911%, 83.6043%]
4150	82.45783133%	[81.2708%, 83.5848%]
4151	82.46205734%	[81.2753%, 83.5888%]
4152	82.44219653%	[81.2551%, 83.5693%]
4153	82.44642427%	[81.2596%, 83.5733%]
4154	82.45064998%	[81.2641%, 83.5773%]
4155	82.45487365%	[81.2685%, 83.5813%]
4156	82.45909528%	[81.2730%, 83.5852%]
4157	82.43925908%	[81.2528%, 83.5658%]
4158	82.44348244%	[81.2573%, 83.5698%]
4159	82.42365953%	[81.2371%, 83.5504%]
4160	82.42788462%	[81.2416%, 83.5543%]
4161	82.43210767%	[81.2461%, 83.5583%]
4162	82.43632869%	[81.2505%, 83.5623%]
4163	82.44054768%	[81.2550%, 83.5663%]
4164	82.44476465%	[81.2595%, 83.5702%]
4165	82.42496999%	[81.2393%, 83.5508%]
4166	82.42918867%	[81.2438%, 83.5548%]
4167	82.43340533%	[81.2483%, 83.5588%]
4168	82.43761996%	[81.2527%, 83.5628%]
4169	82.41784601%	[81.2326%, 83.5434%]
4170	82.42206235%	[81.2371%, 83.5474%]
4171	82.42627667%	[81.2416%, 83.5513%]
4172	82.43048897%	[81.2460%, 83.5553%]
4173	82.43469926%	[81.2505%, 83.5593%]
4174	82.43890752%	[81.2549%, 83.5632%]
4175	82.44311377%	[81.2594%, 83.5672%]
4176	82.44731801%	[81.2638%, 83.5711%]
4177	82.45152023%	[81.2683%, 83.5751%]
4178	82.45572044%	[81.2728%, 83.5791%]
4179	82.43598947%	[81.2527%, 83.5597%]
4180	82.44019139%	[81.2571%, 83.5637%]
4181	82.44439129%	[81.2616%, 83.5676%]
4182	82.44858919%	[81.2660%, 83.5716%]
4183	82.42887880%	[81.2460%, 83.5523%]
4184	82.40917782%	[81.2259%, 83.5330%]
4185	82.41338112%	[81.2304%, 83.5369%]
4186	82.41758242%	[81.2348%, 83.5409%]
4187	82.42178171%	[81.2393%, 83.5449%]
4188	82.42597899%	[81.2437%, 83.5488%]
4189	82.43017427%	[81.2482%, 83.5528%]
4190	82.43436754%	[81.2526%, 83.5567%]
4191	82.41469816%	[81.2326%, 83.5374%]
4192	82.41889313%	[81.2370%, 83.5414%]
4193	82.42308610%	[81.2415%, 83.5453%]
4194	82.42727706%	[81.2459%, 83.5493%]
4195	82.43146603%	[81.2504%, 83.5532%]
4196	82.43565300%	[81.2548%, 83.5572%]
4197	82.43983798%	[81.2592%, 83.5611%]
4198	82.44402096%	[81.2637%, 83.5651%]
4199	82.42438676%	[81.2437%, 83.5458%]
4200	82.42857143%	[81.2481%, 83.5498%]
4201	82.40895025%	[81.2281%, 83.5305%]
4202	82.41313660%	[81.2326%, 83.5345%]
4203	82.41732096%	[81.2370%, 83.5384%]
4204	82.42150333%	[81.2414%, 83.5424%]
4205	82.42568371%	[81.2459%, 83.5463%]
4206	82.42986210%	[81.2503%, 83.5502%]
4207	82.41026860%	[81.2304%, 83.5310%]
4208	82.41444867%	[81.2348%, 83.5350%]
4209	82.41862675%	[81.2392%, 83.5389%]
4210	82.42280285%	[81.2436%, 83.5429%]
4211	82.40322964%	[81.2237%, 83.5237%]
4212	82.40740741%	[81.2281%, 83.5276%]
4213	82.41158319%	[81.2326%, 83.5315%]
4214	82.41575700%	[81.2370%, 83.5355%]
4215	82.41992883%	[81.2414%, 83.5394%]
4216	82.42409867%	[81.2458%, 83.5433%]
4217	82.42826654%	[81.2502%, 83.5473%]
4218	82.40872451%	[81.2304%, 83.5281%]
4219	82.41289405%	[81.2348%, 83.5320%]
4220	82.41706161%	[81.2392%, 83.5360%]
4221	82.42122720%	[81.2436%, 83.5399%]
4222	82.42539081%	[81.2480%, 83.5438%]
4223	82.40587260%	[81.2281%, 83.5247%]
4224	82.41003788%	[81.2326%, 83.5286%]
4225	82.41420118%	[81.2370%, 83.5325%]
4226	82.41836252%	[81.2414%, 83.5365%]
4227	82.42252188%	[81.2458%, 83.5404%]
4228	82.42667928%	[81.2502%, 83.5443%]
4229	82.43083471%	[81.2546%, 83.5482%]
4230	82.43498818%	[81.2590%, 83.5521%]
4231	82.43913968%	[81.2634%, 83.5561%]
4232	82.44328922%	[81.2678%, 83.5600%]
4233	82.44743681%	[81.2722%, 83.5639%]
4234	82.45158243%	[81.2766%, 83.5678%]
4235	82.45572609%	[81.2809%, 83.5717%]
4236	82.45986780%	[81.2853%, 83.5756%]
4237	82.46400755%	[81.2897%, 83.5795%]
4238	82.46814535%	[81.2941%, 83.5834%]
4239	82.47228120%	[81.2985%, 83.5873%]
4240	82.47641509%	[81.3029%, 83.5912%]
4241	82.48054704%	[81.3072%, 83.5951%]
4242	82.48467704%	[81.3116%, 83.5990%]
4243	82.48880509%	[81.3160%, 83.6029%]
4244	82.49293120%	[81.3203%, 83.6067%]
4245	82.49705536%	[81.3247%, 83.6106%]
4246	82.50117758%	[81.3291%, 83.6145%]
4247	82.50529786%	[81.3334%, 83.6184%]
4248	82.50941620%	[81.3378%, 83.6223%]
4249	82.51353260%	[81.3422%, 83.6262%]
4250	82.51764706%	[81.3465%, 83.6300%]
4251	82.52175959%	[81.3509%, 83.6339%]
4252	82.52587018%	[81.3552%, 83.6378%]
4253	82.52997884%	[81.3596%, 83.6417%]
4254	82.51057828%	[81.3398%, 83.6227%]
4255	82.51468860%	[81.3442%, 83.6265%]
4256	82.51879699%	[81.3485%, 83.6304%]
4257	82.52290345%	[81.3529%, 83.6343%]
4258	82.52700798%	[81.3572%, 83.6381%]
4259	82.53111059%	[81.3616%, 83.6420%]
4260	82.53521127%	[81.3659%, 83.6459%]
4261	82.53931002%	[81.3703%, 83.6497%]
4262	82.54340685%	[81.3746%, 83.6536%]
4263	82.54750176%	[81.3789%, 83.6574%]
4264	82.52814259%	[81.3592%, 83.6385%]
4265	82.53223916%	[81.3636%, 83.6423%]
4266	82.53633380%	[81.3679%, 83.6462%]
4267	82.51699086%	[81.3482%, 83.6272%]
4268	82.52108716%	[81.3526%, 83.6311%]
4269	82.52518154%	[81.3569%, 83.6350%]
4270	82.52927400%	[81.3613%, 83.6388%]
4271	82.53336455%	[81.3656%, 83.6427%]
4272	82.53745318%	[81.3699%, 83.6465%]
4273	82.51813714%	[81.3503%, 83.6276%]
4274	82.52222742%	[81.3546%, 83.6315%]
4275	82.52631579%	[81.3589%, 83.6353%]
4276	82.53040225%	[81.3632%, 83.6392%]
4277	82.51110592%	[81.3436%, 83.6202%]
4278	82.51519402%	[81.3479%, 83.6241%]
4279	82.51928021%	[81.3523%, 83.6280%]
4280	82.52336449%	[81.3566%, 83.6318%]
4281	82.50408783%	[81.3370%, 83.6129%]
4282	82.50817375%	[81.3413%, 83.6168%]
4283	82.51225776%	[81.3456%, 83.6206%]
4284	82.51633987%	[81.3500%, 83.6245%]
4285	82.52042007%	[81.3543%, 83.6283%]
4286	82.52449837%	[81.3586%, 83.6322%]
4287	82.52857476%	[81.3629%, 83.6360%]
4288	82.53264925%	[81.3672%, 83.6398%]
4289	82.53672185%	[81.3715%, 83.6437%]
4290	82.54079254%	[81.3758%, 83.6475%]
4291	82.54486134%	[81.3802%, 83.6513%]
4292	82.54892824%	[81.3845%, 83.6552%]
4293	82.55299324%	[81.3888%, 83.6590%]
4294	82.55705636%	[81.3931%, 83.6628%]
4295	82.56111758%	[81.3974%, 83.6667%]
4296	82.56517691%	[81.4017%, 83.6705%]
4297	82.56923435%	[81.4060%, 83.6743%]
4298	82.57328990%	[81.4103%, 83.6781%]
4299	82.55408234%	[81.3907%, 83.6593%]
4300	82.53488372%	[81.3712%, 83.6405%]
4301	82.53894443%	[81.3755%, 83.6443%]
4302	82.51975825%	[81.3560%, 83.6255%]
4303	82.50058099%	[81.3364%, 83.6067%]
4304	82.50464684%	[81.3408%, 83.6106%]
4305	82.50871080%	[81.3451%, 83.6144%]
4306	82.51277288%	[81.3494%, 83.6182%]
4307	82.51683306%	[81.3537%, 83.6221%]
4308	82.49767874%	[81.3342%, 83.6033%]
4309	82.50174054%	[81.3385%, 83.6071%]
4310	82.50580046%	[81.3428%, 83.6109%]
4311	82.50985850%	[81.3471%, 83.6148%]
4312	82.51391466%	[81.3514%, 83.6186%]
4313	82.49478321%	[81.3319%, 83.5998%]
4314	82.49884098%	[81.3362%, 83.6037%]
4315	82.50289687%	[81.3405%, 83.6075%]
4316	82.50695088%	[81.3448%, 83.6113%]
4317	82.51100301%	[81.3491%, 83.6151%]
4318	82.51505327%	[81.3534%, 83.6190%]
4319	82.51910164%	[81.3576%, 83.6228%]
4320	82.52314815%	[81.3619%, 83.6266%]
4321	82.52719278%	[81.3662%, 83.6304%]
4322	82.53123554%	[81.3705%, 83.6342%]
4323	82.51214434%	[81.3511%, 83.6155%]
4324	82.51618871%	[81.3553%, 83.6193%]
4325	82.52023121%	[81.3596%, 83.6231%]
4326	82.52427184%	[81.3639%, 83.6269%]
4327	82.50519991%	[81.3445%, 83.6082%]
4328	82.50924214%	[81.3488%, 83.6121%]
4329	82.49018249%	[81.3294%, 83.5934%]
4330	82.47113164%	[81.3100%, 83.5747%]
4331	82.47517894%	[81.3143%, 83.5785%]
4332	82.47922438%	[81.3186%, 83.5823%]
4333	82.48326794%	[81.3228%, 83.5861%]
4334	82.48730964%	[81.3271%, 83.5900%]
4335	82.49134948%	[81.3314%, 83.5938%]
4336	82.49538745%	[81.3357%, 83.5976%]
4337	82.47636615%	[81.3163%, 83.5789%]
4338	82.48040572%	[81.3206%, 83.5827%]
4339	82.46139664%	[81.3013%, 83.5641%]
4340	82.46543779%	[81.3055%, 83.5679%]
4341	82.46947708%	[81.3098%, 83.5717%]
4342	82.47351451%	[81.3141%, 83.5755%]
4343	82.47755008%	[81.3184%, 83.5793%]
4344	82.48158379%	[81.3226%, 83.5831%]
4345	82.46260069%	[81.3033%, 83.5645%]
4346	82.46663599%	[81.3076%, 83.5683%]
4347	82.44766506%	[81.2883%, 83.5497%]
4348	82.45170193%	[81.2926%, 83.5536%]
4349	82.43274316%	[81.2733%, 83.5350%]
4350	82.41379310%	[81.2540%, 83.5164%]
4351	82.41783498%	[81.2583%, 83.5202%]
4352	82.42187500%	[81.2626%, 83.5240%]
4353	82.42591316%	[81.2668%, 83.5278%]
4354	82.42994947%	[81.2711%, 83.5316%]
4355	82.43398393%	[81.2754%, 83.5354%]
4356	82.43801653%	[81.2796%, 83.5392%]
4357	82.44204728%	[81.2839%, 83.5430%]
4358	82.44607618%	[81.2882%, 83.5468%]
4359	82.45010323%	[81.2924%, 83.5506%]
4360	82.45412844%	[81.2967%, 83.5544%]
4361	82.45815180%	[81.3009%, 83.5582%]
4362	82.43924805%	[81.2817%, 83.5397%]
4363	82.44327298%	[81.2860%, 83.5435%]
4364	82.44729606%	[81.2902%, 83.5473%]
4365	82.42840779%	[81.2710%, 83.5288%]
4366	82.43243243%	[81.2753%, 83.5326%]
4367	82.43645523%	[81.2795%, 83.5364%]
4368	82.44047619%	[81.2838%, 83.5402%]
4369	82.44449531%	[81.2880%, 83.5440%]
4370	82.42562929%	[81.2688%, 83.5255%]
4371	82.40677191%	[81.2497%, 83.5070%]
4372	82.38792315%	[81.2305%, 83.4885%]
4373	82.36908301%	[81.2113%, 83.4700%]
4374	82.37311385%	[81.2156%, 83.4738%]
4375	82.37714286%	[81.2199%, 83.4776%]
4376	82.38117002%	[81.2241%, 83.4814%]
4377	82.38519534%	[81.2284%, 83.4852%]
4378	82.38921882%	[81.2326%, 83.4890%]
4379	82.37040420%	[81.2135%, 83.4706%]
4380	82.37442922%	[81.2178%, 83.4744%]
4381	82.37845241%	[81.2220%, 83.4782%]
4382	82.38247376%	[81.2263%, 83.4820%]
4383	82.38649327%	[81.2305%, 83.4857%]
4384	82.39051095%	[81.2348%, 83.4895%]
4385	82.39452680%	[81.2390%, 83.4933%]
4386	82.37574099%	[81.2199%, 83.4749%]
4387	82.37975838%	[81.2242%, 83.4787%]
4388	82.38377393%	[81.2284%, 83.4825%]
4389	82.36500342%	[81.2093%, 83.4641%]
4390	82.36902050%	[81.2136%, 83.4679%]
4391	82.35026190%	[81.1945%, 83.4495%]
4392	82.33151184%	[81.1754%, 83.4311%]
4393	82.33553380%	[81.1797%, 83.4349%]
4394	82.33955394%	[81.1839%, 83.4387%]
4395	82.34357224%	[81.1882%, 83.4425%]
4396	82.34758872%	[81.1924%, 83.4463%]
4397	82.35160337%	[81.1967%, 83.4501%]
4398	82.35561619%	[81.2009%, 83.4538%]
4399	82.35962719%	[81.2052%, 83.4576%]
4400	82.36363636%	[81.2094%, 83.4614%]
4401	82.36764372%	[81.2136%, 83.4652%]
4402	82.37164925%	[81.2179%, 83.4690%]
4403	82.37565296%	[81.2221%, 83.4728%]
4404	82.37965486%	[81.2263%, 83.4765%]
4405	82.38365494%	[81.2306%, 83.4803%]
4406	82.38765320%	[81.2348%, 83.4841%]
4407	82.39164965%	[81.2390%, 83.4879%]
4408	82.39564428%	[81.2433%, 83.4916%]
4409	82.39963711%	[81.2475%, 83.4954%]
4410	82.38095238%	[81.2285%, 83.4771%]
4411	82.38494672%	[81.2327%, 83.4808%]
4412	82.38893926%	[81.2369%, 83.4846%]
4413	82.39292998%	[81.2411%, 83.4884%]
4414	82.37426371%	[81.2222%, 83.4701%]
4415	82.37825595%	[81.2264%, 83.4738%]
4416	82.38224638%	[81.2306%, 83.4776%]
4417	82.38623500%	[81.2348%, 83.4814%]
4418	82.39022182%	[81.2390%, 83.4851%]
4419	82.39420683%	[81.2433%, 83.4889%]
4420	82.39819005%	[81.2475%, 83.4926%]
4421	82.40217145%	[81.2517%, 83.4964%]
4422	82.38353686%	[81.2327%, 83.4781%]
4423	82.38751978%	[81.2369%, 83.4819%]
4424	82.39150090%	[81.2411%, 83.4857%]
4425	82.37288136%	[81.2222%, 83.4674%]
4426	82.35427022%	[81.2033%, 83.4491%]
4427	82.35825616%	[81.2075%, 83.4529%]
4428	82.36224029%	[81.2117%, 83.4567%]
4429	82.36622262%	[81.2159%, 83.4604%]
4430	82.37020316%	[81.2201%, 83.4642%]
4431	82.37418190%	[81.2243%, 83.4679%]
4432	82.37815884%	[81.2285%, 83.4717%]
4433	82.35957591%	[81.2096%, 83.4535%]
4434	82.36355435%	[81.2139%, 83.4572%]
4435	82.36753100%	[81.2181%, 83.4610%]
4436	82.34896303%	[81.1992%, 83.4428%]
4437	82.35294118%	[81.2034%, 83.4465%]
4438	82.35691753%	[81.2076%, 83.4503%]
4439	82.36089209%	[81.2118%, 83.4540%]
4440	82.36486486%	[81.2160%, 83.4578%]
4441	82.36883585%	[81.2202%, 83.4615%]
4442	82.37280504%	[81.2244%, 83.4653%]
4443	82.37677245%	[81.2286%, 83.4690%]
4444	82.38073807%	[81.2328%, 83.4728%]
4445	82.38470191%	[81.2370%, 83.4765%]
4446	82.38866397%	[81.2412%, 83.4802%]
4447	82.39262424%	[81.2453%, 83.4840%]
4448	82.39658273%	[81.2495%, 83.4877%]
4449	82.40053945%	[81.2537%, 83.4915%]
4450	82.40449438%	[81.2579%, 83.4952%]
4451	82.40844754%	[81.2621%, 83.4989%]
4452	82.38993711%	[81.2433%, 83.4808%]
4453	82.39389176%	[81.2474%, 83.4845%]
4454	82.39784463%	[81.2516%, 83.4882%]
4455	82.40179574%	[81.2558%, 83.4920%]
4456	82.40574506%	[81.2600%, 83.4957%]
4457	82.40969262%	[81.2641%, 83.4994%]
4458	82.41363840%	[81.2683%, 83.5031%]
4459	82.39515586%	[81.2495%, 83.4850%]
4460	82.39910314%	[81.2537%, 83.4887%]
4461	82.40304864%	[81.2579%, 83.4925%]
4462	82.40699238%	[81.2620%, 83.4962%]
4463	82.41093435%	[81.2662%, 83.4999%]
4464	82.41487455%	[81.2704%, 83.5036%]
4465	82.41881299%	[81.2745%, 83.5074%]
4466	82.42274966%	[81.2787%, 83.5111%]
4467	82.42668458%	[81.2829%, 83.5148%]
4468	82.43061773%	[81.2870%, 83.5185%]
4469	82.43454912%	[81.2912%, 83.5222%]
4470	82.43847875%	[81.2953%, 83.5259%]
4471	82.44240662%	[81.2995%, 83.5296%]
4472	82.42397138%	[81.2807%, 83.5115%]
4473	82.42790074%	[81.2849%, 83.5153%]
4474	82.43182834%	[81.2890%, 83.5190%]
4475	82.43575419%	[81.2932%, 83.5227%]
4476	82.41733691%	[81.2745%, 83.5046%]
4477	82.42126424%	[81.2786%, 83.5083%]
4478	82.42518982%	[81.2828%, 83.5120%]
4479	82.42911364%	[81.2869%, 83.5157%]
4480	82.43303571%	[81.2911%, 83.5194%]
4481	82.43695604%	[81.2952%, 83.5231%]
4482	82.44087461%	[81.2994%, 83.5268%]
4483	82.44479143%	[81.3035%, 83.5305%]
4484	82.44870651%	[81.3076%, 83.5342%]
4485	82.45261984%	[81.3118%, 83.5379%]
4486	82.43423986%	[81.2931%, 83.5199%]
4487	82.43815467%	[81.2972%, 83.5236%]
4488	82.44206774%	[81.3014%, 83.5273%]
4489	82.44597906%	[81.3055%, 83.5310%]
4490	82.44988864%	[81.3096%, 83.5347%]
4491	82.45379648%	[81.3138%, 83.5384%]
4492	82.43544078%	[81.2951%, 83.5204%]
4493	82.43935010%	[81.2992%, 83.5241%]
4494	82.44325768%	[81.3034%, 83.5277%]
4495	82.44716352%	[81.3075%, 83.5314%]
4496	82.45106762%	[81.3116%, 83.5351%]
4497	82.45496998%	[81.3157%, 83.5388%]
4498	82.45887061%	[81.3199%, 83.5425%]
4499	82.46276950%	[81.3240%, 83.5462%]
4500	82.46666667%	[81.3281%, 83.5498%]
4501	82.47056210%	[81.3322%, 83.5535%]
4502	82.47445580%	[81.3363%, 83.5572%]
4503	82.47834777%	[81.3405%, 83.5609%]
4504	82.48223801%	[81.3446%, 83.5645%]
4505	82.48612653%	[81.3487%, 83.5682%]
4506	82.46782068%	[81.3301%, 83.5503%]
4507	82.47171067%	[81.3342%, 83.5539%]
4508	82.45341615%	[81.3156%, 83.5360%]
4509	82.45730761%	[81.3197%, 83.5397%]
4510	82.43902439%	[81.3011%, 83.5217%]
4511	82.44291731%	[81.3052%, 83.5254%]
4512	82.44680851%	[81.3093%, 83.5291%]
4513	82.45069798%	[81.3134%, 83.5328%]
4514	82.45458573%	[81.3175%, 83.5364%]
4515	82.43632337%	[81.2990%, 83.5185%]
4516	82.44021258%	[81.3031%, 83.5222%]
4517	82.44410007%	[81.3072%, 83.5259%]
4518	82.44798583%	[81.3113%, 83.5295%]
4519	82.45186988%	[81.3154%, 83.5332%]
4520	82.45575221%	[81.3195%, 83.5369%]
4521	82.45963282%	[81.3236%, 83.5405%]
4522	82.46351172%	[81.3277%, 83.5442%]
4523	82.46738890%	[81.3318%, 83.5479%]
4524	82.47126437%	[81.3359%, 83.5515%]
4525	82.47513812%	[81.3400%, 83.5552%]
4526	82.47901016%	[81.3441%, 83.5588%]
4527	82.46079081%	[81.3256%, 83.5410%]
4528	82.46466431%	[81.3297%, 83.5446%]
4529	82.46853610%	[81.3338%, 83.5483%]
4530	82.47240618%	[81.3378%, 83.5519%]
4531	82.45420437%	[81.3193%, 83.5341%]
4532	82.45807590%	[81.3234%, 83.5377%]
4533	82.43988529%	[81.3049%, 83.5199%]
4534	82.42170269%	[81.2864%, 83.5021%]
4535	82.42557883%	[81.2905%, 83.5057%]
4536	82.42945326%	[81.2946%, 83.5094%]
4537	82.43332599%	[81.2987%, 83.5130%]
4538	82.41516086%	[81.2803%, 83.4952%]
4539	82.41903503%	[81.2844%, 83.4989%]
4540	82.42290749%	[81.2884%, 83.5025%]
4541	82.42677824%	[81.2925%, 83.5062%]
4542	82.43064729%	[81.2966%, 83.5099%]
4543	82.43451464%	[81.3007%, 83.5135%]
4544	82.43838028%	[81.3048%, 83.5172%]
4545	82.44224422%	[81.3089%, 83.5208%]
4546	82.44610647%	[81.3130%, 83.5245%]
4547	82.42797449%	[81.2945%, 83.5067%]
4548	82.43183817%	[81.2986%, 83.5103%]
4549	82.43570015%	[81.3027%, 83.5140%]
4550	82.43956044%	[81.3068%, 83.5176%]
4551	82.42144584%	[81.2884%, 83.4998%]
4552	82.40333919%	[81.2699%, 83.4821%]
4553	82.40720404%	[81.2740%, 83.4857%]
4554	82.41106719%	[81.2781%, 83.4894%]
4555	82.41492865%	[81.2822%, 83.4930%]
4556	82.39683933%	[81.2638%, 83.4753%]
4557	82.40070222%	[81.2679%, 83.4789%]
4558	82.40456341%	[81.2720%, 83.4826%]
4559	82.40842290%	[81.2760%, 83.4862%]
4560	82.39035088%	[81.2577%, 83.4685%]
4561	82.39421180%	[81.2617%, 83.4722%]
4562	82.39807102%	[81.2658%, 83.4758%]
4563	82.40192856%	[81.2699%, 83.4794%]
4564	82.38387379%	[81.2515%, 83.4617%]
4565	82.38773275%	[81.2556%, 83.4654%]
4566	82.39159001%	[81.2597%, 83.4690%]
4567	82.39544559%	[81.2638%, 83.4727%]
4568	82.37740806%	[81.2454%, 83.4550%]
4569	82.38126505%	[81.2495%, 83.4586%]
4570	82.36323851%	[81.2312%, 83.4409%]
4571	82.36709692%	[81.2353%, 83.4446%]
4572	82.34908136%	[81.2169%, 83.4269%]
4573	82.35294118%	[81.2210%, 83.4306%]
4574	82.35679930%	[81.2251%, 83.4342%]
4575	82.36065574%	[81.2292%, 83.4378%]
4576	82.36451049%	[81.2332%, 83.4415%]
4577	82.34651518%	[81.2149%, 83.4238%]
4578	82.35037134%	[81.2190%, 83.4275%]
4579	82.35422581%	[81.2231%, 83.4311%]
4580	82.35807860%	[81.2272%, 83.4348%]
4581	82.34010041%	[81.2089%, 83.4171%]
4582	82.34395460%	[81.2130%, 83.4208%]
4583	82.34780711%	[81.2170%, 83.4244%]
4584	82.35165794%	[81.2211%, 83.4280%]
4585	82.35550709%	[81.2252%, 83.4317%]
4586	82.33754906%	[81.2069%, 83.4141%]
4587	82.34139961%	[81.2110%, 83.4177%]
4588	82.34524847%	[81.2150%, 83.4213%]
4589	82.34909566%	[81.2191%, 83.4250%]
4590	82.35294118%	[81.2232%, 83.4286%]
4591	82.35678501%	[81.2272%, 83.4322%]
4592	82.36062718%	[81.2313%, 83.4359%]
4593	82.36446767%	[81.2353%, 83.4395%]
4594	82.36830649%	[81.2394%, 83.4431%]
4595	82.37214363%	[81.2435%, 83.4468%]
4596	82.37597911%	[81.2475%, 83.4504%]
4597	82.37981292%	[81.2516%, 83.4540%]
4598	82.38364506%	[81.2556%, 83.4576%]
4599	82.38747554%	[81.2596%, 83.4612%]
4600	82.39130435%	[81.2637%, 83.4649%]
4601	82.39513149%	[81.2677%, 83.4685%]
4602	82.39895698%	[81.2718%, 83.4721%]
4603	82.40278080%	[81.2758%, 83.4757%]
4604	82.40660295%	[81.2799%, 83.4793%]
4605	82.41042345%	[81.2839%, 83.4829%]
4606	82.41424229%	[81.2879%, 83.4865%]
4607	82.41805947%	[81.2920%, 83.4901%]
4608	82.42187500%	[81.2960%, 83.4937%]
4609	82.42568887%	[81.3000%, 83.4974%]
4610	82.42950108%	[81.3040%, 83.5010%]
4611	82.43331165%	[81.3081%, 83.5046%]
4612	82.43712056%	[81.3121%, 83.5082%]
4613	82.44092781%	[81.3161%, 83.5118%]
4614	82.44473342%	[81.3201%, 83.5153%]
4615	82.44853738%	[81.3242%, 83.5189%]
4616	82.45233969%	[81.3282%, 83.5225%]
4617	82.45614035%	[81.3322%, 83.5261%]
4618	82.43828497%	[81.3140%, 83.5086%]
4619	82.44208703%	[81.3181%, 83.5122%]
4620	82.44588745%	[81.3221%, 83.5158%]
4621	82.44968622%	[81.3261%, 83.5194%]
4622	82.45348334%	[81.3301%, 83.5230%]
4623	82.45727882%	[81.3341%, 83.5266%]
4624	82.46107266%	[81.3381%, 83.5301%]
4625	82.46486486%	[81.3421%, 83.5337%]
4626	82.46865543%	[81.3461%, 83.5373%]
4627	82.47244435%	[81.3501%, 83.5409%]
4628	82.47623163%	[81.3541%, 83.5445%]
4629	82.48001728%	[81.3581%, 83.5480%]
4630	82.46220302%	[81.3400%, 83.5306%]
4631	82.46599007%	[81.3440%, 83.5341%]
4632	82.46977547%	[81.3480%, 83.5377%]
4633	82.47355925%	[81.3520%, 83.5413%]
4634	82.47734139%	[81.3560%, 83.5449%]
4635	82.48112190%	[81.3600%, 83.5484%]
4636	82.48490078%	[81.3640%, 83.5520%]
4637	82.48867802%	[81.3680%, 83.5556%]
4638	82.49245364%	[81.3720%, 83.5592%]
4639	82.49622764%	[81.3760%, 83.5627%]
4640	82.50000000%	[81.3799%, 83.5663%]
4641	82.50377074%	[81.3839%, 83.5698%]
4642	82.50753985%	[81.3879%, 83.5734%]
4643	82.51130734%	[81.3919%, 83.5770%]
4644	82.51507321%	[81.3959%, 83.5805%]
4645	82.51883746%	[81.3998%, 83.5841%]
4646	82.50107619%	[81.3818%, 83.5667%]
4647	82.50484183%	[81.3858%, 83.5702%]
4648	82.50860585%	[81.3897%, 83.5738%]
4649	82.51236825%	[81.3937%, 83.5773%]
4650	82.51612903%	[81.3977%, 83.5809%]
4651	82.49838744%	[81.3797%, 83.5635%]
4652	82.50214961%	[81.3836%, 83.5670%]
4653	82.50591017%	[81.3876%, 83.5706%]
4654	82.50966910%	[81.3916%, 83.5741%]
4655	82.51342642%	[81.3955%, 83.5777%]
4656	82.51718213%	[81.3995%, 83.5812%]
4657	82.52093623%	[81.4035%, 83.5848%]
4658	82.52468871%	[81.4074%, 83.5883%]
4659	82.52843958%	[81.4114%, 83.5919%]
4660	82.53218884%	[81.4154%, 83.5954%]
4661	82.53593649%	[81.4193%, 83.5990%]
4662	82.53968254%	[81.4233%, 83.6025%]
4663	82.54342698%	[81.4272%, 83.6060%]
4664	82.54716981%	[81.4312%, 83.6096%]
4665	82.55091104%	[81.4351%, 83.6131%]
4666	82.55465066%	[81.4391%, 83.6166%]
4667	82.53696165%	[81.4211%, 83.5993%]
4668	82.54070266%	[81.4251%, 83.6028%]
4669	82.54444206%	[81.4290%, 83.6064%]
4670	82.54817987%	[81.4330%, 83.6099%]
4671	82.55191608%	[81.4369%, 83.6134%]
4672	82.55565068%	[81.4409%, 83.6170%]
4673	82.55938369%	[81.4448%, 83.6205%]
4674	82.56311510%	[81.4487%, 83.6240%]
4675	82.56684492%	[81.4527%, 83.6275%]
4676	82.57057314%	[81.4566%, 83.6311%]
4677	82.57429976%	[81.4606%, 83.6346%]
4678	82.55664814%	[81.4426%, 83.6173%]
4679	82.56037615%	[81.4465%, 83.6208%]
4680	82.56410256%	[81.4505%, 83.6243%]
4681	82.56782739%	[81.4544%, 83.6278%]
4682	82.55019223%	[81.4365%, 83.6105%]
4683	82.55391843%	[81.4404%, 83.6141%]
4684	82.55764304%	[81.4444%, 83.6176%]
4685	82.56136606%	[81.4483%, 83.6211%]
4686	82.56508749%	[81.4522%, 83.6246%]
4687	82.56880734%	[81.4561%, 83.6281%]
4688	82.57252560%	[81.4601%, 83.6316%]
4689	82.55491576%	[81.4422%, 83.6144%]
4690	82.53731343%	[81.4243%, 83.5971%]
4691	82.54103603%	[81.4282%, 83.6006%]
4692	82.54475703%	[81.4321%, 83.6041%]
4693	82.54847645%	[81.4361%, 83.6076%]
4694	82.55219429%	[81.4400%, 83.6112%]
4695	82.55591054%	[81.4439%, 83.6147%]
4696	82.55962521%	[81.4478%, 83.6182%]
4697	82.56333830%	[81.4518%, 83.6217%]
4698	82.54576415%	[81.4339%, 83.6045%]
4699	82.52819749%	[81.4160%, 83.5872%]
4700	82.53191489%	[81.4200%, 83.5907%]
4701	82.53563072%	[81.4239%, 83.5942%]
4702	82.53934496%	[81.4278%, 83.5978%]
4703	82.54305762%	[81.4317%, 83.6013%]
4704	82.52551020%	[81.4139%, 83.5841%]
4705	82.50797024%	[81.3961%, 83.5668%]
4706	82.51168721%	[81.4000%, 83.5704%]
4707	82.49415764%	[81.3822%, 83.5532%]
4708	82.49787596%	[81.3861%, 83.5567%]
4709	82.50159269%	[81.3900%, 83.5602%]
4710	82.50530786%	[81.3939%, 83.5637%]
4711	82.50902144%	[81.3979%, 83.5672%]
4712	82.51273345%	[81.4018%, 83.5707%]
4713	82.51644388%	[81.4057%, 83.5742%]
4714	82.49893933%	[81.3879%, 83.5571%]
4715	82.50265111%	[81.3918%, 83.5606%]
4716	82.50636132%	[81.3957%, 83.5641%]
4717	82.51006996%	[81.3997%, 83.5676%]
4718	82.51377702%	[81.4036%, 83.5711%]
4719	82.51748252%	[81.4075%, 83.5746%]
4720	82.52118644%	[81.4114%, 83.5781%]
4721	82.52488879%	[81.4153%, 83.5816%]
4722	82.50741211%	[81.3975%, 83.5644%]
4723	82.51111582%	[81.4014%, 83.5679%]
4724	82.51481795%	[81.4054%, 83.5714%]
4725	82.51851852%	[81.4093%, 83.5749%]
4726	82.52221752%	[81.4132%, 83.5784%]
4727	82.52591496%	[81.4171%, 83.5819%]
4728	82.52961083%	[81.4210%, 83.5854%]
4729	82.53330514%	[81.4249%, 83.5889%]
4730	82.53699789%	[81.4288%, 83.5924%]
4731	82.54068907%	[81.4327%, 83.5959%]
4732	82.54437870%	[81.4366%, 83.5994%]
4733	82.54806677%	[81.4405%, 83.6029%]
4734	82.53062949%	[81.4227%, 83.5858%]
4735	82.53431890%	[81.4266%, 83.5893%]
4736	82.53800676%	[81.4305%, 83.5927%]
4737	82.54169305%	[81.4344%, 83.5962%]
4738	82.52427184%	[81.4167%, 83.5791%]
4739	82.52795949%	[81.4206%, 83.5826%]
4740	82.53164557%	[81.4245%, 83.5861%]
4741	82.51423750%	[81.4068%, 83.5690%]
4742	82.49683678%	[81.3891%, 83.5520%]
4743	82.50052709%	[81.3930%, 83.5554%]
4744	82.50421585%	[81.3969%, 83.5589%]
4745	82.50790306%	[81.4008%, 83.5624%]
4746	82.51158871%	[81.4047%, 83.5659%]
4747	82.51527280%	[81.4086%, 83.5694%]
4748	82.49789385%	[81.3909%, 83.5523%]
4749	82.50157928%	[81.3948%, 83.5558%]
4750	82.50526316%	[81.3987%, 83.5593%]
4751	82.50894549%	[81.4026%, 83.5628%]
4752	82.49158249%	[81.3849%, 83.5458%]
4753	82.49526615%	[81.3888%, 83.5492%]
4754	82.49894825%	[81.3927%, 83.5527%]
4755	82.50262881%	[81.3966%, 83.5562%]
4756	82.50630782%	[81.4005%, 83.5597%]
4757	82.50998528%	[81.4044%, 83.5632%]
4758	82.51366120%	[81.4082%, 83.5666%]
4759	82.51733557%	[81.4121%, 83.5701%]
4760	82.52100840%	[81.4160%, 83.5736%]
4761	82.52467969%	[81.4199%, 83.5770%]
4762	82.52834943%	[81.4237%, 83.5805%]
4763	82.53201764%	[81.4276%, 83.5840%]
4764	82.53568430%	[81.4315%, 83.5875%]
4765	82.53934942%	[81.4354%, 83.5909%]
4766	82.54301301%	[81.4392%, 83.5944%]
4767	82.54667506%	[81.4431%, 83.5978%]
4768	82.55033557%	[81.4470%, 83.6013%]
4769	82.55399455%	[81.4508%, 83.6048%]
4770	82.55765199%	[81.4547%, 83.6082%]
4771	82.56130790%	[81.4585%, 83.6117%]
4772	82.56496228%	[81.4624%, 83.6151%]
4773	82.56861513%	[81.4663%, 83.6186%]
4774	82.57226644%	[81.4701%, 83.6220%]
4775	82.57591623%	[81.4740%, 83.6255%]
4776	82.57956449%	[81.4778%, 83.6289%]
4777	82.58321122%	[81.4817%, 83.6324%]
4778	82.58685643%	[81.4855%, 83.6358%]
4779	82.59050010%	[81.4894%, 83.6393%]
4780	82.59414226%	[81.4932%, 83.6427%]
4781	82.59778289%	[81.4971%, 83.6462%]
4782	82.58051025%	[81.4795%, 83.6292%]
4783	82.58415221%	[81.4833%, 83.6327%]
4784	82.58779264%	[81.4872%, 83.6361%]
4785	82.59143156%	[81.4910%, 83.6396%]
4786	82.59506895%	[81.4949%, 83.6430%]
4787	82.59870483%	[81.4987%, 83.6464%]
4788	82.60233918%	[81.5025%, 83.6499%]
4789	82.60597202%	[81.5064%, 83.6533%]
4790	82.60960334%	[81.5102%, 83.6567%]
4791	82.61323315%	[81.5140%, 83.6602%]
4792	82.61686144%	[81.5179%, 83.6636%]
4793	82.62048821%	[81.5217%, 83.6670%]
4794	82.62411348%	[81.5255%, 83.6705%]
4795	82.62773723%	[81.5294%, 83.6739%]
4796	82.61050876%	[81.5118%, 83.6570%]
4797	82.61413383%	[81.5157%, 83.6604%]
4798	82.61775740%	[81.5195%, 83.6638%]
4799	82.62137945%	[81.5233%, 83.6673%]
4800	82.62500000%	[81.5271%, 83.6707%]
4801	82.62861904%	[81.5310%, 83.6741%]
4802	82.63223657%	[81.5348%, 83.6775%]
4803	82.63585259%	[81.5386%, 83.6809%]
4804	82.63946711%	[81.5424%, 83.6844%]
4805	82.64308012%	[81.5462%, 83.6878%]
4806	82.64669164%	[81.5500%, 83.6912%]
4807	82.65030164%	[81.5539%, 83.6946%]
4808	82.65391015%	[81.5577%, 83.6980%]
4809	82.65751716%	[81.5615%, 83.7014%]
4810	82.66112266%	[81.5653%, 83.7048%]
4811	82.64394097%	[81.5478%, 83.6880%]
4812	82.64754780%	[81.5516%, 83.6914%]
4813	82.63037606%	[81.5342%, 83.6745%]
4814	82.63398421%	[81.5380%, 83.6780%]
4815	82.63759086%	[81.5418%, 83.6814%]
4816	82.64119601%	[81.5456%, 83.6848%]
4817	82.64479967%	[81.5494%, 83.6882%]
4818	82.64840183%	[81.5532%, 83.6916%]
4819	82.65200249%	[81.5570%, 83.6950%]
4820	82.65560166%	[81.5608%, 83.6984%]
4821	82.65919934%	[81.5646%, 83.7018%]
4822	82.66279552%	[81.5684%, 83.7052%]
4823	82.64565623%	[81.5510%, 83.6884%]
4824	82.64925373%	[81.5548%, 83.6918%]
4825	82.65284974%	[81.5586%, 83.6952%]
4826	82.65644426%	[81.5624%, 83.6986%]
4827	82.66003729%	[81.5662%, 83.7020%]
4828	82.66362883%	[81.5699%, 83.7054%]
4829	82.64651066%	[81.5525%, 83.6886%]
4830	82.62939959%	[81.5351%, 83.6718%]
4831	82.63299524%	[81.5389%, 83.6752%]
4832	82.63658940%	[81.5427%, 83.6786%]
4833	82.64018208%	[81.5465%, 83.6820%]
4834	82.64377327%	[81.5503%, 83.6854%]
4835	82.64736298%	[81.5541%, 83.6888%]
4836	82.65095120%	[81.5579%, 83.6922%]
4837	82.63386397%	[81.5405%, 83.6754%]
4838	82.63745349%	[81.5443%, 83.6788%]
4839	82.64104154%	[81.5481%, 83.6822%]
4840	82.62396694%	[81.5307%, 83.6654%]
4841	82.62755629%	[81.5345%, 83.6688%]
4842	82.63114416%	[81.5383%, 83.6722%]
4843	82.63473054%	[81.5421%, 83.6756%]
4844	82.63831544%	[81.5459%, 83.6790%]
4845	82.64189886%	[81.5497%, 83.6824%]
4846	82.64548081%	[81.5534%, 83.6858%]
4847	82.64906128%	[81.5572%, 83.6892%]
4848	82.65264026%	[81.5610%, 83.6926%]
4849	82.65621778%	[81.5648%, 83.6960%]
4850	82.65979381%	[81.5686%, 83.6993%]
4851	82.66336838%	[81.5723%, 83.7027%]
4852	82.64633141%	[81.5550%, 83.6860%]
4853	82.64990727%	[81.5588%, 83.6894%]
4854	82.65348166%	[81.5626%, 83.6928%]
4855	82.65705458%	[81.5663%, 83.6961%]
4856	82.66062603%	[81.5701%, 83.6995%]
4857	82.64360716%	[81.5528%, 83.6828%]
4858	82.62659531%	[81.5355%, 83.6661%]
4859	82.63017082%	[81.5393%, 83.6695%]
4860	82.63374486%	[81.5430%, 83.6729%]
4861	82.63731742%	[81.5468%, 83.6763%]
4862	82.62032086%	[81.5295%, 83.6596%]
4863	82.62389472%	[81.5333%, 83.6630%]
4864	82.62746711%	[81.5371%, 83.6664%]
4865	82.63103803%	[81.5409%, 83.6697%]
4866	82.63460748%	[81.5446%, 83.6731%]
4867	82.63817547%	[81.5484%, 83.6765%]
4868	82.64174199%	[81.5522%, 83.6799%]
4869	82.64530704%	[81.5559%, 83.6832%]
4870	82.62833676%	[81.5387%, 83.6666%]
4871	82.63190310%	[81.5424%, 83.6700%]
4872	82.61494253%	[81.5252%, 83.6533%]
4873	82.61851016%	[81.5289%, 83.6567%]
4874	82.62207632%	[81.5327%, 83.6601%]
4875	82.62564103%	[81.5365%, 83.6634%]
4876	82.62920427%	[81.5402%, 83.6668%]
4877	82.63276604%	[81.5440%, 83.6702%]
4878	82.63632636%	[81.5478%, 83.6735%]
4879	82.63988522%	[81.5515%, 83.6769%]
4880	82.64344262%	[81.5553%, 83.6803%]
4881	82.62651096%	[81.5381%, 83.6637%]
4882	82.63006964%	[81.5418%, 83.6670%]
4883	82.61314766%	[81.5246%, 83.6504%]
4884	82.61670762%	[81.5284%, 83.6538%]
4885	82.62026612%	[81.5321%, 83.6572%]
4886	82.60335653%	[81.5149%, 83.6406%]
4887	82.60691631%	[81.5187%, 83.6439%]
4888	82.59001637%	[81.5015%, 83.6273%]
4889	82.59357742%	[81.5053%, 83.6307%]
4890	82.59713701%	[81.5090%, 83.6341%]
4891	82.60069515%	[81.5128%, 83.6374%]
4892	82.60425184%	[81.5165%, 83.6408%]
4893	82.60780707%	[81.5203%, 83.6442%]
4894	82.59092767%	[81.5031%, 83.6276%]
4895	82.59448417%	[81.5069%, 83.6310%]
4896	82.59803922%	[81.5106%, 83.6343%]
4897	82.60159281%	[81.5144%, 83.6377%]
4898	82.60514496%	[81.5181%, 83.6411%]
4899	82.60869565%	[81.5219%, 83.6444%]
4900	82.61224490%	[81.5256%, 83.6478%]
4901	82.61579270%	[81.5294%, 83.6511%]
4902	82.61933905%	[81.5331%, 83.6545%]
4903	82.62288395%	[81.5368%, 83.6578%]
4904	82.62642741%	[81.5406%, 83.6612%]
4905	82.62996942%	[81.5443%, 83.6646%]
4906	82.61312678%	[81.5272%, 83.6480%]
4907	82.59629101%	[81.5101%, 83.6315%]
4908	82.59983700%	[81.5138%, 83.6349%]
4909	82.60338154%	[81.5176%, 83.6382%]
4910	82.60692464%	[81.5213%, 83.6416%]
4911	82.59010385%	[81.5042%, 83.6251%]
4912	82.59364821%	[81.5079%, 83.6284%]
4913	82.59719113%	[81.5117%, 83.6318%]
4914	82.60073260%	[81.5154%, 83.6351%]
4915	82.60427263%	[81.5192%, 83.6385%]
4916	82.60781123%	[81.5229%, 83.6418%]
4917	82.59101078%	[81.5058%, 83.6253%]
4918	82.59455063%	[81.5095%, 83.6287%]
4919	82.59808904%	[81.5133%, 83.6320%]
4920	82.60162602%	[81.5170%, 83.6354%]
4921	82.60516155%	[81.5207%, 83.6387%]
4922	82.60869565%	[81.5245%, 83.6421%]
4923	82.61222832%	[81.5282%, 83.6454%]
4924	82.61575955%	[81.5319%, 83.6487%]
4925	82.61928934%	[81.5356%, 83.6521%]
4926	82.62281770%	[81.5394%, 83.6554%]
4927	82.62634463%	[81.5431%, 83.6588%]
4928	82.62987013%	[81.5468%, 83.6621%]
4929	82.63339420%	[81.5505%, 83.6654%]
4930	82.63691684%	[81.5542%, 83.6688%]
4931	82.64043805%	[81.5580%, 83.6721%]
4932	82.64395783%	[81.5617%, 83.6754%]
4933	82.62720454%	[81.5446%, 83.6590%]
4934	82.61045805%	[81.5276%, 83.6426%]
4935	82.61398176%	[81.5313%, 83.6459%]
4936	82.61750405%	[81.5351%, 83.6492%]
4937	82.62102491%	[81.5388%, 83.6526%]
4938	82.60429324%	[81.5218%, 83.6361%]
4939	82.60781535%	[81.5255%, 83.6395%]
4940	82.61133603%	[81.5292%, 83.6428%]
4941	82.61485529%	[81.5329%, 83.6461%]
4942	82.61837313%	[81.5366%, 83.6495%]
4943	82.62188954%	[81.5403%, 83.6528%]
4944	82.62540453%	[81.5440%, 83.6561%]
4945	82.62891810%	[81.5477%, 83.6594%]
4946	82.63243025%	[81.5514%, 83.6628%]
4947	82.63594097%	[81.5552%, 83.6661%]
4948	82.63945028%	[81.5589%, 83.6694%]
4949	82.62275207%	[81.5419%, 83.6530%]
4950	82.60606061%	[81.5249%, 83.6366%]
4951	82.60957382%	[81.5286%, 83.6400%]
4952	82.61308562%	[81.5323%, 83.6433%]
4953	82.61659600%	[81.5360%, 83.6466%]
4954	82.62010497%	[81.5397%, 83.6499%]
4955	82.62361251%	[81.5434%, 83.6532%]
4956	82.60694108%	[81.5265%, 83.6369%]
4957	82.61044987%	[81.5302%, 83.6402%]
4958	82.61395724%	[81.5339%, 83.6435%]
4959	82.61746320%	[81.5376%, 83.6468%]
4960	82.62096774%	[81.5413%, 83.6502%]
4961	82.62447087%	[81.5450%, 83.6535%]
4962	82.62797259%	[81.5487%, 83.6568%]
4963	82.63147290%	[81.5524%, 83.6601%]
4964	82.61482675%	[81.5354%, 83.6438%]
4965	82.59818731%	[81.5185%, 83.6274%]
4966	82.60169150%	[81.5222%, 83.6308%]
4967	82.60519428%	[81.5259%, 83.6341%]
4968	82.60869565%	[81.5296%, 83.6374%]
4969	82.61219561%	[81.5333%, 83.6407%]
4970	82.59557344%	[81.5164%, 83.6244%]
4971	82.59907463%	[81.5201%, 83.6277%]
4972	82.60257442%	[81.5238%, 83.6310%]
4973	82.60607279%	[81.5275%, 83.6343%]
4974	82.60956976%	[81.5312%, 83.6376%]
4975	82.61306533%	[81.5349%, 83.6409%]
4976	82.61655949%	[81.5386%, 83.6442%]
4977	82.62005224%	[81.5422%, 83.6476%]
4978	82.62354359%	[81.5459%, 83.6509%]
4979	82.62703354%	[81.5496%, 83.6542%]
4980	82.63052209%	[81.5533%, 83.6575%]
4981	82.63400924%	[81.5570%, 83.6608%]
4982	82.63749498%	[81.5606%, 83.6641%]
4983	82.64097933%	[81.5643%, 83.6674%]
4984	82.64446228%	[81.5680%, 83.6707%]
4985	82.64794383%	[81.5717%, 83.6740%]
4986	82.65142399%	[81.5753%, 83.6772%]
4987	82.63485061%	[81.5585%, 83.6610%]
4988	82.63833200%	[81.5622%, 83.6643%]
4989	82.64181199%	[81.5658%, 83.6676%]
4990	82.64529058%	[81.5695%, 83.6709%]
4991	82.62873172%	[81.5527%, 83.6546%]
4992	82.63221154%	[81.5563%, 83.6579%]
4993	82.63568997%	[81.5600%, 83.6612%]
4994	82.63916700%	[81.5637%, 83.6645%]
4995	82.62262262%	[81.5469%, 83.6483%]
4996	82.62610088%	[81.5505%, 83.6515%]
4997	82.62957775%	[81.5542%, 83.6548%]
4998	82.63305322%	[81.5579%, 83.6581%]
4999	82.63652731%	[81.5615%, 83.6614%]
5000	82.64000000%	[81.5652%, 83.6647%]
5001	82.64347131%	[81.5688%, 83.6680%]
5002	82.64694122%	[81.5725%, 83.6713%]
5003	82.65040975%	[81.5762%, 83.6746%]
5004	82.65387690%	[81.5798%, 83.6778%]
5005	82.65734266%	[81.5835%, 83.6811%]
5006	82.66080703%	[81.5871%, 83.6844%]
5007	82.66427002%	[81.5908%, 83.6877%]
5008	82.66773163%	[81.5944%, 83.6910%]
5009	82.67119185%	[81.5981%, 83.6942%]
5010	82.65469062%	[81.5813%, 83.6780%]
5011	82.65815207%	[81.5850%, 83.6813%]
5012	82.64166002%	[81.5682%, 83.6651%]
5013	82.62517455%	[81.5514%, 83.6489%]
5014	82.62863981%	[81.5551%, 83.6522%]
5015	82.63210369%	[81.5587%, 83.6555%]
5016	82.63556619%	[81.5624%, 83.6588%]
5017	82.63902731%	[81.5661%, 83.6621%]
5018	82.64248705%	[81.5697%, 83.6653%]
5019	82.64594541%	[81.5733%, 83.6686%]
5020	82.64940239%	[81.5770%, 83.6719%]
5021	82.65285800%	[81.5806%, 83.6752%]
5022	82.65631223%	[81.5843%, 83.6784%]
5023	82.65976508%	[81.5879%, 83.6817%]
5024	82.66321656%	[81.5916%, 83.6850%]
5025	82.66666667%	[81.5952%, 83.6882%]
5026	82.67011540%	[81.5988%, 83.6915%]
5027	82.67356276%	[81.6025%, 83.6948%]
5028	82.67700875%	[81.6061%, 83.6980%]
5029	82.68045337%	[81.6097%, 83.7013%]
5030	82.68389662%	[81.6134%, 83.7045%]
5031	82.68733850%	[81.6170%, 83.7078%]
5032	82.67090620%	[81.6003%, 83.6917%]
5033	82.67434929%	[81.6039%, 83.6949%]
5034	82.67779102%	[81.6076%, 83.6982%]
5035	82.68123138%	[81.6112%, 83.7014%]
5036	82.66481334%	[81.5945%, 83.6853%]
5037	82.66825491%	[81.5981%, 83.6886%]
5038	82.67169512%	[81.6018%, 83.6918%]
5039	82.67513396%	[81.6054%, 83.6951%]
5040	82.67857143%	[81.6090%, 83.6984%]
5041	82.68200754%	[81.6126%, 83.7016%]
5042	82.68544228%	[81.6163%, 83.7049%]
5043	82.68887567%	[81.6199%, 83.7081%]
5044	82.69230769%	[81.6235%, 83.7114%]
5045	82.69573835%	[81.6271%, 83.7146%]
5046	82.69916766%	[81.6307%, 83.7179%]
5047	82.70259560%	[81.6344%, 83.7211%]
5048	82.70602219%	[81.6380%, 83.7243%]
5049	82.70944742%	[81.6416%, 83.7276%]
5050	82.71287129%	[81.6452%, 83.7308%]
5051	82.71629380%	[81.6488%, 83.7341%]
5052	82.69992082%	[81.6322%, 83.7180%]
5053	82.70334455%	[81.6358%, 83.7212%]
5054	82.70676692%	[81.6394%, 83.7245%]
5055	82.71018793%	[81.6430%, 83.7277%]
5056	82.69382911%	[81.6264%, 83.7117%]
5057	82.69725133%	[81.6300%, 83.7149%]
5058	82.68090154%	[81.6133%, 83.6989%]
5059	82.68432497%	[81.6170%, 83.7021%]
5060	82.68774704%	[81.6206%, 83.7053%]
5061	82.67140881%	[81.6040%, 83.6893%]
5062	82.65507704%	[81.5874%, 83.6733%]
5063	82.63875173%	[81.5708%, 83.6572%]
5064	82.64218009%	[81.5744%, 83.6605%]
5065	82.64560711%	[81.5780%, 83.6637%]
5066	82.64903277%	[81.5816%, 83.6670%]
5067	82.65245708%	[81.5852%, 83.6702%]
5068	82.63614838%	[81.5686%, 83.6542%]
5069	82.63957388%	[81.5723%, 83.6575%]
5070	82.64299803%	[81.5759%, 83.6607%]
5071	82.64642082%	[81.5795%, 83.6639%]
5072	82.64984227%	[81.5831%, 83.6672%]
5073	82.65326237%	[81.5867%, 83.6704%]
5074	82.65668112%	[81.5903%, 83.6737%]
5075	82.64039409%	[81.5737%, 83.6577%]
5076	82.64381403%	[81.5773%, 83.6609%]
5077	82.64723262%	[81.5809%, 83.6641%]
5078	82.65064986%	[81.5846%, 83.6674%]
5079	82.65406576%	[81.5882%, 83.6706%]
5080	82.65748031%	[81.5918%, 83.6739%]
5081	82.66089352%	[81.5954%, 83.6771%]
5082	82.66430539%	[81.5990%, 83.6803%]
5083	82.66771592%	[81.6025%, 83.6835%]
5084	82.67112510%	[81.6061%, 83.6868%]
5085	82.67453294%	[81.6097%, 83.6900%]
5086	82.67793944%	[81.6133%, 83.6932%]
5087	82.68134460%	[81.6169%, 83.6965%]
5088	82.68474843%	[81.6205%, 83.6997%]
5089	82.68815091%	[81.6241%, 83.7029%]
5090	82.69155206%	[81.6277%, 83.7061%]
5091	82.69495188%	[81.6313%, 83.7093%]
5092	82.69835035%	[81.6348%, 83.7126%]
5093	82.68211270%	[81.6183%, 83.6966%]
5094	82.68551237%	[81.6219%, 83.6998%]
5095	82.66928361%	[81.6054%, 83.6839%]
5096	82.67268446%	[81.6090%, 83.6871%]
5097	82.67608397%	[81.6126%, 83.6903%]
5098	82.67948215%	[81.6162%, 83.6936%]
5099	82.68287900%	[81.6198%, 83.6968%]
5100	82.66666667%	[81.6033%, 83.6809%]
5101	82.67006469%	[81.6069%, 83.6841%]
5102	82.67346139%	[81.6105%, 83.6873%]
5103	82.65726044%	[81.5940%, 83.6714%]
5104	82.64106583%	[81.5775%, 83.6555%]
5105	82.64446621%	[81.5811%, 83.6587%]
5106	82.64786526%	[81.5847%, 83.6619%]
5107	82.65126297%	[81.5883%, 83.6652%]
5108	82.65465936%	[81.5919%, 83.6684%]
5109	82.65805441%	[81.5954%, 83.6716%]
5110	82.66144814%	[81.5990%, 83.6748%]
5111	82.66484054%	[81.6026%, 83.6780%]
5112	82.66823161%	[81.6062%, 83.6812%]
5113	82.67162136%	[81.6097%, 83.6844%]
5114	82.67500978%	[81.6133%, 83.6877%]
5115	82.67839687%	[81.6169%, 83.6909%]
5116	82.68178264%	[81.6205%, 83.6941%]
5117	82.68516709%	[81.6240%, 83.6973%]
5118	82.68855021%	[81.6276%, 83.7005%]
5119	82.69193202%	[81.6312%, 83.7037%]
5120	82.69531250%	[81.6347%, 83.7069%]
5121	82.69869166%	[81.6383%, 83.7101%]
5122	82.70206950%	[81.6418%, 83.7133%]
5123	82.70544603%	[81.6454%, 83.7165%]
5124	82.70882123%	[81.6490%, 83.7197%]
5125	82.71219512%	[81.6525%, 83.7229%]
5126	82.69605931%	[81.6361%, 83.7070%]
5127	82.69943437%	[81.6397%, 83.7102%]
5128	82.70280811%	[81.6432%, 83.7134%]
5129	82.70618054%	[81.6468%, 83.7166%]
5130	82.70955166%	[81.6503%, 83.7198%]
5131	82.71292146%	[81.6539%, 83.7230%]
5132	82.71628995%	[81.6574%, 83.7262%]
5133	82.71965712%	[81.6610%, 83.7294%]
5134	82.72302298%	[81.6645%, 83.7326%]
5135	82.72638754%	[81.6681%, 83.7358%]
5136	82.72975078%	[81.6716%, 83.7389%]
5137	82.73311271%	[81.6752%, 83.7421%]
5138	82.73647334%	[81.6787%, 83.7453%]
5139	82.73983265%	[81.6823%, 83.7485%]
5140	82.74319066%	[81.6858%, 83.7517%]
5141	82.74654736%	[81.6893%, 83.7549%]
5142	82.74990276%	[81.6929%, 83.7580%]
5143	82.75325685%	[81.6964%, 83.7612%]
5144	82.75660964%	[81.7000%, 83.7644%]
5145	82.75996113%	[81.7035%, 83.7676%]
5146	82.76331131%	[81.7070%, 83.7707%]
5147	82.74723140%	[81.6907%, 83.7549%]
5148	82.75058275%	[81.6942%, 83.7581%]
5149	82.75393280%	[81.6977%, 83.7613%]
5150	82.75728155%	[81.7013%, 83.7645%]
5151	82.76062900%	[81.7048%, 83.7676%]
5152	82.76397516%	[81.7083%, 83.7708%]
5153	82.76732001%	[81.7119%, 83.7740%]
5154	82.77066356%	[81.7154%, 83.7771%]
5155	82.77400582%	[81.7189%, 83.7803%]
5156	82.77734678%	[81.7224%, 83.7835%]
5157	82.78068645%	[81.7259%, 83.7866%]
5158	82.78402482%	[81.7295%, 83.7898%]
5159	82.78736189%	[81.7330%, 83.7930%]
5160	82.79069767%	[81.7365%, 83.7961%]
5161	82.79403216%	[81.7400%, 83.7993%]
5162	82.79736536%	[81.7435%, 83.8024%]
5163	82.80069727%	[81.7470%, 83.8056%]
5164	82.80402789%	[81.7506%, 83.8087%]
5165	82.80735721%	[81.7541%, 83.8119%]
5166	82.81068525%	[81.7576%, 83.8150%]
5167	82.81401200%	[81.7611%, 83.8182%]
5168	82.81733746%	[81.7646%, 83.8213%]
5169	82.82066164%	[81.7681%, 83.8245%]
5170	82.82398453%	[81.7716%, 83.8276%]
5171	82.80796751%	[81.7553%, 83.8119%]
5172	82.81129157%	[81.7588%, 83.8151%]
5173	82.81461434%	[81.7623%, 83.8182%]
5174	82.81793583%	[81.7658%, 83.8214%]
5175	82.82125604%	[81.7693%, 83.8245%]
5176	82.82457496%	[81.7728%, 83.8276%]
5177	82.82789260%	[81.7763%, 83.8308%]
5178	82.83120896%	[81.7798%, 83.8339%]
5179	82.83452404%	[81.7833%, 83.8371%]
5180	82.83783784%	[81.7868%, 83.8402%]
5181	82.84115036%	[81.7903%, 83.8433%]
5182	82.84446160%	[81.7938%, 83.8465%]
5183	82.82847772%	[81.7775%, 83.8308%]
5184	82.83179012%	[81.7810%, 83.8339%]
5185	82.83510125%	[81.7845%, 83.8371%]
5186	82.81912842%	[81.7683%, 83.8214%]
5187	82.82244072%	[81.7718%, 83.8245%]
5188	82.80647648%	[81.7556%, 83.8089%]
5189	82.80978994%	[81.7590%, 83.8120%]
5190	82.81310212%	[81.7625%, 83.8151%]
5191	82.81641302%	[81.7660%, 83.8183%]
5192	82.81972265%	[81.7695%, 83.8214%]
5193	82.82303100%	[81.7730%, 83.8245%]
5194	82.82633808%	[81.7765%, 83.8277%]
5195	82.82964389%	[81.7800%, 83.8308%]
5196	82.83294842%	[81.7835%, 83.8339%]
5197	82.83625168%	[81.7869%, 83.8371%]
5198	82.82031551%	[81.7707%, 83.8214%]
5199	82.80438546%	[81.7545%, 83.8058%]
5200	82.78846154%	[81.7384%, 83.7901%]
5201	82.79177081%	[81.7419%, 83.7933%]
5202	82.79507882%	[81.7453%, 83.7964%]
5203	82.79838555%	[81.7488%, 83.7996%]
5204	82.78247502%	[81.7327%, 83.7839%]
5205	82.78578290%	[81.7361%, 83.7871%]
5206	82.78908951%	[81.7396%, 83.7902%]
5207	82.79239485%	[81.7431%, 83.7933%]
5208	82.79569892%	[81.7466%, 83.7965%]
5209	82.79900173%	[81.7501%, 83.7996%]
5210	82.80230326%	[81.7536%, 83.8027%]
5211	82.80560353%	[81.7570%, 83.8058%]
5212	82.80890253%	[81.7605%, 83.8090%]
5213	82.81220027%	[81.7640%, 83.8121%]
5214	82.81549674%	[81.7675%, 83.8152%]
5215	82.81879195%	[81.7709%, 83.8183%]
5216	82.82208589%	[81.7744%, 83.8215%]
5217	82.80621047%	[81.7583%, 83.8059%]
5218	82.80950556%	[81.7617%, 83.8090%]
5219	82.79363863%	[81.7456%, 83.7934%]
5220	82.77777778%	[81.7295%, 83.7779%]
5221	82.78107642%	[81.7330%, 83.7810%]
5222	82.76522405%	[81.7169%, 83.7654%]
5223	82.74937775%	[81.7008%, 83.7499%]
5224	82.73353752%	[81.6847%, 83.7343%]
5225	82.73684211%	[81.6881%, 83.7374%]
5226	82.72101033%	[81.6721%, 83.7219%]
5227	82.72431605%	[81.6755%, 83.7250%]
5228	82.70849273%	[81.6595%, 83.7095%]
5229	82.71179958%	[81.6629%, 83.7126%]
5230	82.71510516%	[81.6664%, 83.7158%]
5231	82.71840948%	[81.6699%, 83.7189%]
5232	82.72171254%	[81.6734%, 83.7220%]
5233	82.72501433%	[81.6769%, 83.7252%]
5234	82.72831486%	[81.6803%, 83.7283%]
5235	82.73161414%	[81.6838%, 83.7314%]
5236	82.73491215%	[81.6873%, 83.7345%]
5237	82.73820890%	[81.6908%, 83.7377%]
5238	82.74150439%	[81.6942%, 83.7408%]
5239	82.74479863%	[81.6977%, 83.7439%]
5240	82.74809160%	[81.7012%, 83.7470%]
5241	82.75138332%	[81.7047%, 83.7501%]
5242	82.73559710%	[81.6886%, 83.7346%]
5243	82.73888995%	[81.6921%, 83.7378%]
5244	82.74218154%	[81.6955%, 83.7409%]
5245	82.74547188%	[81.6990%, 83.7440%]
5246	82.74876096%	[81.7025%, 83.7471%]
5247	82.75204879%	[81.7059%, 83.7502%]
5248	82.73628049%	[81.6899%, 83.7347%]
5249	82.73956944%	[81.6934%, 83.7379%]
5250	82.72380952%	[81.6774%, 83.7224%]
5251	82.70805561%	[81.6614%, 83.7069%]
5252	82.71134806%	[81.6648%, 83.7100%]
5253	82.71463925%	[81.6683%, 83.7132%]
5254	82.71792920%	[81.6718%, 83.7163%]
5255	82.72121789%	[81.6752%, 83.7194%]
5256	82.72450533%	[81.6787%, 83.7225%]
5257	82.72779152%	[81.6822%, 83.7256%]
5258	82.73107645%	[81.6856%, 83.7287%]
5259	82.71534512%	[81.6696%, 83.7133%]
5260	82.71863118%	[81.6731%, 83.7164%]
5261	82.72191599%	[81.6766%, 83.7195%]
5262	82.72519954%	[81.6800%, 83.7226%]
5263	82.72848185%	[81.6835%, 83.7257%]
5264	82.73176292%	[81.6869%, 83.7289%]
5265	82.73504274%	[81.6904%, 83.7320%]
5266	82.73832131%	[81.6938%, 83.7351%]
5267	82.72261249%	[81.6779%, 83.7197%]
5268	82.72589218%	[81.6813%, 83.7228%]
5269	82.72917062%	[81.6848%, 83.7259%]
5270	82.73244782%	[81.6882%, 83.7290%]
5271	82.71675204%	[81.6723%, 83.7136%]
5272	82.72003035%	[81.6757%, 83.7167%]
5273	82.70434288%	[81.6598%, 83.7013%]
5274	82.70762230%	[81.6633%, 83.7044%]
5275	82.71090047%	[81.6667%, 83.7075%]
5276	82.71417741%	[81.6702%, 83.7106%]
5277	82.69850294%	[81.6542%, 83.6952%]
5278	82.70178098%	[81.6577%, 83.6983%]
5279	82.70505778%	[81.6611%, 83.7014%]
5280	82.68939394%	[81.6452%, 83.6860%]
5281	82.69267184%	[81.6487%, 83.6891%]
5282	82.69594850%	[81.6521%, 83.6922%]
5283	82.69922393%	[81.6556%, 83.6953%]
5284	82.70249811%	[81.6590%, 83.6985%]
5285	82.70577105%	[81.6625%, 83.7016%]
5286	82.69012486%	[81.6466%, 83.6862%]
5287	82.69339890%	[81.6500%, 83.6893%]
5288	82.69667171%	[81.6535%, 83.6924%]
5289	82.68103611%	[81.6376%, 83.6770%]
5290	82.68431002%	[81.6410%, 83.6802%]
5291	82.68758269%	[81.6445%, 83.6833%]
5292	82.67195767%	[81.6286%, 83.6679%]
5293	82.67523144%	[81.6321%, 83.6710%]
5294	82.67850397%	[81.6355%, 83.6741%]
5295	82.68177526%	[81.6389%, 83.6772%]
5296	82.68504532%	[81.6424%, 83.6803%]
5297	82.68831414%	[81.6458%, 83.6834%]
5298	82.69158173%	[81.6493%, 83.6865%]
5299	82.69484808%	[81.6527%, 83.6896%]
5300	82.67924528%	[81.6369%, 83.6743%]
5301	82.68251273%	[81.6403%, 83.6774%]
5302	82.68577895%	[81.6437%, 83.6805%]
5303	82.68904394%	[81.6472%, 83.6836%]
5304	82.69230769%	[81.6506%, 83.6867%]
5305	82.69557022%	[81.6541%, 83.6898%]
5306	82.69883151%	[81.6575%, 83.6929%]
5307	82.70209158%	[81.6609%, 83.6959%]
5308	82.70535041%	[81.6644%, 83.6990%]
5309	82.70860802%	[81.6678%, 83.7021%]
5310	82.71186441%	[81.6712%, 83.7052%]
5311	82.71511956%	[81.6746%, 83.7083%]
5312	82.71837349%	[81.6781%, 83.7114%]
5313	82.72162620%	[81.6815%, 83.7145%]
5314	82.72487768%	[81.6849%, 83.7175%]
5315	82.72812794%	[81.6884%, 83.7206%]
5316	82.73137698%	[81.6918%, 83.7237%]
5317	82.73462479%	[81.6952%, 83.7268%]
5318	82.73787138%	[81.6986%, 83.7299%]
5319	82.74111675%	[81.7020%, 83.7329%]
5320	82.74436090%	[81.7054%, 83.7360%]
5321	82.74760383%	[81.7089%, 83.7391%]
5322	82.75084555%	[81.7123%, 83.7422%]
5323	82.75408604%	[81.7157%, 83.7452%]
5324	82.75732532%	[81.7191%, 83.7483%]
5325	82.76056338%	[81.7225%, 83.7514%]
5326	82.76380023%	[81.7259%, 83.7544%]
5327	82.76703586%	[81.7293%, 83.7575%]
5328	82.75150150%	[81.7135%, 83.7423%]
5329	82.75473822%	[81.7170%, 83.7453%]
5330	82.75797373%	[81.7204%, 83.7484%]
5331	82.76120803%	[81.7238%, 83.7515%]
5332	82.74568642%	[81.7080%, 83.7362%]
5333	82.74892181%	[81.7114%, 83.7393%]
5334	82.75215598%	[81.7148%, 83.7424%]
5335	82.75538894%	[81.7182%, 83.7454%]
5336	82.75862069%	[81.7216%, 83.7485%]
5337	82.76185123%	[81.7250%, 83.7515%]
5338	82.76508055%	[81.7284%, 83.7546%]
5339	82.74957857%	[81.7127%, 83.7394%]
5340	82.75280899%	[81.7161%, 83.7425%]
5341	82.75603820%	[81.7195%, 83.7455%]
5342	82.75926619%	[81.7229%, 83.7486%]
5343	82.76249298%	[81.7263%, 83.7516%]
5344	82.76571856%	[81.7297%, 83.7547%]
5345	82.76894294%	[81.7331%, 83.7577%]
5346	82.77216611%	[81.7365%, 83.7608%]
5347	82.77538807%	[81.7399%, 83.7639%]
5348	82.77860883%	[81.7433%, 83.7669%]
5349	82.78182838%	[81.7466%, 83.7700%]
5350	82.78504673%	[81.7500%, 83.7730%]
5351	82.78826388%	[81.7534%, 83.7761%]
5352	82.79147982%	[81.7568%, 83.7791%]
5353	82.77601345%	[81.7411%, 83.7639%]
5354	82.77923048%	[81.7445%, 83.7670%]
5355	82.76377218%	[81.7288%, 83.7518%]
5356	82.76699029%	[81.7322%, 83.7548%]
5357	82.75154004%	[81.7165%, 83.7397%]
5358	82.75475924%	[81.7199%, 83.7427%]
5359	82.75797723%	[81.7232%, 83.7458%]
5360	82.76119403%	[81.7266%, 83.7488%]
5361	82.76440963%	[81.7300%, 83.7519%]
5362	82.76762402%	[81.7334%, 83.7549%]
5363	82.77083722%	[81.7368%, 83.7580%]
5364	82.77404922%	[81.7402%, 83.7610%]
5365	82.77726002%	[81.7436%, 83.7641%]
5366	82.78046962%	[81.7469%, 83.7671%]
5367	82.78367803%	[81.7503%, 83.7701%]
5368	82.78688525%	[81.7537%, 83.7732%]
5369	82.79009126%	[81.7571%, 83.7762%]
5370	82.79329609%	[81.7604%, 83.7793%]
5371	82.79649972%	[81.7638%, 83.7823%]
5372	82.79970216%	[81.7672%, 83.7853%]
5373	82.78429183%	[81.7515%, 83.7702%]
5374	82.78749535%	[81.7549%, 83.7732%]
5375	82.79069767%	[81.7583%, 83.7763%]
5376	82.79389881%	[81.7616%, 83.7793%]
5377	82.79709875%	[81.7650%, 83.7824%]
5378	82.80029751%	[81.7684%, 83.7854%]
5379	82.80349507%	[81.7718%, 83.7884%]
5380	82.80669145%	[81.7751%, 83.7914%]
5381	82.80988664%	[81.7785%, 83.7945%]
5382	82.81308064%	[81.7818%, 83.7975%]
5383	82.81627345%	[81.7852%, 83.8005%]
5384	82.81946508%	[81.7886%, 83.8036%]
5385	82.82265552%	[81.7919%, 83.8066%]
5386	82.82584478%	[81.7953%, 83.8096%]
5387	82.82903286%	[81.7986%, 83.8126%]
5388	82.83221975%	[81.8020%, 83.8157%]
5389	82.83540546%	[81.8054%, 83.8187%]
5390	82.83858998%	[81.8087%, 83.8217%]
5391	82.84177333%	[81.8121%, 83.8247%]
5392	82.82640950%	[81.7965%, 83.8096%]
5393	82.82959392%	[81.7998%, 83.8126%]
5394	82.83277716%	[81.8032%, 83.8157%]
5395	82.83595922%	[81.8065%, 83.8187%]
5396	82.83914010%	[81.8099%, 83.8217%]
5397	82.84231981%	[81.8132%, 83.8247%]
5398	82.84549833%	[81.8166%, 83.8277%]
5399	82.84867568%	[81.8199%, 83.8307%]
5400	82.85185185%	[81.8232%, 83.8337%]
5401	82.85502685%	[81.8266%, 83.8368%]
5402	82.85820067%	[81.8299%, 83.8398%]
5403	82.86137331%	[81.8333%, 83.8428%]
5404	82.86454478%	[81.8366%, 83.8458%]
5405	82.86771508%	[81.8400%, 83.8488%]
5406	82.87088420%	[81.8433%, 83.8518%]
5407	82.87405215%	[81.8466%, 83.8548%]
5408	82.85872781%	[81.8311%, 83.8397%]
5409	82.86189684%	[81.8344%, 83.8428%]
5410	82.86506470%	[81.8377%, 83.8458%]
5411	82.86823138%	[81.8411%, 83.8488%]
5412	82.87139690%	[81.8444%, 83.8518%]
5413	82.87456124%	[81.8477%, 83.8548%]
5414	82.87772442%	[81.8511%, 83.8578%]
5415	82.88088643%	[81.8544%, 83.8608%]
5416	82.88404727%	[81.8577%, 83.8638%]
5417	82.88720694%	[81.8611%, 83.8668%]
5418	82.89036545%	[81.8644%, 83.8697%]
5419	82.89352279%	[81.8677%, 83.8727%]
5420	82.89667897%	[81.8710%, 83.8757%]
5421	82.89983398%	[81.8743%, 83.8787%]
5422	82.90298783%	[81.8777%, 83.8817%]
5423	82.90614051%	[81.8810%, 83.8847%]
5424	82.90929204%	[81.8843%, 83.8877%]
5425	82.91244240%	[81.8876%, 83.8907%]
5426	82.91559160%	[81.8909%, 83.8937%]
5427	82.91873964%	[81.8943%, 83.8966%]
5428	82.92188651%	[81.8976%, 83.8996%]
5429	82.92503223%	[81.9009%, 83.9026%]
5430	82.92817680%	[81.9042%, 83.9056%]
5431	82.93132020%	[81.9075%, 83.9086%]
5432	82.93446244%	[81.9108%, 83.9116%]
5433	82.93760353%	[81.9141%, 83.9145%]
5434	82.94074347%	[81.9174%, 83.9175%]
5435	82.94388224%	[81.9207%, 83.9205%]
5436	82.94701987%	[81.9240%, 83.9235%]
5437	82.95015634%	[81.9273%, 83.9264%]
5438	82.95329165%	[81.9307%, 83.9294%]
5439	82.95642581%	[81.9340%, 83.9324%]
5440	82.95955882%	[81.9373%, 83.9353%]
5441	82.94431171%	[81.9218%, 83.9204%]
5442	82.94744579%	[81.9251%, 83.9234%]
5443	82.95057872%	[81.9284%, 83.9263%]
5444	82.95371051%	[81.9317%, 83.9293%]
5445	82.95684114%	[81.9350%, 83.9323%]
5446	82.95997062%	[81.9382%, 83.9352%]
5447	82.96309895%	[81.9415%, 83.9382%]
5448	82.96622614%	[81.9448%, 83.9412%]
5449	82.96935217%	[81.9481%, 83.9441%]
5450	82.95412844%	[81.9327%, 83.9292%]
5451	82.95725555%	[81.9360%, 83.9321%]
5452	82.94203962%	[81.9205%, 83.9172%]
5453	82.94516780%	[81.9238%, 83.9202%]
5454	82.92995966%	[81.9083%, 83.9052%]
5455	82.93308891%	[81.9116%, 83.9082%]
5456	82.93621701%	[81.9149%, 83.9112%]
5457	82.93934396%	[81.9182%, 83.9141%]
5458	82.94246977%	[81.9215%, 83.9171%]
5459	82.94559443%	[81.9248%, 83.9201%]
5460	82.93040293%	[81.9094%, 83.9051%]
5461	82.93352866%	[81.9126%, 83.9081%]
5462	82.93665324%	[81.9159%, 83.9111%]
5463	82.93977668%	[81.9192%, 83.9140%]
5464	82.94289898%	[81.9225%, 83.9170%]
5465	82.92772187%	[81.9071%, 83.9021%]
5466	82.93084523%	[81.9104%, 83.9051%]
5467	82.91567587%	[81.8950%, 83.8902%]
5468	82.91880029%	[81.8983%, 83.8931%]
5469	82.92192357%	[81.9015%, 83.8961%]
5470	82.90676417%	[81.8861%, 83.8812%]
5471	82.90988850%	[81.8894%, 83.8842%]
5472	82.91301170%	[81.8927%, 83.8871%]
5473	82.89786223%	[81.8773%, 83.8722%]
5474	82.90098648%	[81.8806%, 83.8752%]
5475	82.90410959%	[81.8839%, 83.8782%]
5476	82.90723156%	[81.8872%, 83.8811%]
5477	82.91035238%	[81.8905%, 83.8841%]
5478	82.91347207%	[81.8938%, 83.8871%]
5479	82.91659062%	[81.8970%, 83.8900%]
5480	82.91970803%	[81.9003%, 83.8930%]
5481	82.90457946%	[81.8850%, 83.8781%]
5482	82.90769792%	[81.8882%, 83.8811%]
5483	82.91081525%	[81.8915%, 83.8840%]
5484	82.91393144%	[81.8948%, 83.8870%]
5485	82.91704649%	[81.8981%, 83.8899%]
5486	82.92016041%	[81.9014%, 83.8929%]
5487	82.92327319%	[81.9046%, 83.8958%]
5488	82.90816327%	[81.8893%, 83.8810%]
5489	82.91127710%	[81.8926%, 83.8840%]
5490	82.91438980%	[81.8958%, 83.8869%]
5491	82.91750137%	[81.8991%, 83.8899%]
5492	82.92061180%	[81.9024%, 83.8928%]
5493	82.92372110%	[81.9057%, 83.8958%]
5494	82.92682927%	[81.9089%, 83.8987%]
5495	82.92993631%	[81.9122%, 83.9017%]
5496	82.93304221%	[81.9155%, 83.9046%]
5497	82.93614699%	[81.9187%, 83.9075%]
5498	82.93925064%	[81.9220%, 83.9105%]
5499	82.94235316%	[81.9253%, 83.9134%]
5500	82.94545455%	[81.9285%, 83.9164%]
5501	82.94855481%	[81.9318%, 83.9193%]
5502	82.95165394%	[81.9351%, 83.9223%]
5503	82.95475195%	[81.9383%, 83.9252%]
5504	82.95784884%	[81.9416%, 83.9281%]
5505	82.96094460%	[81.9449%, 83.9311%]
5506	82.94587722%	[81.9295%, 83.9163%]
5507	82.94897403%	[81.9328%, 83.9192%]
5508	82.95206972%	[81.9361%, 83.9221%]
5509	82.95516428%	[81.9393%, 83.9251%]
5510	82.94010889%	[81.9240%, 83.9103%]
5511	82.94320450%	[81.9273%, 83.9132%]
5512	82.94629898%	[81.9305%, 83.9162%]
5513	82.94939235%	[81.9338%, 83.9191%]
5514	82.95248458%	[81.9371%, 83.9220%]
5515	82.95557570%	[81.9403%, 83.9250%]
5516	82.95866570%	[81.9436%, 83.9279%]
5517	82.96175458%	[81.9468%, 83.9308%]
5518	82.94671983%	[81.9315%, 83.9161%]
5519	82.94980975%	[81.9348%, 83.9190%]
5520	82.95289855%	[81.9380%, 83.9219%]
5521	82.95598623%	[81.9413%, 83.9248%]
5522	82.95907280%	[81.9445%, 83.9278%]
5523	82.96215825%	[81.9478%, 83.9307%]
5524	82.96524258%	[81.9510%, 83.9336%]
5525	82.95022624%	[81.9358%, 83.9189%]
5526	82.93521535%	[81.9205%, 83.9041%]
5527	82.93830288%	[81.9238%, 83.9071%]
5528	82.94138929%	[81.9270%, 83.9100%]
5529	82.94447459%	[81.9303%, 83.9129%]
5530	82.94755877%	[81.9335%, 83.9159%]
5531	82.95064184%	[81.9368%, 83.9188%]
5532	82.95372379%	[81.9400%, 83.9217%]
5533	82.95680463%	[81.9433%, 83.9246%]
5534	82.95988435%	[81.9465%, 83.9275%]
5535	82.96296296%	[81.9497%, 83.9305%]
5536	82.96604046%	[81.9530%, 83.9334%]
5537	82.96911685%	[81.9562%, 83.9363%]
5538	82.97219213%	[81.9595%, 83.9392%]
5539	82.97526629%	[81.9627%, 83.9421%]
5540	82.96028881%	[81.9475%, 83.9274%]
5541	82.96336401%	[81.9507%, 83.9303%]
5542	82.96643811%	[81.9539%, 83.9333%]
5543	82.95147032%	[81.9387%, 83.9186%]
5544	82.95454545%	[81.9420%, 83.9215%]
5545	82.95761948%	[81.9452%, 83.9244%]
5546	82.94266138%	[81.9300%, 83.9097%]
5547	82.94573643%	[81.9333%, 83.9126%]
5548	82.94881038%	[81.9365%, 83.9155%]
5549	82.93386196%	[81.9213%, 83.9009%]
5550	82.93693694%	[81.9245%, 83.9038%]
5551	82.94001081%	[81.9278%, 83.9067%]
5552	82.94308357%	[81.9310%, 83.9096%]
5553	82.94615523%	[81.9342%, 83.9125%]
5554	82.94922578%	[81.9375%, 83.9154%]
5555	82.95229523%	[81.9407%, 83.9183%]
5556	82.95536357%	[81.9439%, 83.9213%]
5557	82.95843081%	[81.9472%, 83.9242%]
5558	82.96149694%	[81.9504%, 83.9271%]
5559	82.96456197%	[81.9536%, 83.9300%]
5560	82.96762590%	[81.9568%, 83.9329%]
5561	82.97068873%	[81.9601%, 83.9358%]
5562	82.97375045%	[81.9633%, 83.9387%]
5563	82.95883516%	[81.9481%, 83.9241%]
5564	82.96189792%	[81.9514%, 83.9270%]
5565	82.96495957%	[81.9546%, 83.9299%]
5566	82.96802012%	[81.9578%, 83.9328%]
5567	82.97107958%	[81.9610%, 83.9357%]
5568	82.97413793%	[81.9642%, 83.9386%]
5569	82.97719519%	[81.9675%, 83.9415%]
5570	82.98025135%	[81.9707%, 83.9444%]
5571	82.98330641%	[81.9739%, 83.9473%]
5572	82.98636037%	[81.9771%, 83.9502%]
5573	82.98941324%	[81.9803%, 83.9531%]
5574	82.99246502%	[81.9835%, 83.9560%]
5575	82.99551570%	[81.9867%, 83.9588%]
5576	82.99856528%	[81.9900%, 83.9617%]
5577	83.00161377%	[81.9932%, 83.9646%]
5578	83.00466117%	[81.9964%, 83.9675%]
5579	83.00770747%	[81.9996%, 83.9704%]
5580	83.01075269%	[82.0028%, 83.9733%]
5581	83.01379681%	[82.0060%, 83.9762%]
5582	82.99892512%	[81.9909%, 83.9616%]
5583	83.00197027%	[81.9941%, 83.9645%]
5584	83.00501433%	[81.9973%, 83.9674%]
5585	82.99015219%	[81.9822%, 83.9528%]
5586	82.99319728%	[81.9854%, 83.9557%]
5587	82.99624127%	[81.9886%, 83.9585%]
5588	82.99928418%	[81.9918%, 83.9614%]
5589	82.98443371%	[81.9767%, 83.9469%]
5590	82.98747764%	[81.9799%, 83.9497%]
5591	82.99052048%	[81.9831%, 83.9526%]
5592	82.99356223%	[81.9863%, 83.9555%]
5593	82.97872340%	[81.9712%, 83.9409%]
5594	82.98176618%	[81.9744%, 83.9438%]
5595	82.96693476%	[81.9594%, 83.9293%]
5596	82.96997856%	[81.9626%, 83.9321%]
5597	82.97302126%	[81.9658%, 83.9350%]
5598	82.97606288%	[81.9690%, 83.9379%]
5599	82.97910341%	[81.9722%, 83.9408%]
5600	82.98214286%	[81.9754%, 83.9437%]
5601	82.98518122%	[81.9786%, 83.9466%]
5602	82.98821849%	[81.9818%, 83.9495%]
5603	82.99125468%	[81.9850%, 83.9523%]
5604	82.97644540%	[81.9699%, 83.9378%]
5605	82.97948260%	[81.9731%, 83.9407%]
5606	82.98251873%	[81.9763%, 83.9436%]
5607	82.98555377%	[81.9795%, 83.9464%]
5608	82.98858773%	[81.9827%, 83.9493%]
5609	82.99162061%	[81.9859%, 83.9522%]
5610	82.99465241%	[81.9891%, 83.9551%]
5611	82.97986099%	[81.9741%, 83.9405%]
5612	82.98289380%	[81.9772%, 83.9434%]
5613	82.96810975%	[81.9622%, 83.9289%]
5614	82.95333096%	[81.9472%, 83.9144%]
5615	82.95636687%	[81.9504%, 83.9173%]
5616	82.94159544%	[81.9354%, 83.9028%]
5617	82.94463237%	[81.9386%, 83.9056%]
5618	82.94766821%	[81.9418%, 83.9085%]
5619	82.95070297%	[81.9450%, 83.9114%]
5620	82.93594306%	[81.9300%, 83.8969%]
5621	82.92118840%	[81.9150%, 83.8824%]
5622	82.92422625%	[81.9182%, 83.8853%]
5623	82.92726303%	[81.9214%, 83.8882%]
5624	82.93029872%	[81.9246%, 83.8911%]
5625	82.93333333%	[81.9278%, 83.8939%]
5626	82.93636687%	[81.9310%, 83.8968%]
5627	82.93939932%	[81.9342%, 83.8997%]
5628	82.92466240%	[81.9192%, 83.8852%]
5629	82.92769586%	[81.9224%, 83.8881%]
5630	82.91296625%	[81.9074%, 83.8736%]
5631	82.91600071%	[81.9106%, 83.8765%]
5632	82.91903409%	[81.9138%, 83.8794%]
5633	82.92206639%	[81.9170%, 83.8823%]
5634	82.92509762%	[81.9202%, 83.8852%]
5635	82.92812777%	[81.9234%, 83.8880%]
5636	82.91341377%	[81.9084%, 83.8736%]
5637	82.91644492%	[81.9116%, 83.8765%]
5638	82.91947499%	[81.9148%, 83.8793%]
5639	82.92250399%	[81.9180%, 83.8822%]
5640	82.92553191%	[81.9212%, 83.8851%]
5641	82.92855877%	[81.9244%, 83.8879%]
5642	82.93158454%	[81.9275%, 83.8908%]
5643	82.93460925%	[81.9307%, 83.8937%]
5644	82.93763288%	[81.9339%, 83.8966%]
5645	82.92294066%	[81.9190%, 83.8821%]
5646	82.92596529%	[81.9222%, 83.8850%]
5647	82.92898884%	[81.9253%, 83.8879%]
5648	82.93201133%	[81.9285%, 83.8907%]
5649	82.93503275%	[81.9317%, 83.8936%]
5650	82.92035398%	[81.9168%, 83.8792%]
5651	82.92337639%	[81.9200%, 83.8821%]
5652	82.92639774%	[81.9231%, 83.8849%]
5653	82.92941801%	[81.9263%, 83.8878%]
5654	82.93243721%	[81.9295%, 83.8907%]
5655	82.93545535%	[81.9327%, 83.8935%]
5656	82.93847242%	[81.9358%, 83.8964%]
5657	82.92381121%	[81.9210%, 83.8820%]
5658	82.92682927%	[81.9241%, 83.8849%]
5659	82.91217530%	[81.9092%, 83.8705%]
5660	82.89752650%	[81.8944%, 83.8561%]
5661	82.90054761%	[81.8975%, 83.8589%]
5662	82.90356764%	[81.9007%, 83.8618%]
5663	82.90658661%	[81.9039%, 83.8647%]
5664	82.89194915%	[81.8890%, 83.8503%]
5665	82.87731686%	[81.8742%, 83.8359%]
5666	82.88033886%	[81.8773%, 83.8388%]
5667	82.86571378%	[81.8625%, 83.8244%]
5668	82.86873677%	[81.8657%, 83.8273%]
5669	82.87175869%	[81.8688%, 83.8302%]
5670	82.87477954%	[81.8720%, 83.8330%]
5671	82.87779933%	[81.8752%, 83.8359%]
5672	82.88081805%	[81.8784%, 83.8388%]
5673	82.88383571%	[81.8815%, 83.8416%]
5674	82.88685231%	[81.8847%, 83.8445%]
5675	82.88986784%	[81.8879%, 83.8474%]
5676	82.89288231%	[81.8911%, 83.8502%]
5677	82.89589572%	[81.8942%, 83.8531%]
5678	82.89890807%	[81.8974%, 83.8559%]
5679	82.88431062%	[81.8826%, 83.8416%]
5680	82.86971831%	[81.8677%, 83.8273%]
5681	82.87273367%	[81.8709%, 83.8301%]
5682	82.87574798%	[81.8741%, 83.8330%]
5683	82.87876122%	[81.8773%, 83.8358%]
5684	82.88177340%	[81.8804%, 83.8387%]
5685	82.88478452%	[81.8836%, 83.8416%]
5686	82.88779458%	[81.8868%, 83.8444%]
5687	82.89080359%	[81.8899%, 83.8473%]
5688	82.89381153%	[81.8931%, 83.8501%]
5689	82.89681842%	[81.8963%, 83.8530%]
5690	82.89982425%	[81.8994%, 83.8558%]
5691	82.90282903%	[81.9026%, 83.8587%]
5692	82.90583275%	[81.9057%, 83.8615%]
5693	82.90883541%	[81.9089%, 83.8644%]
5694	82.89427468%	[81.8941%, 83.8501%]
5695	82.89727831%	[81.8973%, 83.8529%]
5696	82.90028090%	[81.9004%, 83.8558%]
5697	82.88572933%	[81.8856%, 83.8415%]
5698	82.88873289%	[81.8888%, 83.8444%]
5699	82.89173539%	[81.8920%, 83.8472%]
5700	82.87719298%	[81.8772%, 83.8329%]
5701	82.88019646%	[81.8803%, 83.8358%]
5702	82.88319888%	[81.8835%, 83.8386%]
5703	82.88620025%	[81.8867%, 83.8415%]
5704	82.88920056%	[81.8898%, 83.8443%]
5705	82.89219982%	[81.8930%, 83.8472%]
5706	82.89519804%	[81.8961%, 83.8500%]
5707	82.88067286%	[81.8814%, 83.8357%]
5708	82.88367204%	[81.8845%, 83.8386%]
5709	82.88667017%	[81.8877%, 83.8414%]
5710	82.88966725%	[81.8908%, 83.8443%]
5711	82.87515321%	[81.8761%, 83.8300%]
5712	82.86064426%	[81.8613%, 83.8158%]
5713	82.86364432%	[81.8645%, 83.8186%]
5714	82.84914246%	[81.8498%, 83.8044%]
5715	82.85214348%	[81.8529%, 83.8072%]
5716	82.85514346%	[81.8561%, 83.8101%]
5717	82.85814238%	[81.8592%, 83.8129%]
5718	82.86114026%	[81.8624%, 83.8158%]
5719	82.86413709%	[81.8655%, 83.8186%]
5720	82.86713287%	[81.8687%, 83.8215%]
5721	82.87012760%	[81.8718%, 83.8243%]
5722	82.87312129%	[81.8750%, 83.8271%]
5723	82.87611393%	[81.8781%, 83.8300%]
5724	82.87910552%	[81.8813%, 83.8328%]
5725	82.88209607%	[81.8844%, 83.8357%]
5726	82.88508557%	[81.8876%, 83.8385%]
5727	82.88807404%	[81.8907%, 83.8413%]
5728	82.89106145%	[81.8939%, 83.8442%]
5729	82.89404783%	[81.8970%, 83.8470%]
5730	82.89703316%	[81.9001%, 83.8499%]
5731	82.90001745%	[81.9033%, 83.8527%]
5732	82.90300070%	[81.9064%, 83.8555%]
5733	82.90598291%	[81.9095%, 83.8583%]
5734	82.90896407%	[81.9127%, 83.8612%]
5735	82.91194420%	[81.9158%, 83.8640%]
5736	82.89748954%	[81.9011%, 83.8498%]
5737	82.90047063%	[81.9043%, 83.8526%]
5738	82.90345068%	[81.9074%, 83.8555%]
5739	82.90642969%	[81.9105%, 83.8583%]
5740	82.90940767%	[81.9137%, 83.8611%]
5741	82.89496603%	[81.8990%, 83.8469%]
5742	82.89794497%	[81.9021%, 83.8498%]
5743	82.90092286%	[81.9053%, 83.8526%]
5744	82.88649025%	[81.8906%, 83.8384%]
5745	82.88946910%	[81.8937%, 83.8412%]
5746	82.87504351%	[81.8791%, 83.8271%]
5747	82.87802332%	[81.8822%, 83.8299%]
5748	82.88100209%	[81.8853%, 83.8327%]
5749	82.88397982%	[81.8885%, 83.8356%]
5750	82.88695652%	[81.8916%, 83.8384%]
5751	82.87254391%	[81.8770%, 83.8242%]
5752	82.87552156%	[81.8801%, 83.8271%]
5753	82.86111594%	[81.8655%, 83.8129%]
5754	82.86409454%	[81.8686%, 83.8157%]
5755	82.86707211%	[81.8717%, 83.8186%]
5756	82.87004864%	[81.8749%, 83.8214%]
5757	82.87302414%	[81.8780%, 83.8242%]
5758	82.87599861%	[81.8811%, 83.8270%]
5759	82.87897204%	[81.8842%, 83.8299%]
5760	82.88194444%	[81.8874%, 83.8327%]
5761	82.88491581%	[81.8905%, 83.8355%]
5762	82.88788615%	[81.8936%, 83.8383%]
5763	82.89085546%	[81.8967%, 83.8411%]
5764	82.89382373%	[81.8999%, 83.8440%]
5765	82.89679098%	[81.9030%, 83.8468%]
5766	82.89975720%	[81.9061%, 83.8496%]
5767	82.90272239%	[81.9092%, 83.8524%]
5768	82.90568655%	[81.9123%, 83.8552%]
5769	82.90864968%	[81.9155%, 83.8580%]
5770	82.89428076%	[81.9009%, 83.8439%]
5771	82.89724484%	[81.9040%, 83.8467%]
5772	82.90020790%	[81.9071%, 83.8496%]
5773	82.90316993%	[81.9102%, 83.8524%]
5774	82.90613093%	[81.9133%, 83.8552%]
5775	82.90909091%	[81.9164%, 83.8580%]
5776	82.91204986%	[81.9195%, 83.8608%]
5777	82.91500779%	[81.9227%, 83.8636%]
5778	82.91796469%	[81.9258%, 83.8664%]
5779	82.92092057%	[81.9289%, 83.8692%]
5780	82.92387543%	[81.9320%, 83.8720%]
5781	82.90953122%	[81.9174%, 83.8579%]
5782	82.91248703%	[81.9205%, 83.8608%]
5783	82.91544181%	[81.9236%, 83.8636%]
5784	82.91839557%	[81.9267%, 83.8664%]
5785	82.92134831%	[81.9298%, 83.8692%]
5786	82.90701694%	[81.9153%, 83.8551%]
5787	82.90997062%	[81.9184%, 83.8579%]
5788	82.89564616%	[81.9038%, 83.8438%]
5789	82.88132665%	[81.8893%, 83.8298%]
5790	82.88428325%	[81.8924%, 83.8326%]
5791	82.88723882%	[81.8955%, 83.8354%]
5792	82.89019337%	[81.8986%, 83.8382%]
5793	82.89314690%	[81.9017%, 83.8410%]
5794	82.89609941%	[81.9048%, 83.8438%]
5795	82.89905091%	[81.9079%, 83.8466%]
5796	82.90200138%	[81.9110%, 83.8494%]
5797	82.88770053%	[81.8965%, 83.8353%]
5798	82.89065195%	[81.8996%, 83.8381%]
5799	82.89360235%	[81.9027%, 83.8409%]
5800	82.89655172%	[81.9058%, 83.8437%]
5801	82.89950009%	[81.9089%, 83.8465%]
5802	82.90244743%	[81.9120%, 83.8493%]
5803	82.90539376%	[81.9151%, 83.8521%]
5804	82.89110958%	[81.9006%, 83.8381%]
5805	82.87683032%	[81.8861%, 83.8241%]
5806	82.87977954%	[81.8892%, 83.8269%]
5807	82.88272774%	[81.8923%, 83.8297%]
5808	82.86845730%	[81.8778%, 83.8157%]
5809	82.85419177%	[81.8633%, 83.8016%]
5810	82.83993115%	[81.8488%, 83.7876%]
5811	82.84288419%	[81.8519%, 83.7904%]
5812	82.82863042%	[81.8375%, 83.7764%]
5813	82.83158438%	[81.8406%, 83.7792%]
5814	82.83453732%	[81.8437%, 83.7820%]
5815	82.83748925%	[81.8468%, 83.7849%]
5816	82.84044017%	[81.8499%, 83.7877%]
5817	82.84339006%	[81.8530%, 83.7905%]
5818	82.84633895%	[81.8561%, 83.7933%]
5819	82.84928682%	[81.8592%, 83.7961%]
5820	82.85223368%	[81.8623%, 83.7989%]
5821	82.85517952%	[81.8654%, 83.8017%]
5822	82.85812436%	[81.8685%, 83.8045%]
5823	82.84389490%	[81.8540%, 83.7905%]
5824	82.82967033%	[81.8396%, 83.7765%]
5825	82.83261803%	[81.8427%, 83.7793%]
5826	82.83556471%	[81.8458%, 83.7821%]
5827	82.83851038%	[81.8489%, 83.7849%]
5828	82.84145504%	[81.8520%, 83.7877%]
5829	82.82724309%	[81.8375%, 83.7737%]
5830	82.83018868%	[81.8406%, 83.7765%]
5831	82.83313325%	[81.8437%, 83.7793%]
5832	82.83607682%	[81.8468%, 83.7821%]
5833	82.83901937%	[81.8499%, 83.7849%]
5834	82.82482002%	[81.8355%, 83.7710%]
5835	82.81062554%	[81.8211%, 83.7570%]
5836	82.81357094%	[81.8242%, 83.7598%]
5837	82.81651533%	[81.8273%, 83.7626%]
5838	82.81945872%	[81.8303%, 83.7654%]
5839	82.82240110%	[81.8334%, 83.7682%]
5840	82.80821918%	[81.8190%, 83.7543%]
5841	82.81116247%	[81.8221%, 83.7571%]
5842	82.81410476%	[81.8252%, 83.7599%]
5843	82.81704604%	[81.8283%, 83.7627%]
5844	82.81998631%	[81.8314%, 83.7655%]
5845	82.80581694%	[81.8170%, 83.7515%]
5846	82.80875813%	[81.8201%, 83.7543%]
5847	82.81169831%	[81.8232%, 83.7571%]
5848	82.79753762%	[81.8088%, 83.7432%]
5849	82.80047871%	[81.8119%, 83.7460%]
5850	82.80341880%	[81.8150%, 83.7488%]
5851	82.80635789%	[81.8181%, 83.7516%]
5852	82.80929597%	[81.8212%, 83.7544%]
5853	82.81223304%	[81.8243%, 83.7572%]
5854	82.81516912%	[81.8273%, 83.7600%]
5855	82.81810418%	[81.8304%, 83.7627%]
5856	82.80396175%	[81.8161%, 83.7488%]
5857	82.78982414%	[81.8017%, 83.7350%]
5858	82.79276203%	[81.8048%, 83.7377%]
5859	82.77863117%	[81.7904%, 83.7239%]
5860	82.78156997%	[81.7935%, 83.7267%]
5861	82.78450776%	[81.7966%, 83.7294%]
5862	82.78744456%	[81.7997%, 83.7322%]
5863	82.79038035%	[81.8028%, 83.7350%]
5864	82.79331514%	[81.8059%, 83.7378%]
5865	82.79624893%	[81.8090%, 83.7406%]
5866	82.78213433%	[81.7946%, 83.7267%]
5867	82.78506903%	[81.7977%, 83.7295%]
5868	82.78800273%	[81.8008%, 83.7323%]
5869	82.79093542%	[81.8039%, 83.7351%]
5870	82.79386712%	[81.8070%, 83.7379%]
5871	82.79679782%	[81.8100%, 83.7407%]
5872	82.79972752%	[81.8131%, 83.7435%]
5873	82.80265622%	[81.8162%, 83.7462%]
5874	82.78855975%	[81.8019%, 83.7324%]
5875	82.77446809%	[81.7876%, 83.7185%]
5876	82.77739959%	[81.7907%, 83.7213%]
5877	82.78033010%	[81.7937%, 83.7241%]
5878	82.78325961%	[81.7968%, 83.7269%]
5879	82.78618813%	[81.7999%, 83.7297%]
5880	82.78911565%	[81.8030%, 83.7325%]
5881	82.79204217%	[81.8060%, 83.7352%]
5882	82.79496770%	[81.8091%, 83.7380%]
5883	82.78089410%	[81.7948%, 83.7242%]
5884	82.78382053%	[81.7979%, 83.7270%]
5885	82.78674596%	[81.8010%, 83.7297%]
5886	82.78967040%	[81.8040%, 83.7325%]
5887	82.79259385%	[81.8071%, 83.7353%]
5888	82.79551630%	[81.8102%, 83.7381%]
5889	82.78145695%	[81.7959%, 83.7243%]
5890	82.78438031%	[81.7990%, 83.7270%]
5891	82.78730267%	[81.8021%, 83.7298%]
5892	82.79022403%	[81.8051%, 83.7326%]
5893	82.79314441%	[81.8082%, 83.7354%]
5894	82.79606379%	[81.8113%, 83.7381%]
5895	82.79898219%	[81.8143%, 83.7409%]
5896	82.80189959%	[81.8174%, 83.7437%]
5897	82.80481601%	[81.8205%, 83.7465%]
5898	82.80773143%	[81.8235%, 83.7492%]
5899	82.81064587%	[81.8266%, 83.7520%]
5900	82.79661017%	[81.8123%, 83.7382%]
5901	82.79952550%	[81.8154%, 83.7410%]
5902	82.80243985%	[81.8185%, 83.7438%]
5903	82.80535321%	[81.8215%, 83.7465%]
5904	82.80826558%	[81.8246%, 83.7493%]
5905	82.79424217%	[81.8103%, 83.7355%]
5906	82.79715544%	[81.8134%, 83.7383%]
5907	82.78313865%	[81.7992%, 83.7245%]
5908	82.78605281%	[81.8022%, 83.7273%]
5909	82.78896598%	[81.8053%, 83.7300%]
5910	82.77495770%	[81.7911%, 83.7163%]
5911	82.77787176%	[81.7941%, 83.7190%]
5912	82.78078484%	[81.7972%, 83.7218%]
5913	82.78369694%	[81.8002%, 83.7246%]
5914	82.78660805%	[81.8033%, 83.7273%]
5915	82.78951817%	[81.8064%, 83.7301%]
5916	82.79242732%	[81.8094%, 83.7329%]
5917	82.79533547%	[81.8125%, 83.7356%]
5918	82.79824265%	[81.8155%, 83.7384%]
5919	82.80114884%	[81.8186%, 83.7412%]
5920	82.80405405%	[81.8216%, 83.7439%]
5921	82.80695828%	[81.8247%, 83.7467%]
5922	82.80986153%	[81.8277%, 83.7495%]
5923	82.81276380%	[81.8308%, 83.7522%]
5924	82.81566509%	[81.8338%, 83.7550%]
5925	82.81856540%	[81.8369%, 83.7577%]
5926	82.82146473%	[81.8399%, 83.7605%]
5927	82.80749114%	[81.8257%, 83.7467%]
5928	82.81039136%	[81.8288%, 83.7495%]
5929	82.81329061%	[81.8318%, 83.7523%]
5930	82.81618887%	[81.8349%, 83.7550%]
5931	82.81908616%	[81.8379%, 83.7578%]
5932	82.80512475%	[81.8237%, 83.7440%]
5933	82.80802292%	[81.8268%, 83.7468%]
5934	82.81092012%	[81.8298%, 83.7496%]
5935	82.81381634%	[81.8329%, 83.7523%]
5936	82.81671159%	[81.8359%, 83.7551%]
5937	82.80276234%	[81.8217%, 83.7414%]
5938	82.80565847%	[81.8248%, 83.7441%]
5939	82.80855363%	[81.8278%, 83.7469%]
5940	82.79461279%	[81.8137%, 83.7332%]
5941	82.79750884%	[81.8167%, 83.7359%]
5942	82.78357455%	[81.8026%, 83.7222%]
5943	82.78647148%	[81.8056%, 83.7250%]
5944	82.77254374%	[81.7915%, 83.7113%]
5945	82.77544155%	[81.7945%, 83.7140%]
5946	82.77833838%	[81.7976%, 83.7168%]
5947	82.78123424%	[81.8006%, 83.7195%]
5948	82.78412912%	[81.8036%, 83.7223%]
5949	82.78702303%	[81.8067%, 83.7250%]
5950	82.78991597%	[81.8097%, 83.7278%]
5951	82.79280793%	[81.8128%, 83.7305%]
5952	82.79569892%	[81.8158%, 83.7333%]
5953	82.79858895%	[81.8188%, 83.7360%]
5954	82.80147800%	[81.8219%, 83.7388%]
5955	82.78757347%	[81.8078%, 83.7251%]
5956	82.79046340%	[81.8108%, 83.7279%]
5957	82.77656539%	[81.7967%, 83.7142%]
5958	82.76267204%	[81.7826%, 83.7006%]
5959	82.76556469%	[81.7856%, 83.7033%]
5960	82.76845638%	[81.7886%, 83.7061%]
5961	82.77134709%	[81.7917%, 83.7088%]
5962	82.77423683%	[81.7947%, 83.7115%]
5963	82.77712561%	[81.7978%, 83.7143%]
5964	82.78001341%	[81.8008%, 83.7170%]
5965	82.76613579%	[81.7867%, 83.7034%]
5966	82.76902447%	[81.7897%, 83.7061%]
5967	82.77191218%	[81.7928%, 83.7089%]
5968	82.75804290%	[81.7787%, 83.6953%]
5969	82.76093148%	[81.7817%, 83.6980%]
5970	82.76381910%	[81.7847%, 83.7008%]
5971	82.76670574%	[81.7878%, 83.7035%]
5972	82.76959143%	[81.7908%, 83.7062%]
5973	82.77247614%	[81.7938%, 83.7090%]
5974	82.77535989%	[81.7969%, 83.7117%]
5975	82.77824268%	[81.7999%, 83.7145%]
5976	82.78112450%	[81.8029%, 83.7172%]
5977	82.76727455%	[81.7889%, 83.7036%]
5978	82.77015724%	[81.7919%, 83.7063%]
5979	82.77303897%	[81.7949%, 83.7091%]
5980	82.77591973%	[81.7979%, 83.7118%]
5981	82.77879953%	[81.8010%, 83.7146%]
5982	82.76496155%	[81.7869%, 83.7010%]
5983	82.76784222%	[81.7899%, 83.7037%]
5984	82.77072193%	[81.7930%, 83.7064%]
5985	82.77360067%	[81.7960%, 83.7092%]
5986	82.77647845%	[81.7990%, 83.7119%]
5987	82.76265241%	[81.7850%, 83.6983%]
5988	82.76553106%	[81.7880%, 83.7010%]
5989	82.76840875%	[81.7910%, 83.7038%]
5990	82.77128548%	[81.7940%, 83.7065%]
5991	82.77416124%	[81.7971%, 83.7093%]
5992	82.77703605%	[81.8001%, 83.7120%]
5993	82.76322376%	[81.7861%, 83.6984%]
5994	82.76609943%	[81.7891%, 83.7011%]
5995	82.76897415%	[81.7921%, 83.7039%]
5996	82.77184790%	[81.7951%, 83.7066%]
5997	82.77472069%	[81.7981%, 83.7093%]
5998	82.76092031%	[81.7841%, 83.6958%]
5999	82.76379397%	[81.7871%, 83.6985%]
6000	82.75000000%	[81.7731%, 83.6850%]
6001	82.75287452%	[81.7762%, 83.6877%]
6002	82.75574808%	[81.7792%, 83.6904%]
6003	82.74196235%	[81.7652%, 83.6769%]
6004	82.74483678%	[81.7682%, 83.6796%]
6005	82.74771024%	[81.7712%, 83.6823%]
6006	82.75058275%	[81.7742%, 83.6851%]
6007	82.75345430%	[81.7772%, 83.6878%]
6008	82.73968043%	[81.7633%, 83.6743%]
6009	82.74255284%	[81.7663%, 83.6770%]
6010	82.74542429%	[81.7693%, 83.6797%]
6011	82.74829479%	[81.7723%, 83.6825%]
6012	82.75116434%	[81.7753%, 83.6852%]
6013	82.75403293%	[81.7783%, 83.6879%]
6014	82.75690057%	[81.7813%, 83.6906%]
6015	82.75976725%	[81.7844%, 83.6934%]
6016	82.76263298%	[81.7874%, 83.6961%]
6017	82.76549776%	[81.7904%, 83.6988%]
6018	82.76836158%	[81.7934%, 83.7015%]
6019	82.77122446%	[81.7964%, 83.7043%]
6020	82.77408638%	[81.7994%, 83.7070%]
6021	82.77694735%	[81.8024%, 83.7097%]
6022	82.77980737%	[81.8054%, 83.7124%]
6023	82.78266645%	[81.8084%, 83.7151%]
6024	82.78552457%	[81.8114%, 83.7179%]
6025	82.78838174%	[81.8144%, 83.7206%]
6026	82.79123797%	[81.8174%, 83.7233%]
6027	82.79409325%	[81.8204%, 83.7260%]
6028	82.79694758%	[81.8234%, 83.7287%]
6029	82.79980096%	[81.8264%, 83.7314%]
6030	82.80265340%	[81.8294%, 83.7341%]
6031	82.80550489%	[81.8324%, 83.7369%]
6032	82.80835544%	[81.8354%, 83.7396%]
6033	82.81120504%	[81.8384%, 83.7423%]
6034	82.79748094%	[81.8244%, 83.7288%]
6035	82.80033140%	[81.8274%, 83.7315%]
6036	82.80318091%	[81.8304%, 83.7342%]
6037	82.80602948%	[81.8334%, 83.7369%]
6038	82.80887711%	[81.8364%, 83.7396%]
6039	82.81172380%	[81.8394%, 83.7423%]
6040	82.81456954%	[81.8424%, 83.7450%]
6041	82.81741434%	[81.8454%, 83.7477%]
6042	82.82025819%	[81.8484%, 83.7504%]
6043	82.82310111%	[81.8513%, 83.7532%]
6044	82.82594308%	[81.8543%, 83.7559%]
6045	82.81224152%	[81.8404%, 83.7424%]
6046	82.81508435%	[81.8434%, 83.7451%]
6047	82.81792624%	[81.8464%, 83.7478%]
6048	82.82076720%	[81.8494%, 83.7505%]
6049	82.82360721%	[81.8524%, 83.7532%]
6050	82.82644628%	[81.8553%, 83.7559%]
6051	82.82928442%	[81.8583%, 83.7586%]
6052	82.83212161%	[81.8613%, 83.7613%]
6053	82.81843714%	[81.8474%, 83.7478%]
6054	82.80475719%	[81.8335%, 83.7344%]
6055	82.80759703%	[81.8365%, 83.7371%]
6056	82.81043593%	[81.8395%, 83.7398%]
6057	82.81327390%	[81.8425%, 83.7425%]
6058	82.81611093%	[81.8454%, 83.7452%]
6059	82.81894702%	[81.8484%, 83.7479%]
6060	82.82178218%	[81.8514%, 83.7506%]
6061	82.82461640%	[81.8544%, 83.7533%]
6062	82.82744969%	[81.8573%, 83.7560%]
6063	82.83028204%	[81.8603%, 83.7587%]
6064	82.83311346%	[81.8633%, 83.7614%]
6065	82.83594394%	[81.8663%, 83.7641%]
6066	82.83877349%	[81.8692%, 83.7667%]
6067	82.84160211%	[81.8722%, 83.7694%]
6068	82.84442980%	[81.8752%, 83.7721%]
6069	82.84725655%	[81.8781%, 83.7748%]
6070	82.85008237%	[81.8811%, 83.7775%]
6071	82.85290726%	[81.8841%, 83.7802%]
6072	82.85573123%	[81.8870%, 83.7829%]
6073	82.85855426%	[81.8900%, 83.7856%]
6074	82.86137636%	[81.8930%, 83.7882%]
6075	82.86419753%	[81.8959%, 83.7909%]
6076	82.86701777%	[81.8989%, 83.7936%]
6077	82.86983709%	[81.9019%, 83.7963%]
6078	82.87265548%	[81.9048%, 83.7990%]
6079	82.87547294%	[81.9078%, 83.8016%]
6080	82.86184211%	[81.8939%, 83.7883%]
6081	82.86466042%	[81.8969%, 83.7909%]
6082	82.85103584%	[81.8831%, 83.7775%]
6083	82.83741575%	[81.8692%, 83.7642%]
6084	82.84023669%	[81.8722%, 83.7668%]
6085	82.84305670%	[81.8752%, 83.7695%]
6086	82.84587578%	[81.8781%, 83.7722%]
6087	82.84869394%	[81.8811%, 83.7749%]
6088	82.85151117%	[81.8840%, 83.7776%]
6089	82.85432748%	[81.8870%, 83.7802%]
6090	82.85714286%	[81.8899%, 83.7829%]
6091	82.85995731%	[81.8929%, 83.7856%]
6092	82.84635588%	[81.8791%, 83.7722%]
6093	82.84917118%	[81.8820%, 83.7749%]
6094	82.85198556%	[81.8850%, 83.7776%]
6095	82.85479902%	[81.8880%, 83.7803%]
6096	82.85761155%	[81.8909%, 83.7829%]
6097	82.84402165%	[81.8771%, 83.7696%]
6098	82.84683503%	[81.8801%, 83.7722%]
6099	82.84964748%	[81.8830%, 83.7749%]
6100	82.85245902%	[81.8860%, 83.7776%]
6101	82.83887887%	[81.8722%, 83.7642%]
6102	82.84169125%	[81.8751%, 83.7669%]
6103	82.84450270%	[81.8781%, 83.7696%]
6104	82.84731324%	[81.8810%, 83.7723%]
6105	82.85012285%	[81.8840%, 83.7749%]
6106	82.85293154%	[81.8869%, 83.7776%]
6107	82.85573932%	[81.8899%, 83.7803%]
6108	82.85854617%	[81.8928%, 83.7830%]
6109	82.86135210%	[81.8958%, 83.7856%]
6110	82.86415712%	[81.8987%, 83.7883%]
6111	82.86696122%	[81.9017%, 83.7910%]
6112	82.86976440%	[81.9046%, 83.7936%]
6113	82.87256666%	[81.9076%, 83.7963%]
6114	82.87536801%	[81.9105%, 83.7990%]
6115	82.87816844%	[81.9134%, 83.8016%]
6116	82.88096795%	[81.9164%, 83.8043%]
6117	82.88376655%	[81.9193%, 83.8069%]
6118	82.88656424%	[81.9223%, 83.8096%]
6119	82.88936101%	[81.9252%, 83.8123%]
6120	82.89215686%	[81.9281%, 83.8149%]
6121	82.89495181%	[81.9311%, 83.8176%]
6122	82.89774583%	[81.9340%, 83.8202%]
6123	82.90053895%	[81.9369%, 83.8229%]
6124	82.90333116%	[81.9399%, 83.8255%]
6125	82.90612245%	[81.9428%, 83.8282%]
6126	82.89258897%	[81.9291%, 83.8149%]
6127	82.89538110%	[81.9320%, 83.8176%]
6128	82.89817232%	[81.9349%, 83.8202%]
6129	82.90096264%	[81.9378%, 83.8229%]
6130	82.90375204%	[81.9408%, 83.8255%]
6131	82.90654053%	[81.9437%, 83.8282%]
6132	82.90932811%	[81.9466%, 83.8308%]
6133	82.89580955%	[81.9329%, 83.8175%]
6134	82.89859798%	[81.9358%, 83.8202%]
6135	82.90138549%	[81.9388%, 83.8228%]
6136	82.88787484%	[81.9250%, 83.8096%]
6137	82.89066319%	[81.9280%, 83.8122%]
6138	82.87715868%	[81.9143%, 83.7989%]
6139	82.87994787%	[81.9172%, 83.8016%]
6140	82.88273616%	[81.9201%, 83.8042%]
6141	82.88552353%	[81.9230%, 83.8069%]
6142	82.88831000%	[81.9260%, 83.8095%]
6143	82.89109556%	[81.9289%, 83.8122%]
6144	82.87760417%	[81.9152%, 83.7989%]
6145	82.88039056%	[81.9181%, 83.8016%]
6146	82.88317605%	[81.9210%, 83.8042%]
6147	82.88596063%	[81.9240%, 83.8069%]
6148	82.88874431%	[81.9269%, 83.8095%]
6149	82.89152708%	[81.9298%, 83.8122%]
6150	82.89430894%	[81.9327%, 83.8148%]
6151	82.89708990%	[81.9356%, 83.8175%]
6152	82.89986996%	[81.9386%, 83.8201%]
6153	82.90264911%	[81.9415%, 83.8228%]
6154	82.90542736%	[81.9444%, 83.8254%]
6155	82.90820471%	[81.9473%, 83.8280%]
6156	82.89473684%	[81.9336%, 83.8148%]
6157	82.89751502%	[81.9366%, 83.8174%]
6158	82.90029230%	[81.9395%, 83.8201%]
6159	82.90306868%	[81.9424%, 83.8227%]
6160	82.90584416%	[81.9453%, 83.8254%]
6161	82.90861873%	[81.9482%, 83.8280%]
6162	82.89516391%	[81.9346%, 83.8148%]
6163	82.89793932%	[81.9375%, 83.8174%]
6164	82.90071382%	[81.9404%, 83.8201%]
6165	82.90348743%	[81.9433%, 83.8227%]
6166	82.90626014%	[81.9462%, 83.8253%]
6167	82.90903194%	[81.9491%, 83.8280%]
6168	82.89559014%	[81.9355%, 83.8148%]
6169	82.89836278%	[81.9384%, 83.8174%]
6170	82.90113452%	[81.9413%, 83.8200%]
6171	82.90390536%	[81.9442%, 83.8227%]
6172	82.90667531%	[81.9471%, 83.8253%]
6173	82.90944435%	[81.9500%, 83.8279%]
6174	82.91221250%	[81.9529%, 83.8306%]
6175	82.91497976%	[81.9558%, 83.8332%]
6176	82.91774611%	[81.9587%, 83.8358%]
6177	82.90432249%	[81.9451%, 83.8226%]
6178	82.90708967%	[81.9480%, 83.8253%]
6179	82.89367212%	[81.9344%, 83.8121%]
6180	82.89644013%	[81.9373%, 83.8147%]
6181	82.88302864%	[81.9237%, 83.8015%]
6182	82.86962148%	[81.9101%, 83.7884%]
6183	82.87239204%	[81.9130%, 83.7910%]
6184	82.87516171%	[81.9159%, 83.7936%]
6185	82.87793048%	[81.9188%, 83.7963%]
6186	82.88069835%	[81.9217%, 83.7989%]
6187	82.88346533%	[81.9246%, 83.8015%]
6188	82.88623142%	[81.9275%, 83.8042%]
6189	82.88899661%	[81.9304%, 83.8068%]
6190	82.89176090%	[81.9333%, 83.8094%]
6191	82.87837183%	[81.9197%, 83.7963%]
6192	82.88113695%	[81.9226%, 83.7989%]
6193	82.86775392%	[81.9090%, 83.7857%]
6194	82.87051986%	[81.9119%, 83.7884%]
6195	82.87328491%	[81.9148%, 83.7910%]
6196	82.87604906%	[81.9177%, 83.7936%]
6197	82.87881233%	[81.9206%, 83.7963%]
6198	82.88157470%	[81.9235%, 83.7989%]
6199	82.88433618%	[81.9264%, 83.8015%]
6200	82.87096774%	[81.9129%, 83.7884%]
6201	82.85760361%	[81.8993%, 83.7752%]
6202	82.84424379%	[81.8857%, 83.7621%]
6203	82.84700951%	[81.8886%, 83.7647%]
6204	82.84977434%	[81.8915%, 83.7674%]
6205	82.85253828%	[81.8944%, 83.7700%]
6206	82.85530132%	[81.8973%, 83.7726%]
6207	82.85806348%	[81.9002%, 83.7752%]
6208	82.86082474%	[81.9031%, 83.7779%]
6209	82.86358512%	[81.9060%, 83.7805%]
6210	82.86634461%	[81.9089%, 83.7831%]
6211	82.86910320%	[81.9118%, 83.7857%]
6212	82.85576304%	[81.8983%, 83.7726%]
6213	82.85852245%	[81.9012%, 83.7753%]
6214	82.86128098%	[81.9041%, 83.7779%]
6215	82.86403862%	[81.9070%, 83.7805%]
6216	82.86679537%	[81.9099%, 83.7831%]
6217	82.86955123%	[81.9128%, 83.7858%]
6218	82.87230621%	[81.9156%, 83.7884%]
6219	82.87506030%	[81.9185%, 83.7910%]
6220	82.87781350%	[81.9214%, 83.7936%]
6221	82.88056583%	[81.9243%, 83.7962%]
6222	82.88331726%	[81.9272%, 83.7989%]
6223	82.88606781%	[81.9301%, 83.8015%]
6224	82.88881748%	[81.9330%, 83.8041%]
6225	82.89156627%	[81.9359%, 83.8067%]
6226	82.89431417%	[81.9387%, 83.8093%]
6227	82.88100209%	[81.9252%, 83.7962%]
6228	82.88375080%	[81.9281%, 83.7988%]
6229	82.88649864%	[81.9310%, 83.8015%]
6230	82.88924559%	[81.9339%, 83.8041%]
6231	82.87594287%	[81.9204%, 83.7910%]
6232	82.87869063%	[81.9233%, 83.7936%]
6233	82.88143751%	[81.9261%, 83.7962%]
6234	82.88418351%	[81.9290%, 83.7988%]
6235	82.88692863%	[81.9319%, 83.8014%]
6236	82.88967287%	[81.9348%, 83.8041%]
6237	82.89241623%	[81.9377%, 83.8067%]
6238	82.89515870%	[81.9405%, 83.8093%]
6239	82.88187209%	[81.9271%, 83.7962%]
6240	82.88461538%	[81.9299%, 83.7988%]
6241	82.87133472%	[81.9165%, 83.7858%]
6242	82.87407882%	[81.9193%, 83.7884%]
6243	82.87682204%	[81.9222%, 83.7910%]
6244	82.87956438%	[81.9251%, 83.7936%]
6245	82.88230584%	[81.9280%, 83.7962%]
6246	82.88504643%	[81.9308%, 83.7988%]
6247	82.87177845%	[81.9174%, 83.7858%]
6248	82.87451985%	[81.9203%, 83.7884%]
6249	82.87726036%	[81.9231%, 83.7910%]
6250	82.86400000%	[81.9097%, 83.7780%]
6251	82.85074388%	[81.8962%, 83.7649%]
6252	82.85348688%	[81.8991%, 83.7675%]
6253	82.85622901%	[81.9020%, 83.7701%]
6254	82.84298049%	[81.8885%, 83.7571%]
6255	82.84572342%	[81.8914%, 83.7597%]
6256	82.84846547%	[81.8943%, 83.7623%]
6257	82.85120665%	[81.8972%, 83.7649%]
6258	82.85394695%	[81.9000%, 83.7676%]
6259	82.85668637%	[81.9029%, 83.7702%]
6260	82.85942492%	[81.9058%, 83.7728%]
6261	82.86216259%	[81.9086%, 83.7754%]
6262	82.86489939%	[81.9115%, 83.7780%]
6263	82.86763532%	[81.9144%, 83.7806%]
6264	82.87037037%	[81.9173%, 83.7832%]
6265	82.85714286%	[81.9038%, 83.7702%]
6266	82.85987871%	[81.9067%, 83.7728%]
6267	82.86261369%	[81.9096%, 83.7754%]
6268	82.86534780%	[81.9124%, 83.7780%]
6269	82.86808103%	[81.9153%, 83.7806%]
6270	82.85486443%	[81.9019%, 83.7676%]
6271	82.85759847%	[81.9048%, 83.7702%]
6272	82.84438776%	[81.8914%, 83.7572%]
6273	82.84712259%	[81.8942%, 83.7598%]
6274	82.83391776%	[81.8808%, 83.7468%]
6275	82.83665339%	[81.8837%, 83.7494%]
6276	82.83938815%	[81.8866%, 83.7520%]
6277	82.82619086%	[81.8732%, 83.7391%]
6278	82.82892641%	[81.8760%, 83.7417%]
6279	82.83166109%	[81.8789%, 83.7443%]
6280	82.83439490%	[81.8818%, 83.7469%]
6281	82.83712785%	[81.8846%, 83.7495%]
6282	82.83985992%	[81.8875%, 83.7521%]
6283	82.82667516%	[81.8741%, 83.7391%]
6284	82.82940802%	[81.8770%, 83.7417%]
6285	82.81622912%	[81.8636%, 83.7288%]
6286	82.81896277%	[81.8665%, 83.7314%]
6287	82.82169556%	[81.8694%, 83.7340%]
6288	82.82442748%	[81.8722%, 83.7366%]
6289	82.81125775%	[81.8589%, 83.7236%]
6290	82.81399046%	[81.8617%, 83.7262%]
6291	82.80082658%	[81.8484%, 83.7133%]
6292	82.80356008%	[81.8512%, 83.7159%]
6293	82.80629271%	[81.8541%, 83.7185%]
6294	82.80902447%	[81.8570%, 83.7211%]
6295	82.81175536%	[81.8598%, 83.7237%]
6296	82.81448539%	[81.8627%, 83.7263%]
6297	82.81721455%	[81.8655%, 83.7289%]
6298	82.81994284%	[81.8684%, 83.7315%]
6299	82.82267027%	[81.8713%, 83.7341%]
6300	82.80952381%	[81.8579%, 83.7211%]
6301	82.81225202%	[81.8608%, 83.7237%]
6302	82.81497937%	[81.8637%, 83.7263%]
6303	82.81770585%	[81.8665%, 83.7289%]
6304	82.82043147%	[81.8694%, 83.7315%]
6305	82.80729580%	[81.8560%, 83.7186%]
6306	82.81002220%	[81.8589%, 83.7212%]
6307	82.81274774%	[81.8618%, 83.7238%]
6308	82.81547242%	[81.8646%, 83.7264%]
6309	82.81819623%	[81.8675%, 83.7290%]
6310	82.82091918%	[81.8703%, 83.7316%]
6311	82.80779591%	[81.8570%, 83.7187%]
6312	82.81051965%	[81.8599%, 83.7213%]
6313	82.81324252%	[81.8627%, 83.7238%]
6314	82.81596452%	[81.8656%, 83.7264%]
6315	82.81868567%	[81.8684%, 83.7290%]
6316	82.82140595%	[81.8713%, 83.7316%]
6317	82.82412538%	[81.8741%, 83.7342%]
6318	82.82684394%	[81.8770%, 83.7368%]
6319	82.82956164%	[81.8798%, 83.7394%]
6320	82.83227848%	[81.8827%, 83.7420%]
6321	82.83499446%	[81.8855%, 83.7446%]
6322	82.83770959%	[81.8884%, 83.7471%]
6323	82.84042385%	[81.8912%, 83.7497%]
6324	82.84313725%	[81.8941%, 83.7523%]
6325	82.84584980%	[81.8969%, 83.7549%]
6326	82.84856149%	[81.8998%, 83.7575%]
6327	82.85127232%	[81.9026%, 83.7601%]
6328	82.85398230%	[81.9055%, 83.7626%]
6329	82.85669142%	[81.9083%, 83.7652%]
6330	82.85939968%	[81.9111%, 83.7678%]
6331	82.86210709%	[81.9140%, 83.7704%]
6332	82.86481364%	[81.9168%, 83.7729%]
6333	82.86751934%	[81.9197%, 83.7755%]
6334	82.87022419%	[81.9225%, 83.7781%]
6335	82.87292818%	[81.9253%, 83.7807%]
6336	82.87563131%	[81.9282%, 83.7832%]
6337	82.87833360%	[81.9310%, 83.7858%]
6338	82.88103503%	[81.9338%, 83.7884%]
6339	82.88373560%	[81.9367%, 83.7910%]
6340	82.88643533%	[81.9395%, 83.7935%]
6341	82.88913421%	[81.9423%, 83.7961%]
6342	82.89183223%	[81.9452%, 83.7987%]
6343	82.89452940%	[81.9480%, 83.8012%]
6344	82.88146280%	[81.9347%, 83.7884%]
6345	82.86840032%	[81.9215%, 83.7755%]
6346	82.87109991%	[81.9243%, 83.7781%]
6347	82.87379865%	[81.9271%, 83.7807%]
6348	82.87649653%	[81.9300%, 83.7833%]
6349	82.87919357%	[81.9328%, 83.7858%]
6350	82.88188976%	[81.9356%, 83.7884%]
6351	82.88458510%	[81.9385%, 83.7910%]
6352	82.88727960%	[81.9413%, 83.7935%]
6353	82.87423265%	[81.9280%, 83.7807%]
6354	82.86118980%	[81.9148%, 83.7679%]
6355	82.86388670%	[81.9176%, 83.7704%]
6356	82.86658276%	[81.9205%, 83.7730%]
6357	82.86927796%	[81.9233%, 83.7756%]
6358	82.87197232%	[81.9261%, 83.7781%]
6359	82.87466583%	[81.9289%, 83.7807%]
6360	82.87735849%	[81.9318%, 83.7833%]
6361	82.88005031%	[81.9346%, 83.7858%]
6362	82.88274128%	[81.9374%, 83.7884%]
6363	82.88543140%	[81.9402%, 83.7909%]
6364	82.87240729%	[81.9270%, 83.7781%]
6365	82.87509819%	[81.9298%, 83.7807%]
6366	82.86207980%	[81.9166%, 83.7679%]
6367	82.86477148%	[81.9194%, 83.7705%]
6368	82.86746231%	[81.9223%, 83.7730%]
6369	82.87015230%	[81.9251%, 83.7756%]
6370	82.87284144%	[81.9279%, 83.7781%]
6371	82.87552974%	[81.9307%, 83.7807%]
6372	82.87821720%	[81.9336%, 83.7833%]
6373	82.88090381%	[81.9364%, 83.7858%]
6374	82.88358958%	[81.9392%, 83.7884%]
6375	82.88627451%	[81.9420%, 83.7909%]
6376	82.88895859%	[81.9448%, 83.7935%]
6377	82.89164184%	[81.9476%, 83.7960%]
6378	82.87864534%	[81.9344%, 83.7833%]
6379	82.88132936%	[81.9373%, 83.7858%]
6380	82.88401254%	[81.9401%, 83.7884%]
6381	82.88669488%	[81.9429%, 83.7909%]
6382	82.87370730%	[81.9297%, 83.7782%]
6383	82.87639041%	[81.9325%, 83.7807%]
6384	82.87907268%	[81.9353%, 83.7833%]
6385	82.88175411%	[81.9381%, 83.7858%]
6386	82.88443470%	[81.9410%, 83.7884%]
6387	82.88711445%	[81.9438%, 83.7909%]
6388	82.87413901%	[81.9306%, 83.7782%]
6389	82.87681953%	[81.9334%, 83.7807%]
6390	82.87949922%	[81.9362%, 83.7833%]
6391	82.88217806%	[81.9390%, 83.7858%]
6392	82.88485607%	[81.9418%, 83.7884%]
6393	82.88753324%	[81.9446%, 83.7909%]
6394	82.89020957%	[81.9475%, 83.7935%]
6395	82.87724785%	[81.9343%, 83.7807%]
6396	82.87992495%	[81.9371%, 83.7833%]
6397	82.88260122%	[81.9399%, 83.7858%]
6398	82.88527665%	[81.9427%, 83.7884%]
6399	82.87232380%	[81.9296%, 83.7756%]
6400	82.87500000%	[81.9324%, 83.7782%]
6401	82.87767536%	[81.9352%, 83.7807%]
6402	82.86472977%	[81.9220%, 83.7680%]
6403	82.86740590%	[81.9249%, 83.7705%]
6404	82.87008120%	[81.9277%, 83.7731%]
6405	82.87275566%	[81.9305%, 83.7756%]
6406	82.87542929%	[81.9333%, 83.7782%]
6407	82.86249415%	[81.9201%, 83.7655%]
6408	82.86516854%	[81.9229%, 83.7680%]
6409	82.86784210%	[81.9258%, 83.7706%]
6410	82.85491420%	[81.9126%, 83.7578%]
6411	82.85758852%	[81.9154%, 83.7604%]
6412	82.84466625%	[81.9023%, 83.7477%]
6413	82.84734134%	[81.9051%, 83.7502%]
6414	82.85001559%	[81.9079%, 83.7528%]
6415	82.85268901%	[81.9107%, 83.7553%]
6416	82.85536160%	[81.9135%, 83.7579%]
6417	82.85803335%	[81.9163%, 83.7604%]
6418	82.86070427%	[81.9191%, 83.7630%]
6419	82.86337436%	[81.9219%, 83.7655%]
6420	82.86604361%	[81.9247%, 83.7680%]
6421	82.85313814%	[81.9116%, 83.7553%]
6422	82.84023669%	[81.8985%, 83.7427%]
6423	82.84290830%	[81.9013%, 83.7452%]
6424	82.84557908%	[81.9041%, 83.7477%]
6425	82.83268482%	[81.8911%, 83.7351%]
6426	82.83535636%	[81.8939%, 83.7376%]
6427	82.82246771%	[81.8808%, 83.7249%]
6428	82.82514001%	[81.8836%, 83.7275%]
6429	82.82781148%	[81.8864%, 83.7300%]
6430	82.83048212%	[81.8892%, 83.7326%]
6431	82.83315192%	[81.8920%, 83.7351%]
6432	82.83582090%	[81.8948%, 83.7377%]
6433	82.83848904%	[81.8976%, 83.7402%]
6434	82.84115636%	[81.9004%, 83.7427%]
6435	82.82828283%	[81.8873%, 83.7301%]
6436	82.83095090%	[81.8901%, 83.7326%]
6437	82.81808296%	[81.8771%, 83.7200%]
6438	82.80521901%	[81.8640%, 83.7073%]
6439	82.80788942%	[81.8668%, 83.7099%]
6440	82.81055901%	[81.8696%, 83.7124%]
6441	82.81322776%	[81.8724%, 83.7149%]
6442	82.81589568%	[81.8752%, 83.7175%]
6443	82.81856278%	[81.8780%, 83.7200%]
6444	82.80571074%	[81.8650%, 83.7074%]
6445	82.79286268%	[81.8519%, 83.6947%]
6446	82.79553211%	[81.8547%, 83.6973%]
6447	82.78268962%	[81.8417%, 83.6847%]
6448	82.78535980%	[81.8445%, 83.6872%]
6449	82.77252287%	[81.8315%, 83.6746%]
6450	82.75968992%	[81.8184%, 83.6620%]
6451	82.76236242%	[81.8212%, 83.6645%]
6452	82.76503410%	[81.8240%, 83.6670%]
6453	82.76770494%	[81.8268%, 83.6696%]
6454	82.77037496%	[81.8296%, 83.6721%]
6455	82.77304415%	[81.8324%, 83.6747%]
6456	82.77571252%	[81.8352%, 83.6772%]
6457	82.77838005%	[81.8380%, 83.6798%]
6458	82.78104676%	[81.8408%, 83.6823%]
6459	82.78371265%	[81.8436%, 83.6848%]
6460	82.78637771%	[81.8464%, 83.6874%]
6461	82.78904194%	[81.8492%, 83.6899%]
6462	82.79170535%	[81.8520%, 83.6925%]
6463	82.79436794%	[81.8548%, 83.6950%]
6464	82.79702970%	[81.8576%, 83.6975%]
6465	82.78422274%	[81.8446%, 83.6849%]
6466	82.78688525%	[81.8474%, 83.6875%]
6467	82.78954693%	[81.8502%, 83.6900%]
6468	82.79220779%	[81.8530%, 83.6925%]
6469	82.77940949%	[81.8400%, 83.6799%]
6470	82.78207110%	[81.8428%, 83.6825%]
6471	82.78473188%	[81.8455%, 83.6850%]
6472	82.78739184%	[81.8483%, 83.6876%]
6473	82.79005098%	[81.8511%, 83.6901%]
6474	82.77726290%	[81.8381%, 83.6775%]
6475	82.77992278%	[81.8409%, 83.6800%]
6476	82.76714021%	[81.8280%, 83.6675%]
6477	82.76980083%	[81.8308%, 83.6700%]
6478	82.77246064%	[81.8335%, 83.6725%]
6479	82.77511962%	[81.8363%, 83.6751%]
6480	82.76234568%	[81.8234%, 83.6625%]
6481	82.76500540%	[81.8262%, 83.6650%]
6482	82.76766430%	[81.8289%, 83.6676%]
6483	82.77032238%	[81.8317%, 83.6701%]
6484	82.77297964%	[81.8345%, 83.6726%]
6485	82.77563608%	[81.8373%, 83.6752%]
6486	82.77829171%	[81.8401%, 83.6777%]
6487	82.76553106%	[81.8271%, 83.6651%]
6488	82.75277435%	[81.8142%, 83.6526%]
6489	82.75543227%	[81.8170%, 83.6551%]
6490	82.75808937%	[81.8198%, 83.6577%]
6491	82.76074565%	[81.8225%, 83.6602%]
6492	82.76340111%	[81.8253%, 83.6627%]
6493	82.75065455%	[81.8124%, 83.6502%]
6494	82.75331075%	[81.8152%, 83.6527%]
6495	82.74056967%	[81.8023%, 83.6402%]
6496	82.74322660%	[81.8050%, 83.6427%]
6497	82.73049100%	[81.7921%, 83.6302%]
6498	82.73314866%	[81.7949%, 83.6327%]
6499	82.73580551%	[81.7977%, 83.6352%]
6500	82.73846154%	[81.8005%, 83.6378%]
6501	82.74111675%	[81.8033%, 83.6403%]
6502	82.74377115%	[81.8060%, 83.6428%]
6503	82.74642473%	[81.8088%, 83.6454%]
6504	82.73370234%	[81.7959%, 83.6329%]
6505	82.73635665%	[81.7987%, 83.6354%]
6506	82.73901014%	[81.8015%, 83.6379%]
6507	82.74166282%	[81.8043%, 83.6404%]
6508	82.72894899%	[81.7914%, 83.6279%]
6509	82.73160240%	[81.7941%, 83.6305%]
6510	82.73425499%	[81.7969%, 83.6330%]
6511	82.73690677%	[81.7997%, 83.6355%]
6512	82.73955774%	[81.8025%, 83.6380%]
6513	82.74220789%	[81.8052%, 83.6406%]
6514	82.74485723%	[81.8080%, 83.6431%]
6515	82.74750576%	[81.8108%, 83.6456%]
6516	82.75015347%	[81.8136%, 83.6481%]
6517	82.75280037%	[81.8163%, 83.6507%]
6518	82.75544646%	[81.8191%, 83.6532%]
6519	82.75809173%	[81.8219%, 83.6557%]
6520	82.76073620%	[81.8247%, 83.6582%]
6521	82.76337985%	[81.8274%, 83.6607%]
6522	82.76602269%	[81.8302%, 83.6633%]
6523	82.76866472%	[81.8330%, 83.6658%]
6524	82.77130595%	[81.8357%, 83.6683%]
6525	82.77394636%	[81.8385%, 83.6708%]
6526	82.76126264%	[81.8256%, 83.6583%]
6527	82.76390378%	[81.8284%, 83.6609%]
6528	82.76654412%	[81.8312%, 83.6634%]
6529	82.76918364%	[81.8339%, 83.6659%]
6530	82.77182236%	[81.8367%, 83.6684%]
6531	82.77446027%	[81.8395%, 83.6709%]
6532	82.76178812%	[81.8266%, 83.6584%]
6533	82.76442676%	[81.8294%, 83.6610%]
6534	82.76706459%	[81.8321%, 83.6635%]
6535	82.76970161%	[81.8349%, 83.6660%]
6536	82.77233782%	[81.8377%, 83.6685%]
6537	82.77497323%	[81.8404%, 83.6710%]
6538	82.77760783%	[81.8432%, 83.6735%]
6539	82.78024163%	[81.8460%, 83.6760%]
6540	82.78287462%	[81.8487%, 83.6785%]
6541	82.78550680%	[81.8515%, 83.6810%]
6542	82.78813818%	[81.8542%, 83.6836%]
6543	82.79076876%	[81.8570%, 83.6861%]
6544	82.79339853%	[81.8598%, 83.6886%]
6545	82.78074866%	[81.8469%, 83.6761%]
6546	82.78337916%	[81.8497%, 83.6786%]
6547	82.78600886%	[81.8524%, 83.6811%]
6548	82.78863775%	[81.8552%, 83.6836%]
6549	82.79126584%	[81.8579%, 83.6861%]
6550	82.79389313%	[81.8607%, 83.6887%]
6551	82.79651962%	[81.8634%, 83.6912%]
6552	82.79914530%	[81.8662%, 83.6937%]
6553	82.80177018%	[81.8689%, 83.6962%]
6554	82.78913641%	[81.8561%, 83.6837%]
6555	82.79176201%	[81.8589%, 83.6862%]
6556	82.79438682%	[81.8616%, 83.6887%]
6557	82.79701083%	[81.8644%, 83.6912%]
6558	82.79963403%	[81.8671%, 83.6937%]
6559	82.80225644%	[81.8699%, 83.6962%]
6560	82.80487805%	[81.8726%, 83.6987%]
6561	82.80749886%	[81.8754%, 83.7012%]
6562	82.81011887%	[81.8781%, 83.7037%]
6563	82.81273808%	[81.8809%, 83.7062%]
6564	82.81535649%	[81.8836%, 83.7087%]
6565	82.81797411%	[81.8864%, 83.7112%]
6566	82.82059092%	[81.8891%, 83.7137%]
6567	82.80797929%	[81.8763%, 83.7013%]
6568	82.81059683%	[81.8790%, 83.7038%]
6569	82.81321358%	[81.8818%, 83.7063%]
6570	82.81582953%	[81.8845%, 83.7088%]
6571	82.81844468%	[81.8873%, 83.7113%]
6572	82.82105904%	[81.8900%, 83.7138%]
6573	82.82367260%	[81.8927%, 83.7163%]
6574	82.82628537%	[81.8955%, 83.7187%]
6575	82.81368821%	[81.8827%, 83.7064%]
6576	82.81630170%	[81.8854%, 83.7088%]
6577	82.81891440%	[81.8882%, 83.7113%]
6578	82.80632411%	[81.8754%, 83.6989%]
6579	82.79373765%	[81.8626%, 83.6866%]
6580	82.78115502%	[81.8499%, 83.6742%]
6581	82.78377146%	[81.8526%, 83.6767%]
6582	82.77119417%	[81.8398%, 83.6643%]
6583	82.77381133%	[81.8426%, 83.6668%]
6584	82.77642770%	[81.8453%, 83.6693%]
6585	82.76385725%	[81.8326%, 83.6569%]
6586	82.76647434%	[81.8353%, 83.6594%]
6587	82.76909063%	[81.8381%, 83.6619%]
6588	82.75652702%	[81.8253%, 83.6496%]
6589	82.74396722%	[81.8126%, 83.6372%]
6590	82.74658574%	[81.8153%, 83.6397%]
6591	82.74920346%	[81.8181%, 83.6422%]
6592	82.75182039%	[81.8208%, 83.6447%]
6593	82.75443652%	[81.8235%, 83.6472%]
6594	82.74188656%	[81.8108%, 83.6348%]
6595	82.74450341%	[81.8136%, 83.6373%]
6596	82.73195876%	[81.8008%, 83.6250%]
6597	82.73457632%	[81.8036%, 83.6275%]
6598	82.73719309%	[81.8063%, 83.6300%]
6599	82.73980906%	[81.8090%, 83.6325%]
6600	82.74242424%	[81.8118%, 83.6350%]
6601	82.74503863%	[81.8145%, 83.6375%]
6602	82.74765223%	[81.8173%, 83.6399%]
6603	82.73512040%	[81.8046%, 83.6276%]
6604	82.73773471%	[81.8073%, 83.6301%]
6605	82.74034822%	[81.8100%, 83.6326%]
6606	82.74296094%	[81.8128%, 83.6351%]
6607	82.74557288%	[81.8155%, 83.6376%]
6608	82.73305085%	[81.8028%, 83.6253%]
6609	82.73566349%	[81.8055%, 83.6278%]
6610	82.73827534%	[81.8083%, 83.6302%]
6611	82.74088640%	[81.8110%, 83.6327%]
6612	82.72837266%	[81.7983%, 83.6204%]
6613	82.73098442%	[81.8011%, 83.6229%]
6614	82.73359540%	[81.8038%, 83.6254%]
6615	82.73620559%	[81.8065%, 83.6279%]
6616	82.73881499%	[81.8093%, 83.6304%]
6617	82.72631102%	[81.7966%, 83.6181%]
6618	82.71381082%	[81.7839%, 83.6058%]
6619	82.70131440%	[81.7712%, 83.5935%]
6620	82.70392749%	[81.7739%, 83.5960%]
6621	82.69143634%	[81.7613%, 83.5837%]
6622	82.69405014%	[81.7640%, 83.5862%]
6623	82.68156425%	[81.7513%, 83.5739%]
6624	82.68417874%	[81.7541%, 83.5764%]
6625	82.68679245%	[81.7568%, 83.5789%]
6626	82.68940537%	[81.7596%, 83.5814%]
6627	82.69201750%	[81.7623%, 83.5839%]
6628	82.67954134%	[81.7496%, 83.5716%]
6629	82.66706894%	[81.7370%, 83.5593%]
6630	82.66968326%	[81.7397%, 83.5618%]
6631	82.67229679%	[81.7425%, 83.5643%]
6632	82.67490953%	[81.7452%, 83.5668%]
6633	82.67752148%	[81.7479%, 83.5693%]
6634	82.68013265%	[81.7507%, 83.5718%]
6635	82.68274303%	[81.7534%, 83.5743%]
6636	82.68535262%	[81.7561%, 83.5767%]
6637	82.68796143%	[81.7589%, 83.5792%]
6638	82.69056945%	[81.7616%, 83.5817%]
6639	82.69317668%	[81.7643%, 83.5842%]
6640	82.69578313%	[81.7671%, 83.5867%]
6641	82.69838880%	[81.7698%, 83.5892%]
6642	82.68593797%	[81.7572%, 83.5769%]
6643	82.68854433%	[81.7599%, 83.5794%]
6644	82.69114991%	[81.7626%, 83.5819%]
6645	82.69375470%	[81.7654%, 83.5844%]
6646	82.69635871%	[81.7681%, 83.5869%]
6647	82.68391756%	[81.7555%, 83.5746%]
6648	82.68652226%	[81.7582%, 83.5771%]
6649	82.68912618%	[81.7609%, 83.5796%]
6650	82.69172932%	[81.7636%, 83.5821%]
6651	82.69433168%	[81.7664%, 83.5845%]
6652	82.69693325%	[81.7691%, 83.5870%]
6653	82.69953404%	[81.7718%, 83.5895%]
6654	82.70213405%	[81.7745%, 83.5920%]
6655	82.70473328%	[81.7773%, 83.5945%]
6656	82.69230769%	[81.7647%, 83.5822%]
6657	82.67988583%	[81.7521%, 83.5700%]
6658	82.68248723%	[81.7548%, 83.5725%]
6659	82.68508785%	[81.7575%, 83.5750%]
6660	82.68768769%	[81.7602%, 83.5775%]
6661	82.69028674%	[81.7630%, 83.5799%]
6662	82.69288502%	[81.7657%, 83.5824%]
6663	82.68047426%	[81.7531%, 83.5702%]
6664	82.68307323%	[81.7558%, 83.5727%]
6665	82.68567142%	[81.7585%, 83.5752%]
6666	82.68826883%	[81.7613%, 83.5776%]
6667	82.69086546%	[81.7640%, 83.5801%]
6668	82.67846431%	[81.7514%, 83.5679%]
6669	82.68106163%	[81.7541%, 83.5704%]
6670	82.68365817%	[81.7568%, 83.5729%]
6671	82.68625393%	[81.7596%, 83.5753%]
6672	82.68884892%	[81.7623%, 83.5778%]
6673	82.69144313%	[81.7650%, 83.5803%]
6674	82.69403656%	[81.7677%, 83.5828%]
6675	82.69662921%	[81.7704%, 83.5852%]
6676	82.69922109%	[81.7731%, 83.5877%]
6677	82.68683541%	[81.7606%, 83.5755%]
6678	82.68942797%	[81.7633%, 83.5780%]
6679	82.69201976%	[81.7660%, 83.5805%]
6680	82.67964072%	[81.7534%, 83.5683%]
6681	82.66726538%	[81.7409%, 83.5561%]
6682	82.65489374%	[81.7283%, 83.5439%]
6683	82.65748915%	[81.7311%, 83.5464%]
6684	82.66008378%	[81.7338%, 83.5489%]
6685	82.64771877%	[81.7212%, 83.5367%]
6686	82.63535746%	[81.7087%, 83.5245%]
6687	82.63795424%	[81.7114%, 83.5270%]
6688	82.64055024%	[81.7141%, 83.5295%]
6689	82.64314546%	[81.7169%, 83.5320%]
6690	82.63079223%	[81.7043%, 83.5198%]
6691	82.63338813%	[81.7070%, 83.5223%]
6692	82.63598326%	[81.7098%, 83.5248%]
6693	82.63857762%	[81.7125%, 83.5272%]
6694	82.64117120%	[81.7152%, 83.5297%]
6695	82.62882748%	[81.7027%, 83.5176%]
6696	82.63142174%	[81.7054%, 83.5200%]
6697	82.63401523%	[81.7081%, 83.5225%]
6698	82.62167811%	[81.6956%, 83.5104%]
6699	82.62427228%	[81.6983%, 83.5128%]
6700	82.62686567%	[81.7010%, 83.5153%]
6701	82.62945829%	[81.7037%, 83.5178%]
6702	82.63205013%	[81.7065%, 83.5203%]
6703	82.63464121%	[81.7092%, 83.5227%]
6704	82.62231504%	[81.6967%, 83.5106%]
6705	82.62490679%	[81.6994%, 83.5131%]
6706	82.61258574%	[81.6869%, 83.5010%]
6707	82.61517817%	[81.6896%, 83.5034%]
6708	82.61776983%	[81.6923%, 83.5059%]
6709	82.62036071%	[81.6950%, 83.5084%]
6710	82.62295082%	[81.6977%, 83.5108%]
6711	82.62554016%	[81.7004%, 83.5133%]
6712	82.62812872%	[81.7032%, 83.5158%]
6713	82.63071652%	[81.7059%, 83.5182%]
6714	82.63330354%	[81.7086%, 83.5207%]
6715	82.63588980%	[81.7113%, 83.5232%]
6716	82.63847528%	[81.7140%, 83.5256%]
6717	82.64106000%	[81.7167%, 83.5281%]
6718	82.64364394%	[81.7194%, 83.5306%]
6719	82.64622712%	[81.7221%, 83.5330%]
6720	82.64880952%	[81.7248%, 83.5355%]
6721	82.63651242%	[81.7123%, 83.5234%]
6722	82.63909551%	[81.7150%, 83.5259%]
6723	82.64167782%	[81.7177%, 83.5283%]
6724	82.64425937%	[81.7204%, 83.5308%]
6725	82.64684015%	[81.7232%, 83.5333%]
6726	82.64942016%	[81.7259%, 83.5357%]
6727	82.65199941%	[81.7286%, 83.5382%]
6728	82.63971463%	[81.7161%, 83.5261%]
6729	82.64229455%	[81.7188%, 83.5285%]
6730	82.64487370%	[81.7215%, 83.5310%]
6731	82.64745209%	[81.7242%, 83.5335%]
6732	82.65002971%	[81.7269%, 83.5359%]
6733	82.65260656%	[81.7296%, 83.5384%]
6734	82.65518266%	[81.7323%, 83.5408%]
6735	82.65775798%	[81.7350%, 83.5433%]
6736	82.66033254%	[81.7377%, 83.5458%]
6737	82.66290634%	[81.7404%, 83.5482%]
6738	82.66547937%	[81.7431%, 83.5507%]
6739	82.66805164%	[81.7458%, 83.5531%]
6740	82.65578635%	[81.7333%, 83.5410%]
6741	82.64352470%	[81.7209%, 83.5290%]
6742	82.64609908%	[81.7236%, 83.5314%]
6743	82.64867270%	[81.7263%, 83.5339%]
6744	82.65124555%	[81.7290%, 83.5363%]
6745	82.65381764%	[81.7317%, 83.5388%]
6746	82.65638897%	[81.7344%, 83.5412%]
6747	82.65895954%	[81.7371%, 83.5437%]
6748	82.64671014%	[81.7246%, 83.5316%]
6749	82.64928138%	[81.7273%, 83.5341%]
6750	82.65185185%	[81.7300%, 83.5365%]
6751	82.65442157%	[81.7327%, 83.5390%]
6752	82.65699052%	[81.7354%, 83.5415%]
6753	82.65955871%	[81.7381%, 83.5439%]
6754	82.66212615%	[81.7408%, 83.5464%]
6755	82.66469282%	[81.7435%, 83.5488%]
6756	82.66725873%	[81.7461%, 83.5512%]
6757	82.66982389%	[81.7488%, 83.5537%]
6758	82.67238828%	[81.7515%, 83.5561%]
6759	82.67495192%	[81.7542%, 83.5586%]
6760	82.67751479%	[81.7569%, 83.5610%]
6761	82.68007691%	[81.7596%, 83.5635%]
6762	82.68263827%	[81.7622%, 83.5659%]
6763	82.68519888%	[81.7649%, 83.5684%]
6764	82.68775872%	[81.7676%, 83.5708%]
6765	82.69031781%	[81.7703%, 83.5732%]
6766	82.69287615%	[81.7730%, 83.5757%]
6767	82.69543372%	[81.7756%, 83.5781%]
6768	82.69799054%	[81.7783%, 83.5806%]
6769	82.70054661%	[81.7810%, 83.5830%]
6770	82.70310192%	[81.7837%, 83.5854%]
6771	82.70565648%	[81.7863%, 83.5879%]
6772	82.69344359%	[81.7740%, 83.5759%]
6773	82.69599882%	[81.7766%, 83.5783%]
6774	82.68379097%	[81.7643%, 83.5663%]
6775	82.67158672%	[81.7519%, 83.5543%]
6776	82.65938607%	[81.7395%, 83.5423%]
6777	82.66194481%	[81.7422%, 83.5447%]
6778	82.66450280%	[81.7449%, 83.5471%]
6779	82.66706004%	[81.7475%, 83.5496%]
6780	82.66961652%	[81.7502%, 83.5520%]
6781	82.65742516%	[81.7378%, 83.5400%]
6782	82.64523739%	[81.7255%, 83.5280%]
6783	82.64779596%	[81.7282%, 83.5305%]
6784	82.63561321%	[81.7158%, 83.5185%]
6785	82.63817244%	[81.7185%, 83.5209%]
6786	82.64073092%	[81.7212%, 83.5234%]
6787	82.64328864%	[81.7238%, 83.5258%]
6788	82.64584561%	[81.7265%, 83.5282%]
6789	82.64840183%	[81.7292%, 83.5307%]
6790	82.65095729%	[81.7319%, 83.5331%]
6791	82.65351200%	[81.7345%, 83.5356%]
6792	82.65606596%	[81.7372%, 83.5380%]
6793	82.64389813%	[81.7249%, 83.5260%]
6794	82.64645275%	[81.7276%, 83.5285%]
6795	82.64900662%	[81.7302%, 83.5309%]
6796	82.65155974%	[81.7329%, 83.5333%]
6797	82.65411211%	[81.7356%, 83.5358%]
6798	82.65666372%	[81.7382%, 83.5382%]
6799	82.64450655%	[81.7259%, 83.5262%]
6800	82.64705882%	[81.7286%, 83.5287%]
6801	82.63490663%	[81.7163%, 83.5167%]
6802	82.63745957%	[81.7189%, 83.5191%]
6803	82.64001176%	[81.7216%, 83.5216%]
6804	82.62786596%	[81.7093%, 83.5096%]
6805	82.63041881%	[81.7120%, 83.5121%]
6806	82.63297091%	[81.7146%, 83.5145%]
6807	82.62083150%	[81.7023%, 83.5025%]
6808	82.62338425%	[81.7050%, 83.5050%]
6809	82.62593626%	[81.7077%, 83.5074%]
6810	82.62848752%	[81.7103%, 83.5099%]
6811	82.63103803%	[81.7130%, 83.5123%]
6812	82.63358779%	[81.7157%, 83.5147%]
6813	82.63613680%	[81.7183%, 83.5172%]
6814	82.62400939%	[81.7060%, 83.5052%]
6815	82.62655906%	[81.7087%, 83.5076%]
6816	82.62910798%	[81.7114%, 83.5101%]
6817	82.61698694%	[81.6991%, 83.4981%]
6818	82.61953652%	[81.7018%, 83.5006%]
6819	82.62208535%	[81.7044%, 83.5030%]
6820	82.60997067%	[81.6921%, 83.4911%]
6821	82.61252016%	[81.6948%, 83.4935%]
6822	82.61506889%	[81.6975%, 83.4960%]
6823	82.61761688%	[81.7001%, 83.4984%]
6824	82.62016413%	[81.7028%, 83.5008%]
6825	82.62271062%	[81.7055%, 83.5032%]
6826	82.62525637%	[81.7081%, 83.5057%]
6827	82.62780138%	[81.7108%, 83.5081%]
6828	82.63034564%	[81.7135%, 83.5105%]
6829	82.63288915%	[81.7161%, 83.5130%]
6830	82.63543192%	[81.7188%, 83.5154%]
6831	82.63797394%	[81.7214%, 83.5178%]
6832	82.64051522%	[81.7241%, 83.5202%]
6833	82.64305576%	[81.7268%, 83.5227%]
6834	82.64559555%	[81.7294%, 83.5251%]
6835	82.63350402%	[81.7172%, 83.5132%]
6836	82.63604447%	[81.7198%, 83.5156%]
6837	82.62395788%	[81.7076%, 83.5037%]
6838	82.62649898%	[81.7102%, 83.5061%]
6839	82.62903933%	[81.7129%, 83.5086%]
6840	82.63157895%	[81.7155%, 83.5110%]
6841	82.63411782%	[81.7182%, 83.5134%]
6842	82.63665595%	[81.7209%, 83.5158%]
6843	82.63919334%	[81.7235%, 83.5183%]
6844	82.64172998%	[81.7262%, 83.5207%]
6845	82.64426589%	[81.7288%, 83.5231%]
6846	82.64680105%	[81.7315%, 83.5255%]
6847	82.64933548%	[81.7341%, 83.5279%]
6848	82.65186916%	[81.7368%, 83.5303%]
6849	82.63980143%	[81.7245%, 83.5185%]
6850	82.64233577%	[81.7272%, 83.5209%]
6851	82.63027295%	[81.7150%, 83.5090%]
6852	82.63280794%	[81.7176%, 83.5114%]
6853	82.63534219%	[81.7203%, 83.5139%]
6854	82.63787569%	[81.7229%, 83.5163%]
6855	82.64040846%	[81.7256%, 83.5187%]
6856	82.64294049%	[81.7282%, 83.5211%]
6857	82.64547178%	[81.7309%, 83.5235%]
6858	82.64800233%	[81.7335%, 83.5259%]
6859	82.63595276%	[81.7213%, 83.5141%]
6860	82.63848397%	[81.7239%, 83.5165%]
6861	82.64101443%	[81.7266%, 83.5189%]
6862	82.64354416%	[81.7292%, 83.5213%]
6863	82.64607315%	[81.7319%, 83.5237%]
6864	82.64860140%	[81.7345%, 83.5261%]
6865	82.65112891%	[81.7372%, 83.5286%]
6866	82.63909117%	[81.7250%, 83.5167%]
6867	82.64161934%	[81.7276%, 83.5191%]
6868	82.64414677%	[81.7303%, 83.5215%]
6869	82.64667346%	[81.7329%, 83.5239%]
6870	82.64919942%	[81.7356%, 83.5264%]
6871	82.65172464%	[81.7382%, 83.5288%]
6872	82.65424913%	[81.7408%, 83.5312%]
6873	82.64222319%	[81.7286%, 83.5193%]
6874	82.64474833%	[81.7313%, 83.5217%]
6875	82.64727273%	[81.7339%, 83.5242%]
6876	82.63525305%	[81.7217%, 83.5123%]
6877	82.63777810%	[81.7244%, 83.5147%]
6878	82.64030241%	[81.7270%, 83.5171%]
6879	82.64282599%	[81.7297%, 83.5196%]
6880	82.63081395%	[81.7175%, 83.5077%]
6881	82.63333818%	[81.7201%, 83.5101%]
6882	82.63586167%	[81.7228%, 83.5125%]
6883	82.63838443%	[81.7254%, 83.5150%]
6884	82.64090645%	[81.7280%, 83.5174%]
6885	82.62890341%	[81.7159%, 83.5055%]
6886	82.61690386%	[81.7037%, 83.4937%]
6887	82.61942791%	[81.7063%, 83.4961%]
6888	82.62195122%	[81.7090%, 83.4986%]
6889	82.62447380%	[81.7116%, 83.5010%]
6890	82.62699565%	[81.7143%, 83.5034%]
6891	82.61500508%	[81.7021%, 83.4916%]
6892	82.61752757%	[81.7047%, 83.4940%]
6893	82.62004933%	[81.7074%, 83.4964%]
6894	82.62257035%	[81.7100%, 83.4988%]
6895	82.61058738%	[81.6979%, 83.4870%]
6896	82.61310905%	[81.7005%, 83.4894%]
6897	82.60113093%	[81.6884%, 83.4776%]
6898	82.60365323%	[81.6910%, 83.4800%]
6899	82.60617481%	[81.6936%, 83.4824%]
6900	82.60869565%	[81.6963%, 83.4848%]
6901	82.61121577%	[81.6989%, 83.4872%]
6902	82.61373515%	[81.7016%, 83.4896%]
6903	82.61625380%	[81.7042%, 83.4920%]
6904	82.60428737%	[81.6921%, 83.4803%]
6905	82.59232440%	[81.6799%, 83.4685%]
6906	82.58036490%	[81.6678%, 83.4567%]
6907	82.58288693%	[81.6704%, 83.4591%]
6908	82.58540822%	[81.6731%, 83.4615%]
6909	82.57345491%	[81.6609%, 83.4498%]
6910	82.57597685%	[81.6636%, 83.4522%]
6911	82.57849805%	[81.6662%, 83.4546%]
6912	82.58101852%	[81.6689%, 83.4570%]
6913	82.58353826%	[81.6715%, 83.4594%]
6914	82.57159387%	[81.6594%, 83.4476%]
6915	82.57411424%	[81.6620%, 83.4500%]
6916	82.57663389%	[81.6647%, 83.4524%]
6917	82.57915281%	[81.6673%, 83.4548%]
6918	82.56721596%	[81.6552%, 83.4431%]
6919	82.56973551%	[81.6578%, 83.4455%]
6920	82.55780347%	[81.6457%, 83.4338%]
6921	82.56032365%	[81.6484%, 83.4362%]
6922	82.56284311%	[81.6510%, 83.4386%]
6923	82.56536184%	[81.6536%, 83.4410%]
6924	82.56787984%	[81.6563%, 83.4434%]
6925	82.55595668%	[81.6442%, 83.4316%]
6926	82.55847531%	[81.6468%, 83.4340%]
6927	82.56099321%	[81.6495%, 83.4364%]
6928	82.54907621%	[81.6374%, 83.4247%]
6929	82.55159475%	[81.6400%, 83.4271%]
6930	82.55411255%	[81.6426%, 83.4295%]
6931	82.54220170%	[81.6306%, 83.4178%]
6932	82.54472014%	[81.6332%, 83.4202%]
6933	82.54723785%	[81.6358%, 83.4226%]
6934	82.53533314%	[81.6238%, 83.4109%]
6935	82.53785148%	[81.6264%, 83.4133%]
6936	82.52595156%	[81.6143%, 83.4016%]
6937	82.52847052%	[81.6170%, 83.4040%]
6938	82.51657538%	[81.6049%, 83.3923%]
6939	82.51909497%	[81.6075%, 83.3947%]
6940	82.50720461%	[81.5955%, 83.3830%]
6941	82.50972482%	[81.5981%, 83.3854%]
6942	82.51224431%	[81.6008%, 83.3878%]
6943	82.51476307%	[81.6034%, 83.3902%]
6944	82.51728111%	[81.6060%, 83.3926%]
6945	82.51979842%	[81.6087%, 83.3950%]
6946	82.52231500%	[81.6113%, 83.3974%]
6947	82.52483086%	[81.6139%, 83.3998%]
6948	82.51295337%	[81.6019%, 83.3881%]
6949	82.51546985%	[81.6045%, 83.3905%]
6950	82.51798561%	[81.6071%, 83.3929%]
6951	82.50611423%	[81.5951%, 83.3812%]
6952	82.50863061%	[81.5977%, 83.3836%]
6953	82.51114627%	[81.6004%, 83.3860%]
6954	82.51366120%	[81.6030%, 83.3884%]
6955	82.50179727%	[81.5910%, 83.3767%]
6956	82.50431282%	[81.5936%, 83.3791%]
6957	82.50682766%	[81.5962%, 83.3815%]
6958	82.50934176%	[81.5989%, 83.3839%]
6959	82.51185515%	[81.6015%, 83.3863%]
6960	82.51436782%	[81.6041%, 83.3887%]
6961	82.51687976%	[81.6067%, 83.3911%]
6962	82.51939098%	[81.6094%, 83.3935%]
6963	82.52190148%	[81.6120%, 83.3959%]
6964	82.52441126%	[81.6146%, 83.3983%]
6965	82.52692032%	[81.6173%, 83.4007%]
6966	82.52942865%	[81.6199%, 83.4031%]
6967	82.53193627%	[81.6225%, 83.4055%]
6968	82.53444317%	[81.6251%, 83.4079%]
6969	82.53694935%	[81.6277%, 83.4103%]
6970	82.53945481%	[81.6304%, 83.4127%]
6971	82.52761440%	[81.6184%, 83.4010%]
6972	82.53012048%	[81.6210%, 83.4034%]
6973	82.53262584%	[81.6236%, 83.4058%]
6974	82.52079151%	[81.6116%, 83.3942%]
6975	82.50896057%	[81.5996%, 83.3825%]
6976	82.51146789%	[81.6022%, 83.3849%]
6977	82.51397449%	[81.6048%, 83.3873%]
6978	82.51648037%	[81.6075%, 83.3897%]
6979	82.51898553%	[81.6101%, 83.3921%]
6980	82.52148997%	[81.6127%, 83.3945%]
6981	82.52399370%	[81.6153%, 83.3969%]
6982	82.52649671%	[81.6179%, 83.3993%]
6983	82.51467850%	[81.6060%, 83.3876%]
6984	82.51718213%	[81.6086%, 83.3900%]
6985	82.50536865%	[81.5966%, 83.3784%]
6986	82.50787289%	[81.5992%, 83.3808%]
6987	82.51037641%	[81.6018%, 83.3832%]
6988	82.49856898%	[81.5899%, 83.3716%]
6989	82.50107311%	[81.5925%, 83.3739%]
6990	82.50357654%	[81.5951%, 83.3763%]
6991	82.50607924%	[81.5977%, 83.3787%]
6992	82.50858124%	[81.6003%, 83.3811%]
6993	82.51108251%	[81.6030%, 83.3835%]
6994	82.49928510%	[81.5910%, 83.3719%]
6995	82.50178699%	[81.5936%, 83.3743%]
6996	82.48999428%	[81.5817%, 83.3627%]
6997	82.49249678%	[81.5843%, 83.3651%]
6998	82.49499857%	[81.5869%, 83.3674%]
6999	82.49749964%	[81.5895%, 83.3698%]
7000	82.50000000%	[81.5921%, 83.3722%]
7001	82.50249964%	[81.5947%, 83.3746%]
7002	82.49071694%	[81.5828%, 83.3630%]
7003	82.49321719%	[81.5854%, 83.3654%]
7004	82.49571673%	[81.5880%, 83.3678%]
7005	82.49821556%	[81.5906%, 83.3702%]
7006	82.50071367%	[81.5933%, 83.3726%]
7007	82.50321107%	[81.5959%, 83.3749%]
7008	82.50570776%	[81.5985%, 83.3773%]
7009	82.50820374%	[81.6011%, 83.3797%]
7010	82.51069900%	[81.6037%, 83.3821%]
7011	82.51319355%	[81.6063%, 83.3845%]
7012	82.51568739%	[81.6089%, 83.3869%]
7013	82.51818052%	[81.6115%, 83.3892%]
7014	82.52067294%	[81.6141%, 83.3916%]
7015	82.52316465%	[81.6167%, 83.3940%]
7016	82.52565564%	[81.6193%, 83.3964%]
7017	82.51389483%	[81.6074%, 83.3848%]
7018	82.51638643%	[81.6100%, 83.3872%]
7019	82.50463029%	[81.5981%, 83.3756%]
7020	82.50712251%	[81.6007%, 83.3780%]
7021	82.49537103%	[81.5888%, 83.3664%]
7022	82.49786386%	[81.5914%, 83.3688%]
7023	82.50035597%	[81.5940%, 83.3712%]
7024	82.50284738%	[81.5966%, 83.3735%]
7025	82.50533808%	[81.5992%, 83.3759%]
7026	82.49359522%	[81.5873%, 83.3644%]
7027	82.49608652%	[81.5899%, 83.3667%]
7028	82.49857712%	[81.5925%, 83.3691%]
7029	82.50106701%	[81.5951%, 83.3715%]
7030	82.50355619%	[81.5977%, 83.3739%]
7031	82.50604466%	[81.6003%, 83.3763%]
7032	82.50853242%	[81.6029%, 83.3786%]
7033	82.51101948%	[81.6055%, 83.3810%]
7034	82.51350583%	[81.6081%, 83.3834%]
7035	82.51599147%	[81.6107%, 83.3858%]
7036	82.51847641%	[81.6133%, 83.3881%]
7037	82.52096064%	[81.6159%, 83.3905%]
7038	82.52344416%	[81.6185%, 83.3929%]
7039	82.52592698%	[81.6211%, 83.3952%]
7040	82.52840909%	[81.6237%, 83.3976%]
7041	82.53089050%	[81.6263%, 83.4000%]
7042	82.53337120%	[81.6289%, 83.4024%]
7043	82.52165270%	[81.6170%, 83.3908%]
7044	82.52413401%	[81.6196%, 83.3932%]
7045	82.52661462%	[81.6222%, 83.3956%]
7046	82.51490207%	[81.6103%, 83.3840%]
7047	82.50319285%	[81.5985%, 83.3725%]
7048	82.50567537%	[81.6011%, 83.3749%]
7049	82.50815719%	[81.6037%, 83.3772%]
7050	82.51063830%	[81.6063%, 83.3796%]
7051	82.51311871%	[81.6089%, 83.3820%]
7052	82.51559841%	[81.6114%, 83.3843%]
7053	82.51807741%	[81.6140%, 83.3867%]
7054	82.52055571%	[81.6166%, 83.3891%]
7055	82.52303331%	[81.6192%, 83.3914%]
7056	82.52551020%	[81.6218%, 83.3938%]
7057	82.52798640%	[81.6244%, 83.3962%]
7058	82.51629357%	[81.6125%, 83.3847%]
7059	82.51877036%	[81.6151%, 83.3870%]
7060	82.52124646%	[81.6177%, 83.3894%]
7061	82.52372185%	[81.6203%, 83.3918%]
7062	82.52619654%	[81.6229%, 83.3941%]
7063	82.52867054%	[81.6255%, 83.3965%]
7064	82.53114383%	[81.6281%, 83.3988%]
7065	82.51946214%	[81.6162%, 83.3873%]
7066	82.52193603%	[81.6188%, 83.3897%]
7067	82.51025895%	[81.6070%, 83.3782%]
7068	82.51273345%	[81.6096%, 83.3806%]
7069	82.51520724%	[81.6122%, 83.3829%]
7070	82.51768034%	[81.6147%, 83.3853%]
7071	82.52015274%	[81.6173%, 83.3877%]
7072	82.52262443%	[81.6199%, 83.3900%]
7073	82.52509543%	[81.6225%, 83.3924%]
7074	82.52756573%	[81.6251%, 83.3947%]
7075	82.51590106%	[81.6133%, 83.3833%]
7076	82.50423968%	[81.6014%, 83.3718%]
7077	82.50671188%	[81.6040%, 83.3741%]
7078	82.49505510%	[81.5922%, 83.3627%]
7079	82.48340161%	[81.5804%, 83.3512%]
7080	82.47175141%	[81.5686%, 83.3397%]
7081	82.46010451%	[81.5568%, 83.3282%]
7082	82.46258119%	[81.5594%, 83.3306%]
7083	82.45093887%	[81.5476%, 83.3191%]
7084	82.43929983%	[81.5358%, 83.3077%]
7085	82.44177841%	[81.5383%, 83.3100%]
7086	82.44425628%	[81.5409%, 83.3124%]
7087	82.44673346%	[81.5435%, 83.3148%]
7088	82.44920993%	[81.5461%, 83.3171%]
7089	82.43757935%	[81.5343%, 83.3057%]
7090	82.44005642%	[81.5369%, 83.3081%]
7091	82.44253279%	[81.5395%, 83.3104%]
7092	82.43090807%	[81.5277%, 83.2990%]
7093	82.43338503%	[81.5303%, 83.3013%]
7094	82.43586129%	[81.5329%, 83.3037%]
7095	82.42424242%	[81.5211%, 83.2923%]
7096	82.42671928%	[81.5237%, 83.2946%]
7097	82.42919543%	[81.5263%, 83.2970%]
7098	82.43167089%	[81.5289%, 83.2994%]
7099	82.43414565%	[81.5315%, 83.3017%]
7100	82.43661972%	[81.5341%, 83.3041%]
7101	82.43909309%	[81.5366%, 83.3065%]
7102	82.44156576%	[81.5392%, 83.3088%]
7103	82.44403773%	[81.5418%, 83.3112%]
7104	82.44650901%	[81.5444%, 83.3135%]
7105	82.44897959%	[81.5470%, 83.3159%]
7106	82.43737686%	[81.5352%, 83.3045%]
7107	82.42577740%	[81.5235%, 83.2931%]
7108	82.42824986%	[81.5261%, 83.2954%]
7109	82.43072162%	[81.5286%, 83.2978%]
7110	82.43319269%	[81.5312%, 83.3001%]
7111	82.43566306%	[81.5338%, 83.3025%]
7112	82.43813273%	[81.5364%, 83.3049%]
7113	82.44060172%	[81.5390%, 83.3072%]
7114	82.44307000%	[81.5415%, 83.3096%]
7115	82.44553760%	[81.5441%, 83.3119%]
7116	82.44800450%	[81.5467%, 83.3143%]
7117	82.45047070%	[81.5493%, 83.3166%]
7118	82.43888733%	[81.5375%, 83.3052%]
7119	82.44135412%	[81.5401%, 83.3076%]
7120	82.44382022%	[81.5427%, 83.3100%]
7121	82.44628563%	[81.5453%, 83.3123%]
7122	82.44875035%	[81.5478%, 83.3147%]
7123	82.45121438%	[81.5504%, 83.3170%]
7124	82.45367771%	[81.5530%, 83.3194%]
7125	82.44210526%	[81.5413%, 83.3080%]
7126	82.44456918%	[81.5438%, 83.3103%]
7127	82.44703241%	[81.5464%, 83.3127%]
7128	82.43546577%	[81.5347%, 83.3013%]
7129	82.43792958%	[81.5373%, 83.3036%]
7130	82.44039271%	[81.5398%, 83.3060%]
7131	82.44285514%	[81.5424%, 83.3084%]
7132	82.44531688%	[81.5450%, 83.3107%]
7133	82.44777793%	[81.5476%, 83.3131%]
7134	82.45023830%	[81.5501%, 83.3154%]
7135	82.43868255%	[81.5384%, 83.3040%]
7136	82.42713004%	[81.5267%, 83.2927%]
7137	82.42959227%	[81.5293%, 83.2950%]
7138	82.41804427%	[81.5176%, 83.2836%]
7139	82.40649951%	[81.5059%, 83.2723%]
7140	82.40896359%	[81.5085%, 83.2746%]
7141	82.39742333%	[81.4968%, 83.2632%]
7142	82.39988799%	[81.4993%, 83.2656%]
7143	82.40235195%	[81.5019%, 83.2680%]
7144	82.40481523%	[81.5045%, 83.2703%]
7145	82.39328202%	[81.4928%, 83.2590%]
7146	82.39574587%	[81.4954%, 83.2613%]
7147	82.39820904%	[81.4979%, 83.2637%]
7148	82.40067152%	[81.5005%, 83.2660%]
7149	82.40313331%	[81.5031%, 83.2684%]
7150	82.40559441%	[81.5057%, 83.2707%]
7151	82.40805482%	[81.5082%, 83.2731%]
7152	82.41051454%	[81.5108%, 83.2754%]
7153	82.41297358%	[81.5134%, 83.2778%]
7154	82.41543193%	[81.5159%, 83.2801%]
7155	82.41788959%	[81.5185%, 83.2825%]
7156	82.42034656%	[81.5211%, 83.2848%]
7157	82.42280285%	[81.5237%, 83.2872%]
7158	82.42525845%	[81.5262%, 83.2895%]
7159	82.42771337%	[81.5288%, 83.2919%]
7160	82.43016760%	[81.5314%, 83.2942%]
7161	82.43262114%	[81.5339%, 83.2965%]
7162	82.42111142%	[81.5222%, 83.2852%]
7163	82.42356555%	[81.5248%, 83.2876%]
7164	82.42601898%	[81.5274%, 83.2899%]
7165	82.42847174%	[81.5299%, 83.2922%]
7166	82.43092381%	[81.5325%, 83.2946%]
7167	82.43337519%	[81.5351%, 83.2969%]
7168	82.43582589%	[81.5376%, 83.2993%]
7169	82.43827591%	[81.5402%, 83.3016%]
7170	82.44072524%	[81.5427%, 83.3040%]
7171	82.44317389%	[81.5453%, 83.3063%]
7172	82.43167875%	[81.5337%, 83.2950%]
7173	82.43412798%	[81.5362%, 83.2973%]
7174	82.43657653%	[81.5388%, 83.2997%]
7175	82.43902439%	[81.5413%, 83.3020%]
7176	82.44147157%	[81.5439%, 83.3043%]
7177	82.44391807%	[81.5464%, 83.3067%]
7178	82.44636389%	[81.5490%, 83.3090%]
7179	82.44880903%	[81.5516%, 83.3113%]
7180	82.43732591%	[81.5399%, 83.3000%]
7181	82.43977162%	[81.5425%, 83.3024%]
7182	82.44221665%	[81.5450%, 83.3047%]
7183	82.44466101%	[81.5476%, 83.3070%]
7184	82.44710468%	[81.5501%, 83.3094%]
7185	82.44954767%	[81.5527%, 83.3117%]
7186	82.43807403%	[81.5411%, 83.3004%]
7187	82.44051760%	[81.5436%, 83.3028%]
7188	82.44296049%	[81.5462%, 83.3051%]
7189	82.44540270%	[81.5487%, 83.3074%]
7190	82.44784423%	[81.5513%, 83.3098%]
7191	82.45028508%	[81.5538%, 83.3121%]
7192	82.45272525%	[81.5564%, 83.3144%]
7193	82.45516474%	[81.5589%, 83.3168%]
7194	82.45760356%	[81.5615%, 83.3191%]
7195	82.46004170%	[81.5640%, 83.3214%]
7196	82.46247916%	[81.5666%, 83.3237%]
7197	82.46491594%	[81.5691%, 83.3261%]
7198	82.46735204%	[81.5717%, 83.3284%]
7199	82.45589665%	[81.5601%, 83.3171%]
7200	82.45833333%	[81.5626%, 83.3194%]
7201	82.46076934%	[81.5651%, 83.3218%]
7202	82.46320467%	[81.5677%, 83.3241%]
7203	82.46563932%	[81.5702%, 83.3264%]
7204	82.46807329%	[81.5728%, 83.3288%]
7205	82.47050659%	[81.5753%, 83.3311%]
7206	82.47293922%	[81.5779%, 83.3334%]
7207	82.47537117%	[81.5804%, 83.3357%]
7208	82.47780244%	[81.5830%, 83.3381%]
7209	82.48023304%	[81.5855%, 83.3404%]
7210	82.48266297%	[81.5880%, 83.3427%]
7211	82.48509222%	[81.5906%, 83.3450%]
7212	82.48752080%	[81.5931%, 83.3473%]
7213	82.47608485%	[81.5815%, 83.3361%]
7214	82.47851400%	[81.5841%, 83.3384%]
7215	82.48094248%	[81.5866%, 83.3407%]
7216	82.48337029%	[81.5891%, 83.3430%]
7217	82.48579742%	[81.5917%, 83.3454%]
7218	82.48822388%	[81.5942%, 83.3477%]
7219	82.49064967%	[81.5967%, 83.3500%]
7220	82.49307479%	[81.5993%, 83.3523%]
7221	82.49549924%	[81.6018%, 83.3546%]
7222	82.48407643%	[81.5902%, 83.3434%]
7223	82.48650145%	[81.5928%, 83.3457%]
7224	82.48892580%	[81.5953%, 83.3480%]
7225	82.49134948%	[81.5978%, 83.3503%]
7226	82.49377249%	[81.6004%, 83.3527%]
7227	82.49619482%	[81.6029%, 83.3550%]
7228	82.49861649%	[81.6054%, 83.3573%]
7229	82.50103749%	[81.6080%, 83.3596%]
7230	82.50345781%	[81.6105%, 83.3619%]
7231	82.50587747%	[81.6130%, 83.3642%]
7232	82.50829646%	[81.6155%, 83.3665%]
7233	82.51071478%	[81.6181%, 83.3688%]
7234	82.51313243%	[81.6206%, 83.3712%]
7235	82.50172771%	[81.6090%, 83.3599%]
7236	82.50414594%	[81.6116%, 83.3622%]
7237	82.50656349%	[81.6141%, 83.3645%]
7238	82.50898038%	[81.6166%, 83.3669%]
7239	82.49758254%	[81.6051%, 83.3556%]
7240	82.50000000%	[81.6076%, 83.3579%]
7241	82.50241679%	[81.6101%, 83.3602%]
7242	82.50483292%	[81.6126%, 83.3626%]
7243	82.49344194%	[81.6011%, 83.3513%]
7244	82.49585864%	[81.6036%, 83.3536%]
7245	82.49827467%	[81.6061%, 83.3560%]
7246	82.50069004%	[81.6087%, 83.3583%]
7247	82.48930592%	[81.5971%, 83.3471%]
7248	82.49172185%	[81.5997%, 83.3494%]
7249	82.49413712%	[81.6022%, 83.3517%]
7250	82.49655172%	[81.6047%, 83.3540%]
7251	82.49896566%	[81.6072%, 83.3563%]
7252	82.50137893%	[81.6098%, 83.3586%]
7253	82.50379153%	[81.6123%, 83.3609%]
7254	82.49241798%	[81.6007%, 83.3497%]
7255	82.49483115%	[81.6033%, 83.3520%]
7256	82.49724366%	[81.6058%, 83.3543%]
7257	82.49965551%	[81.6083%, 83.3566%]
7258	82.48828878%	[81.5968%, 83.3454%]
7259	82.49070120%	[81.5993%, 83.3477%]
7260	82.49311295%	[81.6018%, 83.3500%]
7261	82.49552403%	[81.6043%, 83.3523%]
7262	82.49793445%	[81.6069%, 83.3546%]
7263	82.50034421%	[81.6094%, 83.3569%]
7264	82.50275330%	[81.6119%, 83.3592%]
7265	82.50516173%	[81.6144%, 83.3615%]
7266	82.49380677%	[81.6029%, 83.3504%]
7267	82.48245493%	[81.5914%, 83.3392%]
7268	82.48486516%	[81.5939%, 83.3415%]
7269	82.48727473%	[81.5964%, 83.3438%]
7270	82.48968363%	[81.5990%, 83.3461%]
7271	82.49209187%	[81.6015%, 83.3484%]
7272	82.49449945%	[81.6040%, 83.3507%]
7273	82.49690637%	[81.6065%, 83.3530%]
7274	82.49931262%	[81.6090%, 83.3553%]
7275	82.50171821%	[81.6115%, 83.3576%]
7276	82.50412314%	[81.6140%, 83.3599%]
7277	82.50652742%	[81.6166%, 83.3622%]
7278	82.50893103%	[81.6191%, 83.3645%]
7279	82.49759582%	[81.6076%, 83.3533%]
7280	82.48626374%	[81.5961%, 83.3422%]
7281	82.48866914%	[81.5986%, 83.3445%]
7282	82.49107388%	[81.6011%, 83.3468%]
7283	82.49347796%	[81.6036%, 83.3491%]
7284	82.49588138%	[81.6061%, 83.3514%]
7285	82.49828415%	[81.6087%, 83.3537%]
7286	82.50068625%	[81.6112%, 83.3560%]
7287	82.50308769%	[81.6137%, 83.3582%]
7288	82.49176729%	[81.6022%, 83.3471%]
7289	82.49416930%	[81.6047%, 83.3494%]
7290	82.49657064%	[81.6072%, 83.3517%]
7291	82.49897133%	[81.6097%, 83.3540%]
7292	82.48765771%	[81.5983%, 83.3428%]
7293	82.49005896%	[81.6008%, 83.3451%]
7294	82.49245956%	[81.6033%, 83.3474%]
7295	82.49485949%	[81.6058%, 83.3497%]
7296	82.49725877%	[81.6083%, 83.3520%]
7297	82.49965739%	[81.6108%, 83.3543%]
7298	82.50205536%	[81.6133%, 83.3566%]
7299	82.50445266%	[81.6158%, 83.3589%]
7300	82.50684932%	[81.6183%, 83.3612%]
7301	82.50924531%	[81.6208%, 83.3635%]
7302	82.51164065%	[81.6233%, 83.3658%]
7303	82.50034233%	[81.6119%, 83.3546%]
7304	82.48904710%	[81.6004%, 83.3435%]
7305	82.47775496%	[81.5890%, 83.3324%]
7306	82.46646592%	[81.5775%, 83.3213%]
7307	82.46886547%	[81.5800%, 83.3236%]
7308	82.47126437%	[81.5825%, 83.3259%]
7309	82.45998085%	[81.5711%, 83.3147%]
7310	82.46238030%	[81.5736%, 83.3170%]
7311	82.45110108%	[81.5622%, 83.3059%]
7312	82.45350109%	[81.5647%, 83.3082%]
7313	82.45590045%	[81.5672%, 83.3105%]
7314	82.44462674%	[81.5558%, 83.2994%]
7315	82.44702666%	[81.5583%, 83.3017%]
7316	82.44942592%	[81.5608%, 83.3040%]
7317	82.45182452%	[81.5633%, 83.3063%]
7318	82.45422247%	[81.5658%, 83.3086%]
7319	82.45661976%	[81.5683%, 83.3109%]
7320	82.45901639%	[81.5708%, 83.3132%]
7321	82.46141238%	[81.5733%, 83.3155%]
7322	82.46380770%	[81.5758%, 83.3178%]
7323	82.46620238%	[81.5783%, 83.3200%]
7324	82.45494265%	[81.5669%, 83.3089%]
7325	82.45733788%	[81.5694%, 83.3112%]
7326	82.45973246%	[81.5719%, 83.3135%]
7327	82.44847823%	[81.5605%, 83.3024%]
7328	82.45087336%	[81.5630%, 83.3047%]
7329	82.45326784%	[81.5655%, 83.3070%]
7330	82.45566166%	[81.5680%, 83.3093%]
7331	82.45805484%	[81.5705%, 83.3116%]
7332	82.46044735%	[81.5730%, 83.3139%]
7333	82.46283922%	[81.5755%, 83.3162%]
7334	82.46523043%	[81.5780%, 83.3185%]
7335	82.46762100%	[81.5805%, 83.3207%]
7336	82.47001091%	[81.5830%, 83.3230%]
7337	82.47240016%	[81.5855%, 83.3253%]
7338	82.46116108%	[81.5741%, 83.3142%]
7339	82.46355089%	[81.5766%, 83.3165%]
7340	82.46594005%	[81.5791%, 83.3188%]
7341	82.46832857%	[81.5816%, 83.3211%]
7342	82.47071643%	[81.5841%, 83.3234%]
7343	82.47310364%	[81.5866%, 83.3257%]
7344	82.47549020%	[81.5891%, 83.3279%]
7345	82.46426140%	[81.5777%, 83.3169%]
7346	82.46664852%	[81.5802%, 83.3192%]
7347	82.46903498%	[81.5827%, 83.3214%]
7348	82.47142079%	[81.5852%, 83.3237%]
7349	82.47380596%	[81.5877%, 83.3260%]
7350	82.47619048%	[81.5902%, 83.3283%]
7351	82.47857434%	[81.5927%, 83.3306%]
7352	82.48095756%	[81.5951%, 83.3328%]
7353	82.48334013%	[81.5976%, 83.3351%]
7354	82.48572206%	[81.6001%, 83.3374%]
7355	82.48810333%	[81.6026%, 83.3397%]
7356	82.49048396%	[81.6051%, 83.3420%]
7357	82.49286394%	[81.6076%, 83.3442%]
7358	82.49524327%	[81.6101%, 83.3465%]
7359	82.49762196%	[81.6126%, 83.3488%]
7360	82.50000000%	[81.6150%, 83.3511%]
7361	82.50237739%	[81.6175%, 83.3533%]
7362	82.50475414%	[81.6200%, 83.3556%]
7363	82.50713025%	[81.6225%, 83.3579%]
7364	82.50950570%	[81.6250%, 83.3601%]
7365	82.51188052%	[81.6274%, 83.3624%]
7366	82.51425468%	[81.6299%, 83.3647%]
7367	82.51662821%	[81.6324%, 83.3670%]
7368	82.51900109%	[81.6349%, 83.3692%]
7369	82.52137332%	[81.6374%, 83.3715%]
7370	82.52374491%	[81.6398%, 83.3738%]
7371	82.52611586%	[81.6423%, 83.3760%]
7372	82.51492132%	[81.6310%, 83.3650%]
7373	82.50372983%	[81.6196%, 83.3540%]
7374	82.50610252%	[81.6221%, 83.3562%]
7375	82.50847458%	[81.6246%, 83.3585%]
7376	82.51084599%	[81.6271%, 83.3608%]
7377	82.51321675%	[81.6295%, 83.3630%]
7378	82.50203307%	[81.6182%, 83.3520%]
7379	82.50440439%	[81.6207%, 83.3543%]
7380	82.50677507%	[81.6232%, 83.3566%]
7381	82.50914510%	[81.6256%, 83.3588%]
7382	82.51151449%	[81.6281%, 83.3611%]
7383	82.51388325%	[81.6306%, 83.3634%]
7384	82.51625135%	[81.6331%, 83.3656%]
7385	82.51861882%	[81.6355%, 83.3679%]
7386	82.52098565%	[81.6380%, 83.3702%]
7387	82.52335183%	[81.6405%, 83.3724%]
7388	82.52571738%	[81.6430%, 83.3747%]
7389	82.52808228%	[81.6454%, 83.3769%]
7390	82.53044655%	[81.6479%, 83.3792%]
7391	82.51928021%	[81.6366%, 83.3682%]
7392	82.52164502%	[81.6390%, 83.3705%]
7393	82.51048289%	[81.6277%, 83.3595%]
7394	82.51284826%	[81.6302%, 83.3617%]
7395	82.51521298%	[81.6327%, 83.3640%]
7396	82.51757707%	[81.6351%, 83.3662%]
7397	82.51994052%	[81.6376%, 83.3685%]
7398	82.50878616%	[81.6263%, 83.3575%]
7399	82.51115016%	[81.6288%, 83.3598%]
7400	82.51351351%	[81.6312%, 83.3620%]
7401	82.51587623%	[81.6337%, 83.3643%]
7402	82.50472845%	[81.6224%, 83.3533%]
7403	82.50709172%	[81.6249%, 83.3556%]
7404	82.49594814%	[81.6136%, 83.3446%]
7405	82.49831195%	[81.6161%, 83.3469%]
7406	82.50067513%	[81.6185%, 83.3491%]
7407	82.50303767%	[81.6210%, 83.3514%]
7408	82.50539957%	[81.6235%, 83.3536%]
7409	82.50776083%	[81.6259%, 83.3559%]
7410	82.51012146%	[81.6284%, 83.3582%]
7411	82.51248145%	[81.6309%, 83.3604%]
7412	82.51484080%	[81.6333%, 83.3627%]
7413	82.51719951%	[81.6358%, 83.3649%]
7414	82.50606960%	[81.6245%, 83.3540%]
7415	82.50842886%	[81.6270%, 83.3562%]
7416	82.51078749%	[81.6294%, 83.3585%]
7417	82.51314548%	[81.6319%, 83.3607%]
7418	82.51550283%	[81.6344%, 83.3630%]
7419	82.51785955%	[81.6368%, 83.3652%]
7420	82.50673854%	[81.6256%, 83.3543%]
7421	82.49562054%	[81.6143%, 83.3433%]
7422	82.49797898%	[81.6168%, 83.3456%]
7423	82.50033679%	[81.6192%, 83.3478%]
7424	82.50269397%	[81.6217%, 83.3501%]
7425	82.50505051%	[81.6241%, 83.3523%]
7426	82.50740641%	[81.6266%, 83.3546%]
7427	82.49629729%	[81.6153%, 83.3437%]
7428	82.49865374%	[81.6178%, 83.3459%]
7429	82.50100956%	[81.6203%, 83.3482%]
7430	82.50336474%	[81.6227%, 83.3504%]
7431	82.50571928%	[81.6252%, 83.3527%]
7432	82.50807320%	[81.6276%, 83.3549%]
7433	82.51042648%	[81.6301%, 83.3572%]
7434	82.51277912%	[81.6326%, 83.3594%]
7435	82.51513114%	[81.6350%, 83.3617%]
7436	82.51748252%	[81.6375%, 83.3639%]
7437	82.51983327%	[81.6399%, 83.3662%]
7438	82.50873891%	[81.6287%, 83.3552%]
7439	82.51109020%	[81.6311%, 83.3575%]
7440	82.50000000%	[81.6199%, 83.3466%]
7441	82.50235183%	[81.6224%, 83.3488%]
7442	82.49126579%	[81.6111%, 83.3379%]
7443	82.49361816%	[81.6136%, 83.3401%]
7444	82.49596991%	[81.6160%, 83.3424%]
7445	82.49832102%	[81.6185%, 83.3446%]
7446	82.50067150%	[81.6209%, 83.3469%]
7447	82.48959312%	[81.6097%, 83.3360%]
7448	82.49194415%	[81.6122%, 83.3382%]
7449	82.48086992%	[81.6009%, 83.3273%]
7450	82.46979866%	[81.5897%, 83.3164%]
7451	82.45873037%	[81.5785%, 83.3055%]
7452	82.46108427%	[81.5810%, 83.3077%]
7453	82.46343754%	[81.5834%, 83.3100%]
7454	82.46579018%	[81.5859%, 83.3123%]
7455	82.46814219%	[81.5883%, 83.3145%]
7456	82.47049356%	[81.5908%, 83.3167%]
7457	82.47284431%	[81.5933%, 83.3190%]
7458	82.46178600%	[81.5820%, 83.3081%]
7459	82.46413728%	[81.5845%, 83.3104%]
7460	82.46648794%	[81.5870%, 83.3126%]
7461	82.45543493%	[81.5758%, 83.3017%]
7462	82.45778612%	[81.5782%, 83.3040%]
7463	82.46013667%	[81.5807%, 83.3062%]
7464	82.46248660%	[81.5831%, 83.3085%]
7465	82.45144005%	[81.5719%, 83.2976%]
7466	82.45379052%	[81.5744%, 83.2998%]
7467	82.45614035%	[81.5768%, 83.3021%]
7468	82.45848956%	[81.5793%, 83.3043%]
7469	82.44744946%	[81.5681%, 83.2934%]
7470	82.43641232%	[81.5569%, 83.2826%]
7471	82.43876322%	[81.5594%, 83.2848%]
7472	82.44111349%	[81.5618%, 83.2871%]
7473	82.43008163%	[81.5506%, 83.2762%]
7474	82.43243243%	[81.5531%, 83.2784%]
7475	82.43478261%	[81.5556%, 83.2807%]
7476	82.42375602%	[81.5444%, 83.2698%]
7477	82.41273238%	[81.5332%, 83.2590%]
7478	82.41508425%	[81.5357%, 83.2612%]
7479	82.41743549%	[81.5381%, 83.2635%]
7480	82.40641711%	[81.5270%, 83.2526%]
7481	82.40876888%	[81.5294%, 83.2549%]
7482	82.41112002%	[81.5319%, 83.2571%]
7483	82.41347053%	[81.5343%, 83.2594%]
7484	82.40245858%	[81.5232%, 83.2485%]
7485	82.40480962%	[81.5256%, 83.2508%]
7486	82.40716003%	[81.5281%, 83.2530%]
7487	82.40950982%	[81.5305%, 83.2553%]
7488	82.41185897%	[81.5330%, 83.2575%]
7489	82.41420750%	[81.5354%, 83.2597%]
7490	82.41655541%	[81.5379%, 83.2620%]
7491	82.41890268%	[81.5403%, 83.2642%]
7492	82.42124933%	[81.5428%, 83.2665%]
7493	82.42359536%	[81.5452%, 83.2687%]
7494	82.41259674%	[81.5341%, 83.2579%]
7495	82.41494330%	[81.5365%, 83.2601%]
7496	82.41728922%	[81.5390%, 83.2624%]
7497	82.41963452%	[81.5414%, 83.2646%]
7498	82.42197919%	[81.5439%, 83.2669%]
7499	82.42432324%	[81.5463%, 83.2691%]
7500	82.42666667%	[81.5488%, 83.2714%]
7501	82.42900947%	[81.5512%, 83.2736%]
7502	82.43135164%	[81.5537%, 83.2758%]
7503	82.43369319%	[81.5561%, 83.2781%]
7504	82.43603412%	[81.5586%, 83.2803%]
7505	82.43837442%	[81.5610%, 83.2826%]
7506	82.44071410%	[81.5634%, 83.2848%]
7507	82.44305315%	[81.5659%, 83.2870%]
7508	82.44539158%	[81.5683%, 83.2893%]
7509	82.44772939%	[81.5708%, 83.2915%]
7510	82.45006658%	[81.5732%, 83.2937%]
7511	82.45240314%	[81.5757%, 83.2960%]
7512	82.45473908%	[81.5781%, 83.2982%]
7513	82.45707440%	[81.5805%, 83.3004%]
7514	82.45940910%	[81.5830%, 83.3027%]
7515	82.46174318%	[81.5854%, 83.3049%]
7516	82.46407664%	[81.5878%, 83.3071%]
7517	82.45310629%	[81.5767%, 83.2963%]
7518	82.45544028%	[81.5792%, 83.2986%]
7519	82.45777364%	[81.5816%, 83.3008%]
7520	82.46010638%	[81.5840%, 83.3030%]
7521	82.46243851%	[81.5865%, 83.3053%]
7522	82.46477001%	[81.5889%, 83.3075%]
7523	82.46710089%	[81.5913%, 83.3097%]
7524	82.46943115%	[81.5938%, 83.3120%]
7525	82.47176080%	[81.5962%, 83.3142%]
7526	82.46080255%	[81.5851%, 83.3034%]
7527	82.46313272%	[81.5875%, 83.3056%]
7528	82.46546227%	[81.5900%, 83.3078%]
7529	82.46779121%	[81.5924%, 83.3101%]
7530	82.45683931%	[81.5813%, 83.2993%]
7531	82.45916877%	[81.5837%, 83.3015%]
7532	82.46149761%	[81.5862%, 83.3037%]
7533	82.46382583%	[81.5886%, 83.3060%]
7534	82.46615344%	[81.5910%, 83.3082%]
7535	82.46848042%	[81.5935%, 83.3104%]
7536	82.47080679%	[81.5959%, 83.3126%]
7537	82.47313255%	[81.5983%, 83.3149%]
7538	82.47545768%	[81.6007%, 83.3171%]
7539	82.47778220%	[81.6032%, 83.3193%]
7540	82.48010610%	[81.6056%, 83.3215%]
7541	82.48242939%	[81.6080%, 83.3238%]
7542	82.48475206%	[81.6104%, 83.3260%]
7543	82.48707411%	[81.6129%, 83.3282%]
7544	82.48939555%	[81.6153%, 83.3304%]
7545	82.49171637%	[81.6177%, 83.3326%]
7546	82.49403658%	[81.6201%, 83.3349%]
7547	82.49635617%	[81.6226%, 83.3371%]
7548	82.49867515%	[81.6250%, 83.3393%]
7549	82.50099351%	[81.6274%, 83.3415%]
7550	82.50331126%	[81.6298%, 83.3437%]
7551	82.50562839%	[81.6322%, 83.3460%]
7552	82.50794492%	[81.6347%, 83.3482%]
7553	82.51026082%	[81.6371%, 83.3504%]
7554	82.51257612%	[81.6395%, 83.3526%]
7555	82.51489080%	[81.6419%, 83.3548%]
7556	82.51720487%	[81.6443%, 83.3570%]
7557	82.51951833%	[81.6467%, 83.3592%]
7558	82.50860016%	[81.6357%, 83.3485%]
7559	82.51091414%	[81.6381%, 83.3507%]
7560	82.51322751%	[81.6405%, 83.3529%]
7561	82.51554027%	[81.6429%, 83.3551%]
7562	82.51785242%	[81.6453%, 83.3573%]
7563	82.52016396%	[81.6478%, 83.3595%]
7564	82.52247488%	[81.6502%, 83.3618%]
7565	82.52478519%	[81.6526%, 83.3640%]
7566	82.51387787%	[81.6415%, 83.3532%]
7567	82.50297344%	[81.6305%, 83.3425%]
7568	82.50528541%	[81.6329%, 83.3447%]
7569	82.49438499%	[81.6218%, 83.3340%]
7570	82.49669749%	[81.6243%, 83.3362%]
7571	82.48580108%	[81.6132%, 83.3254%]
7572	82.48811410%	[81.6156%, 83.3276%]
7573	82.49042652%	[81.6181%, 83.3299%]
7574	82.49273832%	[81.6205%, 83.3321%]
7575	82.49504950%	[81.6229%, 83.3343%]
7576	82.49736008%	[81.6253%, 83.3365%]
7577	82.49967005%	[81.6277%, 83.3387%]
7578	82.50197941%	[81.6301%, 83.3409%]
7579	82.49109381%	[81.6191%, 83.3302%]
7580	82.49340369%	[81.6215%, 83.3324%]
7581	82.49571297%	[81.6239%, 83.3346%]
7582	82.49802163%	[81.6263%, 83.3368%]
7583	82.48714229%	[81.6153%, 83.3261%]
7584	82.48945148%	[81.6177%, 83.3283%]
7585	82.47857614%	[81.6067%, 83.3176%]
7586	82.48088584%	[81.6091%, 83.3198%]
7587	82.48319494%	[81.6115%, 83.3220%]
7588	82.48550343%	[81.6139%, 83.3242%]
7589	82.47463434%	[81.6029%, 83.3135%]
7590	82.47694335%	[81.6053%, 83.3157%]
7591	82.47925175%	[81.6077%, 83.3179%]
7592	82.48155954%	[81.6101%, 83.3201%]
7593	82.48386672%	[81.6125%, 83.3223%]
7594	82.48617329%	[81.6149%, 83.3245%]
7595	82.48847926%	[81.6174%, 83.3268%]
7596	82.49078462%	[81.6198%, 83.3290%]
7597	82.47992629%	[81.6088%, 83.3183%]
7598	82.48223217%	[81.6112%, 83.3205%]
7599	82.48453744%	[81.6136%, 83.3227%]
7600	82.47368421%	[81.6026%, 83.3120%]
7601	82.47599000%	[81.6050%, 83.3142%]
7602	82.47829519%	[81.6074%, 83.3164%]
7603	82.48059976%	[81.6098%, 83.3186%]
7604	82.48290373%	[81.6122%, 83.3208%]
7605	82.48520710%	[81.6146%, 83.3230%]
7606	82.48750986%	[81.6170%, 83.3252%]
7607	82.48981202%	[81.6194%, 83.3274%]
7608	82.49211356%	[81.6218%, 83.3296%]
7609	82.49441451%	[81.6242%, 83.3318%]
7610	82.49671485%	[81.6266%, 83.3340%]
7611	82.49901458%	[81.6290%, 83.3362%]
7612	82.48817656%	[81.6180%, 83.3255%]
7613	82.47734139%	[81.6071%, 83.3149%]
7614	82.46650906%	[81.5961%, 83.3042%]
7615	82.46881156%	[81.5985%, 83.3064%]
7616	82.45798319%	[81.5875%, 83.2957%]
7617	82.46028620%	[81.5899%, 83.2979%]
7618	82.46258861%	[81.5923%, 83.3001%]
7619	82.46489041%	[81.5947%, 83.3023%]
7620	82.46719160%	[81.5971%, 83.3045%]
7621	82.46949219%	[81.5995%, 83.3067%]
7622	82.47179218%	[81.6019%, 83.3089%]
7623	82.47409157%	[81.6043%, 83.3111%]
7624	82.47639035%	[81.6067%, 83.3133%]
7625	82.47868852%	[81.6091%, 83.3155%]
7626	82.48098610%	[81.6115%, 83.3177%]
7627	82.48328307%	[81.6139%, 83.3199%]
7628	82.48557944%	[81.6163%, 83.3221%]
7629	82.48787521%	[81.6187%, 83.3243%]
7630	82.49017038%	[81.6211%, 83.3265%]
7631	82.49246495%	[81.6235%, 83.3287%]
7632	82.48165618%	[81.6126%, 83.3181%]
7633	82.48395126%	[81.6150%, 83.3203%]
7634	82.47314645%	[81.6040%, 83.3096%]
7635	82.47544204%	[81.6064%, 83.3118%]
7636	82.47773704%	[81.6088%, 83.3140%]
7637	82.48003143%	[81.6112%, 83.3162%]
7638	82.48232522%	[81.6136%, 83.3184%]
7639	82.48461841%	[81.6160%, 83.3206%]
7640	82.48691099%	[81.6184%, 83.3228%]
7641	82.48920298%	[81.6208%, 83.3250%]
7642	82.49149437%	[81.6232%, 83.3272%]
7643	82.49378516%	[81.6256%, 83.3294%]
7644	82.48299320%	[81.6146%, 83.3187%]
7645	82.48528450%	[81.6170%, 83.3209%]
7646	82.47449647%	[81.6061%, 83.3103%]
7647	82.47678828%	[81.6085%, 83.3125%]
7648	82.47907950%	[81.6109%, 83.3147%]
7649	82.48137011%	[81.6133%, 83.3169%]
7650	82.47058824%	[81.6023%, 83.3063%]
7651	82.47287936%	[81.6047%, 83.3084%]
7652	82.47516989%	[81.6071%, 83.3106%]
7653	82.47745982%	[81.6095%, 83.3128%]
7654	82.47974915%	[81.6119%, 83.3150%]
7655	82.46897453%	[81.6010%, 83.3044%]
7656	82.45820272%	[81.5901%, 83.2938%]
7657	82.46049367%	[81.5924%, 83.2960%]
7658	82.46278402%	[81.5948%, 83.2982%]
7659	82.46507377%	[81.5972%, 83.3004%]
7660	82.45430809%	[81.5863%, 83.2898%]
7661	82.45659836%	[81.5887%, 83.2920%]
7662	82.44583660%	[81.5778%, 83.2813%]
7663	82.44812737%	[81.5802%, 83.2835%]
7664	82.43736952%	[81.5693%, 83.2729%]
7665	82.43966080%	[81.5717%, 83.2751%]
7666	82.44195147%	[81.5741%, 83.2773%]
7667	82.44424155%	[81.5765%, 83.2795%]
7668	82.44653104%	[81.5789%, 83.2817%]
7669	82.44881992%	[81.5813%, 83.2839%]
7670	82.45110821%	[81.5836%, 83.2861%]
7671	82.45339591%	[81.5860%, 83.2883%]
7672	82.45568300%	[81.5884%, 83.2905%]
7673	82.44493679%	[81.5775%, 83.2799%]
7674	82.43419338%	[81.5666%, 83.2693%]
7675	82.42345277%	[81.5558%, 83.2587%]
7676	82.42574257%	[81.5581%, 83.2609%]
7677	82.42803178%	[81.5605%, 83.2631%]
7678	82.43032040%	[81.5629%, 83.2653%]
7679	82.43260841%	[81.5653%, 83.2675%]
7680	82.43489583%	[81.5677%, 83.2697%]
7681	82.43718266%	[81.5701%, 83.2718%]
7682	82.43946889%	[81.5725%, 83.2740%]
7683	82.42873877%	[81.5616%, 83.2635%]
7684	82.43102551%	[81.5640%, 83.2657%]
7685	82.43331165%	[81.5664%, 83.2678%]
7686	82.43559719%	[81.5688%, 83.2700%]
7687	82.43788214%	[81.5711%, 83.2722%]
7688	82.42715921%	[81.5603%, 83.2616%]
7689	82.42944466%	[81.5627%, 83.2638%]
7690	82.43172952%	[81.5651%, 83.2660%]
7691	82.43401378%	[81.5674%, 83.2682%]
7692	82.43629745%	[81.5698%, 83.2704%]
7693	82.43858053%	[81.5722%, 83.2726%]
7694	82.44086301%	[81.5746%, 83.2748%]
7695	82.44314490%	[81.5770%, 83.2769%]
7696	82.44542620%	[81.5793%, 83.2791%]
7697	82.44770690%	[81.5817%, 83.2813%]
7698	82.44998701%	[81.5841%, 83.2835%]
7699	82.45226653%	[81.5865%, 83.2857%]
7700	82.45454545%	[81.5889%, 83.2879%]
7701	82.45682379%	[81.5912%, 83.2900%]
7702	82.45910153%	[81.5936%, 83.2922%]
7703	82.46137868%	[81.5960%, 83.2944%]
7704	82.45067497%	[81.5851%, 83.2839%]
7705	82.45295263%	[81.5875%, 83.2860%]
7706	82.44225279%	[81.5767%, 83.2755%]
7707	82.44453095%	[81.5791%, 83.2777%]
7708	82.43383498%	[81.5682%, 83.2671%]
7709	82.43611363%	[81.5706%, 83.2693%]
7710	82.43839170%	[81.5730%, 83.2715%]
7711	82.44066917%	[81.5754%, 83.2737%]
7712	82.44294606%	[81.5777%, 83.2759%]
7713	82.43225723%	[81.5669%, 83.2653%]
7714	82.43453461%	[81.5693%, 83.2675%]
7715	82.43681141%	[81.5717%, 83.2697%]
7716	82.43908761%	[81.5740%, 83.2719%]
7717	82.44136322%	[81.5764%, 83.2740%]
7718	82.43068152%	[81.5656%, 83.2635%]
7719	82.43295764%	[81.5680%, 83.2657%]
7720	82.43523316%	[81.5703%, 83.2679%]
7721	82.43750809%	[81.5727%, 83.2700%]
7722	82.43978244%	[81.5751%, 83.2722%]
7723	82.42910786%	[81.5643%, 83.2617%]
7724	82.41843604%	[81.5535%, 83.2512%]
7725	82.40776699%	[81.5426%, 83.2407%]
7726	82.41004401%	[81.5450%, 83.2429%]
7727	82.39937880%	[81.5342%, 83.2323%]
7728	82.40165631%	[81.5366%, 83.2345%]
7729	82.40393324%	[81.5390%, 83.2367%]
7730	82.40620957%	[81.5413%, 83.2389%]
7731	82.40848532%	[81.5437%, 83.2411%]
7732	82.41076048%	[81.5461%, 83.2432%]
7733	82.41303504%	[81.5485%, 83.2454%]
7734	82.41530903%	[81.5508%, 83.2476%]
7735	82.41758242%	[81.5532%, 83.2498%]
7736	82.40692865%	[81.5424%, 83.2393%]
7737	82.39627763%	[81.5316%, 83.2288%]
7738	82.39855260%	[81.5340%, 83.2309%]
7739	82.40082698%	[81.5364%, 83.2331%]
7740	82.40310078%	[81.5387%, 83.2353%]
7741	82.40537398%	[81.5411%, 83.2375%]
7742	82.40764660%	[81.5435%, 83.2397%]
7743	82.40991864%	[81.5459%, 83.2418%]
7744	82.41219008%	[81.5482%, 83.2440%]
7745	82.41446094%	[81.5506%, 83.2462%]
7746	82.41673122%	[81.5530%, 83.2484%]
7747	82.41900090%	[81.5553%, 83.2505%]
7748	82.42127001%	[81.5577%, 83.2527%]
7749	82.42353852%	[81.5601%, 83.2549%]
7750	82.42580645%	[81.5624%, 83.2570%]
7751	82.41517224%	[81.5517%, 83.2466%]
7752	82.40454076%	[81.5409%, 83.2361%]
7753	82.40681027%	[81.5433%, 83.2383%]
7754	82.39618262%	[81.5325%, 83.2278%]
7755	82.39845261%	[81.5349%, 83.2300%]
7756	82.38782878%	[81.5241%, 83.2195%]
7757	82.37720768%	[81.5133%, 83.2090%]
7758	82.36658933%	[81.5026%, 83.1986%]
7759	82.35597371%	[81.4918%, 83.1881%]
7760	82.35824742%	[81.4942%, 83.1903%]
7761	82.36052055%	[81.4966%, 83.1924%]
7762	82.36279309%	[81.4989%, 83.1946%]
7763	82.35218343%	[81.4882%, 83.1842%]
7764	82.35445647%	[81.4906%, 83.1863%]
7765	82.35672891%	[81.4929%, 83.1885%]
7766	82.35900077%	[81.4953%, 83.1907%]
7767	82.36127205%	[81.4977%, 83.1929%]
7768	82.35066941%	[81.4869%, 83.1824%]
7769	82.35294118%	[81.4893%, 83.1846%]
7770	82.35521236%	[81.4917%, 83.1868%]
7771	82.35748295%	[81.4941%, 83.1889%]
7772	82.35975296%	[81.4964%, 83.1911%]
7773	82.34915734%	[81.4857%, 83.1807%]
7774	82.33856445%	[81.4750%, 83.1702%]
7775	82.34083601%	[81.4773%, 83.1724%]
7776	82.34310700%	[81.4797%, 83.1746%]
7777	82.34537739%	[81.4821%, 83.1768%]
7778	82.34764721%	[81.4844%, 83.1789%]
7779	82.33706132%	[81.4737%, 83.1685%]
7780	82.33933162%	[81.4761%, 83.1707%]
7781	82.34160134%	[81.4784%, 83.1728%]
7782	82.34387047%	[81.4808%, 83.1750%]
7783	82.34613902%	[81.4832%, 83.1772%]
7784	82.34840699%	[81.4855%, 83.1794%]
7785	82.35067437%	[81.4879%, 83.1815%]
7786	82.35294118%	[81.4903%, 83.1837%]
7787	82.35520740%	[81.4926%, 83.1859%]
7788	82.35747304%	[81.4950%, 83.1880%]
7789	82.35973809%	[81.4974%, 83.1902%]
7790	82.36200257%	[81.4997%, 83.1924%]
7791	82.36426646%	[81.5021%, 83.1945%]
7792	82.35369610%	[81.4914%, 83.1841%]
7793	82.34312845%	[81.4807%, 83.1737%]
7794	82.34539389%	[81.4830%, 83.1759%]
7795	82.34765876%	[81.4854%, 83.1780%]
7796	82.33709595%	[81.4747%, 83.1676%]
7797	82.33936129%	[81.4771%, 83.1698%]
7798	82.34162606%	[81.4794%, 83.1720%]
7799	82.34389024%	[81.4818%, 83.1741%]
7800	82.34615385%	[81.4842%, 83.1763%]
7801	82.34841687%	[81.4865%, 83.1785%]
7802	82.33786209%	[81.4758%, 83.1681%]
7803	82.34012559%	[81.4782%, 83.1702%]
7804	82.34238852%	[81.4805%, 83.1724%]
7805	82.34465086%	[81.4829%, 83.1746%]
7806	82.34691263%	[81.4853%, 83.1767%]
7807	82.34917382%	[81.4876%, 83.1789%]
7808	82.35143443%	[81.4900%, 83.1811%]
7809	82.34088872%	[81.4793%, 83.1707%]
7810	82.34314981%	[81.4817%, 83.1728%]
7811	82.34541032%	[81.4840%, 83.1750%]
7812	82.34767025%	[81.4864%, 83.1772%]
7813	82.34992960%	[81.4887%, 83.1793%]
7814	82.35218838%	[81.4911%, 83.1815%]
7815	82.35444658%	[81.4934%, 83.1837%]
7816	82.35670420%	[81.4958%, 83.1858%]
7817	82.35896124%	[81.4981%, 83.1880%]
7818	82.36121770%	[81.5005%, 83.1901%]
7819	82.36347359%	[81.5029%, 83.1923%]
7820	82.36572890%	[81.5052%, 83.1945%]
7821	82.36798363%	[81.5076%, 83.1966%]
7822	82.37023779%	[81.5099%, 83.1988%]
7823	82.37249137%	[81.5123%, 83.2009%]
7824	82.37474438%	[81.5146%, 83.2031%]
7825	82.37699681%	[81.5170%, 83.2053%]
7826	82.37924866%	[81.5193%, 83.2074%]
7827	82.38149994%	[81.5217%, 83.2096%]
7828	82.38375064%	[81.5240%, 83.2117%]
7829	82.37322774%	[81.5133%, 83.2014%]
7830	82.37547893%	[81.5157%, 83.2035%]
7831	82.37772954%	[81.5180%, 83.2057%]
7832	82.37997957%	[81.5204%, 83.2078%]
7833	82.36946253%	[81.5097%, 83.1975%]
7834	82.37171305%	[81.5121%, 83.1996%]
7835	82.37396299%	[81.5144%, 83.2018%]
7836	82.37621235%	[81.5168%, 83.2039%]
7837	82.37846115%	[81.5191%, 83.2061%]
7838	82.38070936%	[81.5215%, 83.2082%]
7839	82.38295701%	[81.5238%, 83.2104%]
7840	82.38520408%	[81.5262%, 83.2125%]
7841	82.38745058%	[81.5285%, 83.2147%]
7842	82.38969651%	[81.5308%, 83.2168%]
7843	82.37919164%	[81.5202%, 83.2065%]
7844	82.38143804%	[81.5225%, 83.2086%]
7845	82.38368388%	[81.5249%, 83.2108%]
7846	82.38592914%	[81.5272%, 83.2129%]
7847	82.38817382%	[81.5296%, 83.2151%]
7848	82.39041794%	[81.5319%, 83.2172%]
7849	82.39266149%	[81.5343%, 83.2194%]
7850	82.39490446%	[81.5366%, 83.2215%]
7851	82.39714686%	[81.5389%, 83.2237%]
7852	82.38665308%	[81.5283%, 83.2133%]
7853	82.38889596%	[81.5306%, 83.2155%]
7854	82.39113827%	[81.5330%, 83.2176%]
7855	82.39338001%	[81.5353%, 83.2198%]
7856	82.39562118%	[81.5377%, 83.2219%]
7857	82.39786178%	[81.5400%, 83.2241%]
7858	82.40010181%	[81.5423%, 83.2262%]
7859	82.40234126%	[81.5447%, 83.2284%]
7860	82.40458015%	[81.5470%, 83.2305%]
7861	82.40681847%	[81.5493%, 83.2326%]
7862	82.40905622%	[81.5517%, 83.2348%]
7863	82.41129340%	[81.5540%, 83.2369%]
7864	82.40081384%	[81.5434%, 83.2266%]
7865	82.40305149%	[81.5457%, 83.2287%]
7866	82.40528858%	[81.5481%, 83.2309%]
7867	82.40752510%	[81.5504%, 83.2330%]
7868	82.39705135%	[81.5398%, 83.2227%]
7869	82.39928835%	[81.5421%, 83.2248%]
7870	82.40152478%	[81.5444%, 83.2270%]
7871	82.40376064%	[81.5468%, 83.2291%]
7872	82.40599593%	[81.5491%, 83.2313%]
7873	82.40823066%	[81.5514%, 83.2334%]
7874	82.39776480%	[81.5408%, 83.2231%]
7875	82.40000000%	[81.5432%, 83.2252%]
7876	82.40223464%	[81.5455%, 83.2274%]
7877	82.40446871%	[81.5478%, 83.2295%]
7878	82.40670221%	[81.5502%, 83.2317%]
7879	82.39624318%	[81.5396%, 83.2213%]
7880	82.39847716%	[81.5419%, 83.2235%]
7881	82.40071057%	[81.5442%, 83.2256%]
7882	82.40294342%	[81.5466%, 83.2278%]
7883	82.40517569%	[81.5489%, 83.2299%]
7884	82.39472349%	[81.5383%, 83.2196%]
7885	82.39695625%	[81.5406%, 83.2217%]
7886	82.38650774%	[81.5300%, 83.2114%]
7887	82.38874097%	[81.5324%, 83.2136%]
7888	82.39097363%	[81.5347%, 83.2157%]
7889	82.39320573%	[81.5370%, 83.2179%]
7890	82.39543726%	[81.5394%, 83.2200%]
7891	82.39766823%	[81.5417%, 83.2221%]
7892	82.39989863%	[81.5440%, 83.2243%]
7893	82.40212847%	[81.5463%, 83.2264%]
7894	82.40435774%	[81.5487%, 83.2285%]
7895	82.40658645%	[81.5510%, 83.2307%]
7896	82.40881459%	[81.5533%, 83.2328%]
7897	82.41104217%	[81.5556%, 83.2349%]
7898	82.41326918%	[81.5580%, 83.2371%]
7899	82.41549563%	[81.5603%, 83.2392%]
7900	82.41772152%	[81.5626%, 83.2413%]
7901	82.41994684%	[81.5649%, 83.2435%]
7902	82.42217160%	[81.5672%, 83.2456%]
7903	82.42439580%	[81.5696%, 83.2477%]
7904	82.42661943%	[81.5719%, 83.2499%]
7905	82.42884250%	[81.5742%, 83.2520%]
7906	82.43106501%	[81.5765%, 83.2541%]
7907	82.43328696%	[81.5788%, 83.2562%]
7908	82.43550835%	[81.5811%, 83.2584%]
7909	82.43772917%	[81.5835%, 83.2605%]
7910	82.43994943%	[81.5858%, 83.2626%]
7911	82.44216913%	[81.5881%, 83.2648%]
7912	82.43174924%	[81.5775%, 83.2545%]
7913	82.42133199%	[81.5670%, 83.2442%]
7914	82.41091736%	[81.5564%, 83.2339%]
7915	82.40050537%	[81.5459%, 83.2237%]
7916	82.40272865%	[81.5482%, 83.2258%]
7917	82.40495137%	[81.5505%, 83.2279%]
7918	82.39454408%	[81.5400%, 83.2177%]
7919	82.39676727%	[81.5423%, 83.2198%]
7920	82.39898990%	[81.5446%, 83.2219%]
7921	82.40121197%	[81.5469%, 83.2241%]
7922	82.40343348%	[81.5493%, 83.2262%]
7923	82.40565442%	[81.5516%, 83.2283%]
7924	82.39525492%	[81.5410%, 83.2181%]
7925	82.39747634%	[81.5434%, 83.2202%]
7926	82.39969720%	[81.5457%, 83.2223%]
7927	82.40191750%	[81.5480%, 83.2245%]
7928	82.39152371%	[81.5375%, 83.2142%]
7929	82.38113255%	[81.5269%, 83.2040%]
7930	82.38335435%	[81.5293%, 83.2061%]
7931	82.38557559%	[81.5316%, 83.2082%]
7932	82.38779627%	[81.5339%, 83.2104%]
7933	82.39001639%	[81.5362%, 83.2125%]
7934	82.37963196%	[81.5257%, 83.2022%]
7935	82.38185255%	[81.5280%, 83.2044%]
7936	82.38407258%	[81.5303%, 83.2065%]
7937	82.38629205%	[81.5326%, 83.2086%]
7938	82.38851096%	[81.5349%, 83.2107%]
7939	82.39072931%	[81.5373%, 83.2129%]
7940	82.39294710%	[81.5396%, 83.2150%]
7941	82.38257146%	[81.5291%, 83.2048%]
7942	82.38478973%	[81.5314%, 83.2069%]
7943	82.37441773%	[81.5209%, 83.1967%]
7944	82.37663646%	[81.5232%, 83.1988%]
7945	82.37885463%	[81.5255%, 83.2009%]
7946	82.38107224%	[81.5278%, 83.2030%]
7947	82.37070593%	[81.5173%, 83.1928%]
7948	82.37292401%	[81.5196%, 83.1950%]
7949	82.37514153%	[81.5219%, 83.1971%]
7950	82.37735849%	[81.5242%, 83.1992%]
7951	82.36699786%	[81.5137%, 83.1890%]
7952	82.35663984%	[81.5033%, 83.1788%]
7953	82.35885829%	[81.5056%, 83.1809%]
7954	82.36107619%	[81.5079%, 83.1830%]
7955	82.36329353%	[81.5102%, 83.1852%]
7956	82.36551031%	[81.5125%, 83.1873%]
7957	82.36772653%	[81.5148%, 83.1894%]
7958	82.35737623%	[81.5043%, 83.1792%]
7959	82.35959291%	[81.5066%, 83.1813%]
7960	82.36180905%	[81.5090%, 83.1834%]
7961	82.36402462%	[81.5113%, 83.1856%]
7962	82.36623964%	[81.5136%, 83.1877%]
7963	82.36845410%	[81.5159%, 83.1898%]
7964	82.35811150%	[81.5054%, 83.1796%]
7965	82.36032643%	[81.5077%, 83.1817%]
7966	82.36254080%	[81.5100%, 83.1839%]
7967	82.36475461%	[81.5123%, 83.1860%]
7968	82.36696787%	[81.5146%, 83.1881%]
7969	82.36918057%	[81.5170%, 83.1902%]
7970	82.35884567%	[81.5065%, 83.1800%]
7971	82.34851336%	[81.4960%, 83.1698%]
7972	82.35072755%	[81.4983%, 83.1720%]
7973	82.35294118%	[81.5006%, 83.1741%]
7974	82.34261349%	[81.4902%, 83.1639%]
7975	82.34482759%	[81.4925%, 83.1660%]
7976	82.34704112%	[81.4948%, 83.1681%]
7977	82.34925411%	[81.4971%, 83.1703%]
7978	82.35146653%	[81.4994%, 83.1724%]
7979	82.35367841%	[81.5017%, 83.1745%]
7980	82.34335840%	[81.4913%, 83.1643%]
7981	82.33304097%	[81.4808%, 83.1542%]
7982	82.33525432%	[81.4831%, 83.1563%]
7983	82.33746712%	[81.4854%, 83.1584%]
7984	82.33967936%	[81.4877%, 83.1605%]
7985	82.34189105%	[81.4900%, 83.1626%]
7986	82.34410218%	[81.4923%, 83.1648%]
7987	82.34631276%	[81.4946%, 83.1669%]
7988	82.34852278%	[81.4970%, 83.1690%]
7989	82.35073226%	[81.4993%, 83.1711%]
7990	82.35294118%	[81.5016%, 83.1732%]
7991	82.35514954%	[81.5039%, 83.1753%]
7992	82.35735736%	[81.5062%, 83.1775%]
7993	82.35956462%	[81.5085%, 83.1796%]
7994	82.36177133%	[81.5108%, 83.1817%]
7995	82.36397749%	[81.5131%, 83.1838%]
7996	82.36618309%	[81.5154%, 83.1859%]
7997	82.36838815%	[81.5177%, 83.1880%]
7998	82.37059265%	[81.5200%, 83.1901%]
7999	82.37279660%	[81.5223%, 83.1923%]
8000	82.37500000%	[81.5246%, 83.1944%]
8001	82.37720285%	[81.5269%, 83.1965%]
8002	82.37940515%	[81.5292%, 83.1986%]
8003	82.38160690%	[81.5314%, 83.2007%]
8004	82.37131434%	[81.5210%, 83.1905%]
8005	82.37351655%	[81.5233%, 83.1927%]
8006	82.37571821%	[81.5256%, 83.1948%]
8007	82.37791932%	[81.5279%, 83.1969%]
8008	82.38011988%	[81.5302%, 83.1990%]
8009	82.38231989%	[81.5325%, 83.2011%]
8010	82.38451935%	[81.5348%, 83.2032%]
8011	82.38671826%	[81.5371%, 83.2053%]
8012	82.38891663%	[81.5394%, 83.2074%]
8013	82.39111444%	[81.5417%, 83.2095%]
8014	82.39331170%	[81.5440%, 83.2116%]
8015	82.39550842%	[81.5462%, 83.2137%]
8016	82.39770459%	[81.5485%, 83.2158%]
8017	82.39990021%	[81.5508%, 83.2179%]
8018	82.40209529%	[81.5531%, 83.2200%]
8019	82.40428981%	[81.5554%, 83.2221%]
8020	82.40648379%	[81.5577%, 83.2242%]
8021	82.40867722%	[81.5600%, 83.2263%]
8022	82.41087011%	[81.5623%, 83.2284%]
8023	82.41306245%	[81.5646%, 83.2305%]
8024	82.41525424%	[81.5668%, 83.2326%]
8025	82.41744548%	[81.5691%, 83.2347%]
8026	82.41963618%	[81.5714%, 83.2368%]
8027	82.42182634%	[81.5737%, 83.2389%]
8028	82.42401594%	[81.5760%, 83.2410%]
8029	82.41375016%	[81.5656%, 83.2309%]
8030	82.41594022%	[81.5679%, 83.2330%]
8031	82.41812975%	[81.5701%, 83.2351%]
8032	82.42031873%	[81.5724%, 83.2372%]
8033	82.42250716%	[81.5747%, 83.2393%]
8034	82.42469505%	[81.5770%, 83.2414%]
8035	82.42688239%	[81.5793%, 83.2435%]
8036	82.42906919%	[81.5815%, 83.2456%]
8037	82.43125544%	[81.5838%, 83.2477%]
8038	82.43344115%	[81.5861%, 83.2498%]
8039	82.43562632%	[81.5884%, 83.2519%]
8040	82.43781095%	[81.5907%, 83.2540%]
8041	82.43999503%	[81.5929%, 83.2561%]
8042	82.44217856%	[81.5952%, 83.2582%]
8043	82.44436156%	[81.5975%, 83.2603%]
8044	82.43411238%	[81.5871%, 83.2501%]
8045	82.42386576%	[81.5767%, 83.2400%]
8046	82.41362168%	[81.5664%, 83.2300%]
8047	82.41580713%	[81.5686%, 83.2320%]
8048	82.41799205%	[81.5709%, 83.2341%]
8049	82.42017642%	[81.5732%, 83.2362%]
8050	82.42236025%	[81.5755%, 83.2383%]
8051	82.41212272%	[81.5651%, 83.2282%]
8052	82.41430700%	[81.5674%, 83.2303%]
8053	82.41649075%	[81.5697%, 83.2324%]
8054	82.41867395%	[81.5719%, 83.2345%]
8055	82.42085661%	[81.5742%, 83.2366%]
8056	82.42303873%	[81.5765%, 83.2387%]
8057	82.41280874%	[81.5661%, 83.2286%]
8058	82.41499131%	[81.5684%, 83.2307%]
8059	82.41717335%	[81.5707%, 83.2328%]
8060	82.41935484%	[81.5729%, 83.2349%]
8061	82.42153579%	[81.5752%, 83.2370%]
8062	82.41131233%	[81.5649%, 83.2269%]
8063	82.41349374%	[81.5671%, 83.2290%]
8064	82.41567460%	[81.5694%, 83.2311%]
8065	82.41785493%	[81.5717%, 83.2332%]
8066	82.40763699%	[81.5613%, 83.2231%]
8067	82.40981778%	[81.5636%, 83.2252%]
8068	82.41199802%	[81.5659%, 83.2273%]
8069	82.40178461%	[81.5555%, 83.2172%]
8070	82.40396530%	[81.5578%, 83.2193%]
8071	82.40614546%	[81.5601%, 83.2214%]
8072	82.39593657%	[81.5497%, 83.2113%]
8073	82.39811718%	[81.5520%, 83.2134%]
8074	82.38791182%	[81.5417%, 83.2033%]
8075	82.39009288%	[81.5440%, 83.2054%]
8076	82.39227340%	[81.5462%, 83.2075%]
8077	82.39445339%	[81.5485%, 83.2096%]
8078	82.39663283%	[81.5508%, 83.2117%]
8079	82.39881173%	[81.5530%, 83.2138%]
8080	82.40099010%	[81.5553%, 83.2159%]
8081	82.39079322%	[81.5450%, 83.2058%]
8082	82.39297204%	[81.5473%, 83.2079%]
8083	82.39515032%	[81.5495%, 83.2100%]
8084	82.38495794%	[81.5392%, 83.1999%]
8085	82.38713667%	[81.5415%, 83.2020%]
8086	82.38931487%	[81.5437%, 83.2041%]
8087	82.39149252%	[81.5460%, 83.2062%]
8088	82.39366963%	[81.5483%, 83.2083%]
8089	82.39584621%	[81.5506%, 83.2104%]
8090	82.39802225%	[81.5528%, 83.2125%]
8091	82.40019775%	[81.5551%, 83.2146%]
8092	82.40237271%	[81.5574%, 83.2166%]
8093	82.40454714%	[81.5596%, 83.2187%]
8094	82.40672103%	[81.5619%, 83.2208%]
8095	82.40889438%	[81.5642%, 83.2229%]
8096	82.41106719%	[81.5664%, 83.2250%]
8097	82.41323947%	[81.5687%, 83.2270%]
8098	82.41541121%	[81.5710%, 83.2291%]
8099	82.41758242%	[81.5732%, 83.2312%]
8100	82.41975309%	[81.5755%, 83.2333%]
8101	82.40957906%	[81.5652%, 83.2233%]
8102	82.39940755%	[81.5549%, 83.2132%]
8103	82.38923855%	[81.5446%, 83.2032%]
8104	82.37907206%	[81.5343%, 83.1932%]
8105	82.38124614%	[81.5365%, 83.1953%]
8106	82.38341969%	[81.5388%, 83.1974%]
8107	82.38559270%	[81.5411%, 83.1994%]
8108	82.38776517%	[81.5433%, 83.2015%]
8109	82.38993711%	[81.5456%, 83.2036%]
8110	82.37977805%	[81.5353%, 83.1936%]
8111	82.36962150%	[81.5250%, 83.1836%]
8112	82.37179487%	[81.5273%, 83.1857%]
8113	82.37396771%	[81.5296%, 83.1877%]
8114	82.37614000%	[81.5318%, 83.1898%]
8115	82.37831177%	[81.5341%, 83.1919%]
8116	82.36816166%	[81.5238%, 83.1819%]
8117	82.35801404%	[81.5135%, 83.1719%]
8118	82.36018724%	[81.5158%, 83.1740%]
8119	82.36235990%	[81.5181%, 83.1761%]
8120	82.36453202%	[81.5203%, 83.1781%]
8121	82.36670361%	[81.5226%, 83.1802%]
8122	82.36887466%	[81.5248%, 83.1823%]
8123	82.35873446%	[81.5146%, 83.1723%]
8124	82.36090596%	[81.5168%, 83.1744%]
8125	82.35076923%	[81.5066%, 83.1644%]
8126	82.35294118%	[81.5088%, 83.1665%]
8127	82.35511259%	[81.5111%, 83.1685%]
8128	82.35728346%	[81.5134%, 83.1706%]
8129	82.35945381%	[81.5156%, 83.1727%]
8130	82.36162362%	[81.5179%, 83.1748%]
8131	82.36379289%	[81.5202%, 83.1769%]
8132	82.35366454%	[81.5099%, 83.1669%]
8133	82.35583426%	[81.5122%, 83.1690%]
8134	82.35800344%	[81.5144%, 83.1710%]
8135	82.36017210%	[81.5167%, 83.1731%]
8136	82.35004916%	[81.5064%, 83.1631%]
8137	82.35221826%	[81.5087%, 83.1652%]
8138	82.35438683%	[81.5109%, 83.1673%]
8139	82.34426834%	[81.5007%, 83.1573%]
8140	82.33415233%	[81.4905%, 83.1473%]
8141	82.33632232%	[81.4927%, 83.1494%]
8142	82.33849177%	[81.4950%, 83.1515%]
8143	82.32838020%	[81.4847%, 83.1415%]
8144	82.31827112%	[81.4745%, 83.1316%]
8145	82.32044199%	[81.4768%, 83.1336%]
8146	82.32261233%	[81.4790%, 83.1357%]
8147	82.32478213%	[81.4813%, 83.1378%]
8148	82.32695140%	[81.4835%, 83.1399%]
8149	82.32912014%	[81.4858%, 83.1420%]
8150	82.33128834%	[81.4881%, 83.1440%]
8151	82.33345602%	[81.4903%, 83.1461%]
8152	82.33562316%	[81.4926%, 83.1482%]
8153	82.32552435%	[81.4824%, 83.1382%]
8154	82.32769193%	[81.4846%, 83.1403%]
8155	82.32985898%	[81.4869%, 83.1424%]
8156	82.33202550%	[81.4891%, 83.1445%]
8157	82.33419149%	[81.4914%, 83.1466%]
8158	82.33635695%	[81.4936%, 83.1486%]
8159	82.33852188%	[81.4959%, 83.1507%]
8160	82.34068627%	[81.4982%, 83.1528%]
8161	82.33059674%	[81.4879%, 83.1428%]
8162	82.32050968%	[81.4777%, 83.1329%]
8163	82.32267549%	[81.4800%, 83.1350%]
8164	82.32484076%	[81.4822%, 83.1370%]
8165	82.32700551%	[81.4845%, 83.1391%]
8166	82.31692383%	[81.4743%, 83.1292%]
8167	82.31908902%	[81.4765%, 83.1312%]
8168	82.32125367%	[81.4788%, 83.1333%]
8169	82.32341780%	[81.4811%, 83.1354%]
8170	82.32558140%	[81.4833%, 83.1375%]
8171	82.32774446%	[81.4856%, 83.1395%]
8172	82.32990700%	[81.4878%, 83.1416%]
8173	82.33206901%	[81.4901%, 83.1437%]
8174	82.33423049%	[81.4923%, 83.1458%]
8175	82.33639144%	[81.4946%, 83.1478%]
8176	82.33855186%	[81.4968%, 83.1499%]
8177	82.34071175%	[81.4991%, 83.1520%]
8178	82.34287112%	[81.5013%, 83.1540%]
8179	82.34502995%	[81.5036%, 83.1561%]
8180	82.34718826%	[81.5058%, 83.1582%]
8181	82.34934605%	[81.5081%, 83.1603%]
8182	82.35150330%	[81.5103%, 83.1623%]
8183	82.35366003%	[81.5126%, 83.1644%]
8184	82.35581623%	[81.5148%, 83.1665%]
8185	82.35797190%	[81.5171%, 83.1685%]
8186	82.34791107%	[81.5069%, 83.1586%]
8187	82.35006718%	[81.5091%, 83.1607%]
8188	82.35222277%	[81.5114%, 83.1627%]
8189	82.35437782%	[81.5136%, 83.1648%]
8190	82.35653236%	[81.5159%, 83.1669%]
8191	82.34647784%	[81.5057%, 83.1570%]
8192	82.34863281%	[81.5079%, 83.1590%]
8193	82.35078726%	[81.5102%, 83.1611%]
8194	82.35294118%	[81.5124%, 83.1631%]
8195	82.35509457%	[81.5147%, 83.1652%]
8196	82.35724744%	[81.5169%, 83.1673%]
8197	82.35939978%	[81.5191%, 83.1693%]
8198	82.36155160%	[81.5214%, 83.1714%]
8199	82.36370289%	[81.5236%, 83.1735%]
8200	82.36585366%	[81.5259%, 83.1755%]
8201	82.36800390%	[81.5281%, 83.1776%]
8202	82.37015362%	[81.5304%, 83.1796%]
8203	82.37230282%	[81.5326%, 83.1817%]
8204	82.37445149%	[81.5348%, 83.1838%]
8205	82.36441194%	[81.5247%, 83.1739%]
8206	82.36656105%	[81.5269%, 83.1759%]
8207	82.36870964%	[81.5291%, 83.1780%]
8208	82.37085770%	[81.5314%, 83.1800%]
8209	82.36082349%	[81.5212%, 83.1702%]
8210	82.36297199%	[81.5235%, 83.1722%]
8211	82.35294118%	[81.5133%, 83.1623%]
8212	82.35509011%	[81.5155%, 83.1644%]
8213	82.35723852%	[81.5178%, 83.1664%]
8214	82.35938641%	[81.5200%, 83.1685%]
8215	82.34936093%	[81.5099%, 83.1586%]
8216	82.35150925%	[81.5121%, 83.1607%]
8217	82.35365705%	[81.5143%, 83.1627%]
8218	82.35580433%	[81.5166%, 83.1648%]
8219	82.35795109%	[81.5188%, 83.1669%]
8220	82.36009732%	[81.5211%, 83.1689%]
8221	82.35007907%	[81.5109%, 83.1590%]
8222	82.35222574%	[81.5131%, 83.1611%]
8223	82.35437188%	[81.5154%, 83.1631%]
8224	82.35651751%	[81.5176%, 83.1652%]
8225	82.35866261%	[81.5199%, 83.1673%]
8226	82.36080720%	[81.5221%, 83.1693%]
8227	82.36295126%	[81.5243%, 83.1714%]
8228	82.35294118%	[81.5142%, 83.1615%]
8229	82.35508567%	[81.5164%, 83.1636%]
8230	82.35722965%	[81.5187%, 83.1656%]
8231	82.34722391%	[81.5085%, 83.1557%]
8232	82.34936832%	[81.5108%, 83.1578%]
8233	82.33936597%	[81.5006%, 83.1479%]
8234	82.34151081%	[81.5029%, 83.1500%]
8235	82.34365513%	[81.5051%, 83.1521%]
8236	82.34579893%	[81.5073%, 83.1541%]
8237	82.34794221%	[81.5096%, 83.1562%]
8238	82.35008497%	[81.5118%, 83.1582%]
8239	82.35222721%	[81.5140%, 83.1603%]
8240	82.35436893%	[81.5163%, 83.1623%]
8241	82.34437568%	[81.5061%, 83.1525%]
8242	82.34651784%	[81.5084%, 83.1545%]
8243	82.34865947%	[81.5106%, 83.1566%]
8244	82.35080058%	[81.5128%, 83.1586%]
8245	82.35294118%	[81.5151%, 83.1607%]
8246	82.35508125%	[81.5173%, 83.1627%]
8247	82.35722081%	[81.5195%, 83.1648%]
8248	82.35935984%	[81.5218%, 83.1668%]
8249	82.36149836%	[81.5240%, 83.1689%]
8250	82.36363636%	[81.5262%, 83.1709%]
8251	82.36577385%	[81.5284%, 83.1730%]
8252	82.36791081%	[81.5307%, 83.1750%]
8253	82.35793045%	[81.5206%, 83.1652%]
8254	82.36006785%	[81.5228%, 83.1672%]
8255	82.36220472%	[81.5250%, 83.1693%]
8256	82.36434109%	[81.5272%, 83.1713%]
8257	82.36647693%	[81.5295%, 83.1734%]
8258	82.35650279%	[81.5194%, 83.1636%]
8259	82.35863906%	[81.5216%, 83.1656%]
8260	82.36077482%	[81.5238%, 83.1677%]
8261	82.35080499%	[81.5137%, 83.1578%]
8262	82.35294118%	[81.5159%, 83.1599%]
8263	82.35507685%	[81.5182%, 83.1619%]
8264	82.35721200%	[81.5204%, 83.1640%]
8265	82.35934664%	[81.5226%, 83.1660%]
8266	82.36148076%	[81.5248%, 83.1681%]
8267	82.35151808%	[81.5148%, 83.1582%]
8268	82.34155781%	[81.5047%, 83.1484%]
8269	82.34369331%	[81.5069%, 83.1505%]
8270	82.33373640%	[81.4968%, 83.1406%]
8271	82.32378189%	[81.4867%, 83.1308%]
8272	82.32591876%	[81.4890%, 83.1329%]
8273	82.32805512%	[81.4912%, 83.1349%]
8274	82.33019096%	[81.4934%, 83.1370%]
8275	82.32024169%	[81.4833%, 83.1272%]
8276	82.32237796%	[81.4856%, 83.1292%]
8277	82.32451371%	[81.4878%, 83.1313%]
8278	82.32664895%	[81.4900%, 83.1333%]
8279	82.31670492%	[81.4799%, 83.1235%]
8280	82.31884058%	[81.4822%, 83.1255%]
8281	82.32097573%	[81.4844%, 83.1276%]
8282	82.32311036%	[81.4866%, 83.1296%]
8283	82.32524448%	[81.4888%, 83.1317%]
8284	82.32737808%	[81.4911%, 83.1337%]
8285	82.32951116%	[81.4933%, 83.1358%]
8286	82.33164374%	[81.4955%, 83.1378%]
8287	82.32170870%	[81.4854%, 83.1280%]
8288	82.32384170%	[81.4877%, 83.1301%]
8289	82.32597418%	[81.4899%, 83.1321%]
8290	82.32810615%	[81.4921%, 83.1342%]
8291	82.31817634%	[81.4820%, 83.1244%]
8292	82.30824891%	[81.4720%, 83.1146%]
8293	82.31038225%	[81.4742%, 83.1166%]
8294	82.31251507%	[81.4764%, 83.1187%]
8295	82.31464738%	[81.4787%, 83.1207%]
8296	82.31677917%	[81.4809%, 83.1228%]
8297	82.31891045%	[81.4831%, 83.1248%]
8298	82.30899012%	[81.4731%, 83.1150%]
8299	82.31112182%	[81.4753%, 83.1171%]
8300	82.31325301%	[81.4775%, 83.1191%]
8301	82.31538369%	[81.4797%, 83.1212%]
8302	82.31751385%	[81.4819%, 83.1232%]
8303	82.31964350%	[81.4842%, 83.1252%]
8304	82.32177264%	[81.4864%, 83.1273%]
8305	82.32390126%	[81.4886%, 83.1293%]
8306	82.32602938%	[81.4908%, 83.1314%]
8307	82.32815698%	[81.4930%, 83.1334%]
8308	82.33028406%	[81.4952%, 83.1354%]
8309	82.33241064%	[81.4975%, 83.1375%]
8310	82.32250301%	[81.4874%, 83.1277%]
8311	82.32463001%	[81.4896%, 83.1297%]
8312	82.31472570%	[81.4796%, 83.1200%]
8313	82.31685312%	[81.4818%, 83.1220%]
8314	82.31898003%	[81.4840%, 83.1241%]
8315	82.30907998%	[81.4740%, 83.1143%]
8316	82.31120731%	[81.4762%, 83.1163%]
8317	82.31333413%	[81.4785%, 83.1184%]
8318	82.31546045%	[81.4807%, 83.1204%]
8319	82.31758625%	[81.4829%, 83.1225%]
8320	82.31971154%	[81.4851%, 83.1245%]
8321	82.32183632%	[81.4873%, 83.1265%]
8322	82.32396059%	[81.4895%, 83.1286%]
8323	82.32608434%	[81.4917%, 83.1306%]
8324	82.32820759%	[81.4939%, 83.1326%]
8325	82.33033033%	[81.4962%, 83.1347%]
8326	82.33245256%	[81.4984%, 83.1367%]
8327	82.33457428%	[81.5006%, 83.1387%]
8328	82.33669549%	[81.5028%, 83.1408%]
8329	82.33881618%	[81.5050%, 83.1428%]
8330	82.34093637%	[81.5072%, 83.1449%]
8331	82.33105269%	[81.4972%, 83.1351%]
8332	82.32117139%	[81.4872%, 83.1254%]
8333	82.32329293%	[81.4894%, 83.1274%]
8334	82.32541397%	[81.4916%, 83.1294%]
8335	82.32753449%	[81.4938%, 83.1315%]
8336	82.32965451%	[81.4960%, 83.1335%]
8337	82.33177402%	[81.4982%, 83.1355%]
8338	82.33389302%	[81.5004%, 83.1376%]
8339	82.33601151%	[81.5027%, 83.1396%]
8340	82.33812950%	[81.5049%, 83.1416%]
8341	82.34024697%	[81.5071%, 83.1437%]
8342	82.34236394%	[81.5093%, 83.1457%]
8343	82.34448040%	[81.5115%, 83.1477%]
8344	82.34659636%	[81.5137%, 83.1497%]
8345	82.33672858%	[81.5037%, 83.1400%]
8346	82.33884496%	[81.5059%, 83.1420%]
8347	82.34096082%	[81.5081%, 83.1441%]
8348	82.34307619%	[81.5103%, 83.1461%]
8349	82.33321356%	[81.5003%, 83.1364%]
8350	82.33532934%	[81.5025%, 83.1384%]
8351	82.32547000%	[81.4925%, 83.1287%]
8352	82.32758621%	[81.4947%, 83.1307%]
8353	82.32970190%	[81.4969%, 83.1327%]
8354	82.33181709%	[81.4991%, 83.1348%]
8355	82.33393178%	[81.5013%, 83.1368%]
8356	82.32407851%	[81.4914%, 83.1271%]
8357	82.32619361%	[81.4936%, 83.1291%]
8358	82.32830821%	[81.4958%, 83.1311%]
8359	82.33042230%	[81.4980%, 83.1332%]
8360	82.32057416%	[81.4880%, 83.1235%]
8361	82.32268867%	[81.4902%, 83.1255%]
8362	82.32480268%	[81.4924%, 83.1275%]
8363	82.31495875%	[81.4824%, 83.1178%]
8364	82.31707317%	[81.4846%, 83.1198%]
8365	82.31918709%	[81.4869%, 83.1219%]
8366	82.32130050%	[81.4891%, 83.1239%]
8367	82.32341341%	[81.4913%, 83.1259%]
8368	82.32552581%	[81.4935%, 83.1279%]
8369	82.32763771%	[81.4957%, 83.1300%]
8370	82.32974910%	[81.4979%, 83.1320%]
8371	82.33185999%	[81.5001%, 83.1340%]
8372	82.33397038%	[81.5022%, 83.1360%]
8373	82.32413711%	[81.4923%, 83.1263%]
8374	82.32624791%	[81.4945%, 83.1284%]
8375	82.32835821%	[81.4967%, 83.1304%]
8376	82.33046800%	[81.4989%, 83.1324%]
8377	82.32063985%	[81.4889%, 83.1227%]
8378	82.32275006%	[81.4911%, 83.1247%]
8379	82.32485977%	[81.4933%, 83.1268%]
8380	82.32696897%	[81.4955%, 83.1288%]
8381	82.31714593%	[81.4856%, 83.1191%]
8382	82.31925555%	[81.4878%, 83.1211%]
8383	82.32136467%	[81.4900%, 83.1231%]
8384	82.31154580%	[81.4800%, 83.1135%]
8385	82.31365534%	[81.4822%, 83.1155%]
8386	82.30383973%	[81.4723%, 83.1058%]
8387	82.30594968%	[81.4745%, 83.1078%]
8388	82.29613734%	[81.4646%, 83.0982%]
8389	82.29824771%	[81.4668%, 83.1002%]
8390	82.30035757%	[81.4690%, 83.1022%]
8391	82.30246693%	[81.4711%, 83.1042%]
8392	82.30457579%	[81.4733%, 83.1062%]
8393	82.29476945%	[81.4634%, 83.0966%]
8394	82.29687872%	[81.4656%, 83.0986%]
8395	82.29898749%	[81.4678%, 83.1006%]
8396	82.28918533%	[81.4579%, 83.0910%]
8397	82.29129451%	[81.4601%, 83.0930%]
8398	82.29340319%	[81.4623%, 83.0950%]
8399	82.29551137%	[81.4645%, 83.0970%]
8400	82.29761905%	[81.4667%, 83.0990%]
8401	82.29972622%	[81.4689%, 83.1011%]
8402	82.30183290%	[81.4711%, 83.1031%]
8403	82.30393907%	[81.4733%, 83.1051%]
8404	82.30604474%	[81.4754%, 83.1071%]
8405	82.30814991%	[81.4776%, 83.1091%]
8406	82.31025458%	[81.4798%, 83.1112%]
8407	82.31235875%	[81.4820%, 83.1132%]
8408	82.31446242%	[81.4842%, 83.1152%]
8409	82.31656558%	[81.4864%, 83.1172%]
8410	82.31866825%	[81.4886%, 83.1192%]
8411	82.32077042%	[81.4908%, 83.1213%]
8412	82.31098431%	[81.4809%, 83.1116%]
8413	82.31308689%	[81.4831%, 83.1136%]
8414	82.31518897%	[81.4853%, 83.1156%]
8415	82.30540701%	[81.4753%, 83.1060%]
8416	82.30750951%	[81.4775%, 83.1080%]
8417	82.30961150%	[81.4797%, 83.1100%]
8418	82.31171300%	[81.4819%, 83.1120%]
8419	82.31381399%	[81.4841%, 83.1140%]
8420	82.31591449%	[81.4863%, 83.1161%]
8421	82.31801449%	[81.4885%, 83.1181%]
8422	82.32011399%	[81.4907%, 83.1201%]
8423	82.32221299%	[81.4929%, 83.1221%]
8424	82.32431149%	[81.4950%, 83.1241%]
8425	82.31454006%	[81.4851%, 83.1145%]
8426	82.31663897%	[81.4873%, 83.1165%]
8427	82.30687077%	[81.4774%, 83.1069%]
8428	82.30897010%	[81.4796%, 83.1089%]
8429	82.31106893%	[81.4818%, 83.1109%]
8430	82.31316726%	[81.4840%, 83.1129%]
8431	82.31526509%	[81.4862%, 83.1149%]
8432	82.31736243%	[81.4884%, 83.1169%]
8433	82.30760109%	[81.4785%, 83.1073%]
8434	82.30969884%	[81.4807%, 83.1093%]
8435	82.31179609%	[81.4829%, 83.1113%]
8436	82.31389284%	[81.4850%, 83.1133%]
8437	82.31598910%	[81.4872%, 83.1153%]
8438	82.31808485%	[81.4894%, 83.1174%]
8439	82.32018012%	[81.4916%, 83.1194%]
8440	82.32227488%	[81.4938%, 83.1214%]
8441	82.32436915%	[81.4959%, 83.1234%]
8442	82.32646292%	[81.4981%, 83.1254%]
8443	82.32855620%	[81.5003%, 83.1274%]
8444	82.33064898%	[81.5025%, 83.1294%]
8445	82.32089994%	[81.4926%, 83.1198%]
8446	82.32299313%	[81.4948%, 83.1218%]
8447	82.32508583%	[81.4970%, 83.1238%]
8448	82.31534091%	[81.4871%, 83.1142%]
8449	82.31743402%	[81.4893%, 83.1162%]
8450	82.30769231%	[81.4794%, 83.1066%]
8451	82.30978582%	[81.4816%, 83.1086%]
8452	82.31187885%	[81.4838%, 83.1106%]
8453	82.31397137%	[81.4860%, 83.1126%]
8454	82.31606340%	[81.4881%, 83.1146%]
8455	82.31815494%	[81.4903%, 83.1166%]
8456	82.32024598%	[81.4925%, 83.1186%]
8457	82.32233653%	[81.4947%, 83.1206%]
8458	82.32442658%	[81.4969%, 83.1227%]
8459	82.32651614%	[81.4990%, 83.1247%]
8460	82.32860520%	[81.5012%, 83.1267%]
8461	82.33069377%	[81.5034%, 83.1287%]
8462	82.33278185%	[81.5056%, 83.1307%]
8463	82.33486943%	[81.5077%, 83.1327%]
8464	82.33695652%	[81.5099%, 83.1347%]
8465	82.32722977%	[81.5001%, 83.1251%]
8466	82.32931727%	[81.5022%, 83.1271%]
8467	82.33140428%	[81.5044%, 83.1291%]
8468	82.33349079%	[81.5066%, 83.1311%]
8469	82.32376904%	[81.4967%, 83.1215%]
8470	82.32585596%	[81.4989%, 83.1235%]
8471	82.31613741%	[81.4891%, 83.1139%]
8472	82.31822474%	[81.4912%, 83.1159%]
8473	82.32031158%	[81.4934%, 83.1179%]
8474	82.32239792%	[81.4956%, 83.1199%]
8475	82.32448378%	[81.4978%, 83.1219%]
8476	82.32656914%	[81.4999%, 83.1239%]
8477	82.32865400%	[81.5021%, 83.1259%]
8478	82.33073838%	[81.5043%, 83.1279%]
8479	82.33282227%	[81.5064%, 83.1299%]
8480	82.33490566%	[81.5086%, 83.1319%]
8481	82.32519750%	[81.4988%, 83.1223%]
8482	82.32728130%	[81.5009%, 83.1243%]
8483	82.32936461%	[81.5031%, 83.1263%]
8484	82.33144743%	[81.5053%, 83.1283%]
8485	82.33352976%	[81.5075%, 83.1303%]
8486	82.33561160%	[81.5096%, 83.1323%]
8487	82.33769294%	[81.5118%, 83.1343%]
8488	82.33977380%	[81.5140%, 83.1363%]
8489	82.34185416%	[81.5161%, 83.1383%]
8490	82.34393404%	[81.5183%, 83.1403%]
8491	82.33423625%	[81.5085%, 83.1308%]
8492	82.33631653%	[81.5106%, 83.1328%]
8493	82.33839633%	[81.5128%, 83.1347%]
8494	82.34047563%	[81.5150%, 83.1367%]
8495	82.34255444%	[81.5171%, 83.1387%]
8496	82.34463277%	[81.5193%, 83.1407%]
8497	82.34671060%	[81.5215%, 83.1427%]
8498	82.34878795%	[81.5236%, 83.1447%]
8499	82.35086481%	[81.5258%, 83.1467%]
8500	82.34117647%	[81.5160%, 83.1372%]
8501	82.34325373%	[81.5181%, 83.1391%]
8502	82.34533051%	[81.5203%, 83.1411%]
8503	82.34740680%	[81.5225%, 83.1431%]
8504	82.34948260%	[81.5246%, 83.1451%]
8505	82.33980012%	[81.5148%, 83.1356%]
8506	82.33011992%	[81.5050%, 83.1260%]
8507	82.33219701%	[81.5072%, 83.1280%]
8508	82.33427362%	[81.5093%, 83.1300%]
8509	82.33634975%	[81.5115%, 83.1320%]
8510	82.33842538%	[81.5137%, 83.1340%]
8511	82.34050053%	[81.5158%, 83.1360%]
8512	82.34257519%	[81.5180%, 83.1380%]
8513	82.34464936%	[81.5202%, 83.1400%]
8514	82.34672304%	[81.5223%, 83.1420%]
8515	82.34879624%	[81.5245%, 83.1439%]
8516	82.35086895%	[81.5266%, 83.1459%]
8517	82.35294118%	[81.5288%, 83.1479%]
8518	82.35501291%	[81.5309%, 83.1499%]
8519	82.35708416%	[81.5331%, 83.1519%]
8520	82.34741784%	[81.5233%, 83.1424%]
8521	82.34948950%	[81.5255%, 83.1444%]
8522	82.35156067%	[81.5276%, 83.1463%]
8523	82.35363135%	[81.5298%, 83.1483%]
8524	82.35570155%	[81.5319%, 83.1503%]
8525	82.34604106%	[81.5222%, 83.1408%]
8526	82.34811166%	[81.5243%, 83.1428%]
8527	82.35018178%	[81.5265%, 83.1448%]
8528	82.35225141%	[81.5286%, 83.1467%]
8529	82.34259585%	[81.5189%, 83.1372%]
8530	82.34466589%	[81.5210%, 83.1392%]
8531	82.34673544%	[81.5232%, 83.1412%]
8532	82.33708392%	[81.5134%, 83.1317%]
8533	82.33915387%	[81.5155%, 83.1337%]
8534	82.34122334%	[81.5177%, 83.1356%]
8535	82.34329233%	[81.5199%, 83.1376%]
8536	82.34536082%	[81.5220%, 83.1396%]
8537	82.33571512%	[81.5122%, 83.1301%]
8538	82.32607168%	[81.5025%, 83.1206%]
8539	82.32814147%	[81.5046%, 83.1226%]
8540	82.33021077%	[81.5068%, 83.1246%]
8541	82.32057136%	[81.4970%, 83.1151%]
8542	82.32264107%	[81.4992%, 83.1170%]
8543	82.31300480%	[81.4894%, 83.1075%]
8544	82.31507491%	[81.4916%, 83.1095%]
8545	82.31714453%	[81.4937%, 83.1115%]
8546	82.30751229%	[81.4840%, 83.1020%]
8547	82.29788230%	[81.4742%, 83.0925%]
8548	82.29995321%	[81.4764%, 83.0945%]
8549	82.30202363%	[81.4786%, 83.0965%]
8550	82.30409357%	[81.4807%, 83.0985%]
8551	82.30616302%	[81.4829%, 83.1005%]
8552	82.30823199%	[81.4850%, 83.1024%]
8553	82.31030048%	[81.4872%, 83.1044%]
8554	82.31236848%	[81.4893%, 83.1064%]
8555	82.31443600%	[81.4915%, 83.1084%]
8556	82.31650304%	[81.4936%, 83.1104%]
8557	82.31856959%	[81.4958%, 83.1124%]
8558	82.32063566%	[81.4979%, 83.1143%]
8559	82.32270125%	[81.5001%, 83.1163%]
8560	82.32476636%	[81.5022%, 83.1183%]
8561	82.31515010%	[81.4925%, 83.1088%]
8562	82.31721560%	[81.4946%, 83.1108%]
8563	82.30760248%	[81.4849%, 83.1013%]
8564	82.30966838%	[81.4871%, 83.1033%]
8565	82.30005838%	[81.4773%, 83.0938%]
8566	82.30212468%	[81.4795%, 83.0958%]
8567	82.30419050%	[81.4816%, 83.0978%]
8568	82.30625584%	[81.4838%, 83.0998%]
8569	82.30832069%	[81.4859%, 83.1018%]
8570	82.31038506%	[81.4881%, 83.1037%]
8571	82.30078171%	[81.4784%, 83.0943%]
8572	82.29118059%	[81.4686%, 83.0848%]
8573	82.29324624%	[81.4708%, 83.0868%]
8574	82.29531141%	[81.4729%, 83.0888%]
8575	82.29737609%	[81.4751%, 83.0907%]
8576	82.29944030%	[81.4772%, 83.0927%]
8577	82.30150402%	[81.4794%, 83.0947%]
8578	82.30356727%	[81.4815%, 83.0967%]
8579	82.29397366%	[81.4718%, 83.0872%]
8580	82.29603730%	[81.4740%, 83.0892%]
8581	82.29810045%	[81.4761%, 83.0912%]
8582	82.28851084%	[81.4664%, 83.0817%]
8583	82.29057439%	[81.4686%, 83.0837%]
8584	82.29263747%	[81.4707%, 83.0857%]
8585	82.29470006%	[81.4729%, 83.0877%]
8586	82.29676217%	[81.4750%, 83.0896%]
8587	82.29882380%	[81.4772%, 83.0916%]
8588	82.30088496%	[81.4793%, 83.0936%]
8589	82.30294563%	[81.4814%, 83.0956%]
8590	82.30500582%	[81.4836%, 83.0975%]
8591	82.30706553%	[81.4857%, 83.0995%]
8592	82.29748603%	[81.4760%, 83.0901%]
8593	82.29954614%	[81.4782%, 83.0920%]
8594	82.30160577%	[81.4803%, 83.0940%]
8595	82.30366492%	[81.4825%, 83.0960%]
8596	82.30572359%	[81.4846%, 83.0980%]
8597	82.30778178%	[81.4868%, 83.1000%]
8598	82.30983950%	[81.4889%, 83.1019%]
8599	82.31189673%	[81.4910%, 83.1039%]
8600	82.31395349%	[81.4932%, 83.1059%]
8601	82.31600977%	[81.4953%, 83.1078%]
8602	82.31806557%	[81.4975%, 83.1098%]
8603	82.32012089%	[81.4996%, 83.1118%]
8604	82.32217573%	[81.5017%, 83.1138%]
8605	82.32423010%	[81.5039%, 83.1157%]
8606	82.32628399%	[81.5060%, 83.1177%]
8607	82.32833740%	[81.5082%, 83.1197%]
8608	82.33039033%	[81.5103%, 83.1217%]
8609	82.33244279%	[81.5124%, 83.1236%]
8610	82.33449477%	[81.5146%, 83.1256%]
8611	82.33654628%	[81.5167%, 83.1276%]
8612	82.33859731%	[81.5188%, 83.1295%]
8613	82.32903750%	[81.5092%, 83.1201%]
8614	82.33108893%	[81.5113%, 83.1221%]
8615	82.33313987%	[81.5134%, 83.1240%]
8616	82.33519034%	[81.5156%, 83.1260%]
8617	82.32563537%	[81.5059%, 83.1166%]
8618	82.32768624%	[81.5080%, 83.1185%]
8619	82.32973663%	[81.5102%, 83.1205%]
8620	82.33178654%	[81.5123%, 83.1225%]
8621	82.33383598%	[81.5144%, 83.1244%]
8622	82.32428671%	[81.5048%, 83.1150%]
8623	82.32633654%	[81.5069%, 83.1170%]
8624	82.32838590%	[81.5090%, 83.1190%]
8625	82.33043478%	[81.5112%, 83.1209%]
8626	82.33248319%	[81.5133%, 83.1229%]
8627	82.33453112%	[81.5154%, 83.1249%]
8628	82.33657858%	[81.5176%, 83.1268%]
8629	82.33862556%	[81.5197%, 83.1288%]
8630	82.34067207%	[81.5218%, 83.1308%]
8631	82.34271811%	[81.5239%, 83.1327%]
8632	82.34476367%	[81.5261%, 83.1347%]
8633	82.34680876%	[81.5282%, 83.1366%]
8634	82.34885337%	[81.5303%, 83.1386%]
8635	82.35089751%	[81.5325%, 83.1406%]
8636	82.35294118%	[81.5346%, 83.1425%]
8637	82.35498437%	[81.5367%, 83.1445%]
8638	82.35702709%	[81.5388%, 83.1464%]
8639	82.35906934%	[81.5410%, 83.1484%]
8640	82.34953704%	[81.5313%, 83.1390%]
8641	82.35157968%	[81.5334%, 83.1410%]
8642	82.35362185%	[81.5356%, 83.1429%]
8643	82.34409349%	[81.5259%, 83.1335%]
8644	82.34613605%	[81.5280%, 83.1355%]
8645	82.34817814%	[81.5302%, 83.1374%]
8646	82.35021975%	[81.5323%, 83.1394%]
8647	82.35226090%	[81.5344%, 83.1414%]
8648	82.35430157%	[81.5365%, 83.1433%]
8649	82.34477974%	[81.5269%, 83.1339%]
8650	82.34682081%	[81.5290%, 83.1359%]
8651	82.33730205%	[81.5194%, 83.1265%]
8652	82.33934350%	[81.5215%, 83.1285%]
8653	82.34138449%	[81.5236%, 83.1304%]
8654	82.34342501%	[81.5258%, 83.1324%]
8655	82.34546505%	[81.5279%, 83.1343%]
8656	82.34750462%	[81.5300%, 83.1363%]
8657	82.33799238%	[81.5204%, 83.1269%]
8658	82.34003234%	[81.5225%, 83.1289%]
8659	82.34207183%	[81.5246%, 83.1308%]
8660	82.34411085%	[81.5268%, 83.1328%]
8661	82.34614941%	[81.5289%, 83.1347%]
8662	82.33664281%	[81.5193%, 83.1254%]
8663	82.32713840%	[81.5096%, 83.1160%]
8664	82.32917821%	[81.5118%, 83.1179%]
8665	82.33121754%	[81.5139%, 83.1199%]
8666	82.33325640%	[81.5160%, 83.1219%]
8667	82.33529480%	[81.5181%, 83.1238%]
8668	82.33733272%	[81.5202%, 83.1258%]
8669	82.33937017%	[81.5224%, 83.1277%]
8670	82.34140715%	[81.5245%, 83.1297%]
8671	82.34344366%	[81.5266%, 83.1316%]
8672	82.33394834%	[81.5170%, 83.1223%]
8673	82.33598524%	[81.5191%, 83.1242%]
8674	82.32649297%	[81.5095%, 83.1149%]
8675	82.32853026%	[81.5116%, 83.1168%]
8676	82.33056708%	[81.5137%, 83.1188%]
8677	82.33260343%	[81.5159%, 83.1207%]
8678	82.32311593%	[81.5063%, 83.1114%]
8679	82.32515267%	[81.5084%, 83.1133%]
8680	82.32718894%	[81.5105%, 83.1153%]
8681	82.32922474%	[81.5126%, 83.1172%]
8682	82.33126008%	[81.5147%, 83.1192%]
8683	82.33329494%	[81.5169%, 83.1211%]
8684	82.33532934%	[81.5190%, 83.1231%]
8685	82.33736327%	[81.5211%, 83.1250%]
8686	82.33939673%	[81.5232%, 83.1270%]
8687	82.32991827%	[81.5136%, 83.1176%]
8688	82.33195212%	[81.5157%, 83.1196%]
8689	82.33398550%	[81.5178%, 83.1216%]
8690	82.33601841%	[81.5200%, 83.1235%]
8691	82.33805086%	[81.5221%, 83.1255%]
8692	82.34008283%	[81.5242%, 83.1274%]
8693	82.33061084%	[81.5146%, 83.1181%]
8694	82.33264320%	[81.5167%, 83.1200%]
8695	82.33467510%	[81.5188%, 83.1220%]
8696	82.33670653%	[81.5209%, 83.1239%]
8697	82.32723928%	[81.5114%, 83.1146%]
8698	82.32927110%	[81.5135%, 83.1165%]
8699	82.33130245%	[81.5156%, 83.1185%]
8700	82.33333333%	[81.5177%, 83.1204%]
8701	82.33536375%	[81.5198%, 83.1224%]
8702	82.33739370%	[81.5219%, 83.1243%]
8703	82.33942319%	[81.5240%, 83.1263%]
8704	82.34145221%	[81.5262%, 83.1282%]
8705	82.34348076%	[81.5283%, 83.1302%]
8706	82.34550884%	[81.5304%, 83.1321%]
8707	82.34753646%	[81.5325%, 83.1341%]
8708	82.34956362%	[81.5346%, 83.1360%]
8709	82.35159031%	[81.5367%, 83.1379%]
8710	82.34213548%	[81.5271%, 83.1286%]
8711	82.33268281%	[81.5176%, 83.1193%]
8712	82.32323232%	[81.5080%, 83.1100%]
8713	82.32526110%	[81.5101%, 83.1119%]
8714	82.32728942%	[81.5122%, 83.1139%]
8715	82.32931727%	[81.5143%, 83.1158%]
8716	82.33134465%	[81.5164%, 83.1178%]
8717	82.33337157%	[81.5186%, 83.1197%]
8718	82.33539803%	[81.5207%, 83.1216%]
8719	82.33742402%	[81.5228%, 83.1236%]
8720	82.33944954%	[81.5249%, 83.1255%]
8721	82.34147460%	[81.5270%, 83.1275%]
8722	82.34349920%	[81.5291%, 83.1294%]
8723	82.34552333%	[81.5312%, 83.1314%]
8724	82.34754700%	[81.5333%, 83.1333%]
8725	82.34957020%	[81.5354%, 83.1353%]
8726	82.35159294%	[81.5375%, 83.1372%]
8727	82.35361522%	[81.5396%, 83.1391%]
8728	82.35563703%	[81.5417%, 83.1411%]
8729	82.34620231%	[81.5322%, 83.1318%]
8730	82.33676976%	[81.5226%, 83.1225%]
8731	82.32733937%	[81.5131%, 83.1132%]
8732	82.32936326%	[81.5152%, 83.1151%]
8733	82.33138669%	[81.5173%, 83.1170%]
8734	82.32196016%	[81.5078%, 83.1077%]
8735	82.32398397%	[81.5099%, 83.1097%]
8736	82.32600733%	[81.5120%, 83.1116%]
8737	82.31658464%	[81.5024%, 83.1023%]
8738	82.31860838%	[81.5045%, 83.1043%]
8739	82.32063165%	[81.5066%, 83.1062%]
8740	82.32265446%	[81.5087%, 83.1082%]
8741	82.32467681%	[81.5108%, 83.1101%]
8742	82.32669870%	[81.5130%, 83.1120%]
8743	82.32872012%	[81.5151%, 83.1140%]
8744	82.33074108%	[81.5172%, 83.1159%]
8745	82.33276158%	[81.5193%, 83.1179%]
8746	82.33478161%	[81.5214%, 83.1198%]
8747	82.33680119%	[81.5235%, 83.1217%]
8748	82.33882030%	[81.5256%, 83.1237%]
8749	82.34083895%	[81.5277%, 83.1256%]
8750	82.34285714%	[81.5298%, 83.1276%]
8751	82.34487487%	[81.5319%, 83.1295%]
8752	82.34689214%	[81.5340%, 83.1314%]
8753	82.34890895%	[81.5361%, 83.1334%]
8754	82.35092529%	[81.5382%, 83.1353%]
8755	82.35294118%	[81.5403%, 83.1372%]
8756	82.35495660%	[81.5424%, 83.1392%]
8757	82.34555213%	[81.5328%, 83.1299%]
8758	82.34756794%	[81.5349%, 83.1318%]
8759	82.34958329%	[81.5370%, 83.1338%]
8760	82.34018265%	[81.5275%, 83.1245%]
8761	82.34219838%	[81.5296%, 83.1264%]
8762	82.34421365%	[81.5317%, 83.1284%]
8763	82.34622846%	[81.5338%, 83.1303%]
8764	82.34824281%	[81.5359%, 83.1322%]
8765	82.33884769%	[81.5264%, 83.1230%]
8766	82.34086242%	[81.5285%, 83.1249%]
8767	82.34287670%	[81.5306%, 83.1268%]
8768	82.33348540%	[81.5211%, 83.1176%]
8769	82.33550006%	[81.5232%, 83.1195%]
8770	82.33751425%	[81.5253%, 83.1214%]
8771	82.33952799%	[81.5274%, 83.1234%]
8772	82.34154127%	[81.5295%, 83.1253%]
8773	82.33215548%	[81.5200%, 83.1160%]
8774	82.33416914%	[81.5221%, 83.1180%]
8775	82.33618234%	[81.5242%, 83.1199%]
8776	82.33819508%	[81.5263%, 83.1218%]
8777	82.34020736%	[81.5283%, 83.1238%]
8778	82.33082707%	[81.5188%, 83.1145%]
8779	82.32144891%	[81.5094%, 83.1053%]
8780	82.32346241%	[81.5115%, 83.1072%]
8781	82.31408723%	[81.5020%, 83.0980%]
8782	82.31610112%	[81.5041%, 83.0999%]
8783	82.31811454%	[81.5062%, 83.1018%]
8784	82.32012750%	[81.5082%, 83.1038%]
8785	82.32214001%	[81.5103%, 83.1057%]
8786	82.32415206%	[81.5124%, 83.1076%]
8787	82.32616365%	[81.5145%, 83.1095%]
8788	82.32817478%	[81.5166%, 83.1115%]
8789	82.33018546%	[81.5187%, 83.1134%]
8790	82.33219568%	[81.5208%, 83.1153%]
8791	82.33420544%	[81.5229%, 83.1173%]
8792	82.32484076%	[81.5134%, 83.1080%]
8793	82.32685090%	[81.5155%, 83.1100%]
8794	82.32886059%	[81.5176%, 83.1119%]
8795	82.33086981%	[81.5197%, 83.1138%]
8796	82.33287858%	[81.5218%, 83.1157%]
8797	82.33488689%	[81.5239%, 83.1177%]
8798	82.33689475%	[81.5260%, 83.1196%]
8799	82.33890215%	[81.5281%, 83.1215%]
8800	82.34090909%	[81.5301%, 83.1235%]
8801	82.34291558%	[81.5322%, 83.1254%]
8802	82.34492161%	[81.5343%, 83.1273%]
8803	82.34692718%	[81.5364%, 83.1292%]
8804	82.34893230%	[81.5385%, 83.1312%]
8805	82.33957978%	[81.5290%, 83.1219%]
8806	82.34158528%	[81.5311%, 83.1239%]
8807	82.34359033%	[81.5332%, 83.1258%]
8808	82.34559491%	[81.5353%, 83.1277%]
8809	82.33624702%	[81.5258%, 83.1185%]
8810	82.33825199%	[81.5279%, 83.1204%]
8811	82.34025650%	[81.5300%, 83.1223%]
8812	82.34226055%	[81.5321%, 83.1243%]
8813	82.34426416%	[81.5342%, 83.1262%]
8814	82.34626730%	[81.5362%, 83.1281%]
8815	82.33692569%	[81.5268%, 83.1189%]
8816	82.33892922%	[81.5289%, 83.1208%]
8817	82.34093229%	[81.5310%, 83.1227%]
8818	82.34293491%	[81.5330%, 83.1247%]
8819	82.33359791%	[81.5236%, 83.1154%]
8820	82.33560091%	[81.5257%, 83.1174%]
8821	82.32626686%	[81.5162%, 83.1082%]
8822	82.32827023%	[81.5183%, 83.1101%]
8823	82.33027315%	[81.5204%, 83.1120%]
8824	82.33227561%	[81.5225%, 83.1139%]
8825	82.32294618%	[81.5130%, 83.1047%]
8826	82.32494901%	[81.5151%, 83.1067%]
8827	82.32695140%	[81.5172%, 83.1086%]
8828	82.32895333%	[81.5193%, 83.1105%]
8829	82.33095481%	[81.5214%, 83.1124%]
8830	82.32163080%	[81.5119%, 83.1032%]
8831	82.32363266%	[81.5140%, 83.1051%]
8832	82.32563406%	[81.5161%, 83.1071%]
8833	82.32763501%	[81.5182%, 83.1090%]
8834	82.32963550%	[81.5203%, 83.1109%]
8835	82.33163554%	[81.5223%, 83.1128%]
8836	82.33363513%	[81.5244%, 83.1147%]
8837	82.33563427%	[81.5265%, 83.1167%]
8838	82.32631817%	[81.5171%, 83.1075%]
8839	82.32831768%	[81.5192%, 83.1094%]
8840	82.33031674%	[81.5212%, 83.1113%]
8841	82.33231535%	[81.5233%, 83.1132%]
8842	82.33431350%	[81.5254%, 83.1152%]
8843	82.33631121%	[81.5275%, 83.1171%]
8844	82.33830846%	[81.5295%, 83.1190%]
8845	82.34030526%	[81.5316%, 83.1209%]
8846	82.33099706%	[81.5222%, 83.1117%]
8847	82.33299424%	[81.5243%, 83.1136%]
8848	82.33499096%	[81.5264%, 83.1156%]
8849	82.33698723%	[81.5284%, 83.1175%]
8850	82.33898305%	[81.5305%, 83.1194%]
8851	82.34097842%	[81.5326%, 83.1213%]
8852	82.34297334%	[81.5347%, 83.1232%]
8853	82.34496781%	[81.5367%, 83.1251%]
8854	82.33566749%	[81.5273%, 83.1160%]
8855	82.32636928%	[81.5179%, 83.1068%]
8856	82.32836495%	[81.5200%, 83.1087%]
8857	82.33036017%	[81.5221%, 83.1106%]
8858	82.33235493%	[81.5241%, 83.1125%]
8859	82.33434925%	[81.5262%, 83.1145%]
8860	82.33634312%	[81.5283%, 83.1164%]
8861	82.32705112%	[81.5189%, 83.1072%]
8862	82.32904536%	[81.5210%, 83.1091%]
8863	82.33103915%	[81.5230%, 83.1110%]
8864	82.32175090%	[81.5136%, 83.1019%]
8865	82.32374506%	[81.5157%, 83.1038%]
8866	82.32573878%	[81.5178%, 83.1057%]
8867	82.31645427%	[81.5084%, 83.0965%]
8868	82.31844835%	[81.5105%, 83.0984%]
8869	82.32044199%	[81.5125%, 83.1004%]
8870	82.32243517%	[81.5146%, 83.1023%]
8871	82.31315522%	[81.5052%, 83.0931%]
8872	82.31514878%	[81.5073%, 83.0950%]
8873	82.31714189%	[81.5094%, 83.0970%]
8874	82.31913455%	[81.5114%, 83.0989%]
8875	82.32112676%	[81.5135%, 83.1008%]
8876	82.32311852%	[81.5156%, 83.1027%]
8877	82.32510983%	[81.5177%, 83.1046%]
8878	82.32710070%	[81.5197%, 83.1065%]
8879	82.32909111%	[81.5218%, 83.1084%]
8880	82.33108108%	[81.5239%, 83.1103%]
8881	82.32181061%	[81.5145%, 83.1012%]
8882	82.32380095%	[81.5166%, 83.1031%]
8883	82.31453338%	[81.5072%, 83.0940%]
8884	82.31652409%	[81.5092%, 83.0959%]
8885	82.31851435%	[81.5113%, 83.0978%]
8886	82.32050416%	[81.5134%, 83.0997%]
8887	82.32249353%	[81.5155%, 83.1016%]
8888	82.32448245%	[81.5175%, 83.1035%]
8889	82.31522106%	[81.5081%, 83.0944%]
8890	82.31721035%	[81.5102%, 83.0963%]
8891	82.31919919%	[81.5123%, 83.0982%]
8892	82.30994152%	[81.5029%, 83.0891%]
8893	82.31193073%	[81.5050%, 83.0910%]
8894	82.31391950%	[81.5071%, 83.0929%]
8895	82.31590781%	[81.5091%, 83.0948%]
8896	82.31789568%	[81.5112%, 83.0967%]
8897	82.31988311%	[81.5133%, 83.0986%]
8898	82.31063160%	[81.5039%, 83.0895%]
8899	82.31261940%	[81.5060%, 83.0914%]
8900	82.31460674%	[81.5080%, 83.0933%]
8901	82.31659364%	[81.5101%, 83.0952%]
8902	82.31858009%	[81.5122%, 83.0971%]
8903	82.32056610%	[81.5142%, 83.0990%]
8904	82.31132075%	[81.5049%, 83.0899%]
8905	82.30207748%	[81.4955%, 83.0808%]
8906	82.30406468%	[81.4976%, 83.0827%]
8907	82.29482430%	[81.4882%, 83.0736%]
8908	82.29681185%	[81.4903%, 83.0755%]
8909	82.29879897%	[81.4924%, 83.0774%]
8910	82.30078563%	[81.4944%, 83.0793%]
8911	82.30277186%	[81.4965%, 83.0812%]
8912	82.30475763%	[81.4986%, 83.0831%]
8913	82.29552339%	[81.4892%, 83.0740%]
8914	82.29750954%	[81.4913%, 83.0759%]
8915	82.29949523%	[81.4934%, 83.0778%]
8916	82.29026469%	[81.4840%, 83.0687%]
8917	82.29225076%	[81.4861%, 83.0706%]
8918	82.29423638%	[81.4881%, 83.0725%]
8919	82.28500953%	[81.4788%, 83.0634%]
8920	82.27578475%	[81.4695%, 83.0543%]
8921	82.27777155%	[81.4715%, 83.0562%]
8922	82.27975790%	[81.4736%, 83.0581%]
8923	82.28174381%	[81.4757%, 83.0600%]
8924	82.28372927%	[81.4777%, 83.0619%]
8925	82.28571429%	[81.4798%, 83.0639%]
8926	82.28769886%	[81.4819%, 83.0658%]
8927	82.28968298%	[81.4839%, 83.0677%]
8928	82.29166667%	[81.4860%, 83.0696%]
8929	82.29364990%	[81.4880%, 83.0715%]
8930	82.29563270%	[81.4901%, 83.0734%]
8931	82.29761505%	[81.4922%, 83.0753%]
8932	82.29959695%	[81.4942%, 83.0772%]
8933	82.30157842%	[81.4963%, 83.0791%]
8934	82.30355944%	[81.4984%, 83.0810%]
8935	82.30554001%	[81.5004%, 83.0829%]
8936	82.30752014%	[81.5025%, 83.0848%]
8937	82.30949983%	[81.5045%, 83.0867%]
8938	82.31147908%	[81.5066%, 83.0886%]
8939	82.30227095%	[81.4973%, 83.0795%]
8940	82.30425056%	[81.4993%, 83.0814%]
8941	82.30622973%	[81.5014%, 83.0833%]
8942	82.30820845%	[81.5035%, 83.0852%]
8943	82.29900481%	[81.4941%, 83.0761%]
8944	82.30098390%	[81.4962%, 83.0780%]
8945	82.29178312%	[81.4869%, 83.0690%]
8946	82.29376258%	[81.4889%, 83.0709%]
8947	82.29574159%	[81.4910%, 83.0728%]
8948	82.29772016%	[81.4931%, 83.0747%]
8949	82.28852386%	[81.4838%, 83.0656%]
8950	82.29050279%	[81.4858%, 83.0675%]
8951	82.29248129%	[81.4879%, 83.0694%]
8952	82.29445934%	[81.4899%, 83.0713%]
8953	82.28526751%	[81.4806%, 83.0622%]
8954	82.28724592%	[81.4827%, 83.0641%]
8955	82.28922390%	[81.4847%, 83.0660%]
8956	82.29120143%	[81.4868%, 83.0679%]
8957	82.29317852%	[81.4889%, 83.0698%]
8958	82.29515517%	[81.4909%, 83.0717%]
8959	82.28596942%	[81.4816%, 83.0627%]
8960	82.28794643%	[81.4837%, 83.0646%]
8961	82.28992300%	[81.4857%, 83.0665%]
8962	82.29189913%	[81.4878%, 83.0683%]
8963	82.29387482%	[81.4898%, 83.0702%]
8964	82.29585007%	[81.4919%, 83.0721%]
8965	82.29782487%	[81.4939%, 83.0740%]
8966	82.29979924%	[81.4960%, 83.0759%]
8967	82.30177317%	[81.4980%, 83.0778%]
8968	82.29259590%	[81.4888%, 83.0688%]
8969	82.29457019%	[81.4908%, 83.0707%]
8970	82.29654404%	[81.4929%, 83.0726%]
8971	82.28737042%	[81.4836%, 83.0635%]
8972	82.28934463%	[81.4856%, 83.0654%]
8973	82.29131840%	[81.4877%, 83.0673%]
8974	82.28214843%	[81.4784%, 83.0583%]
8975	82.28412256%	[81.4805%, 83.0602%]
8976	82.28609626%	[81.4825%, 83.0621%]
8977	82.28806951%	[81.4846%, 83.0640%]
8978	82.27890399%	[81.4753%, 83.0549%]
8979	82.28087760%	[81.4773%, 83.0568%]
8980	82.28285078%	[81.4794%, 83.0587%]
8981	82.28482352%	[81.4814%, 83.0606%]
8982	82.27566244%	[81.4722%, 83.0516%]
8983	82.27763553%	[81.4742%, 83.0534%]
8984	82.27960819%	[81.4763%, 83.0553%]
8985	82.28158041%	[81.4783%, 83.0572%]
8986	82.28355219%	[81.4804%, 83.0591%]
8987	82.27439635%	[81.4711%, 83.0501%]
8988	82.27636849%	[81.4732%, 83.0520%]
8989	82.27834019%	[81.4752%, 83.0539%]
8990	82.28031146%	[81.4773%, 83.0558%]
8991	82.28228228%	[81.4793%, 83.0577%]
8992	82.28425267%	[81.4814%, 83.0596%]
8993	82.28622262%	[81.4834%, 83.0615%]
8994	82.27707360%	[81.4742%, 83.0524%]
8995	82.27904391%	[81.4762%, 83.0543%]
8996	82.28101378%	[81.4783%, 83.0562%]
8997	82.28298322%	[81.4803%, 83.0581%]
8998	82.28495221%	[81.4824%, 83.0600%]
8999	82.28692077%	[81.4844%, 83.0619%]
9000	82.28888889%	[81.4864%, 83.0638%]
9001	82.29085657%	[81.4885%, 83.0657%]
9002	82.29282382%	[81.4905%, 83.0676%]
9003	82.29479063%	[81.4926%, 83.0694%]
9004	82.29675700%	[81.4946%, 83.0713%]
9005	82.29872293%	[81.4967%, 83.0732%]
9006	82.30068843%	[81.4987%, 83.0751%]
9007	82.30265349%	[81.5008%, 83.0770%]
9008	82.30461812%	[81.5028%, 83.0789%]
9009	82.30658231%	[81.5048%, 83.0808%]
9010	82.30854606%	[81.5069%, 83.0827%]
9011	82.31050938%	[81.5089%, 83.0845%]
9012	82.31247226%	[81.5110%, 83.0864%]
9013	82.30333962%	[81.5017%, 83.0774%]
9014	82.30530286%	[81.5038%, 83.0793%]
9015	82.30726567%	[81.5058%, 83.0812%]
9016	82.30922804%	[81.5079%, 83.0831%]
9017	82.31118997%	[81.5099%, 83.0850%]
9018	82.31315147%	[81.5119%, 83.0868%]
9019	82.31511254%	[81.5140%, 83.0887%]
9020	82.31707317%	[81.5160%, 83.0906%]
9021	82.31903337%	[81.5181%, 83.0925%]
9022	82.32099313%	[81.5201%, 83.0944%]
9023	82.32295245%	[81.5221%, 83.0963%]
9024	82.32491135%	[81.5242%, 83.0981%]
9025	82.32686981%	[81.5262%, 83.1000%]
9026	82.32882783%	[81.5282%, 83.1019%]
9027	82.31970754%	[81.5190%, 83.0929%]
9028	82.32166593%	[81.5210%, 83.0948%]
9029	82.32362388%	[81.5231%, 83.0967%]
9030	82.31450720%	[81.5139%, 83.0877%]
9031	82.30539254%	[81.5046%, 83.0787%]
9032	82.30735164%	[81.5067%, 83.0806%]
9033	82.30931031%	[81.5087%, 83.0824%]
9034	82.31126854%	[81.5107%, 83.0843%]
9035	82.31322634%	[81.5128%, 83.0862%]
9036	82.31518371%	[81.5148%, 83.0881%]
9037	82.31714064%	[81.5169%, 83.0900%]
9038	82.31909715%	[81.5189%, 83.0918%]
9039	82.32105321%	[81.5209%, 83.0937%]
9040	82.32300885%	[81.5230%, 83.0956%]
9041	82.32496405%	[81.5250%, 83.0975%]
9042	82.32691882%	[81.5270%, 83.0994%]
9043	82.32887316%	[81.5291%, 83.1012%]
9044	82.33082707%	[81.5311%, 83.1031%]
9045	82.32172471%	[81.5219%, 83.0941%]
9046	82.31262436%	[81.5127%, 83.0852%]
9047	82.31457942%	[81.5147%, 83.0870%]
9048	82.31653404%	[81.5167%, 83.0889%]
9049	82.30743729%	[81.5075%, 83.0799%]
9050	82.30939227%	[81.5096%, 83.0818%]
9051	82.31134681%	[81.5116%, 83.0837%]
9052	82.31330093%	[81.5136%, 83.0856%]
9053	82.31525461%	[81.5157%, 83.0874%]
9054	82.31720786%	[81.5177%, 83.0893%]
9055	82.31916068%	[81.5197%, 83.0912%]
9056	82.32111307%	[81.5217%, 83.0931%]
9057	82.31202385%	[81.5125%, 83.0841%]
9058	82.31397660%	[81.5146%, 83.0860%]
9059	82.31592891%	[81.5166%, 83.0879%]
9060	82.31788079%	[81.5186%, 83.0897%]
9061	82.31983225%	[81.5207%, 83.0916%]
9062	82.32178327%	[81.5227%, 83.0935%]
9063	82.31269999%	[81.5135%, 83.0845%]
9064	82.31465137%	[81.5155%, 83.0864%]
9065	82.30557088%	[81.5063%, 83.0774%]
9066	82.30752261%	[81.5084%, 83.0793%]
9067	82.30947392%	[81.5104%, 83.0812%]
9068	82.31142479%	[81.5124%, 83.0831%]
9069	82.31337523%	[81.5145%, 83.0849%]
9070	82.31532525%	[81.5165%, 83.0868%]
9071	82.31727483%	[81.5185%, 83.0887%]
9072	82.31922399%	[81.5205%, 83.0905%]
9073	82.32117271%	[81.5226%, 83.0924%]
9074	82.31210051%	[81.5134%, 83.0835%]
9075	82.31404959%	[81.5154%, 83.0853%]
9076	82.30498017%	[81.5062%, 83.0764%]
9077	82.30692960%	[81.5083%, 83.0783%]
9078	82.30887861%	[81.5103%, 83.0801%]
9079	82.31082718%	[81.5123%, 83.0820%]
9080	82.30176211%	[81.5031%, 83.0731%]
9081	82.29269904%	[81.4940%, 83.0641%]
9082	82.29464876%	[81.4960%, 83.0660%]
9083	82.28558846%	[81.4868%, 83.0571%]
9084	82.27653016%	[81.4777%, 83.0481%]
9085	82.27848101%	[81.4797%, 83.0500%]
9086	82.26942549%	[81.4705%, 83.0411%]
9087	82.27137669%	[81.4726%, 83.0429%]
9088	82.27332746%	[81.4746%, 83.0448%]
9089	82.27527781%	[81.4766%, 83.0467%]
9090	82.27722772%	[81.4786%, 83.0485%]
9091	82.27917721%	[81.4807%, 83.0504%]
9092	82.28112626%	[81.4827%, 83.0523%]
9093	82.28307489%	[81.4847%, 83.0542%]
9094	82.28502309%	[81.4867%, 83.0560%]
9095	82.28697086%	[81.4888%, 83.0579%]
9096	82.27792436%	[81.4796%, 83.0490%]
9097	82.27987249%	[81.4816%, 83.0509%]
9098	82.27082875%	[81.4725%, 83.0419%]
9099	82.26178701%	[81.4633%, 83.0330%]
9100	82.26373626%	[81.4654%, 83.0349%]
9101	82.26568509%	[81.4674%, 83.0368%]
9102	82.25664689%	[81.4582%, 83.0278%]
9103	82.25859607%	[81.4603%, 83.0297%]
9104	82.26054482%	[81.4623%, 83.0316%]
9105	82.26249314%	[81.4643%, 83.0335%]
9106	82.26444103%	[81.4663%, 83.0353%]
9107	82.26638849%	[81.4684%, 83.0372%]
9108	82.26833553%	[81.4704%, 83.0391%]
9109	82.27028214%	[81.4724%, 83.0409%]
9110	82.27222832%	[81.4744%, 83.0428%]
9111	82.27417408%	[81.4765%, 83.0447%]
9112	82.27611940%	[81.4785%, 83.0465%]
9113	82.26709097%	[81.4694%, 83.0376%]
9114	82.25806452%	[81.4602%, 83.0287%]
9115	82.26001097%	[81.4622%, 83.0306%]
9116	82.26195700%	[81.4643%, 83.0325%]
9117	82.26390260%	[81.4663%, 83.0343%]
9118	82.26584777%	[81.4683%, 83.0362%]
9119	82.26779252%	[81.4703%, 83.0381%]
9120	82.26973684%	[81.4724%, 83.0399%]
9121	82.27168074%	[81.4744%, 83.0418%]
9122	82.27362421%	[81.4764%, 83.0437%]
9123	82.26460594%	[81.4673%, 83.0348%]
9124	82.26654976%	[81.4693%, 83.0366%]
9125	82.26849315%	[81.4713%, 83.0385%]
9126	82.27043612%	[81.4733%, 83.0404%]
9127	82.27237866%	[81.4754%, 83.0422%]
9128	82.27432077%	[81.4774%, 83.0441%]
9129	82.27626246%	[81.4794%, 83.0460%]
9130	82.27820372%	[81.4814%, 83.0478%]
9131	82.28014456%	[81.4834%, 83.0497%]
9132	82.28208498%	[81.4854%, 83.0516%]
9133	82.28402496%	[81.4875%, 83.0534%]
9134	82.28596453%	[81.4895%, 83.0553%]
9135	82.28790367%	[81.4915%, 83.0572%]
9136	82.28984238%	[81.4935%, 83.0590%]
9137	82.28083616%	[81.4844%, 83.0501%]
9138	82.28277522%	[81.4864%, 83.0520%]
9139	82.28471386%	[81.4884%, 83.0539%]
9140	82.27571116%	[81.4793%, 83.0450%]
9141	82.27765015%	[81.4813%, 83.0468%]
9142	82.27958871%	[81.4834%, 83.0487%]
9143	82.28152685%	[81.4854%, 83.0506%]
9144	82.28346457%	[81.4874%, 83.0524%]
9145	82.28540186%	[81.4894%, 83.0543%]
9146	82.27640499%	[81.4803%, 83.0454%]
9147	82.27834263%	[81.4823%, 83.0473%]
9148	82.26934849%	[81.4732%, 83.0384%]
9149	82.27128648%	[81.4752%, 83.0403%]
9150	82.27322404%	[81.4772%, 83.0421%]
9151	82.27516118%	[81.4792%, 83.0440%]
9152	82.27709790%	[81.4813%, 83.0459%]
9153	82.26810882%	[81.4722%, 83.0370%]
9154	82.25912170%	[81.4631%, 83.0281%]
9155	82.26105953%	[81.4651%, 83.0300%]
9156	82.26299694%	[81.4671%, 83.0318%]
9157	82.26493393%	[81.4691%, 83.0337%]
9158	82.26687050%	[81.4711%, 83.0356%]
9159	82.25788842%	[81.4620%, 83.0267%]
9160	82.25982533%	[81.4640%, 83.0286%]
9161	82.26176182%	[81.4661%, 83.0304%]
9162	82.26369788%	[81.4681%, 83.0323%]
9163	82.26563353%	[81.4701%, 83.0341%]
9164	82.26756875%	[81.4721%, 83.0360%]
9165	82.26950355%	[81.4741%, 83.0379%]
9166	82.26052804%	[81.4650%, 83.0290%]
9167	82.26246318%	[81.4670%, 83.0309%]
9168	82.26439791%	[81.4691%, 83.0327%]
9169	82.26633221%	[81.4711%, 83.0346%]
9170	82.26826609%	[81.4731%, 83.0364%]
9171	82.27019954%	[81.4751%, 83.0383%]
9172	82.27213258%	[81.4771%, 83.0402%]
9173	82.27406519%	[81.4791%, 83.0420%]
9174	82.26509701%	[81.4700%, 83.0332%]
9175	82.26702997%	[81.4720%, 83.0350%]
9176	82.25806452%	[81.4630%, 83.0262%]
9177	82.24910101%	[81.4539%, 83.0173%]
9178	82.24013946%	[81.4448%, 83.0085%]
9179	82.24207430%	[81.4468%, 83.0103%]
9180	82.24400871%	[81.4488%, 83.0122%]
9181	82.24594271%	[81.4509%, 83.0141%]
9182	82.24787628%	[81.4529%, 83.0159%]
9183	82.24980943%	[81.4549%, 83.0178%]
9184	82.24085366%	[81.4458%, 83.0089%]
9185	82.24278715%	[81.4478%, 83.0108%]
9186	82.24472023%	[81.4498%, 83.0126%]
9187	82.24665288%	[81.4518%, 83.0145%]
9188	82.24858511%	[81.4539%, 83.0164%]
9189	82.23963435%	[81.4448%, 83.0075%]
9190	82.23068553%	[81.4357%, 82.9987%]
9191	82.23261887%	[81.4378%, 83.0006%]
9192	82.23455178%	[81.4398%, 83.0024%]
9193	82.23648428%	[81.4418%, 83.0043%]
9194	82.23841636%	[81.4438%, 83.0061%]
9195	82.24034802%	[81.4458%, 83.0080%]
9196	82.24227925%	[81.4478%, 83.0098%]
9197	82.24421007%	[81.4498%, 83.0117%]
9198	82.24614047%	[81.4518%, 83.0136%]
9199	82.24807044%	[81.4538%, 83.0154%]
9200	82.23913043%	[81.4448%, 83.0066%]
9201	82.23019237%	[81.4357%, 82.9978%]
9202	82.23212345%	[81.4377%, 82.9996%]
9203	82.23405411%	[81.4397%, 83.0015%]
9204	82.23598435%	[81.4417%, 83.0033%]
9205	82.23791418%	[81.4438%, 83.0052%]
9206	82.23984358%	[81.4458%, 83.0070%]
9207	82.24177256%	[81.4478%, 83.0089%]
9208	82.24370113%	[81.4498%, 83.0107%]
9209	82.24562928%	[81.4518%, 83.0126%]
9210	82.24755700%	[81.4538%, 83.0145%]
9211	82.24948431%	[81.4558%, 83.0163%]
9212	82.25141120%	[81.4578%, 83.0182%]
9213	82.25333768%	[81.4598%, 83.0200%]
9214	82.25526373%	[81.4618%, 83.0219%]
9215	82.25718937%	[81.4638%, 83.0237%]
9216	82.25911458%	[81.4658%, 83.0256%]
9217	82.26103938%	[81.4678%, 83.0274%]
9218	82.26296377%	[81.4698%, 83.0293%]
9219	82.26488773%	[81.4718%, 83.0311%]
9220	82.26681128%	[81.4738%, 83.0330%]
9221	82.26873441%	[81.4758%, 83.0348%]
9222	82.27065712%	[81.4778%, 83.0367%]
9223	82.27257942%	[81.4798%, 83.0385%]
9224	82.27450130%	[81.4818%, 83.0403%]
9225	82.26558266%	[81.4728%, 83.0315%]
9226	82.26750488%	[81.4748%, 83.0334%]
9227	82.26942668%	[81.4768%, 83.0352%]
9228	82.27134807%	[81.4788%, 83.0371%]
9229	82.27326904%	[81.4807%, 83.0389%]
9230	82.27518960%	[81.4827%, 83.0408%]
9231	82.27710974%	[81.4847%, 83.0426%]
9232	82.27902946%	[81.4867%, 83.0445%]
9233	82.28094877%	[81.4887%, 83.0463%]
9234	82.28286766%	[81.4907%, 83.0482%]
9235	82.28478614%	[81.4927%, 83.0500%]
9236	82.28670420%	[81.4947%, 83.0518%]
9237	82.28862185%	[81.4967%, 83.0537%]
9238	82.29053908%	[81.4987%, 83.0555%]
9239	82.29245589%	[81.5007%, 83.0574%]
9240	82.29437229%	[81.5027%, 83.0592%]
9241	82.29628828%	[81.5047%, 83.0611%]
9242	82.29820385%	[81.5067%, 83.0629%]
9243	82.30011901%	[81.5087%, 83.0647%]
9244	82.29121592%	[81.4997%, 83.0560%]
9245	82.29313142%	[81.5016%, 83.0578%]
9246	82.29504651%	[81.5036%, 83.0596%]
9247	82.29696118%	[81.5056%, 83.0615%]
9248	82.29887543%	[81.5076%, 83.0633%]
9249	82.30078927%	[81.5096%, 83.0652%]
9250	82.30270270%	[81.5116%, 83.0670%]
9251	82.30461572%	[81.5136%, 83.0688%]
9252	82.30652832%	[81.5156%, 83.0707%]
9253	82.30844051%	[81.5176%, 83.0725%]
9254	82.31035228%	[81.5195%, 83.0743%]
9255	82.31226364%	[81.5215%, 83.0762%]
9256	82.31417459%	[81.5235%, 83.0780%]
9257	82.31608512%	[81.5255%, 83.0799%]
9258	82.31799525%	[81.5275%, 83.0817%]
9259	82.31990496%	[81.5295%, 83.0835%]
9260	82.31101512%	[81.5205%, 83.0748%]
9261	82.30212720%	[81.5115%, 83.0660%]
9262	82.30403800%	[81.5135%, 83.0678%]
9263	82.29515276%	[81.5045%, 83.0590%]
9264	82.29706390%	[81.5065%, 83.0609%]
9265	82.29897464%	[81.5085%, 83.0627%]
9266	82.29009281%	[81.4995%, 83.0540%]
9267	82.29200388%	[81.5015%, 83.0558%]
9268	82.29391454%	[81.5034%, 83.0576%]
9269	82.29582479%	[81.5054%, 83.0595%]
9270	82.29773463%	[81.5074%, 83.0613%]
9271	82.29964405%	[81.5094%, 83.0631%]
9272	82.30155306%	[81.5114%, 83.0650%]
9273	82.30346166%	[81.5134%, 83.0668%]
9274	82.30536985%	[81.5153%, 83.0686%]
9275	82.29649596%	[81.5064%, 83.0599%]
9276	82.29840448%	[81.5084%, 83.0617%]
9277	82.30031260%	[81.5103%, 83.0636%]
9278	82.30222031%	[81.5123%, 83.0654%]
9279	82.30412760%	[81.5143%, 83.0672%]
9280	82.29525862%	[81.5053%, 83.0585%]
9281	82.28639155%	[81.4964%, 83.0497%]
9282	82.27752640%	[81.4874%, 83.0410%]
9283	82.26866315%	[81.4784%, 83.0322%]
9284	82.27057303%	[81.4804%, 83.0341%]
9285	82.27248250%	[81.4824%, 83.0359%]
9286	82.27439156%	[81.4844%, 83.0377%]
9287	82.27630020%	[81.4864%, 83.0396%]
9288	82.27820844%	[81.4883%, 83.0414%]
9289	82.28011627%	[81.4903%, 83.0432%]
9290	82.28202368%	[81.4923%, 83.0451%]
9291	82.28393069%	[81.4943%, 83.0469%]
9292	82.28583728%	[81.4963%, 83.0487%]
9293	82.28774346%	[81.4982%, 83.0506%]
9294	82.28964924%	[81.5002%, 83.0524%]
9295	82.29155460%	[81.5022%, 83.0542%]
9296	82.29345955%	[81.5042%, 83.0561%]
9297	82.28460794%	[81.4952%, 83.0473%]
9298	82.27575823%	[81.4863%, 83.0386%]
9299	82.27766426%	[81.4883%, 83.0404%]
9300	82.26881720%	[81.4793%, 83.0317%]
9301	82.27072358%	[81.4813%, 83.0335%]
9302	82.27262954%	[81.4833%, 83.0353%]
9303	82.27453510%	[81.4852%, 83.0372%]
9304	82.27644024%	[81.4872%, 83.0390%]
9305	82.27834498%	[81.4892%, 83.0408%]
9306	82.26950355%	[81.4803%, 83.0321%]
9307	82.27140862%	[81.4822%, 83.0339%]
9308	82.27331328%	[81.4842%, 83.0358%]
9309	82.27521753%	[81.4862%, 83.0376%]
9310	82.27712137%	[81.4882%, 83.0394%]
9311	82.27902481%	[81.4902%, 83.0413%]
9312	82.28092784%	[81.4921%, 83.0431%]
9313	82.28283045%	[81.4941%, 83.0449%]
9314	82.28473266%	[81.4961%, 83.0468%]
9315	82.28663446%	[81.4981%, 83.0486%]
9316	82.28853585%	[81.5000%, 83.0504%]
9317	82.29043684%	[81.5020%, 83.0522%]
9318	82.29233741%	[81.5040%, 83.0541%]
9319	82.29423758%	[81.5060%, 83.0559%]
9320	82.29613734%	[81.5079%, 83.0577%]
9321	82.29803669%	[81.5099%, 83.0595%]
9322	82.28920832%	[81.5010%, 83.0508%]
9323	82.29110801%	[81.5030%, 83.0527%]
9324	82.29300729%	[81.5049%, 83.0545%]
9325	82.29490617%	[81.5069%, 83.0563%]
9326	82.29680463%	[81.5089%, 83.0581%]
9327	82.29870269%	[81.5109%, 83.0600%]
9328	82.28987993%	[81.5019%, 83.0512%]
9329	82.29177833%	[81.5039%, 83.0531%]
9330	82.29367631%	[81.5059%, 83.0549%]
9331	82.29557389%	[81.5078%, 83.0567%]
9332	82.28675525%	[81.4989%, 83.0480%]
9333	82.28865317%	[81.5009%, 83.0498%]
9334	82.29055067%	[81.5029%, 83.0517%]
9335	82.29244778%	[81.5048%, 83.0535%]
9336	82.28363325%	[81.4959%, 83.0448%]
9337	82.28553068%	[81.4979%, 83.0466%]
9338	82.28742771%	[81.4999%, 83.0484%]
9339	82.28932434%	[81.5018%, 83.0503%]
9340	82.29122056%	[81.5038%, 83.0521%]
9341	82.29311637%	[81.5058%, 83.0539%]
9342	82.28430743%	[81.4969%, 83.0452%]
9343	82.28620357%	[81.4988%, 83.0470%]
9344	82.28809932%	[81.5008%, 83.0489%]
9345	82.27929374%	[81.4919%, 83.0402%]
9346	82.28118981%	[81.4939%, 83.0420%]
9347	82.28308548%	[81.4958%, 83.0438%]
9348	82.28498074%	[81.4978%, 83.0456%]
9349	82.28687560%	[81.4998%, 83.0475%]
9350	82.28877005%	[81.5017%, 83.0493%]
9351	82.29066410%	[81.5037%, 83.0511%]
9352	82.29255774%	[81.5057%, 83.0529%]
9353	82.29445098%	[81.5076%, 83.0547%]
9354	82.29634381%	[81.5096%, 83.0566%]
9355	82.29823624%	[81.5116%, 83.0584%]
9356	82.30012826%	[81.5135%, 83.0602%]
9357	82.30201988%	[81.5155%, 83.0620%]
9358	82.30391109%	[81.5175%, 83.0638%]
9359	82.30580190%	[81.5194%, 83.0657%]
9360	82.30769231%	[81.5214%, 83.0675%]
9361	82.30958231%	[81.5234%, 83.0693%]
9362	82.31147191%	[81.5253%, 83.0711%]
9363	82.31336110%	[81.5273%, 83.0729%]
9364	82.30457070%	[81.5184%, 83.0642%]
9365	82.30646022%	[81.5204%, 83.0661%]
9366	82.30834935%	[81.5223%, 83.0679%]
9367	82.29956229%	[81.5134%, 83.0592%]
9368	82.30145175%	[81.5154%, 83.0610%]
9369	82.30334080%	[81.5174%, 83.0628%]
9370	82.30522946%	[81.5193%, 83.0647%]
9371	82.29644648%	[81.5104%, 83.0560%]
9372	82.29833547%	[81.5124%, 83.0578%]
9373	82.30022405%	[81.5144%, 83.0596%]
9374	82.29144442%	[81.5055%, 83.0509%]
9375	82.28266667%	[81.4966%, 83.0423%]
9376	82.28455631%	[81.4986%, 83.0441%]
9377	82.28644556%	[81.5005%, 83.0459%]
9378	82.28833440%	[81.5025%, 83.0477%]
9379	82.29022284%	[81.5045%, 83.0496%]
9380	82.29211087%	[81.5064%, 83.0514%]
9381	82.29399851%	[81.5084%, 83.0532%]
9382	82.29588574%	[81.5103%, 83.0550%]
9383	82.29777257%	[81.5123%, 83.0568%]
9384	82.29965899%	[81.5143%, 83.0586%]
9385	82.30154502%	[81.5162%, 83.0604%]
9386	82.30343064%	[81.5182%, 83.0622%]
9387	82.30531586%	[81.5201%, 83.0641%]
9388	82.30720068%	[81.5221%, 83.0659%]
9389	82.30908510%	[81.5241%, 83.0677%]
9390	82.30031949%	[81.5152%, 83.0590%]
9391	82.30220424%	[81.5171%, 83.0608%]
9392	82.30408859%	[81.5191%, 83.0627%]
9393	82.30597253%	[81.5211%, 83.0645%]
9394	82.30785608%	[81.5230%, 83.0663%]
9395	82.30973922%	[81.5250%, 83.0681%]
9396	82.30097914%	[81.5161%, 83.0594%]
9397	82.30286262%	[81.5181%, 83.0613%]
9398	82.30474569%	[81.5200%, 83.0631%]
9399	82.30662836%	[81.5220%, 83.0649%]
9400	82.30851064%	[81.5239%, 83.0667%]
9401	82.31039251%	[81.5259%, 83.0685%]
9402	82.31227398%	[81.5279%, 83.0703%]
9403	82.31415506%	[81.5298%, 83.0721%]
9404	82.31603573%	[81.5318%, 83.0739%]
9405	82.31791600%	[81.5337%, 83.0757%]
9406	82.31979587%	[81.5357%, 83.0775%]
9407	82.32167535%	[81.5376%, 83.0793%]
9408	82.32355442%	[81.5396%, 83.0811%]
9409	82.32543310%	[81.5415%, 83.0830%]
9410	82.32731137%	[81.5435%, 83.0848%]
9411	82.32918925%	[81.5454%, 83.0866%]
9412	82.32044199%	[81.5366%, 83.0779%]
9413	82.32232020%	[81.5385%, 83.0797%]
9414	82.32419800%	[81.5405%, 83.0815%]
9415	82.32607541%	[81.5424%, 83.0833%]
9416	82.32795242%	[81.5444%, 83.0852%]
9417	82.32982903%	[81.5463%, 83.0870%]
9418	82.33170525%	[81.5483%, 83.0888%]
9419	82.33358106%	[81.5502%, 83.0906%]
9420	82.33545648%	[81.5522%, 83.0924%]
9421	82.33733149%	[81.5541%, 83.0942%]
9422	82.32859266%	[81.5453%, 83.0855%]
9423	82.31985567%	[81.5364%, 83.0769%]
9424	82.32173175%	[81.5384%, 83.0787%]
9425	82.32360743%	[81.5403%, 83.0805%]
9426	82.32548271%	[81.5423%, 83.0823%]
9427	82.31674976%	[81.5335%, 83.0737%]
9428	82.31862537%	[81.5354%, 83.0755%]
9429	82.32050058%	[81.5374%, 83.0773%]
9430	82.32237540%	[81.5393%, 83.0791%]
9431	82.32424981%	[81.5413%, 83.0809%]
9432	82.31552163%	[81.5324%, 83.0723%]
9433	82.31739637%	[81.5344%, 83.0741%]
9434	82.31927072%	[81.5363%, 83.0759%]
9435	82.32114467%	[81.5383%, 83.0777%]
9436	82.32301823%	[81.5402%, 83.0795%]
9437	82.32489138%	[81.5422%, 83.0813%]
9438	82.32676414%	[81.5441%, 83.0831%]
9439	82.32863651%	[81.5461%, 83.0849%]
9440	82.31991525%	[81.5372%, 83.0763%]
9441	82.32178795%	[81.5392%, 83.0781%]
9442	82.32366024%	[81.5411%, 83.0799%]
9443	82.31494229%	[81.5323%, 83.0713%]
9444	82.31681491%	[81.5342%, 83.0731%]
9445	82.30809952%	[81.5254%, 83.0645%]
9446	82.30997248%	[81.5274%, 83.0663%]
9447	82.31184503%	[81.5293%, 83.0681%]
9448	82.31371719%	[81.5313%, 83.0699%]
9449	82.31558895%	[81.5332%, 83.0717%]
9450	82.31746032%	[81.5352%, 83.0735%]
9451	82.31933129%	[81.5371%, 83.0753%]
9452	82.32120186%	[81.5390%, 83.0771%]
9453	82.32307204%	[81.5410%, 83.0789%]
9454	82.32494182%	[81.5429%, 83.0807%]
9455	82.32681121%	[81.5449%, 83.0825%]
9456	82.32868020%	[81.5468%, 83.0843%]
9457	82.33054880%	[81.5488%, 83.0861%]
9458	82.33241700%	[81.5507%, 83.0879%]
9459	82.33428481%	[81.5526%, 83.0897%]
9460	82.33615222%	[81.5546%, 83.0915%]
9461	82.32744953%	[81.5458%, 83.0829%]
9462	82.32931727%	[81.5477%, 83.0847%]
9463	82.33118461%	[81.5497%, 83.0865%]
9464	82.33305156%	[81.5516%, 83.0883%]
9465	82.33491812%	[81.5535%, 83.0901%]
9466	82.32622016%	[81.5447%, 83.0815%]
9467	82.32808704%	[81.5467%, 83.0833%]
9468	82.32995353%	[81.5486%, 83.0851%]
9469	82.33181962%	[81.5505%, 83.0869%]
9470	82.33368532%	[81.5525%, 83.0887%]
9471	82.33555063%	[81.5544%, 83.0905%]
9472	82.33741554%	[81.5564%, 83.0922%]
9473	82.33928006%	[81.5583%, 83.0940%]
9474	82.33058898%	[81.5495%, 83.0855%]
9475	82.32189974%	[81.5407%, 83.0769%]
9476	82.32376530%	[81.5427%, 83.0787%]
9477	82.32563047%	[81.5446%, 83.0805%]
9478	82.32749525%	[81.5465%, 83.0823%]
9479	82.32935964%	[81.5485%, 83.0841%]
9480	82.33122363%	[81.5504%, 83.0859%]
9481	82.33308723%	[81.5523%, 83.0876%]
9482	82.33495043%	[81.5543%, 83.0894%]
9483	82.33681324%	[81.5562%, 83.0912%]
9484	82.33867566%	[81.5581%, 83.0930%]
9485	82.34053769%	[81.5601%, 83.0948%]
9486	82.34239933%	[81.5620%, 83.0966%]
9487	82.34426057%	[81.5640%, 83.0984%]
9488	82.34612142%	[81.5659%, 83.1002%]
9489	82.34798187%	[81.5678%, 83.1020%]
9490	82.34984194%	[81.5698%, 83.1038%]
9491	82.35170161%	[81.5717%, 83.1055%]
9492	82.35356089%	[81.5736%, 83.1073%]
9493	82.35541978%	[81.5755%, 83.1091%]
9494	82.35727828%	[81.5775%, 83.1109%]
9495	82.34860453%	[81.5687%, 83.1023%]
9496	82.33993260%	[81.5599%, 83.0938%]
9497	82.34179214%	[81.5619%, 83.0956%]
9498	82.34365130%	[81.5638%, 83.0974%]
9499	82.34551005%	[81.5657%, 83.0991%]
9500	82.34736842%	[81.5677%, 83.1009%]
9501	82.34922640%	[81.5696%, 83.1027%]
9502	82.35108398%	[81.5715%, 83.1045%]
9503	82.35294118%	[81.5734%, 83.1063%]
9504	82.34427609%	[81.5647%, 83.0977%]
9505	82.34613361%	[81.5666%, 83.0995%]
9506	82.34799074%	[81.5685%, 83.1013%]
9507	82.34984748%	[81.5705%, 83.1031%]
9508	82.34118637%	[81.5617%, 83.0945%]
9509	82.34304343%	[81.5636%, 83.0963%]
9510	82.34490011%	[81.5656%, 83.0981%]
9511	82.34675639%	[81.5675%, 83.0999%]
9512	82.34861228%	[81.5694%, 83.1017%]
9513	82.33995585%	[81.5607%, 83.0931%]
9514	82.34181207%	[81.5626%, 83.0949%]
9515	82.34366789%	[81.5645%, 83.0967%]
9516	82.34552333%	[81.5664%, 83.0985%]
9517	82.34737838%	[81.5684%, 83.1003%]
9518	82.34923303%	[81.5703%, 83.1021%]
9519	82.34058199%	[81.5615%, 83.0935%]
9520	82.33193277%	[81.5528%, 83.0850%]
9521	82.33378847%	[81.5547%, 83.0868%]
9522	82.33564377%	[81.5567%, 83.0886%]
9523	82.33749869%	[81.5586%, 83.0903%]
9524	82.33935321%	[81.5605%, 83.0921%]
9525	82.34120735%	[81.5624%, 83.0939%]
9526	82.33256351%	[81.5537%, 83.0854%]
9527	82.33441797%	[81.5556%, 83.0872%]
9528	82.33627204%	[81.5575%, 83.0889%]
9529	82.32763144%	[81.5488%, 83.0804%]
9530	82.32948583%	[81.5507%, 83.0822%]
9531	82.33133984%	[81.5526%, 83.0840%]
9532	82.33319345%	[81.5546%, 83.0858%]
9533	82.32455680%	[81.5458%, 83.0772%]
9534	82.32641074%	[81.5478%, 83.0790%]
9535	82.31777661%	[81.5390%, 83.0705%]
9536	82.31963087%	[81.5410%, 83.0723%]
9537	82.32148474%	[81.5429%, 83.0741%]
9538	82.32333823%	[81.5448%, 83.0758%]
9539	82.32519132%	[81.5467%, 83.0776%]
9540	82.32704403%	[81.5487%, 83.0794%]
9541	82.32889634%	[81.5506%, 83.0812%]
9542	82.33074827%	[81.5525%, 83.0830%]
9543	82.32212093%	[81.5438%, 83.0745%]
9544	82.32397318%	[81.5457%, 83.0762%]
9545	82.31534835%	[81.5370%, 83.0677%]
9546	82.31720092%	[81.5389%, 83.0695%]
9547	82.31905311%	[81.5408%, 83.0713%]
9548	82.32090490%	[81.5427%, 83.0731%]
9549	82.32275631%	[81.5447%, 83.0748%]
9550	82.32460733%	[81.5466%, 83.0766%]
9551	82.32645796%	[81.5485%, 83.0784%]
9552	82.32830821%	[81.5504%, 83.0802%]
9553	82.33015807%	[81.5524%, 83.0820%]
9554	82.33200754%	[81.5543%, 83.0837%]
9555	82.33385662%	[81.5562%, 83.0855%]
9556	82.33570532%	[81.5581%, 83.0873%]
9557	82.33755363%	[81.5600%, 83.0891%]
9558	82.33940155%	[81.5620%, 83.0909%]
9559	82.34124908%	[81.5639%, 83.0926%]
9560	82.34309623%	[81.5658%, 83.0944%]
9561	82.34494300%	[81.5677%, 83.0962%]
9562	82.34678937%	[81.5696%, 83.0980%]
9563	82.34863537%	[81.5716%, 83.0997%]
9564	82.34002509%	[81.5628%, 83.0912%]
9565	82.34187141%	[81.5648%, 83.0930%]
9566	82.34371733%	[81.5667%, 83.0948%]
9567	82.34556287%	[81.5686%, 83.0966%]
9568	82.34740803%	[81.5705%, 83.0983%]
9569	82.34925280%	[81.5724%, 83.1001%]
9570	82.35109718%	[81.5743%, 83.1019%]
9571	82.35294118%	[81.5763%, 83.1037%]
9572	82.35478479%	[81.5782%, 83.1054%]
9573	82.34618197%	[81.5695%, 83.0969%]
9574	82.33758095%	[81.5608%, 83.0884%]
9575	82.33942559%	[81.5627%, 83.0902%]
9576	82.34126984%	[81.5646%, 83.0920%]
9577	82.34311371%	[81.5665%, 83.0938%]
9578	82.34495719%	[81.5684%, 83.0955%]
9579	82.34680029%	[81.5704%, 83.0973%]
9580	82.34864301%	[81.5723%, 83.0991%]
9581	82.34004801%	[81.5636%, 83.0906%]
9582	82.34189105%	[81.5655%, 83.0924%]
9583	82.34373370%	[81.5674%, 83.0941%]
9584	82.34557596%	[81.5693%, 83.0959%]
9585	82.34741784%	[81.5712%, 83.0977%]
9586	82.34925934%	[81.5731%, 83.0995%]
9587	82.35110045%	[81.5751%, 83.1012%]
9588	82.35294118%	[81.5770%, 83.1030%]
9589	82.34435290%	[81.5683%, 83.0945%]
9590	82.34619395%	[81.5702%, 83.0963%]
9591	82.34803462%	[81.5721%, 83.0981%]
9592	82.33944954%	[81.5634%, 83.0896%]
9593	82.34129052%	[81.5653%, 83.0914%]
9594	82.34313112%	[81.5672%, 83.0931%]
9595	82.34497134%	[81.5692%, 83.0949%]
9596	82.34681117%	[81.5711%, 83.0967%]
9597	82.34865062%	[81.5730%, 83.0984%]
9598	82.35048969%	[81.5749%, 83.1002%]
9599	82.35232837%	[81.5768%, 83.1020%]
9600	82.35416667%	[81.5787%, 83.1037%]
9601	82.35600458%	[81.5806%, 83.1055%]
9602	82.34742762%	[81.5719%, 83.0970%]
9603	82.34926585%	[81.5738%, 83.0988%]
9604	82.35110371%	[81.5758%, 83.1006%]
9605	82.35294118%	[81.5777%, 83.1024%]
9606	82.35477826%	[81.5796%, 83.1041%]
9607	82.34620589%	[81.5709%, 83.0957%]
9608	82.34804330%	[81.5728%, 83.0974%]
9609	82.34988032%	[81.5747%, 83.0992%]
9610	82.35171696%	[81.5766%, 83.1010%]
9611	82.34314848%	[81.5680%, 83.0925%]
9612	82.34498543%	[81.5699%, 83.0943%]
9613	82.33641943%	[81.5612%, 83.0858%]
9614	82.33825671%	[81.5631%, 83.0876%]
9615	82.34009360%	[81.5650%, 83.0893%]
9616	82.34193012%	[81.5669%, 83.0911%]
9617	82.34376625%	[81.5688%, 83.0929%]
9618	82.34560200%	[81.5707%, 83.0946%]
9619	82.34743736%	[81.5726%, 83.0964%]
9620	82.34927235%	[81.5745%, 83.0982%]
9621	82.35110695%	[81.5765%, 83.0999%]
9622	82.35294118%	[81.5784%, 83.1017%]
9623	82.35477502%	[81.5803%, 83.1035%]
9624	82.35660848%	[81.5822%, 83.1052%]
9625	82.35844156%	[81.5841%, 83.1070%]
9626	82.36027426%	[81.5860%, 83.1088%]
9627	82.35171912%	[81.5773%, 83.1003%]
9628	82.35355214%	[81.5792%, 83.1021%]
9629	82.35538478%	[81.5811%, 83.1038%]
9630	82.35721703%	[81.5830%, 83.1056%]
9631	82.35904890%	[81.5849%, 83.1074%]
9632	82.36088040%	[81.5868%, 83.1091%]
9633	82.36271151%	[81.5887%, 83.1109%]
9634	82.36454225%	[81.5906%, 83.1126%]
9635	82.36637260%	[81.5925%, 83.1144%]
9636	82.36820257%	[81.5944%, 83.1162%]
9637	82.37003217%	[81.5963%, 83.1179%]
9638	82.36148579%	[81.5877%, 83.1095%]
9639	82.36331570%	[81.5896%, 83.1112%]
9640	82.36514523%	[81.5915%, 83.1130%]
9641	82.35660201%	[81.5829%, 83.1046%]
9642	82.35843186%	[81.5848%, 83.1063%]
9643	82.34989111%	[81.5761%, 83.0979%]
9644	82.34135214%	[81.5675%, 83.0895%]
9645	82.34318300%	[81.5694%, 83.0912%]
9646	82.34501348%	[81.5713%, 83.0930%]
9647	82.34684358%	[81.5732%, 83.0948%]
9648	82.34867330%	[81.5751%, 83.0965%]
9649	82.35050264%	[81.5770%, 83.0983%]
9650	82.35233161%	[81.5789%, 83.1000%]
9651	82.35416019%	[81.5808%, 83.1018%]
9652	82.35598840%	[81.5827%, 83.1035%]
9653	82.35781622%	[81.5846%, 83.1053%]
9654	82.35964367%	[81.5865%, 83.1071%]
9655	82.36147074%	[81.5884%, 83.1088%]
9656	82.36329743%	[81.5903%, 83.1106%]
9657	82.36512374%	[81.5922%, 83.1123%]
9658	82.36694968%	[81.5941%, 83.1141%]
9659	82.35842220%	[81.5854%, 83.1057%]
9660	82.34989648%	[81.5768%, 83.0973%]
9661	82.35172342%	[81.5787%, 83.0990%]
9662	82.35354999%	[81.5806%, 83.1008%]
9663	82.35537618%	[81.5825%, 83.1025%]
9664	82.35720199%	[81.5844%, 83.1043%]
9665	82.35902742%	[81.5863%, 83.1060%]
9666	82.35050693%	[81.5777%, 83.0976%]
9667	82.35233268%	[81.5796%, 83.0994%]
9668	82.35415805%	[81.5815%, 83.1011%]
9669	82.35598304%	[81.5834%, 83.1029%]
9670	82.35780765%	[81.5853%, 83.1047%]
9671	82.35963189%	[81.5872%, 83.1064%]
9672	82.35111663%	[81.5785%, 83.0980%]
9673	82.35294118%	[81.5804%, 83.0998%]
9674	82.35476535%	[81.5823%, 83.1015%]
9675	82.35658915%	[81.5842%, 83.1033%]
9676	82.35841257%	[81.5861%, 83.1050%]
9677	82.36023561%	[81.5880%, 83.1068%]
9678	82.35172556%	[81.5794%, 83.0984%]
9679	82.35354892%	[81.5813%, 83.1001%]
9680	82.35537190%	[81.5832%, 83.1019%]
9681	82.35719450%	[81.5851%, 83.1036%]
9682	82.34868829%	[81.5765%, 83.0952%]
9683	82.35051121%	[81.5784%, 83.0970%]
9684	82.35233375%	[81.5803%, 83.0987%]
9685	82.35415591%	[81.5822%, 83.1005%]
9686	82.35597770%	[81.5841%, 83.1022%]
9687	82.34747600%	[81.5755%, 83.0939%]
9688	82.34929810%	[81.5773%, 83.0956%]
9689	82.35111983%	[81.5792%, 83.0974%]
9690	82.35294118%	[81.5811%, 83.0991%]
9691	82.35476215%	[81.5830%, 83.1009%]
9692	82.35658275%	[81.5849%, 83.1026%]
9693	82.35840297%	[81.5868%, 83.1044%]
9694	82.36022282%	[81.5887%, 83.1061%]
9695	82.36204229%	[81.5906%, 83.1079%]
9696	82.36386139%	[81.5925%, 83.1096%]
9697	82.36568011%	[81.5944%, 83.1114%]
9698	82.36749845%	[81.5962%, 83.1131%]
9699	82.36931642%	[81.5981%, 83.1149%]
9700	82.37113402%	[81.6000%, 83.1166%]
9701	82.36264303%	[81.5914%, 83.1082%]
9702	82.36446094%	[81.5933%, 83.1100%]
9703	82.35597238%	[81.5847%, 83.1016%]
9704	82.35779060%	[81.5866%, 83.1034%]
9705	82.35960845%	[81.5885%, 83.1051%]
9706	82.35112302%	[81.5799%, 83.0967%]
9707	82.34263933%	[81.5713%, 83.0883%]
9708	82.34445818%	[81.5732%, 83.0901%]
9709	82.34627665%	[81.5751%, 83.0918%]
9710	82.33779609%	[81.5665%, 83.0835%]
9711	82.33961487%	[81.5684%, 83.0852%]
9712	82.34143328%	[81.5703%, 83.0870%]
9713	82.34325131%	[81.5722%, 83.0887%]
9714	82.34506897%	[81.5741%, 83.0905%]
9715	82.34688626%	[81.5760%, 83.0922%]
9716	82.34870317%	[81.5779%, 83.0940%]
9717	82.35051971%	[81.5798%, 83.0957%]
9718	82.35233587%	[81.5816%, 83.0975%]
9719	82.35415166%	[81.5835%, 83.0992%]
9720	82.35596708%	[81.5854%, 83.1010%]
9721	82.35778212%	[81.5873%, 83.1027%]
9722	82.34931084%	[81.5787%, 83.0943%]
9723	82.35112620%	[81.5806%, 83.0961%]
9724	82.34265734%	[81.5720%, 83.0877%]
9725	82.34447301%	[81.5739%, 83.0895%]
9726	82.34628830%	[81.5758%, 83.0912%]
9727	82.34810322%	[81.5777%, 83.0930%]
9728	82.34991776%	[81.5796%, 83.0947%]
9729	82.35173194%	[81.5815%, 83.0965%]
9730	82.35354573%	[81.5834%, 83.0982%]
9731	82.35535916%	[81.5852%, 83.0999%]
9732	82.34689684%	[81.5767%, 83.0916%]
9733	82.34871057%	[81.5786%, 83.0933%]
9734	82.34025067%	[81.5700%, 83.0850%]
9735	82.34206471%	[81.5719%, 83.0867%]
9736	82.34387839%	[81.5738%, 83.0885%]
9737	82.34569169%	[81.5757%, 83.0902%]
9738	82.34750462%	[81.5775%, 83.0920%]
9739	82.34931718%	[81.5794%, 83.0937%]
9740	82.35112936%	[81.5813%, 83.0954%]
9741	82.35294118%	[81.5832%, 83.0972%]
9742	82.35475262%	[81.5851%, 83.0989%]
9743	82.35656369%	[81.5869%, 83.1007%]
9744	82.35837438%	[81.5888%, 83.1024%]
9745	82.36018471%	[81.5907%, 83.1042%]
9746	82.35173404%	[81.5822%, 83.0958%]
9747	82.35354468%	[81.5840%, 83.0976%]
9748	82.35535494%	[81.5859%, 83.0993%]
9749	82.35716484%	[81.5878%, 83.1010%]
9750	82.35897436%	[81.5897%, 83.1028%]
9751	82.35052815%	[81.5811%, 83.0944%]
9752	82.35233798%	[81.5830%, 83.0962%]
9753	82.35414744%	[81.5849%, 83.0979%]
9754	82.35595653%	[81.5868%, 83.0997%]
9755	82.35776525%	[81.5886%, 83.1014%]
9756	82.35957360%	[81.5905%, 83.1031%]
9757	82.35113252%	[81.5820%, 83.0948%]
9758	82.35294118%	[81.5839%, 83.0966%]
9759	82.35474946%	[81.5857%, 83.0983%]
9760	82.35655738%	[81.5876%, 83.1000%]
9761	82.35836492%	[81.5895%, 83.1018%]
9762	82.36017210%	[81.5914%, 83.1035%]
9763	82.36197890%	[81.5933%, 83.1052%]
9764	82.36378533%	[81.5951%, 83.1070%]
9765	82.35535074%	[81.5866%, 83.0987%]
9766	82.35715749%	[81.5885%, 83.1004%]
9767	82.35896386%	[81.5903%, 83.1021%]
9768	82.36076986%	[81.5922%, 83.1039%]
9769	82.36257549%	[81.5941%, 83.1056%]
9770	82.36438076%	[81.5960%, 83.1073%]
9771	82.36618565%	[81.5978%, 83.1091%]
9772	82.35775686%	[81.5893%, 83.1008%]
9773	82.35956206%	[81.5912%, 83.1025%]
9774	82.36136689%	[81.5931%, 83.1042%]
9775	82.36317136%	[81.5949%, 83.1060%]
9776	82.36497545%	[81.5968%, 83.1077%]
9777	82.36677918%	[81.5987%, 83.1094%]
9778	82.36858253%	[81.6006%, 83.1112%]
9779	82.36015953%	[81.5920%, 83.1029%]
9780	82.36196319%	[81.5939%, 83.1046%]
9781	82.36376649%	[81.5958%, 83.1063%]
9782	82.36556941%	[81.5977%, 83.1081%]
9783	82.36737197%	[81.5995%, 83.1098%]
9784	82.35895339%	[81.5910%, 83.1015%]
9785	82.36075626%	[81.5929%, 83.1032%]
9786	82.36255876%	[81.5948%, 83.1050%]
9787	82.35414325%	[81.5862%, 83.0967%]
9788	82.35594606%	[81.5881%, 83.0984%]
9789	82.35774849%	[81.5900%, 83.1001%]
9790	82.35955056%	[81.5919%, 83.1019%]
9791	82.36135226%	[81.5937%, 83.1036%]
9792	82.36315359%	[81.5956%, 83.1053%]
9793	82.36495456%	[81.5975%, 83.1071%]
9794	82.35654482%	[81.5890%, 83.0988%]
9795	82.34813680%	[81.5805%, 83.0905%]
9796	82.34993875%	[81.5823%, 83.0922%]
9797	82.35174033%	[81.5842%, 83.0939%]
9798	82.35354154%	[81.5861%, 83.0957%]
9799	82.35534238%	[81.5879%, 83.0974%]
9800	82.35714286%	[81.5898%, 83.0991%]
9801	82.35894297%	[81.5917%, 83.1008%]
9802	82.36074271%	[81.5936%, 83.1026%]
9803	82.36254208%	[81.5954%, 83.1043%]
9804	82.36434109%	[81.5973%, 83.1060%]
9805	82.36613972%	[81.5992%, 83.1078%]
9806	82.36793800%	[81.6010%, 83.1095%]
9807	82.35953910%	[81.5925%, 83.1012%]
9808	82.36133768%	[81.5944%, 83.1029%]
9809	82.36313590%	[81.5963%, 83.1047%]
9810	82.35474006%	[81.5878%, 83.0964%]
9811	82.35653858%	[81.5896%, 83.0981%]
9812	82.35833673%	[81.5915%, 83.0998%]
9813	82.36013452%	[81.5934%, 83.1016%]
9814	82.36193193%	[81.5952%, 83.1033%]
9815	82.36372899%	[81.5971%, 83.1050%]
9816	82.36552567%	[81.5990%, 83.1068%]
9817	82.35713558%	[81.5905%, 83.0985%]
9818	82.35893257%	[81.5923%, 83.1002%]
9819	82.36072920%	[81.5942%, 83.1019%]
9820	82.36252546%	[81.5961%, 83.1037%]
9821	82.36432135%	[81.5979%, 83.1054%]
9822	82.36611688%	[81.5998%, 83.1071%]
9823	82.35773185%	[81.5913%, 83.0988%]
9824	82.35952769%	[81.5932%, 83.1006%]
9825	82.36132316%	[81.5951%, 83.1023%]
9826	82.36311826%	[81.5969%, 83.1040%]
9827	82.36491299%	[81.5988%, 83.1057%]
9828	82.36670737%	[81.6006%, 83.1075%]
9829	82.36850137%	[81.6025%, 83.1092%]
9830	82.37029502%	[81.6044%, 83.1109%]
9831	82.37208829%	[81.6062%, 83.1127%]
9832	82.37388120%	[81.6081%, 83.1144%]
9833	82.37567375%	[81.6100%, 83.1161%]
9834	82.37746593%	[81.6118%, 83.1178%]
9835	82.37925775%	[81.6137%, 83.1196%]
9836	82.38104921%	[81.6155%, 83.1213%]
9837	82.38284030%	[81.6174%, 83.1230%]
9838	82.37446635%	[81.6089%, 83.1147%]
9839	82.36609412%	[81.6005%, 83.1065%]
9840	82.36788618%	[81.6023%, 83.1082%]
9841	82.36967788%	[81.6042%, 83.1099%]
9842	82.37146921%	[81.6060%, 83.1116%]
9843	82.37326018%	[81.6079%, 83.1134%]
9844	82.37505079%	[81.6098%, 83.1151%]
9845	82.36668360%	[81.6013%, 83.1068%]
9846	82.36847451%	[81.6032%, 83.1085%]
9847	82.37026506%	[81.6050%, 83.1103%]
9848	82.37205524%	[81.6069%, 83.1120%]
9849	82.36369175%	[81.5984%, 83.1037%]
9850	82.36548223%	[81.6003%, 83.1055%]
9851	82.36727236%	[81.6021%, 83.1072%]
9852	82.36906212%	[81.6040%, 83.1089%]
9853	82.36070232%	[81.5955%, 83.1007%]
9854	82.35234423%	[81.5871%, 83.0924%]
9855	82.34398782%	[81.5786%, 83.0841%]
9856	82.34577922%	[81.5805%, 83.0859%]
9857	82.34757025%	[81.5823%, 83.0876%]
9858	82.34936093%	[81.5842%, 83.0893%]
9859	82.35115123%	[81.5861%, 83.0910%]
9860	82.35294118%	[81.5879%, 83.0928%]
9861	82.35473076%	[81.5898%, 83.0945%]
9862	82.35651998%	[81.5916%, 83.0962%]
9863	82.35830883%	[81.5935%, 83.0979%]
9864	82.36009732%	[81.5953%, 83.0996%]
9865	82.36188545%	[81.5972%, 83.1014%]
9866	82.36367322%	[81.5991%, 83.1031%]
9867	82.36546063%	[81.6009%, 83.1048%]
9868	82.36724767%	[81.6028%, 83.1065%]
9869	82.36903435%	[81.6046%, 83.1082%]
9870	82.37082067%	[81.6065%, 83.1100%]
9871	82.37260663%	[81.6083%, 83.1117%]
9872	82.37439222%	[81.6102%, 83.1134%]
9873	82.37617745%	[81.6120%, 83.1151%]
9874	82.37796233%	[81.6139%, 83.1168%]
9875	82.37974684%	[81.6158%, 83.1186%]
9876	82.38153098%	[81.6176%, 83.1203%]
9877	82.38331477%	[81.6195%, 83.1220%]
9878	82.38509820%	[81.6213%, 83.1237%]
9879	82.37675878%	[81.6129%, 83.1155%]
9880	82.37854251%	[81.6147%, 83.1172%]
9881	82.38032588%	[81.6166%, 83.1189%]
9882	82.37198948%	[81.6081%, 83.1107%]
9883	82.37377315%	[81.6100%, 83.1124%]
9884	82.37555645%	[81.6118%, 83.1141%]
9885	82.36722307%	[81.6034%, 83.1059%]
9886	82.36900668%	[81.6053%, 83.1076%]
9887	82.37078993%	[81.6071%, 83.1093%]
9888	82.37257282%	[81.6090%, 83.1110%]
9889	82.37435534%	[81.6108%, 83.1127%]
9890	82.36602629%	[81.6024%, 83.1045%]
9891	82.36780912%	[81.6042%, 83.1062%]
9892	82.36959159%	[81.6061%, 83.1080%]
9893	82.37137370%	[81.6080%, 83.1097%]
9894	82.37315545%	[81.6098%, 83.1114%]
9895	82.36483072%	[81.6014%, 83.1032%]
9896	82.36661277%	[81.6032%, 83.1049%]
9897	82.36839446%	[81.6051%, 83.1066%]
9898	82.37017579%	[81.6069%, 83.1083%]
9899	82.37195676%	[81.6088%, 83.1100%]
9900	82.37373737%	[81.6106%, 83.1117%]
9901	82.36541763%	[81.6022%, 83.1035%]
9902	82.36719855%	[81.6041%, 83.1052%]
9903	82.35888115%	[81.5956%, 83.0970%]
9904	82.36066236%	[81.5975%, 83.0987%]
9905	82.35234730%	[81.5891%, 83.0905%]
9906	82.35412881%	[81.5909%, 83.0922%]
9907	82.35590996%	[81.5928%, 83.0940%]
9908	82.35769075%	[81.5946%, 83.0957%]
9909	82.35947119%	[81.5965%, 83.0974%]
9910	82.36125126%	[81.5983%, 83.0991%]
9911	82.36303098%	[81.6002%, 83.1008%]
9912	82.36481033%	[81.6020%, 83.1025%]
9913	82.35650156%	[81.5936%, 83.0943%]
9914	82.35828122%	[81.5955%, 83.0960%]
9915	82.36006051%	[81.5973%, 83.0977%]
9916	82.36183945%	[81.5992%, 83.0995%]
9917	82.36361803%	[81.6010%, 83.1012%]
9918	82.35531357%	[81.5926%, 83.0930%]
9919	82.35709245%	[81.5945%, 83.0947%]
9920	82.35887097%	[81.5963%, 83.0964%]
9921	82.36064913%	[81.5981%, 83.0981%]
9922	82.35234832%	[81.5897%, 83.0899%]
9923	82.35412678%	[81.5916%, 83.0916%]
9924	82.35590488%	[81.5934%, 83.0933%]
9925	82.35768262%	[81.5953%, 83.0950%]
9926	82.35946000%	[81.5971%, 83.0967%]
9927	82.36123703%	[81.5990%, 83.0985%]
9928	82.36301370%	[81.6008%, 83.1002%]
9929	82.36479001%	[81.6027%, 83.1019%]
9930	82.36656596%	[81.6045%, 83.1036%]
9931	82.36834156%	[81.6064%, 83.1053%]
9932	82.37011679%	[81.6082%, 83.1070%]
9933	82.37189167%	[81.6100%, 83.1087%]
9934	82.37366620%	[81.6119%, 83.1104%]
9935	82.37544036%	[81.6137%, 83.1121%]
9936	82.37721417%	[81.6156%, 83.1138%]
9937	82.37898762%	[81.6174%, 83.1155%]
9938	82.38076072%	[81.6192%, 83.1172%]
9939	82.38253345%	[81.6211%, 83.1190%]
9940	82.38430584%	[81.6229%, 83.1207%]
9941	82.38607786%	[81.6248%, 83.1224%]
9942	82.38784953%	[81.6266%, 83.1241%]
9943	82.38962084%	[81.6284%, 83.1258%]
9944	82.38133548%	[81.6201%, 83.1176%]
9945	82.37305178%	[81.6117%, 83.1094%]
9946	82.37482405%	[81.6135%, 83.1111%]
9947	82.37659596%	[81.6154%, 83.1128%]
9948	82.36831524%	[81.6070%, 83.1047%]
9949	82.37008745%	[81.6088%, 83.1064%]
9950	82.37185930%	[81.6107%, 83.1081%]
9951	82.37363079%	[81.6125%, 83.1098%]
9952	82.37540193%	[81.6143%, 83.1115%]
9953	82.37717271%	[81.6162%, 83.1132%]
9954	82.37894314%	[81.6180%, 83.1149%]
9955	82.37066801%	[81.6097%, 83.1067%]
9956	82.37243873%	[81.6115%, 83.1084%]
9957	82.37420910%	[81.6133%, 83.1101%]
9958	82.37597911%	[81.6152%, 83.1118%]
9959	82.37774877%	[81.6170%, 83.1135%]
9960	82.37951807%	[81.6188%, 83.1152%]
9961	82.38128702%	[81.6207%, 83.1169%]
9962	82.38305561%	[81.6225%, 83.1186%]
9963	82.38482385%	[81.6244%, 83.1203%]
9964	82.38659173%	[81.6262%, 83.1220%]
9965	82.38835926%	[81.6280%, 83.1237%]
9966	82.38009231%	[81.6197%, 83.1156%]
9967	82.38186014%	[81.6215%, 83.1173%]
9968	82.38362761%	[81.6233%, 83.1190%]
9969	82.38539472%	[81.6252%, 83.1207%]
9970	82.38716148%	[81.6270%, 83.1224%]
9971	82.38892789%	[81.6288%, 83.1241%]
9972	82.39069394%	[81.6307%, 83.1258%]
9973	82.39245964%	[81.6325%, 83.1275%]
9974	82.39422498%	[81.6343%, 83.1292%]
9975	82.39598997%	[81.6362%, 83.1309%]
9976	82.39775461%	[81.6380%, 83.1326%]
9977	82.39951889%	[81.6398%, 83.1343%]
9978	82.40128282%	[81.6417%, 83.1360%]
9979	82.40304640%	[81.6435%, 83.1377%]
9980	82.40480962%	[81.6453%, 83.1394%]
9981	82.40657249%	[81.6472%, 83.1411%]
9982	82.40833500%	[81.6490%, 83.1428%]
9983	82.41009717%	[81.6508%, 83.1445%]
9984	82.41185897%	[81.6526%, 83.1461%]
9985	82.41362043%	[81.6545%, 83.1478%]
9986	82.41538153%	[81.6563%, 83.1495%]
9987	82.41714228%	[81.6581%, 83.1512%]
9988	82.41890268%	[81.6600%, 83.1529%]
9989	82.42066273%	[81.6618%, 83.1546%]
9990	82.42242242%	[81.6636%, 83.1563%]
9991	82.42418176%	[81.6654%, 83.1580%]
9992	82.41593275%	[81.6571%, 83.1499%]
9993	82.41769238%	[81.6589%, 83.1516%]
9994	82.41945167%	[81.6607%, 83.1532%]
9995	82.41120560%	[81.6524%, 83.1451%]
9996	82.41296519%	[81.6542%, 83.1468%]
9997	82.41472442%	[81.6561%, 83.1485%]
9998	82.41648330%	[81.6579%, 83.1502%]
9999	82.40824082%	[81.6495%, 83.1420%]
10000	82.41000000%	[81.6514%, 83.1437%]
10001	82.41175882%	[81.6532%, 83.1454%]
10002	82.41351730%	[81.6550%, 83.1471%]
10003	82.41527542%	[81.6568%, 83.1488%]
10004	82.41703319%	[81.6587%, 83.1505%]
10005	82.41879060%	[81.6605%, 83.1522%]
10006	82.41055367%	[81.6522%, 83.1441%]
10007	82.41231138%	[81.6540%, 83.1458%]
10008	82.41406875%	[81.6558%, 83.1475%]
10009	82.41582576%	[81.6576%, 83.1491%]
10010	82.41758242%	[81.6595%, 83.1508%]
10011	82.41933873%	[81.6613%, 83.1525%]
10012	82.42109469%	[81.6631%, 83.1542%]
10013	82.41286328%	[81.6548%, 83.1461%]
10014	82.41461953%	[81.6566%, 83.1478%]
10015	82.41637544%	[81.6584%, 83.1495%]
10016	82.41813099%	[81.6602%, 83.1512%]
10017	82.40990316%	[81.6519%, 83.1430%]
10018	82.41165901%	[81.6537%, 83.1447%]
10019	82.40343348%	[81.6454%, 83.1366%]
10020	82.40518962%	[81.6472%, 83.1383%]
10021	82.40694541%	[81.6491%, 83.1400%]
10022	82.40870086%	[81.6509%, 83.1417%]
10023	82.41045595%	[81.6527%, 83.1434%]
10024	82.41221069%	[81.6545%, 83.1451%]
10025	82.41396509%	[81.6564%, 83.1467%]
10026	82.40574506%	[81.6480%, 83.1386%]
10027	82.40749975%	[81.6499%, 83.1403%]
10028	82.40925409%	[81.6517%, 83.1420%]
10029	82.40103699%	[81.6434%, 83.1339%]
10030	82.40279163%	[81.6452%, 83.1356%]
10031	82.40454591%	[81.6470%, 83.1373%]
10032	82.39633174%	[81.6387%, 83.1292%]
10033	82.39808632%	[81.6405%, 83.1308%]
10034	82.38987443%	[81.6322%, 83.1227%]
10035	82.39162930%	[81.6340%, 83.1244%]
10036	82.39338382%	[81.6359%, 83.1261%]
10037	82.38517485%	[81.6276%, 83.1180%]
10038	82.38692967%	[81.6294%, 83.1197%]
10039	82.38868413%	[81.6312%, 83.1214%]
10040	82.39043825%	[81.6330%, 83.1231%]
10041	82.39219201%	[81.6348%, 83.1248%]
10042	82.39394543%	[81.6367%, 83.1265%]


