0.00.679.183 W model has unused tensor blk.64.attn_norm.weight (size = 20480 bytes) -- ignoring
0.00.679.188 W model has unused tensor blk.64.post_attention_norm.weight (size = 20480 bytes) -- ignoring
0.00.679.191 W model has unused tensor blk.64.attn_q.weight (size = 43253760 bytes) -- ignoring
0.00.679.192 W model has unused tensor blk.64.attn_k.weight (size = 3604480 bytes) -- ignoring
0.00.679.193 W model has unused tensor blk.64.attn_v.weight (size = 3604480 bytes) -- ignoring
0.00.679.198 W model has unused tensor blk.64.attn_output.weight (size = 21626880 bytes) -- ignoring
0.00.679.199 W model has unused tensor blk.64.attn_q_norm.weight (size = 1024 bytes) -- ignoring
0.00.679.201 W model has unused tensor blk.64.attn_k_norm.weight (size = 1024 bytes) -- ignoring
0.00.679.202 W model has unused tensor blk.64.ffn_gate.weight (size = 61276160 bytes) -- ignoring
0.00.679.203 W model has unused tensor blk.64.ffn_down.weight (size = 61276160 bytes) -- ignoring
0.00.679.204 W model has unused tensor blk.64.ffn_up.weight (size = 61276160 bytes) -- ignoring
0.00.679.206 W model has unused tensor blk.64.nextn.eh_proj.weight (size = 36044800 bytes) -- ignoring
0.00.679.208 W model has unused tensor blk.64.nextn.enorm.weight (size = 20480 bytes) -- ignoring
0.00.679.209 W model has unused tensor blk.64.nextn.hnorm.weight (size = 20480 bytes) -- ignoring
0.00.679.213 W model has unused tensor blk.64.nextn.shared_head_norm.weight (size = 20480 bytes) -- ignoring
0.01.629.248 I 
0.01.629.328 I system_info: n_threads = 16 (n_threads_batch = 16) / 32 | CUDA : ARCHS = 1200 | USE_GRAPHS = 1 | BLACKWELL_NATIVE_FP4 = 1 | CPU : SSE3 = 1 | SSSE3 = 1 | AVX = 1 | AVX_VNNI = 1 | AVX2 = 1 | F16C = 1 | FMA = 1 | BMI2 = 1 | AVX512 = 1 | AVX512_VBMI = 1 | AVX512_VNNI = 1 | AVX512_BF16 = 1 | LLAMAFILE = 1 | OPENMP = 1 | REPACK = 1 | 
0.01.632.957 I hellaswag_score : loaded 10042 tasks from prompt.
0.01.632.960 I ================================= is_spm = 0
0.01.632.961 I hellaswag_score : selecting 10042 randomized tasks.
0.04.304.506 I hellaswag_score : calculating hellaswag score over selected tasks.

task	acc_norm	95% confidence interval
1	100.00000000%	[20.6549%, 100.0000%]
2	100.00000000%	[34.2380%, 100.0000%]
3	100.00000000%	[43.8503%, 100.0000%]
4	100.00000000%	[51.0109%, 100.0000%]
5	100.00000000%	[56.5518%, 100.0000%]
6	100.00000000%	[60.9666%, 100.0000%]
7	100.00000000%	[64.5670%, 100.0000%]
8	87.50000000%	[52.9112%, 97.7583%]
9	77.77777778%	[45.2589%, 93.6775%]
10	70.00000000%	[39.6778%, 89.2209%]
11	63.63636364%	[35.3801%, 84.8335%]
12	66.66666667%	[39.0622%, 86.1880%]
13	61.53846154%	[35.5229%, 82.2903%]
14	57.14285714%	[32.5906%, 78.6192%]
15	60.00000000%	[35.7468%, 80.1755%]
16	62.50000000%	[38.6410%, 81.5188%]
17	64.70588235%	[41.3004%, 82.6903%]
18	66.66666667%	[43.7495%, 83.7212%]
19	68.42105263%	[46.0104%, 84.6356%]
20	70.00000000%	[48.1027%, 85.4523%]
21	71.42857143%	[50.0436%, 86.1861%]
22	72.72727273%	[51.8483%, 86.8492%]
23	73.91304348%	[53.5300%, 87.4514%]
24	75.00000000%	[55.1006%, 88.0006%]
25	72.00000000%	[52.4234%, 85.7161%]
26	73.07692308%	[53.9170%, 86.2956%]
27	74.07407407%	[55.3214%, 86.8296%]
28	71.42857143%	[52.9407%, 84.7460%]
29	72.41379310%	[54.2829%, 85.3012%]
30	73.33333333%	[55.5520%, 85.8173%]
31	74.19354839%	[56.7539%, 86.2983%]
32	75.00000000%	[57.8934%, 86.7476%]
33	75.75757576%	[58.9754%, 87.1683%]
34	76.47058824%	[60.0039%, 87.5630%]
35	77.14285714%	[60.9827%, 87.9341%]
36	77.77777778%	[61.9153%, 88.2837%]
37	78.37837838%	[62.8049%, 88.6135%]
38	78.94736842%	[63.6542%, 88.9252%]
39	79.48717949%	[64.4660%, 89.2203%]
40	80.00000000%	[65.2427%, 89.5000%]
41	80.48780488%	[65.9864%, 89.7656%]
42	80.95238095%	[66.6992%, 90.0180%]
43	81.39534884%	[67.3830%, 90.2582%]
44	81.81818182%	[68.0394%, 90.4872%]
45	82.22222222%	[68.6702%, 90.7056%]
46	82.60869565%	[69.2766%, 90.9142%]
47	82.97872340%	[69.8602%, 91.1136%]
48	83.33333333%	[70.4222%, 91.3045%]
49	83.67346939%	[70.9637%, 91.4873%]
50	84.00000000%	[71.4858%, 91.6626%]
51	84.31372549%	[71.9896%, 91.8308%]
52	84.61538462%	[72.4759%, 91.9923%]
53	84.90566038%	[72.9458%, 92.1476%]
54	83.33333333%	[71.2635%, 90.9756%]
55	83.63636364%	[71.7363%, 91.1446%]
56	82.14285714%	[70.1588%, 90.0001%]
57	82.45614035%	[70.6326%, 90.1811%]
58	82.75862069%	[71.0917%, 90.3557%]
59	83.05084746%	[71.5368%, 90.5242%]
60	83.33333333%	[71.9684%, 90.6868%]
61	83.60655738%	[72.3872%, 90.8440%]
62	83.87096774%	[72.7937%, 90.9959%]
63	84.12698413%	[73.1884%, 91.1429%]
64	84.37500000%	[73.5719%, 91.2852%]
65	84.61538462%	[73.9447%, 91.4229%]
66	84.84848485%	[74.3071%, 91.5564%]
67	85.07462687%	[74.6596%, 91.6857%]
68	85.29411765%	[75.0026%, 91.8112%]
69	85.50724638%	[75.3365%, 91.9329%]
70	84.28571429%	[74.0118%, 90.9924%]
71	84.50704225%	[74.3490%, 91.1227%]
72	84.72222222%	[74.6777%, 91.2493%]
73	84.93150685%	[74.9981%, 91.3723%]
74	85.13513514%	[75.3105%, 91.4919%]
75	84.00000000%	[74.0833%, 90.6035%]
76	84.21052632%	[74.3986%, 90.7305%]
77	83.11688312%	[73.2271%, 89.8593%]
78	83.33333333%	[73.5444%, 89.9931%]
79	83.54430380%	[73.8543%, 90.1233%]
80	83.75000000%	[74.1571%, 90.2502%]
81	83.95061728%	[74.4530%, 90.3738%]
82	84.14634146%	[74.7421%, 90.4944%]
83	83.13253012%	[73.6559%, 89.6779%]
84	83.33333333%	[73.9470%, 89.8043%]
85	82.35294118%	[72.9044%, 89.0036%]
86	82.55813953%	[73.1968%, 89.1352%]
87	82.75862069%	[73.4830%, 89.2637%]
88	82.95454545%	[73.7631%, 89.3892%]
89	83.14606742%	[74.0374%, 89.5117%]
90	83.33333333%	[74.3061%, 89.6315%]
91	83.51648352%	[74.5693%, 89.7486%]
92	83.69565217%	[74.8272%, 89.8630%]
93	83.87096774%	[75.0799%, 89.9749%]
94	84.04255319%	[75.3276%, 90.0844%]
95	84.21052632%	[75.5704%, 90.1915%]
96	84.37500000%	[75.8085%, 90.2963%]
97	84.53608247%	[76.0420%, 90.3989%]
98	83.67346939%	[75.1134%, 89.6932%]
99	83.83838384%	[75.3488%, 89.8001%]
100	84.00000000%	[75.5797%, 89.9047%]
101	84.15841584%	[75.8064%, 90.0072%]
102	83.33333333%	[74.9213%, 89.3258%]
103	83.49514563%	[75.1495%, 89.4322%]
104	83.65384615%	[75.3736%, 89.5365%]
105	82.85714286%	[74.5227%, 88.8722%]
106	83.01886792%	[74.7482%, 88.9800%]
107	83.17757009%	[74.9697%, 89.0858%]
108	83.33333333%	[75.1873%, 89.1895%]
109	83.48623853%	[75.4012%, 89.2913%]
110	83.63636364%	[75.6115%, 89.3912%]
111	83.78378378%	[75.8182%, 89.4892%]
112	83.92857143%	[76.0214%, 89.5855%]
113	84.07079646%	[76.2213%, 89.6800%]
114	83.33333333%	[75.4308%, 89.0626%]
115	83.47826087%	[75.6320%, 89.1602%]
116	83.62068966%	[75.8300%, 89.2560%]
117	83.76068376%	[76.0247%, 89.3502%]
118	83.05084746%	[75.2659%, 88.7517%]
119	83.19327731%	[75.4619%, 88.8487%]
120	82.50000000%	[74.7243%, 88.2595%]
121	82.64462810%	[74.9212%, 88.3591%]
122	82.78688525%	[75.1150%, 88.4570%]
123	82.92682927%	[75.3059%, 88.5533%]
124	83.06451613%	[75.4939%, 88.6480%]
125	83.20000000%	[75.6791%, 88.7412%]
126	83.33333333%	[75.8615%, 88.8328%]
127	83.46456693%	[76.0412%, 88.9230%]
128	82.81250000%	[75.3460%, 88.3669%]
129	82.17054264%	[74.6652%, 87.8153%]
130	82.30769231%	[74.8493%, 87.9115%]
131	82.44274809%	[75.0308%, 88.0062%]
132	81.81818182%	[74.3703%, 87.4665%]
133	81.95488722%	[74.5524%, 87.5633%]
134	81.34328358%	[73.9080%, 87.0315%]
135	81.48148148%	[74.0907%, 87.1302%]
136	81.61764706%	[74.2708%, 87.2274%]
137	81.75182482%	[74.4484%, 87.3231%]
138	81.88405797%	[74.6236%, 87.4175%]
139	82.01438849%	[74.7965%, 87.5104%]
140	82.14285714%	[74.9670%, 87.6019%]
141	81.56028369%	[74.3524%, 87.0941%]
142	81.69014085%	[74.5234%, 87.1874%]
143	81.81818182%	[74.6922%, 87.2794%]
144	81.94444444%	[74.8588%, 87.3701%]
145	82.06896552%	[75.0232%, 87.4594%]
146	82.19178082%	[75.1854%, 87.5475%]
147	82.31292517%	[75.3456%, 87.6344%]
148	82.43243243%	[75.5037%, 87.7201%]
149	82.55033557%	[75.6599%, 87.8046%]
150	82.66666667%	[75.8140%, 87.8879%]
151	82.11920530%	[75.2344%, 87.4103%]
152	82.23684211%	[75.3892%, 87.4953%]
153	82.35294118%	[75.5420%, 87.5791%]
154	81.81818182%	[74.9772%, 87.1104%]
155	81.93548387%	[75.1306%, 87.1957%]
156	82.05128205%	[75.2821%, 87.2799%]
157	82.16560510%	[75.4318%, 87.3630%]
158	82.27848101%	[75.5797%, 87.4450%]
159	82.38993711%	[75.7258%, 87.5259%]
160	82.50000000%	[75.8702%, 87.6058%]
161	82.60869565%	[76.0129%, 87.6847%]
162	82.71604938%	[76.1539%, 87.7626%]
163	82.82208589%	[76.2933%, 87.8395%]
164	82.92682927%	[76.4311%, 87.9154%]
165	83.03030303%	[76.5672%, 87.9904%]
166	83.13253012%	[76.7018%, 88.0644%]
167	83.23353293%	[76.8349%, 88.1376%]
168	83.33333333%	[76.9665%, 88.2099%]
169	83.43195266%	[77.0966%, 88.2813%]
170	83.52941176%	[77.2252%, 88.3518%]
171	83.62573099%	[77.3524%, 88.4215%]
172	83.13953488%	[76.8346%, 87.9966%]
173	83.23699422%	[76.9624%, 88.0676%]
174	83.33333333%	[77.0889%, 88.1377%]
175	83.42857143%	[77.2140%, 88.2071%]
176	83.52272727%	[77.3377%, 88.2756%]
177	83.61581921%	[77.4601%, 88.3434%]
178	83.70786517%	[77.5812%, 88.4103%]
179	83.79888268%	[77.7010%, 88.4765%]
180	83.88888889%	[77.8196%, 88.5420%]
181	83.97790055%	[77.9368%, 88.6067%]
182	84.06593407%	[78.0529%, 88.6707%]
183	84.15300546%	[78.1677%, 88.7339%]
184	84.23913043%	[78.2813%, 88.7965%]
185	84.32432432%	[78.3938%, 88.8584%]
186	84.40860215%	[78.5051%, 88.9196%]
187	83.95721925%	[78.0221%, 88.5253%]
188	84.04255319%	[78.1341%, 88.5877%]
189	84.12698413%	[78.2450%, 88.6493%]
190	84.21052632%	[78.3547%, 88.7104%]
191	84.29319372%	[78.4634%, 88.7708%]
192	84.37500000%	[78.5710%, 88.8305%]
193	83.93782383%	[78.1035%, 88.4475%]
194	84.02061856%	[78.2117%, 88.5084%]
195	84.10256410%	[78.3189%, 88.5686%]
196	84.18367347%	[78.4250%, 88.6282%]
197	84.26395939%	[78.5301%, 88.6871%]
198	83.83838384%	[78.0755%, 88.3132%]
199	83.91959799%	[78.1812%, 88.3732%]
200	83.50000000%	[77.7342%, 88.0031%]
201	83.08457711%	[77.2930%, 87.6353%]
202	83.16831683%	[77.4008%, 87.6979%]
203	83.25123153%	[77.5075%, 87.7598%]
204	82.84313725%	[77.0749%, 87.3973%]
205	82.43902439%	[76.6476%, 87.0371%]
206	82.52427184%	[76.7563%, 87.1014%]
207	82.60869565%	[76.8640%, 87.1652%]
208	82.69230769%	[76.9707%, 87.2283%]
209	82.77511962%	[77.0764%, 87.2908%]
210	82.85714286%	[77.1812%, 87.3526%]
211	82.93838863%	[77.2850%, 87.4139%]
212	82.54716981%	[76.8712%, 87.0646%]
213	82.62910798%	[76.9754%, 87.1267%]
214	82.24299065%	[76.5679%, 86.7809%]
215	81.86046512%	[76.1652%, 86.4372%]
216	81.94444444%	[76.2711%, 86.5014%]
217	82.02764977%	[76.3760%, 86.5651%]
218	82.11009174%	[76.4800%, 86.6281%]
219	82.19178082%	[76.5831%, 86.6905%]
220	82.27272727%	[76.6854%, 86.7524%]
221	82.35294118%	[76.7867%, 86.8137%]
222	81.98198198%	[76.3960%, 86.4800%]
223	82.06278027%	[76.4976%, 86.5420%]
224	82.14285714%	[76.5984%, 86.6034%]
225	82.22222222%	[76.6984%, 86.6643%]
226	82.30088496%	[76.7974%, 86.7246%]
227	82.37885463%	[76.8957%, 86.7844%]
228	82.45614035%	[76.9931%, 86.8436%]
229	82.53275109%	[77.0897%, 86.9024%]
230	82.60869565%	[77.1855%, 86.9606%]
231	82.68398268%	[77.2805%, 87.0182%]
232	82.75862069%	[77.3747%, 87.0754%]
233	82.83261803%	[77.4681%, 87.1321%]
234	82.47863248%	[77.0944%, 86.8137%]
235	82.55319149%	[77.1882%, 86.8710%]
236	82.62711864%	[77.2812%, 86.9279%]
237	82.70042194%	[77.3735%, 86.9842%]
238	82.77310924%	[77.4650%, 87.0401%]
239	82.84518828%	[77.5558%, 87.0955%]
240	82.50000000%	[77.1915%, 86.7845%]
241	82.57261411%	[77.2826%, 86.8406%]
242	82.64462810%	[77.3729%, 86.8961%]
243	82.30452675%	[77.0145%, 86.5891%]
244	82.37704918%	[77.1052%, 86.6452%]
245	82.44897959%	[77.1952%, 86.7009%]
246	82.52032520%	[77.2845%, 86.7561%]
247	82.59109312%	[77.3731%, 86.8109%]
248	82.25806452%	[77.0223%, 86.5098%]
249	82.32931727%	[77.1111%, 86.5651%]
250	82.40000000%	[77.1993%, 86.6200%]
251	82.47011952%	[77.2869%, 86.6745%]
252	82.53968254%	[77.3737%, 86.7285%]
253	82.60869565%	[77.4599%, 86.7820%]
254	82.67716535%	[77.5455%, 86.8352%]
255	82.74509804%	[77.6304%, 86.8879%]
256	82.42187500%	[77.2897%, 86.5954%]
257	82.49027237%	[77.3749%, 86.6487%]
258	82.55813953%	[77.4595%, 86.7015%]
259	82.23938224%	[77.1239%, 86.4125%]
260	81.92307692%	[76.7916%, 86.1250%]
261	81.99233716%	[76.8773%, 86.1793%]
262	81.67938931%	[76.5490%, 85.8942%]
263	81.36882129%	[76.2238%, 85.6107%]
264	81.43939394%	[76.3106%, 85.6664%]
265	81.50943396%	[76.3968%, 85.7216%]
266	81.57894737%	[76.4823%, 85.7765%]
267	81.64794007%	[76.5672%, 85.8309%]
268	81.71641791%	[76.6515%, 85.8849%]
269	81.78438662%	[76.7352%, 85.9385%]
270	81.85185185%	[76.8183%, 85.9917%]
271	81.91881919%	[76.9009%, 86.0445%]
272	81.98529412%	[76.9828%, 86.0969%]
273	81.68498168%	[76.6679%, 85.8227%]
274	81.75182482%	[76.7501%, 85.8756%]
275	81.81818182%	[76.8316%, 85.9280%]
276	81.88405797%	[76.9126%, 85.9801%]
277	81.94945848%	[76.9931%, 86.0318%]
278	82.01438849%	[77.0730%, 86.0831%]
279	82.07885305%	[77.1523%, 86.1340%]
280	81.78571429%	[76.8449%, 85.8662%]
281	81.85053381%	[76.9244%, 85.9175%]
282	81.91489362%	[77.0034%, 85.9685%]
283	81.97879859%	[77.0819%, 86.0192%]
284	82.04225352%	[77.1598%, 86.0694%]
285	82.10526316%	[77.2373%, 86.1193%]
286	81.81818182%	[76.9362%, 85.8567%]
287	81.88153310%	[77.0138%, 85.9071%]
288	81.94444444%	[77.0909%, 85.9570%]
289	82.00692042%	[77.1675%, 86.0066%]
290	82.06896552%	[77.2436%, 86.0559%]
291	82.13058419%	[77.3191%, 86.1048%]
292	82.19178082%	[77.3942%, 86.1533%]
293	82.25255973%	[77.4688%, 86.2016%]
294	82.31292517%	[77.5429%, 86.2494%]
295	82.37288136%	[77.6165%, 86.2970%]
296	82.43243243%	[77.6896%, 86.3442%]
297	82.15488215%	[77.3982%, 86.0904%]
298	82.21476510%	[77.4715%, 86.1380%]
299	82.27424749%	[77.5444%, 86.1853%]
300	82.33333333%	[77.6168%, 86.2323%]
301	82.39202658%	[77.6887%, 86.2790%]
302	82.45033113%	[77.7602%, 86.3253%]
303	82.50825083%	[77.8312%, 86.3714%]
304	82.56578947%	[77.9017%, 86.4171%]
305	82.62295082%	[77.9718%, 86.4625%]
306	82.67973856%	[78.0415%, 86.5076%]
307	82.41042345%	[77.7585%, 86.2613%]
308	82.46753247%	[77.8284%, 86.3068%]
309	82.52427184%	[77.8978%, 86.3520%]
310	82.25806452%	[77.6183%, 86.1081%]
311	82.31511254%	[77.6880%, 86.1537%]
312	82.37179487%	[77.7572%, 86.1990%]
313	82.42811502%	[77.8260%, 86.2439%]
314	82.48407643%	[77.8943%, 86.2886%]
315	82.53968254%	[77.9623%, 86.3330%]
316	82.59493671%	[78.0298%, 86.3771%]
317	82.64984227%	[78.0969%, 86.4209%]
318	82.70440252%	[78.1637%, 86.4644%]
319	82.75862069%	[78.2300%, 86.5077%]
320	82.81250000%	[78.2959%, 86.5507%]
321	82.86604361%	[78.3614%, 86.5934%]
322	82.91925466%	[78.4265%, 86.6358%]
323	82.97213622%	[78.4912%, 86.6780%]
324	83.02469136%	[78.5556%, 86.7199%]
325	83.07692308%	[78.6195%, 86.7615%]
326	83.12883436%	[78.6831%, 86.8029%]
327	83.18042813%	[78.7463%, 86.8440%]
328	83.23170732%	[78.8091%, 86.8849%]
329	83.28267477%	[78.8716%, 86.9255%]
330	83.33333333%	[78.9337%, 86.9658%]
331	83.38368580%	[78.9954%, 87.0060%]
332	83.43373494%	[79.0568%, 87.0458%]
333	83.18318318%	[78.7927%, 86.8168%]
334	83.23353293%	[78.8543%, 86.8570%]
335	83.28358209%	[78.9155%, 86.8970%]
336	83.33333333%	[78.9764%, 86.9367%]
337	83.38278932%	[79.0369%, 86.9762%]
338	83.43195266%	[79.0971%, 87.0154%]
339	83.48082596%	[79.1569%, 87.0544%]
340	83.52941176%	[79.2164%, 87.0932%]
341	83.57771261%	[79.2756%, 87.1317%]
342	83.62573099%	[79.3344%, 87.1700%]
343	83.67346939%	[79.3929%, 87.2081%]
344	83.72093023%	[79.4511%, 87.2460%]
345	83.47826087%	[79.1950%, 87.0242%]
346	83.23699422%	[78.9408%, 86.8032%]
347	83.28530259%	[78.9997%, 86.8420%]
348	83.33333333%	[79.0583%, 86.8805%]
349	83.38108883%	[79.1166%, 86.9188%]
350	83.14285714%	[78.8657%, 86.7004%]
351	83.19088319%	[78.9242%, 86.7389%]
352	83.23863636%	[78.9823%, 86.7773%]
353	83.28611898%	[79.0401%, 86.8154%]
354	83.33333333%	[79.0976%, 86.8534%]
355	83.38028169%	[79.1548%, 86.8911%]
356	83.42696629%	[79.2117%, 86.9286%]
357	83.47338936%	[79.2682%, 86.9658%]
358	83.51955307%	[79.3245%, 87.0029%]
359	83.56545961%	[79.3804%, 87.0398%]
360	83.61111111%	[79.4361%, 87.0764%]
361	83.37950139%	[79.1920%, 86.8640%]
362	83.42541436%	[79.2479%, 86.9010%]
363	83.47107438%	[79.3034%, 86.9377%]
364	83.24175824%	[79.0620%, 86.7272%]
365	83.28767123%	[79.1178%, 86.7642%]
366	83.33333333%	[79.1732%, 86.8010%]
367	83.37874659%	[79.2283%, 86.8376%]
368	83.42391304%	[79.2832%, 86.8740%]
369	83.19783198%	[79.0453%, 86.6663%]
370	83.24324324%	[79.1003%, 86.7030%]
371	83.28840970%	[79.1551%, 86.7395%]
372	83.33333333%	[79.2095%, 86.7757%]
373	83.37801609%	[79.2637%, 86.8118%]
374	83.42245989%	[79.3176%, 86.8477%]
375	83.20000000%	[79.0836%, 86.6431%]
376	83.24468085%	[79.1377%, 86.6793%]
377	83.28912467%	[79.1915%, 86.7152%]
378	83.06878307%	[78.9598%, 86.5124%]
379	83.11345646%	[79.0138%, 86.5486%]
380	83.15789474%	[79.0675%, 86.5846%]
381	82.93963255%	[78.8383%, 86.3834%]
382	82.98429319%	[78.8921%, 86.4197%]
383	83.02872063%	[78.9457%, 86.4558%]
384	83.07291667%	[78.9990%, 86.4917%]
385	83.11688312%	[79.0520%, 86.5274%]
386	83.16062176%	[79.1048%, 86.5629%]
387	82.94573643%	[78.8792%, 86.3647%]
388	82.98969072%	[78.9321%, 86.4005%]
389	83.03341902%	[78.9848%, 86.4360%]
390	83.07692308%	[79.0372%, 86.4714%]
391	82.86445013%	[78.8142%, 86.2752%]
392	82.90816327%	[78.8667%, 86.3109%]
393	82.95165394%	[78.9190%, 86.3463%]
394	82.99492386%	[78.9711%, 86.3816%]
395	83.03797468%	[79.0228%, 86.4167%]
396	83.08080808%	[79.0744%, 86.4516%]
397	82.87153652%	[78.8548%, 86.2582%]
398	82.91457286%	[78.9065%, 86.2934%]
399	82.95739348%	[78.9579%, 86.3283%]
400	83.00000000%	[79.0091%, 86.3631%]
401	83.04239401%	[79.0600%, 86.3977%]
402	83.08457711%	[79.1107%, 86.4321%]
403	83.12655087%	[79.1611%, 86.4664%]
404	82.92079208%	[78.9453%, 86.2762%]
405	82.96296296%	[78.9958%, 86.3106%]
406	83.00492611%	[79.0462%, 86.3450%]
407	83.04668305%	[79.0963%, 86.3791%]
408	83.08823529%	[79.1461%, 86.4131%]
409	83.12958435%	[79.1958%, 86.4469%]
410	83.17073171%	[79.2452%, 86.4805%]
411	83.21167883%	[79.2943%, 86.5139%]
412	83.25242718%	[79.3432%, 86.5472%]
413	83.29297821%	[79.3919%, 86.5804%]
414	83.09178744%	[79.1808%, 86.3943%]
415	83.13253012%	[79.2296%, 86.4277%]
416	83.17307692%	[79.2782%, 86.4609%]
417	83.21342926%	[79.3266%, 86.4939%]
418	83.25358852%	[79.3748%, 86.5268%]
419	83.29355609%	[79.4227%, 86.5595%]
420	83.33333333%	[79.4704%, 86.5920%]
421	83.13539192%	[79.2627%, 86.4089%]
422	83.17535545%	[79.3105%, 86.4417%]
423	83.21513002%	[79.3581%, 86.4743%]
424	83.01886792%	[79.1523%, 86.2925%]
425	83.05882353%	[79.2001%, 86.3253%]
426	83.09859155%	[79.2476%, 86.3580%]
427	83.13817330%	[79.2950%, 86.3905%]
428	83.17757009%	[79.3421%, 86.4228%]
429	82.98368298%	[79.1388%, 86.2431%]
430	83.02325581%	[79.1860%, 86.2757%]
431	82.83062645%	[78.9842%, 86.0969%]
432	82.87037037%	[79.0316%, 86.1297%]
433	82.90993072%	[79.0788%, 86.1623%]
434	82.94930876%	[79.1258%, 86.1947%]
435	82.98850575%	[79.1725%, 86.2270%]
436	82.79816514%	[78.9732%, 86.0503%]
437	82.83752860%	[79.0200%, 86.0827%]
438	82.87671233%	[79.0667%, 86.1151%]
439	82.91571754%	[79.1132%, 86.1472%]
440	82.72727273%	[78.9159%, 85.9721%]
441	82.76643991%	[78.9625%, 86.0045%]
442	82.80542986%	[79.0088%, 86.0367%]
443	82.84424379%	[79.0550%, 86.0688%]
444	82.88288288%	[79.1010%, 86.1007%]
445	82.92134831%	[79.1467%, 86.1324%]
446	82.95964126%	[79.1923%, 86.1641%]
447	82.99776286%	[79.2377%, 86.1955%]
448	83.03571429%	[79.2828%, 86.2269%]
449	83.07349666%	[79.3278%, 86.2581%]
450	83.11111111%	[79.3726%, 86.2891%]
451	83.14855876%	[79.4172%, 86.3200%]
452	83.18584071%	[79.4616%, 86.3508%]
453	83.22295806%	[79.5058%, 86.3814%]
454	83.25991189%	[79.5498%, 86.4119%]
455	83.29670330%	[79.5936%, 86.4423%]
456	83.33333333%	[79.6372%, 86.4725%]
457	83.15098468%	[79.4461%, 86.3032%]
458	83.18777293%	[79.4899%, 86.3336%]
459	83.22440087%	[79.5334%, 86.3639%]
460	83.26086957%	[79.5768%, 86.3940%]
461	83.29718004%	[79.6200%, 86.4240%]
462	83.33333333%	[79.6631%, 86.4539%]
463	83.15334773%	[79.4744%, 86.2866%]
464	82.97413793%	[79.2868%, 86.1200%]
465	83.01075269%	[79.3302%, 86.1503%]
466	83.04721030%	[79.3735%, 86.1805%]
467	83.08351178%	[79.4166%, 86.2106%]
468	83.11965812%	[79.4595%, 86.2406%]
469	83.15565032%	[79.5022%, 86.2704%]
470	83.19148936%	[79.5447%, 86.3001%]
471	83.22717622%	[79.5871%, 86.3296%]
472	83.26271186%	[79.6293%, 86.3591%]
473	83.29809725%	[79.6713%, 86.3884%]
474	83.33333333%	[79.7131%, 86.4176%]
475	83.15789474%	[79.5294%, 86.2544%]
476	82.98319328%	[79.3465%, 86.0918%]
477	83.01886792%	[79.3888%, 86.1214%]
478	83.05439331%	[79.4308%, 86.1509%]
479	83.08977035%	[79.4727%, 86.1803%]
480	83.12500000%	[79.5144%, 86.2096%]
481	83.16008316%	[79.5560%, 86.2387%]
482	82.98755187%	[79.3755%, 86.0780%]
483	83.02277433%	[79.4171%, 86.1073%]
484	83.05785124%	[79.4586%, 86.1365%]
485	83.09278351%	[79.4999%, 86.1655%]
486	83.12757202%	[79.5411%, 86.1944%]
487	82.95687885%	[79.3625%, 86.0354%]
488	82.99180328%	[79.4038%, 86.0644%]
489	83.02658487%	[79.4449%, 86.0934%]
490	83.06122449%	[79.4858%, 86.1223%]
491	82.89205703%	[79.3090%, 85.9645%]
492	82.92682927%	[79.3500%, 85.9935%]
493	82.96146045%	[79.3909%, 86.0223%]
494	82.99595142%	[79.4316%, 86.0511%]
495	83.03030303%	[79.4721%, 86.0797%]
496	82.86290323%	[79.2972%, 85.9235%]
497	82.69617706%	[79.1230%, 85.7678%]
498	82.73092369%	[79.1639%, 85.7968%]
499	82.76553106%	[79.2047%, 85.8258%]
500	82.80000000%	[79.2453%, 85.8546%]
501	82.83433134%	[79.2857%, 85.8833%]
502	82.86852590%	[79.3260%, 85.9119%]
503	82.90258449%	[79.3661%, 85.9403%]
504	82.93650794%	[79.4061%, 85.9687%]
505	82.97029703%	[79.4459%, 85.9969%]
506	83.00395257%	[79.4855%, 86.0250%]
507	83.03747535%	[79.5250%, 86.0530%]
508	83.07086614%	[79.5644%, 86.0809%]
509	82.90766208%	[79.3938%, 85.9285%]
510	82.74509804%	[79.2240%, 85.7765%]
511	82.77886497%	[79.2637%, 85.8048%]
512	82.81250000%	[79.3033%, 85.8330%]
513	82.84600390%	[79.3427%, 85.8611%]
514	82.68482490%	[79.1744%, 85.7103%]
515	82.71844660%	[79.2139%, 85.7385%]
516	82.55813953%	[79.0466%, 85.5884%]
517	82.59187621%	[79.0862%, 85.6168%]
518	82.62548263%	[79.1256%, 85.6450%]
519	82.65895954%	[79.1649%, 85.6731%]
520	82.69230769%	[79.2040%, 85.7011%]
521	82.72552783%	[79.2430%, 85.7290%]
522	82.75862069%	[79.2819%, 85.7568%]
523	82.79158700%	[79.3205%, 85.7844%]
524	82.63358779%	[79.1557%, 85.6365%]
525	82.66666667%	[79.1945%, 85.6643%]
526	82.69961977%	[79.2331%, 85.6920%]
527	82.73244782%	[79.2716%, 85.7196%]
528	82.76515152%	[79.3099%, 85.7471%]
529	82.79773157%	[79.3481%, 85.7744%]
530	82.83018868%	[79.3862%, 85.8017%]
531	82.86252354%	[79.4241%, 85.8289%]
532	82.89473684%	[79.4619%, 85.8559%]
533	82.92682927%	[79.4996%, 85.8829%]
534	82.95880150%	[79.5371%, 85.9097%]
535	82.99065421%	[79.5744%, 85.9365%]
536	83.02238806%	[79.6117%, 85.9631%]
537	83.05400372%	[79.6488%, 85.9897%]
538	83.08550186%	[79.6857%, 86.0161%]
539	83.11688312%	[79.7226%, 86.0425%]
540	83.14814815%	[79.7593%, 86.0687%]
541	83.17929760%	[79.7958%, 86.0949%]
542	83.21033210%	[79.8323%, 86.1209%]
543	83.24125230%	[79.8686%, 86.1469%]
544	83.27205882%	[79.9048%, 86.1728%]
545	83.30275229%	[79.9408%, 86.1985%]
546	83.33333333%	[79.9767%, 86.2242%]
547	83.36380256%	[80.0125%, 86.2498%]
548	83.39416058%	[80.0482%, 86.2752%]
549	83.42440801%	[80.0837%, 86.3006%]
550	83.45454545%	[80.1191%, 86.3259%]
551	83.30308530%	[79.9607%, 86.1843%]
552	83.33333333%	[79.9962%, 86.2097%]
553	83.36347197%	[80.0316%, 86.2350%]
554	83.21299639%	[79.8743%, 86.0942%]
555	83.24324324%	[79.9098%, 86.1197%]
556	83.09352518%	[79.7534%, 85.9795%]
557	83.12387792%	[79.7890%, 86.0050%]
558	83.15412186%	[79.8244%, 86.0305%]
559	83.18425760%	[79.8597%, 86.0559%]
560	83.21428571%	[79.8948%, 86.0812%]
561	83.24420677%	[79.9299%, 86.1064%]
562	83.27402135%	[79.9648%, 86.1315%]
563	83.30373002%	[79.9996%, 86.1565%]
564	83.33333333%	[80.0343%, 86.1814%]
565	83.36283186%	[80.0688%, 86.2062%]
566	83.39222615%	[80.1033%, 86.2310%]
567	83.42151675%	[80.1376%, 86.2556%]
568	83.45070423%	[80.1718%, 86.2802%]
569	83.30404218%	[80.0185%, 86.1429%]
570	83.33333333%	[80.0528%, 86.1675%]
571	83.36252189%	[80.0870%, 86.1921%]
572	83.39160839%	[80.1211%, 86.2166%]
573	83.42059337%	[80.1550%, 86.2411%]
574	83.44947735%	[80.1888%, 86.2654%]
575	83.47826087%	[80.2225%, 86.2896%]
576	83.50694444%	[80.2561%, 86.3138%]
577	83.53552860%	[80.2896%, 86.3379%]
578	83.56401384%	[80.3230%, 86.3619%]
579	83.59240069%	[80.3562%, 86.3858%]
580	83.62068966%	[80.3894%, 86.4096%]
581	83.64888124%	[80.4224%, 86.4333%]
582	83.67697595%	[80.4553%, 86.4570%]
583	83.70497427%	[80.4881%, 86.4805%]
584	83.73287671%	[80.5208%, 86.5040%]
585	83.76068376%	[80.5534%, 86.5274%]
586	83.78839590%	[80.5859%, 86.5508%]
587	83.64565588%	[80.4366%, 86.4172%]
588	83.67346939%	[80.4692%, 86.4407%]
589	83.70118846%	[80.5016%, 86.4640%]
590	83.72881356%	[80.5340%, 86.4873%]
591	83.75634518%	[80.5662%, 86.5105%]
592	83.78378378%	[80.5983%, 86.5336%]
593	83.81112985%	[80.6304%, 86.5567%]
594	83.83838384%	[80.6623%, 86.5796%]
595	83.86554622%	[80.6941%, 86.6025%]
596	83.89261745%	[80.7258%, 86.6253%]
597	83.91959799%	[80.7574%, 86.6480%]
598	83.94648829%	[80.7889%, 86.6707%]
599	83.97328881%	[80.8204%, 86.6933%]
600	84.00000000%	[80.8517%, 86.7158%]
601	84.02662230%	[80.8829%, 86.7382%]
602	84.05315615%	[80.9140%, 86.7605%]
603	84.07960199%	[80.9449%, 86.7828%]
604	84.10596026%	[80.9758%, 86.8050%]
605	83.96694215%	[80.8303%, 86.6750%]
606	83.99339934%	[80.8613%, 86.6973%]
607	83.85502471%	[80.7165%, 86.5678%]
608	83.88157895%	[80.7475%, 86.5902%]
609	83.90804598%	[80.7785%, 86.6125%]
610	83.93442623%	[80.8094%, 86.6348%]
611	83.96072013%	[80.8401%, 86.6569%]
612	83.98692810%	[80.8708%, 86.6791%]
613	84.01305057%	[80.9014%, 86.7011%]
614	84.03908795%	[80.9318%, 86.7231%]
615	84.06504065%	[80.9622%, 86.7450%]
616	84.09090909%	[80.9925%, 86.7668%]
617	84.11669368%	[81.0226%, 86.7885%]
618	84.14239482%	[81.0527%, 86.8102%]
619	84.00646204%	[80.9104%, 86.6830%]
620	84.03225806%	[80.9406%, 86.7048%]
621	84.05797101%	[80.9707%, 86.7265%]
622	84.08360129%	[81.0007%, 86.7481%]
623	84.10914928%	[81.0305%, 86.7697%]
624	84.13461538%	[81.0603%, 86.7912%]
625	84.16000000%	[81.0900%, 86.8126%]
626	84.18530351%	[81.1196%, 86.8340%]
627	84.21052632%	[81.1491%, 86.8553%]
628	84.23566879%	[81.1785%, 86.8765%]
629	84.26073132%	[81.2078%, 86.8977%]
630	84.28571429%	[81.2371%, 86.9188%]
631	84.31061807%	[81.2662%, 86.9398%]
632	84.33544304%	[81.2953%, 86.9607%]
633	84.36018957%	[81.3242%, 86.9816%]
634	84.38485804%	[81.3531%, 87.0024%]
635	84.40944882%	[81.3819%, 87.0232%]
636	84.43396226%	[81.4106%, 87.0439%]
637	84.30141287%	[81.2717%, 86.9199%]
638	84.32601881%	[81.3005%, 86.9406%]
639	84.35054773%	[81.3292%, 86.9614%]
640	84.37500000%	[81.3578%, 86.9820%]
641	84.39937598%	[81.3863%, 87.0026%]
642	84.42367601%	[81.4147%, 87.0231%]
643	84.44790047%	[81.4430%, 87.0436%]
644	84.47204969%	[81.4713%, 87.0640%]
645	84.49612403%	[81.4995%, 87.0843%]
646	84.36532508%	[81.3624%, 86.9619%]
647	84.38948995%	[81.3907%, 86.9823%]
648	84.41358025%	[81.4188%, 87.0027%]
649	84.43759630%	[81.4469%, 87.0230%]
650	84.46153846%	[81.4749%, 87.0432%]
651	84.48540707%	[81.5028%, 87.0634%]
652	84.50920245%	[81.5306%, 87.0835%]
653	84.53292496%	[81.5583%, 87.1036%]
654	84.40366972%	[81.4230%, 86.9826%]
655	84.42748092%	[81.4508%, 87.0027%]
656	84.45121951%	[81.4785%, 87.0228%]
657	84.32267884%	[81.3439%, 86.9024%]
658	84.34650456%	[81.3717%, 86.9226%]
659	84.37025797%	[81.3994%, 86.9427%]
660	84.39393939%	[81.4271%, 86.9628%]
661	84.26626324%	[81.2934%, 86.8431%]
662	84.29003021%	[81.3211%, 86.8633%]
663	84.16289593%	[81.1881%, 86.7441%]
664	84.03614458%	[81.0556%, 86.6251%]
665	83.90977444%	[80.9235%, 86.5065%]
666	83.78378378%	[80.7920%, 86.3881%]
667	83.80809595%	[80.8202%, 86.4088%]
668	83.83233533%	[80.8483%, 86.4294%]
669	83.85650224%	[80.8764%, 86.4500%]
670	83.88059701%	[80.9044%, 86.4705%]
671	83.90461997%	[80.9323%, 86.4910%]
672	83.77976190%	[80.8019%, 86.3736%]
673	83.80386330%	[80.8299%, 86.3941%]
674	83.82789318%	[80.8578%, 86.4146%]
675	83.85185185%	[80.8856%, 86.4350%]
676	83.72781065%	[80.7561%, 86.3184%]
677	83.75184638%	[80.7840%, 86.3389%]
678	83.62831858%	[80.6551%, 86.2227%]
679	83.65243004%	[80.6830%, 86.2432%]
680	83.52941176%	[80.5547%, 86.1274%]
681	83.55359765%	[80.5827%, 86.1481%]
682	83.57771261%	[80.6106%, 86.1687%]
683	83.60175695%	[80.6384%, 86.1892%]
684	83.47953216%	[80.5110%, 86.0741%]
685	83.50364964%	[80.5389%, 86.0947%]
686	83.52769679%	[80.5667%, 86.1153%]
687	83.55167394%	[80.5944%, 86.1358%]
688	83.57558140%	[80.6221%, 86.1562%]
689	83.45428157%	[80.4957%, 86.0419%]
690	83.47826087%	[80.5234%, 86.0624%]
691	83.50217077%	[80.5510%, 86.0829%]
692	83.38150289%	[80.4253%, 85.9692%]
693	83.40548341%	[80.4530%, 85.9897%]
694	83.42939481%	[80.4806%, 86.0102%]
695	83.45323741%	[80.5081%, 86.0306%]
696	83.47701149%	[80.5356%, 86.0509%]
697	83.50071736%	[80.5630%, 86.0712%]
698	83.52435530%	[80.5903%, 86.0914%]
699	83.40486409%	[80.4658%, 85.9788%]
700	83.28571429%	[80.3417%, 85.8664%]
701	83.30955777%	[80.3692%, 85.8869%]
702	83.33333333%	[80.3966%, 85.9072%]
703	83.35704125%	[80.4239%, 85.9276%]
704	83.38068182%	[80.4512%, 85.9478%]
705	83.26241135%	[80.3281%, 85.8362%]
706	83.14447592%	[80.2053%, 85.7249%]
707	83.16831683%	[80.2328%, 85.7454%]
708	83.19209040%	[80.2602%, 85.7658%]
709	83.21579690%	[80.2875%, 85.7861%]
710	83.09859155%	[80.1655%, 85.6754%]
711	83.12236287%	[80.1929%, 85.6959%]
712	83.14606742%	[80.2202%, 85.7162%]
713	83.16970547%	[80.2474%, 85.7365%]
714	83.19327731%	[80.2745%, 85.7568%]
715	83.07692308%	[80.1535%, 85.6469%]
716	83.10055866%	[80.1806%, 85.6672%]
717	83.12412831%	[80.2077%, 85.6875%]
718	83.14763231%	[80.2348%, 85.7077%]
719	83.17107093%	[80.2617%, 85.7278%]
720	83.19444444%	[80.2886%, 85.7479%]
721	83.07905687%	[80.1686%, 85.6389%]
722	83.10249307%	[80.1956%, 85.6590%]
723	83.12586445%	[80.2224%, 85.6792%]
724	83.14917127%	[80.2492%, 85.6992%]
725	83.17241379%	[80.2759%, 85.7192%]
726	83.19559229%	[80.3026%, 85.7392%]
727	83.21870702%	[80.3292%, 85.7590%]
728	83.24175824%	[80.3557%, 85.7789%]
729	83.26474623%	[80.3821%, 85.7986%]
730	83.15068493%	[80.2635%, 85.6908%]
731	83.17373461%	[80.2899%, 85.7107%]
732	83.06010929%	[80.1718%, 85.6032%]
733	83.08321965%	[80.1983%, 85.6232%]
734	83.10626703%	[80.2248%, 85.6430%]
735	83.12925170%	[80.2512%, 85.6628%]
736	83.15217391%	[80.2775%, 85.6826%]
737	83.17503392%	[80.3038%, 85.7023%]
738	83.06233062%	[80.1866%, 85.5957%]
739	82.94993234%	[80.0698%, 85.4893%]
740	82.97297297%	[80.0962%, 85.5092%]
741	82.99595142%	[80.1225%, 85.5290%]
742	83.01886792%	[80.1488%, 85.5488%]
743	83.04172275%	[80.1750%, 85.5685%]
744	83.06451613%	[80.2012%, 85.5882%]
745	83.08724832%	[80.2273%, 85.6078%]
746	83.10991957%	[80.2533%, 85.6273%]
747	83.13253012%	[80.2792%, 85.6468%]
748	83.15508021%	[80.3051%, 85.6663%]
749	83.17757009%	[80.3309%, 85.6857%]
750	83.20000000%	[80.3566%, 85.7050%]
751	83.22237017%	[80.3823%, 85.7243%]
752	83.24468085%	[80.4079%, 85.7436%]
753	83.26693227%	[80.4334%, 85.7628%]
754	83.28912467%	[80.4589%, 85.7819%]
755	83.17880795%	[80.3442%, 85.6775%]
756	83.20105820%	[80.3697%, 85.6967%]
757	83.22324967%	[80.3951%, 85.7159%]
758	83.24538259%	[80.4205%, 85.7350%]
759	83.26745718%	[80.4458%, 85.7540%]
760	83.15789474%	[80.3319%, 85.6503%]
761	83.18002628%	[80.3573%, 85.6695%]
762	83.20209974%	[80.3826%, 85.6885%]
763	83.09305374%	[80.2693%, 85.5853%]
764	83.11518325%	[80.2946%, 85.6044%]
765	83.13725490%	[80.3199%, 85.6235%]
766	83.02872063%	[80.2071%, 85.5207%]
767	83.05084746%	[80.2325%, 85.5398%]
768	82.94270833%	[80.1201%, 85.4374%]
769	82.83485046%	[80.0082%, 85.3351%]
770	82.85714286%	[80.0336%, 85.3544%]
771	82.87937743%	[80.0591%, 85.3737%]
772	82.90155440%	[80.0844%, 85.3929%]
773	82.92367400%	[80.1097%, 85.4120%]
774	82.94573643%	[80.1349%, 85.4311%]
775	82.96774194%	[80.1601%, 85.4502%]
776	82.98969072%	[80.1852%, 85.4692%]
777	83.01158301%	[80.2102%, 85.4882%]
778	83.03341902%	[80.2352%, 85.5071%]
779	83.05519897%	[80.2601%, 85.5259%]
780	82.94871795%	[80.1495%, 85.4250%]
781	82.97055058%	[80.1744%, 85.4439%]
782	82.99232737%	[80.1993%, 85.4628%]
783	82.88633461%	[80.0893%, 85.3623%]
784	82.78061224%	[79.9796%, 85.2620%]
785	82.80254777%	[80.0046%, 85.2810%]
786	82.82442748%	[80.0296%, 85.3000%]
787	82.71918679%	[79.9204%, 85.2001%]
788	82.74111675%	[79.9454%, 85.2191%]
789	82.63624842%	[79.8367%, 85.1196%]
790	82.65822785%	[79.8617%, 85.1387%]
791	82.55372946%	[79.7534%, 85.0394%]
792	82.57575758%	[79.7785%, 85.0586%]
793	82.59773014%	[79.8035%, 85.0777%]
794	82.61964736%	[79.8285%, 85.0967%]
795	82.64150943%	[79.8534%, 85.1157%]
796	82.53768844%	[79.7458%, 85.0171%]
797	82.55959849%	[79.7707%, 85.0361%]
798	82.58145363%	[79.7956%, 85.0551%]
799	82.60325407%	[79.8204%, 85.0741%]
800	82.62500000%	[79.8452%, 85.0930%]
801	82.64669164%	[79.8699%, 85.1119%]
802	82.66832918%	[79.8945%, 85.1307%]
803	82.68991283%	[79.9191%, 85.1494%]
804	82.71144279%	[79.9436%, 85.1682%]
805	82.73291925%	[79.9681%, 85.1868%]
806	82.75434243%	[79.9925%, 85.2055%]
807	82.65179678%	[79.8862%, 85.1080%]
808	82.67326733%	[79.9106%, 85.1267%]
809	82.69468480%	[79.9350%, 85.1454%]
810	82.71604938%	[79.9593%, 85.1639%]
811	82.73736128%	[79.9836%, 85.1825%]
812	82.75862069%	[80.0078%, 85.2010%]
813	82.77982780%	[80.0319%, 85.2194%]
814	82.80098280%	[80.0560%, 85.2378%]
815	82.82208589%	[80.0800%, 85.2562%]
816	82.84313725%	[80.1040%, 85.2745%]
817	82.86413709%	[80.1279%, 85.2928%]
818	82.88508557%	[80.1518%, 85.3110%]
819	82.90598291%	[80.1756%, 85.3291%]
820	82.92682927%	[80.1993%, 85.3473%]
821	82.94762485%	[80.2230%, 85.3654%]
822	82.96836983%	[80.2466%, 85.3834%]
823	82.98906440%	[80.2702%, 85.4014%]
824	83.00970874%	[80.2937%, 85.4193%]
825	83.03030303%	[80.3172%, 85.4372%]
826	83.05084746%	[80.3406%, 85.4551%]
827	83.07134220%	[80.3639%, 85.4729%]
828	83.09178744%	[80.3872%, 85.4907%]
829	83.11218335%	[80.4105%, 85.5084%]
830	83.13253012%	[80.4337%, 85.5261%]
831	83.15282792%	[80.4568%, 85.5438%]
832	83.17307692%	[80.4799%, 85.5614%]
833	83.07322929%	[80.3762%, 85.4666%]
834	83.09352518%	[80.3993%, 85.4842%]
835	83.11377246%	[80.4224%, 85.5019%]
836	83.13397129%	[80.4454%, 85.5194%]
837	83.15412186%	[80.4684%, 85.5369%]
838	83.17422434%	[80.4913%, 85.5544%]
839	83.19427890%	[80.5141%, 85.5719%]
840	83.21428571%	[80.5369%, 85.5893%]
841	83.23424495%	[80.5596%, 85.6066%]
842	83.25415677%	[80.5823%, 85.6239%]
843	83.15539739%	[80.4798%, 85.5302%]
844	83.17535545%	[80.5025%, 85.5476%]
845	83.07692308%	[80.4004%, 85.4541%]
846	83.09692671%	[80.4232%, 85.4715%]
847	83.11688312%	[80.4459%, 85.4889%]
848	83.01886792%	[80.3442%, 85.3958%]
849	83.03886926%	[80.3669%, 85.4132%]
850	83.05882353%	[80.3896%, 85.4306%]
851	83.07873090%	[80.4123%, 85.4479%]
852	83.09859155%	[80.4349%, 85.4652%]
853	83.00117233%	[80.3338%, 85.3726%]
854	83.02107728%	[80.3564%, 85.3900%]
855	82.92397661%	[80.2557%, 85.2977%]
856	82.82710280%	[80.1553%, 85.2056%]
857	82.84714119%	[80.1781%, 85.2230%]
858	82.86713287%	[80.2008%, 85.2405%]
859	82.77066356%	[80.1008%, 85.1487%]
860	82.79069767%	[80.1235%, 85.1662%]
861	82.81068525%	[80.1462%, 85.1837%]
862	82.83062645%	[80.1689%, 85.2011%]
863	82.85052144%	[80.1914%, 85.2185%]
864	82.75462963%	[80.0921%, 85.1272%]
865	82.77456647%	[80.1147%, 85.1446%]
866	82.79445727%	[80.1372%, 85.1620%]
867	82.81430219%	[80.1598%, 85.1793%]
868	82.71889401%	[80.0609%, 85.0885%]
869	82.73878021%	[80.0835%, 85.1059%]
870	82.75862069%	[80.1060%, 85.1233%]
871	82.77841561%	[80.1284%, 85.1406%]
872	82.79816514%	[80.1508%, 85.1578%]
873	82.70332188%	[80.0526%, 85.0675%]
874	82.72311213%	[80.0750%, 85.0849%]
875	82.74285714%	[80.0974%, 85.1021%]
876	82.76255708%	[80.1197%, 85.1193%]
877	82.78221209%	[80.1420%, 85.1365%]
878	82.80182232%	[80.1642%, 85.1537%]
879	82.82138794%	[80.1864%, 85.1708%]
880	82.84090909%	[80.2085%, 85.1879%]
881	82.74687855%	[80.1111%, 85.0983%]
882	82.76643991%	[80.1332%, 85.1155%]
883	82.78595696%	[80.1554%, 85.1325%]
884	82.80542986%	[80.1774%, 85.1496%]
885	82.82485876%	[80.1994%, 85.1666%]
886	82.84424379%	[80.2214%, 85.1835%]
887	82.86358512%	[80.2433%, 85.2004%]
888	82.77027027%	[80.1466%, 85.1116%]
889	82.78965129%	[80.1686%, 85.1286%]
890	82.80898876%	[80.1905%, 85.1455%]
891	82.82828283%	[80.2123%, 85.1624%]
892	82.84753363%	[80.2342%, 85.1792%]
893	82.86674132%	[80.2559%, 85.1960%]
894	82.88590604%	[80.2776%, 85.2128%]
895	82.90502793%	[80.2993%, 85.2295%]
896	82.92410714%	[80.3209%, 85.2462%]
897	82.94314381%	[80.3425%, 85.2629%]
898	82.85077951%	[80.2468%, 85.1749%]
899	82.86985539%	[80.2684%, 85.1916%]
900	82.88888889%	[80.2899%, 85.2083%]
901	82.90788013%	[80.3114%, 85.2249%]
902	82.92682927%	[80.3329%, 85.2415%]
903	82.94573643%	[80.3543%, 85.2581%]
904	82.96460177%	[80.3757%, 85.2746%]
905	82.98342541%	[80.3970%, 85.2911%]
906	83.00220751%	[80.4182%, 85.3075%]
907	83.02094818%	[80.4395%, 85.3239%]
908	83.03964758%	[80.4606%, 85.3403%]
909	82.94829483%	[80.3660%, 85.2533%]
910	82.96703297%	[80.3872%, 85.2697%]
911	82.98572997%	[80.4084%, 85.2861%]
912	83.00438596%	[80.4295%, 85.3024%]
913	83.02300110%	[80.4506%, 85.3187%]
914	83.04157549%	[80.4716%, 85.3350%]
915	83.06010929%	[80.4926%, 85.3512%]
916	83.07860262%	[80.5135%, 85.3674%]
917	82.98800436%	[80.4197%, 85.2811%]
918	83.00653595%	[80.4406%, 85.2974%]
919	83.02502720%	[80.4615%, 85.3136%]
920	83.04347826%	[80.4824%, 85.3297%]
921	83.06188925%	[80.5033%, 85.3459%]
922	83.08026030%	[80.5241%, 85.3619%]
923	83.09859155%	[80.5448%, 85.3780%]
924	83.11688312%	[80.5655%, 85.3940%]
925	83.13513514%	[80.5862%, 85.4100%]
926	83.15334773%	[80.6068%, 85.4260%]
927	83.17152104%	[80.6274%, 85.4419%]
928	83.18965517%	[80.6479%, 85.4578%]
929	83.20775027%	[80.6684%, 85.4736%]
930	83.11827957%	[80.5757%, 85.3884%]
931	83.13641246%	[80.5962%, 85.4043%]
932	83.04721030%	[80.5038%, 85.3194%]
933	83.06538049%	[80.5243%, 85.3353%]
934	83.08351178%	[80.5448%, 85.3512%]
935	82.99465241%	[80.4528%, 85.2665%]
936	83.01282051%	[80.4733%, 85.2825%]
937	83.03094984%	[80.4938%, 85.2984%]
938	83.04904051%	[80.5143%, 85.3142%]
939	82.96059638%	[80.4227%, 85.2300%]
940	82.97872340%	[80.4431%, 85.2459%]
941	82.99681190%	[80.4636%, 85.2617%]
942	83.01486200%	[80.4840%, 85.2776%]
943	83.03287381%	[80.5043%, 85.2934%]
944	83.05084746%	[80.5246%, 85.3092%]
945	83.06878307%	[80.5449%, 85.3249%]
946	83.08668076%	[80.5651%, 85.3406%]
947	83.10454065%	[80.5853%, 85.3563%]
948	83.12236287%	[80.6055%, 85.3719%]
949	83.03477345%	[80.5147%, 85.2884%]
950	83.05263158%	[80.5349%, 85.3041%]
951	82.96529968%	[80.4445%, 85.2209%]
952	82.98319328%	[80.4647%, 85.2366%]
953	83.00104932%	[80.4849%, 85.2523%]
954	83.01886792%	[80.5050%, 85.2679%]
955	82.93193717%	[80.4150%, 85.1850%]
956	82.94979079%	[80.4351%, 85.2007%]
957	82.96760711%	[80.4552%, 85.2164%]
958	82.88100209%	[80.3656%, 85.1338%]
959	82.89885297%	[80.3857%, 85.1495%]
960	82.91666667%	[80.4058%, 85.1651%]
961	82.93444329%	[80.4259%, 85.1808%]
962	82.95218295%	[80.4459%, 85.1964%]
963	82.96988577%	[80.4659%, 85.2119%]
964	82.88381743%	[80.3768%, 85.1298%]
965	82.79792746%	[80.2879%, 85.0479%]
966	82.81573499%	[80.3080%, 85.0635%]
967	82.83350569%	[80.3280%, 85.0792%]
968	82.74793388%	[80.2395%, 84.9975%]
969	82.76573787%	[80.2596%, 85.0132%]
970	82.78350515%	[80.2796%, 85.0288%]
971	82.80123584%	[80.2995%, 85.0444%]
972	82.81893004%	[80.3195%, 85.0600%]
973	82.83658787%	[80.3394%, 85.0755%]
974	82.85420945%	[80.3592%, 85.0910%]
975	82.87179487%	[80.3791%, 85.1065%]
976	82.88934426%	[80.3988%, 85.1220%]
977	82.90685773%	[80.4186%, 85.1374%]
978	82.92433538%	[80.4383%, 85.1528%]
979	82.94177732%	[80.4579%, 85.1681%]
980	82.85714286%	[80.3704%, 85.0873%]
981	82.87461774%	[80.3900%, 85.1027%]
982	82.89205703%	[80.4097%, 85.1181%]
983	82.90946083%	[80.4293%, 85.1334%]
984	82.92682927%	[80.4489%, 85.1487%]
985	82.94416244%	[80.4684%, 85.1640%]
986	82.86004057%	[80.3814%, 85.0837%]
987	82.87740628%	[80.4009%, 85.0990%]
988	82.89473684%	[80.4204%, 85.1142%]
989	82.91203236%	[80.4399%, 85.1295%]
990	82.92929293%	[80.4593%, 85.1447%]
991	82.84561049%	[80.3728%, 85.0648%]
992	82.86290323%	[80.3922%, 85.0800%]
993	82.77945619%	[80.3059%, 85.0003%]
994	82.79678068%	[80.3254%, 85.0156%]
995	82.81407035%	[80.3449%, 85.0309%]
996	82.73092369%	[80.2589%, 84.9514%]
997	82.74824473%	[80.2784%, 84.9667%]
998	82.76553106%	[80.2978%, 84.9820%]
999	82.78278278%	[80.3172%, 84.9972%]
1000	82.80000000%	[80.3366%, 85.0124%]
1001	82.81718282%	[80.3559%, 85.0275%]
1002	82.73453094%	[80.2705%, 84.9486%]
1003	82.75174477%	[80.2898%, 84.9637%]
1004	82.76892430%	[80.3091%, 84.9789%]
1005	82.78606965%	[80.3284%, 84.9940%]
1006	82.80318091%	[80.3477%, 85.0091%]
1007	82.82025819%	[80.3669%, 85.0242%]
1008	82.73809524%	[80.2819%, 84.9457%]
1009	82.75520317%	[80.3012%, 84.9608%]
1010	82.77227723%	[80.3203%, 84.9759%]
1011	82.78931751%	[80.3395%, 84.9909%]
1012	82.80632411%	[80.3586%, 85.0059%]
1013	82.82329714%	[80.3777%, 85.0209%]
1014	82.84023669%	[80.3967%, 85.0359%]
1015	82.85714286%	[80.4157%, 85.0508%]
1016	82.87401575%	[80.4347%, 85.0657%]
1017	82.89085546%	[80.4536%, 85.0805%]
1018	82.90766208%	[80.4725%, 85.0954%]
1019	82.92443572%	[80.4914%, 85.1102%]
1020	82.94117647%	[80.5102%, 85.1249%]
1021	82.85994123%	[80.4262%, 85.0473%]
1022	82.77886497%	[80.3424%, 84.9698%]
1023	82.79569892%	[80.3613%, 84.9847%]
1024	82.81250000%	[80.3802%, 84.9995%]
1025	82.82926829%	[80.3990%, 85.0144%]
1026	82.84600390%	[80.4178%, 85.0291%]
1027	82.86270691%	[80.4366%, 85.0439%]
1028	82.78210117%	[80.3533%, 84.9668%]
1029	82.79883382%	[80.3721%, 84.9816%]
1030	82.71844660%	[80.2890%, 84.9048%]
1031	82.73520854%	[80.3078%, 84.9196%]
1032	82.75193798%	[80.3266%, 84.9344%]
1033	82.76863504%	[80.3453%, 84.9491%]
1034	82.78529981%	[80.3640%, 84.9639%]
1035	82.80193237%	[80.3827%, 84.9786%]
1036	82.72200772%	[80.3001%, 84.9022%]
1037	82.73866924%	[80.3188%, 84.9169%]
1038	82.75529865%	[80.3375%, 84.9316%]
1039	82.77189605%	[80.3561%, 84.9463%]
1040	82.69230769%	[80.2738%, 84.8701%]
1041	82.70893372%	[80.2925%, 84.8849%]
1042	82.72552783%	[80.3111%, 84.8995%]
1043	82.74209012%	[80.3297%, 84.9142%]
1044	82.66283525%	[80.2478%, 84.8384%]
1045	82.67942584%	[80.2664%, 84.8531%]
1046	82.69598470%	[80.2850%, 84.8677%]
1047	82.61700096%	[80.2034%, 84.7921%]
1048	82.63358779%	[80.2220%, 84.8068%]
1049	82.65014299%	[80.2405%, 84.8215%]
1050	82.66666667%	[80.2591%, 84.8361%]
1051	82.68315890%	[80.2776%, 84.8507%]
1052	82.69961977%	[80.2960%, 84.8653%]
1053	82.71604938%	[80.3144%, 84.8798%]
1054	82.73244782%	[80.3328%, 84.8944%]
1055	82.65402844%	[80.2518%, 84.8193%]
1056	82.67045455%	[80.2702%, 84.8339%]
1057	82.68684957%	[80.2886%, 84.8484%]
1058	82.70321361%	[80.3069%, 84.8629%]
1059	82.62511804%	[80.2263%, 84.7881%]
1060	82.64150943%	[80.2446%, 84.8027%]
1061	82.65786993%	[80.2630%, 84.8171%]
1062	82.67419962%	[80.2813%, 84.8316%]
1063	82.59642521%	[80.2009%, 84.7572%]
1064	82.61278195%	[80.2193%, 84.7717%]
1065	82.53521127%	[80.1392%, 84.6974%]
1066	82.55159475%	[80.1575%, 84.7119%]
1067	82.56794752%	[80.1758%, 84.7264%]
1068	82.49063670%	[80.0960%, 84.6524%]
1069	82.50701590%	[80.1143%, 84.6669%]
1070	82.42990654%	[80.0348%, 84.5930%]
1071	82.44631186%	[80.0531%, 84.6076%]
1072	82.36940299%	[79.9737%, 84.5339%]
1073	82.38583411%	[79.9921%, 84.5485%]
1074	82.40223464%	[80.0105%, 84.5630%]
1075	82.32558140%	[79.9314%, 84.4896%]
1076	82.34200743%	[79.9497%, 84.5042%]
1077	82.35840297%	[79.9681%, 84.5187%]
1078	82.37476809%	[79.9864%, 84.5333%]
1079	82.39110287%	[80.0046%, 84.5478%]
1080	82.40740741%	[80.0228%, 84.5623%]
1081	82.42368178%	[80.0410%, 84.5767%]
1082	82.34750462%	[79.9624%, 84.5037%]
1083	82.36380425%	[79.9807%, 84.5182%]
1084	82.38007380%	[79.9988%, 84.5326%]
1085	82.39631336%	[80.0170%, 84.5471%]
1086	82.41252302%	[80.0351%, 84.5615%]
1087	82.42870285%	[80.0532%, 84.5758%]
1088	82.44485294%	[80.0712%, 84.5902%]
1089	82.46097337%	[80.0892%, 84.6045%]
1090	82.47706422%	[80.1072%, 84.6188%]
1091	82.40146654%	[80.0292%, 84.5463%]
1092	82.32600733%	[79.9514%, 84.4740%]
1093	82.34217749%	[79.9695%, 84.4884%]
1094	82.35831810%	[79.9875%, 84.5027%]
1095	82.28310502%	[79.9099%, 84.4306%]
1096	82.29927007%	[79.9280%, 84.4450%]
1097	82.31540565%	[79.9460%, 84.4593%]
1098	82.33151184%	[79.9640%, 84.4736%]
1099	82.34758872%	[79.9819%, 84.4879%]
1100	82.36363636%	[79.9998%, 84.5022%]
1101	82.37965486%	[80.0177%, 84.5164%]
1102	82.30490018%	[79.9406%, 84.4447%]
1103	82.32094288%	[79.9585%, 84.4590%]
1104	82.33695652%	[79.9764%, 84.4733%]
1105	82.35294118%	[79.9942%, 84.4875%]
1106	82.27848101%	[79.9175%, 84.4161%]
1107	82.29448961%	[79.9353%, 84.4303%]
1108	82.31046931%	[79.9531%, 84.4445%]
1109	82.32642020%	[79.9709%, 84.4587%]
1110	82.34234234%	[79.9887%, 84.4729%]
1111	82.26822682%	[79.9123%, 84.4018%]
1112	82.28417266%	[79.9301%, 84.4160%]
1113	82.30008985%	[79.9478%, 84.4301%]
1114	82.31597846%	[79.9656%, 84.4443%]
1115	82.24215247%	[79.8894%, 84.3735%]
1116	82.25806452%	[79.9072%, 84.3876%]
1117	82.27394808%	[79.9249%, 84.4018%]
1118	82.28980322%	[79.9426%, 84.4159%]
1119	82.30563003%	[79.9602%, 84.4300%]
1120	82.23214286%	[79.8845%, 84.3595%]
1121	82.15878680%	[79.8089%, 84.2890%]
1122	82.17468806%	[79.8266%, 84.3032%]
1123	82.19056100%	[79.8443%, 84.3174%]
1124	82.20640569%	[79.8619%, 84.3315%]
1125	82.22222222%	[79.8796%, 84.3456%]
1126	82.23801066%	[79.8972%, 84.3596%]
1127	82.25377107%	[79.9147%, 84.3737%]
1128	82.26950355%	[79.9323%, 84.3877%]
1129	82.28520815%	[79.9498%, 84.4017%]
1130	82.30088496%	[79.9672%, 84.4157%]
1131	82.22811671%	[79.8922%, 84.3458%]
1132	82.24381625%	[79.9097%, 84.3598%]
1133	82.25948808%	[79.9272%, 84.3738%]
1134	82.27513228%	[79.9446%, 84.3877%]
1135	82.29074890%	[79.9620%, 84.4016%]
1136	82.30633803%	[79.9794%, 84.4155%]
1137	82.32189974%	[79.9967%, 84.4294%]
1138	82.33743409%	[80.0140%, 84.4432%]
1139	82.35294118%	[80.0313%, 84.4571%]
1140	82.36842105%	[80.0486%, 84.4709%]
1141	82.38387379%	[80.0658%, 84.4846%]
1142	82.39929947%	[80.0830%, 84.4984%]
1143	82.41469816%	[80.1001%, 84.5121%]
1144	82.43006993%	[80.1173%, 84.5258%]
1145	82.44541485%	[80.1344%, 84.5395%]
1146	82.46073298%	[80.1515%, 84.5531%]
1147	82.47602441%	[80.1685%, 84.5667%]
1148	82.49128920%	[80.1855%, 84.5803%]
1149	82.41949521%	[80.1115%, 84.5114%]
1150	82.43478261%	[80.1285%, 84.5251%]
1151	82.45004344%	[80.1455%, 84.5387%]
1152	82.46527778%	[80.1625%, 84.5523%]
1153	82.48048569%	[80.1795%, 84.5658%]
1154	82.49566724%	[80.1964%, 84.5793%]
1155	82.42424242%	[80.1227%, 84.5108%]
1156	82.43944637%	[80.1397%, 84.5243%]
1157	82.45462403%	[80.1566%, 84.5379%]
1158	82.46977547%	[80.1735%, 84.5514%]
1159	82.39861950%	[80.1001%, 84.4831%]
1160	82.32758621%	[80.0269%, 84.4149%]
1161	82.34280792%	[80.0438%, 84.4285%]
1162	82.35800344%	[80.0607%, 84.4420%]
1163	82.28718831%	[79.9878%, 84.3740%]
1164	82.30240550%	[80.0047%, 84.3876%]
1165	82.31759657%	[80.0216%, 84.4012%]
1166	82.33276158%	[80.0385%, 84.4147%]
1167	82.34790060%	[80.0553%, 84.4282%]
1168	82.36301370%	[80.0722%, 84.4417%]
1169	82.37810094%	[80.0890%, 84.4552%]
1170	82.39316239%	[80.1057%, 84.4686%]
1171	82.40819812%	[80.1225%, 84.4820%]
1172	82.42320819%	[80.1392%, 84.4954%]
1173	82.43819267%	[80.1558%, 84.5088%]
1174	82.45315162%	[80.1725%, 84.5221%]
1175	82.46808511%	[80.1891%, 84.5355%]
1176	82.48299320%	[80.2057%, 84.5488%]
1177	82.49787596%	[80.2223%, 84.5620%]
1178	82.51273345%	[80.2388%, 84.5753%]
1179	82.52756573%	[80.2553%, 84.5885%]
1180	82.54237288%	[80.2718%, 84.6017%]
1181	82.55715495%	[80.2883%, 84.6149%]
1182	82.57191201%	[80.3047%, 84.6281%]
1183	82.58664413%	[80.3211%, 84.6412%]
1184	82.60135135%	[80.3375%, 84.6544%]
1185	82.61603376%	[80.3538%, 84.6675%]
1186	82.63069140%	[80.3702%, 84.6805%]
1187	82.56107835%	[80.2984%, 84.6137%]
1188	82.57575758%	[80.3147%, 84.6268%]
1189	82.50630782%	[80.2431%, 84.5601%]
1190	82.52100840%	[80.2595%, 84.5732%]
1191	82.45172124%	[80.1881%, 84.5067%]
1192	82.46644295%	[80.2044%, 84.5199%]
1193	82.39731769%	[80.1332%, 84.4535%]
1194	82.41206030%	[80.1496%, 84.4666%]
1195	82.42677824%	[80.1660%, 84.4798%]
1196	82.44147157%	[80.1823%, 84.4929%]
1197	82.37259816%	[80.1113%, 84.4267%]
1198	82.30383973%	[80.0405%, 84.3607%]
1199	82.31859883%	[80.0569%, 84.3739%]
1200	82.33333333%	[80.0733%, 84.3870%]
1201	82.34804330%	[80.0896%, 84.4002%]
1202	82.36272879%	[80.1059%, 84.4133%]
1203	82.37738986%	[80.1222%, 84.4264%]
1204	82.39202658%	[80.1385%, 84.4395%]
1205	82.40663900%	[80.1547%, 84.4526%]
1206	82.33830846%	[80.0844%, 84.3869%]
1207	82.35294118%	[80.1006%, 84.4000%]
1208	82.28476821%	[80.0304%, 84.3345%]
1209	82.29942101%	[80.0467%, 84.3476%]
1210	82.23140496%	[79.9766%, 84.2822%]
1211	82.24607762%	[79.9929%, 84.2953%]
1212	82.26072607%	[80.0092%, 84.3084%]
1213	82.19291014%	[79.9393%, 84.2432%]
1214	82.20757825%	[79.9556%, 84.2563%]
1215	82.22222222%	[79.9719%, 84.2695%]
1216	82.23684211%	[79.9881%, 84.2825%]
1217	82.25143796%	[80.0043%, 84.2956%]
1218	82.26600985%	[80.0205%, 84.3086%]
1219	82.28055783%	[80.0366%, 84.3217%]
1220	82.29508197%	[80.0528%, 84.3347%]
1221	82.30958231%	[80.0689%, 84.3476%]
1222	82.32405892%	[80.0849%, 84.3606%]
1223	82.33851186%	[80.1010%, 84.3735%]
1224	82.35294118%	[80.1170%, 84.3864%]
1225	82.28571429%	[80.0478%, 84.3218%]
1226	82.30016313%	[80.0638%, 84.3347%]
1227	82.23308883%	[79.9947%, 84.2702%]
1228	82.24755700%	[80.0108%, 84.2832%]
1229	82.26200163%	[80.0268%, 84.2961%]
1230	82.27642276%	[80.0428%, 84.3090%]
1231	82.29082047%	[80.0588%, 84.3219%]
1232	82.30519481%	[80.0747%, 84.3348%]
1233	82.31954582%	[80.0907%, 84.3477%]
1234	82.33387358%	[80.1066%, 84.3605%]
1235	82.34817814%	[80.1224%, 84.3733%]
1236	82.36245955%	[80.1383%, 84.3861%]
1237	82.37671787%	[80.1541%, 84.3989%]
1238	82.39095315%	[80.1699%, 84.4116%]
1239	82.40516546%	[80.1857%, 84.4243%]
1240	82.41935484%	[80.2014%, 84.4370%]
1241	82.43352135%	[80.2172%, 84.4497%]
1242	82.44766506%	[80.2329%, 84.4624%]
1243	82.46178600%	[80.2485%, 84.4750%]
1244	82.47588424%	[80.2642%, 84.4876%]
1245	82.48995984%	[80.2798%, 84.5002%]
1246	82.50401284%	[80.2954%, 84.5128%]
1247	82.51804330%	[80.3110%, 84.5254%]
1248	82.53205128%	[80.3265%, 84.5379%]
1249	82.54603683%	[80.3421%, 84.5504%]
1250	82.56000000%	[80.3576%, 84.5629%]
1251	82.49400480%	[80.2896%, 84.4995%]
1252	82.50798722%	[80.3051%, 84.5120%]
1253	82.52194733%	[80.3206%, 84.5245%]
1254	82.53588517%	[80.3361%, 84.5370%]
1255	82.54980080%	[80.3515%, 84.5494%]
1256	82.48407643%	[80.2838%, 84.4863%]
1257	82.49801114%	[80.2993%, 84.4987%]
1258	82.51192369%	[80.3147%, 84.5112%]
1259	82.52581414%	[80.3301%, 84.5236%]
1260	82.46031746%	[80.2626%, 84.4607%]
1261	82.47422680%	[80.2781%, 84.4731%]
1262	82.48811410%	[80.2935%, 84.4856%]
1263	82.50197941%	[80.3089%, 84.4980%]
1264	82.43670886%	[80.2416%, 84.4352%]
1265	82.45059289%	[80.2570%, 84.4477%]
1266	82.46445498%	[80.2724%, 84.4601%]
1267	82.47829519%	[80.2877%, 84.4725%]
1268	82.49211356%	[80.3031%, 84.4849%]
1269	82.50591017%	[80.3184%, 84.4972%]
1270	82.51968504%	[80.3337%, 84.5096%]
1271	82.53343824%	[80.3489%, 84.5219%]
1272	82.46855346%	[80.2821%, 84.4595%]
1273	82.48232522%	[80.2973%, 84.4719%]
1274	82.49607535%	[80.3126%, 84.4842%]
1275	82.43137255%	[80.2460%, 84.4219%]
1276	82.44514107%	[80.2612%, 84.4343%]
1277	82.45888802%	[80.2765%, 84.4466%]
1278	82.47261346%	[80.2917%, 84.4589%]
1279	82.48631744%	[80.3069%, 84.4712%]
1280	82.42187500%	[80.2405%, 84.4092%]
1281	82.35753318%	[80.1743%, 84.3473%]
1282	82.37129485%	[80.1895%, 84.3597%]
1283	82.38503507%	[80.2047%, 84.3720%]
1284	82.39875389%	[80.2199%, 84.3843%]
1285	82.41245136%	[80.2351%, 84.3966%]
1286	82.42612753%	[80.2503%, 84.4088%]
1287	82.43978244%	[80.2654%, 84.4211%]
1288	82.45341615%	[80.2805%, 84.4333%]
1289	82.46702870%	[80.2956%, 84.4455%]
1290	82.40310078%	[80.2298%, 84.3840%]
1291	82.41673122%	[80.2449%, 84.3963%]
1292	82.43034056%	[80.2599%, 84.4085%]
1293	82.44392885%	[80.2750%, 84.4207%]
1294	82.45749614%	[80.2900%, 84.4328%]
1295	82.39382239%	[80.2245%, 84.3716%]
1296	82.40740741%	[80.2395%, 84.3838%]
1297	82.42097147%	[80.2545%, 84.3959%]
1298	82.43451464%	[80.2695%, 84.4081%]
1299	82.44803695%	[80.2845%, 84.4202%]
1300	82.46153846%	[80.2995%, 84.4323%]
1301	82.47501922%	[80.3144%, 84.4444%]
1302	82.48847926%	[80.3293%, 84.4565%]
1303	82.50191865%	[80.3442%, 84.4686%]
1304	82.51533742%	[80.3590%, 84.4806%]
1305	82.52873563%	[80.3739%, 84.4926%]
1306	82.54211332%	[80.3887%, 84.5046%]
1307	82.55547054%	[80.4035%, 84.5166%]
1308	82.56880734%	[80.4183%, 84.5286%]
1309	82.50572956%	[80.3533%, 84.4679%]
1310	82.51908397%	[80.3681%, 84.4799%]
1311	82.53241800%	[80.3829%, 84.4919%]
1312	82.54573171%	[80.3976%, 84.5038%]
1313	82.55902513%	[80.4123%, 84.5157%]
1314	82.57229833%	[80.4270%, 84.5277%]
1315	82.58555133%	[80.4417%, 84.5396%]
1316	82.59878419%	[80.4564%, 84.5514%]
1317	82.61199696%	[80.4710%, 84.5633%]
1318	82.62518968%	[80.4856%, 84.5751%]
1319	82.63836240%	[80.5002%, 84.5870%]
1320	82.57575758%	[80.4357%, 84.5267%]
1321	82.58894777%	[80.4503%, 84.5386%]
1322	82.60211800%	[80.4649%, 84.5504%]
1323	82.61526833%	[80.4795%, 84.5622%]
1324	82.62839879%	[80.4940%, 84.5740%]
1325	82.64150943%	[80.5085%, 84.5857%]
1326	82.65460030%	[80.5230%, 84.5975%]
1327	82.66767144%	[80.5375%, 84.6092%]
1328	82.68072289%	[80.5520%, 84.6210%]
1329	82.69375470%	[80.5664%, 84.6326%]
1330	82.70676692%	[80.5808%, 84.6443%]
1331	82.71975958%	[80.5952%, 84.6560%]
1332	82.73273273%	[80.6096%, 84.6676%]
1333	82.74568642%	[80.6239%, 84.6793%]
1334	82.75862069%	[80.6382%, 84.6909%]
1335	82.77153558%	[80.6525%, 84.7025%]
1336	82.70958084%	[80.5887%, 84.6429%]
1337	82.72251309%	[80.6031%, 84.6545%]
1338	82.73542601%	[80.6174%, 84.6661%]
1339	82.74831964%	[80.6316%, 84.6776%]
1340	82.76119403%	[80.6459%, 84.6892%]
1341	82.77404922%	[80.6601%, 84.7007%]
1342	82.78688525%	[80.6743%, 84.7123%]
1343	82.72524200%	[80.6108%, 84.6530%]
1344	82.73809524%	[80.6251%, 84.6645%]
1345	82.75092937%	[80.6393%, 84.6760%]
1346	82.76374443%	[80.6535%, 84.6875%]
1347	82.77654046%	[80.6676%, 84.6990%]
1348	82.71513353%	[80.6044%, 84.6399%]
1349	82.72794663%	[80.6186%, 84.6515%]
1350	82.74074074%	[80.6327%, 84.6629%]
1351	82.75351591%	[80.6469%, 84.6744%]
1352	82.76627219%	[80.6610%, 84.6859%]
1353	82.77900961%	[80.6751%, 84.6973%]
1354	82.79172821%	[80.6892%, 84.7087%]
1355	82.80442804%	[80.7032%, 84.7201%]
1356	82.74336283%	[80.6403%, 84.6614%]
1357	82.75607959%	[80.6544%, 84.6728%]
1358	82.76877761%	[80.6685%, 84.6842%]
1359	82.78145695%	[80.6825%, 84.6956%]
1360	82.79411765%	[80.6965%, 84.7070%]
1361	82.80675974%	[80.7105%, 84.7183%]
1362	82.81938326%	[80.7245%, 84.7297%]
1363	82.83198826%	[80.7384%, 84.7410%]
1364	82.77126100%	[80.6759%, 84.6826%]
1365	82.78388278%	[80.6898%, 84.6939%]
1366	82.79648609%	[80.7038%, 84.7052%]
1367	82.80907096%	[80.7177%, 84.7165%]
1368	82.82163743%	[80.7316%, 84.7278%]
1369	82.83418554%	[80.7455%, 84.7391%]
1370	82.84671533%	[80.7594%, 84.7504%]
1371	82.85922684%	[80.7732%, 84.7616%]
1372	82.79883382%	[80.7110%, 84.7035%]
1373	82.81136198%	[80.7249%, 84.7148%]
1374	82.75109170%	[80.6628%, 84.6567%]
1375	82.69090909%	[80.6009%, 84.5988%]
1376	82.70348837%	[80.6148%, 84.6101%]
1377	82.71604938%	[80.6286%, 84.6214%]
1378	82.65602322%	[80.5669%, 84.5636%]
1379	82.59608412%	[80.5052%, 84.5059%]
1380	82.53623188%	[80.4436%, 84.4483%]
1381	82.47646633%	[80.3821%, 84.3907%]
1382	82.48914616%	[80.3961%, 84.4021%]
1383	82.50180766%	[80.4101%, 84.4135%]
1384	82.51445087%	[80.4240%, 84.4249%]
1385	82.52707581%	[80.4380%, 84.4362%]
1386	82.53968254%	[80.4519%, 84.4476%]
1387	82.55227109%	[80.4658%, 84.4589%]
1388	82.56484150%	[80.4797%, 84.4702%]
1389	82.57739381%	[80.4935%, 84.4815%]
1390	82.51798561%	[80.4324%, 84.4243%]
1391	82.53055356%	[80.4463%, 84.4356%]
1392	82.47126437%	[80.3853%, 84.3785%]
1393	82.48384781%	[80.3992%, 84.3898%]
1394	82.49641320%	[80.4131%, 84.4012%]
1395	82.43727599%	[80.3522%, 84.3442%]
1396	82.44985673%	[80.3661%, 84.3555%]
1397	82.46241947%	[80.3800%, 84.3668%]
1398	82.47496423%	[80.3938%, 84.3781%]
1399	82.48749107%	[80.4076%, 84.3894%]
1400	82.50000000%	[80.4215%, 84.4007%]
1401	82.44111349%	[80.3609%, 84.3439%]
1402	82.45363766%	[80.3747%, 84.3552%]
1403	82.46614398%	[80.3885%, 84.3665%]
1404	82.47863248%	[80.4023%, 84.3777%]
1405	82.41992883%	[80.3419%, 84.3212%]
1406	82.43243243%	[80.3557%, 84.3324%]
1407	82.44491827%	[80.3695%, 84.3437%]
1408	82.45738636%	[80.3832%, 84.3549%]
1409	82.46983676%	[80.3970%, 84.3661%]
1410	82.48226950%	[80.4107%, 84.3774%]
1411	82.49468462%	[80.4244%, 84.3885%]
1412	82.50708215%	[80.4380%, 84.3997%]
1413	82.51946214%	[80.4517%, 84.4109%]
1414	82.53182461%	[80.4653%, 84.4220%]
1415	82.54416961%	[80.4790%, 84.4331%]
1416	82.55649718%	[80.4926%, 84.4443%]
1417	82.56880734%	[80.5062%, 84.4554%]
1418	82.58110014%	[80.5197%, 84.4664%]
1419	82.52290345%	[80.4599%, 84.4103%]
1420	82.53521127%	[80.4734%, 84.4214%]
1421	82.47712878%	[80.4137%, 84.3655%]
1422	82.48945148%	[80.4273%, 84.3766%]
1423	82.50175685%	[80.4408%, 84.3877%]
1424	82.51404494%	[80.4544%, 84.3987%]
1425	82.45614035%	[80.3948%, 84.3429%]
1426	82.46844320%	[80.4084%, 84.3540%]
1427	82.41065172%	[80.3490%, 84.2983%]
1428	82.42296919%	[80.3626%, 84.3094%]
1429	82.43526942%	[80.3761%, 84.3205%]
1430	82.44755245%	[80.3897%, 84.3316%]
1431	82.38993711%	[80.3304%, 84.2760%]
1432	82.40223464%	[80.3440%, 84.2871%]
1433	82.41451500%	[80.3575%, 84.2982%]
1434	82.42677824%	[80.3710%, 84.3093%]
1435	82.36933798%	[80.3120%, 84.2539%]
1436	82.31197772%	[80.2530%, 84.1985%]
1437	82.32428671%	[80.2666%, 84.2097%]
1438	82.33657858%	[80.2801%, 84.2208%]
1439	82.34885337%	[80.2936%, 84.2318%]
1440	82.29166667%	[80.2348%, 84.1767%]
1441	82.23455933%	[80.1761%, 84.1216%]
1442	82.17753121%	[80.1175%, 84.0665%]
1443	82.18988219%	[80.1311%, 84.0777%]
1444	82.20221607%	[80.1447%, 84.0888%]
1445	82.21453287%	[80.1583%, 84.1000%]
1446	82.22683264%	[80.1718%, 84.1111%]
1447	82.23911541%	[80.1853%, 84.1222%]
1448	82.25138122%	[80.1988%, 84.1333%]
1449	82.19461698%	[80.1405%, 84.0785%]
1450	82.13793103%	[80.0823%, 84.0238%]
1451	82.15024121%	[80.0958%, 84.0349%]
1452	82.16253444%	[80.1093%, 84.0460%]
1453	82.10598761%	[80.0512%, 83.9914%]
1454	82.04951857%	[79.9932%, 83.9369%]
1455	82.06185567%	[80.0068%, 83.9480%]
1456	82.00549451%	[79.9489%, 83.8936%]
1457	82.01784489%	[79.9625%, 83.9048%]
1458	81.96159122%	[79.9047%, 83.8505%]
1459	81.97395476%	[79.9183%, 83.8616%]
1460	81.98630137%	[79.9319%, 83.8728%]
1461	81.99863107%	[79.9455%, 83.8840%]
1462	82.01094391%	[79.9590%, 83.8951%]
1463	82.02323992%	[79.9725%, 83.9062%]
1464	82.03551913%	[79.9860%, 83.9174%]
1465	82.04778157%	[79.9995%, 83.9285%]
1466	82.06002729%	[80.0129%, 83.9395%]
1467	82.07225631%	[80.0264%, 83.9506%]
1468	82.08446866%	[80.0398%, 83.9616%]
1469	82.09666440%	[80.0532%, 83.9727%]
1470	82.10884354%	[80.0666%, 83.9837%]
1471	82.12100612%	[80.0800%, 83.9947%]
1472	82.13315217%	[80.0933%, 84.0057%]
1473	82.14528174%	[80.1067%, 84.0167%]
1474	82.15739484%	[80.1200%, 84.0276%]
1475	82.16949153%	[80.1333%, 84.0386%]
1476	82.18157182%	[80.1466%, 84.0495%]
1477	82.19363575%	[80.1598%, 84.0604%]
1478	82.13802436%	[80.1027%, 84.0067%]
1479	82.15010142%	[80.1160%, 84.0176%]
1480	82.16216216%	[80.1292%, 84.0286%]
1481	82.17420662%	[80.1425%, 84.0395%]
1482	82.18623482%	[80.1557%, 84.0503%]
1483	82.19824680%	[80.1689%, 84.0612%]
1484	82.21024259%	[80.1821%, 84.0721%]
1485	82.22222222%	[80.1953%, 84.0829%]
1486	82.23418573%	[80.2084%, 84.0937%]
1487	82.24613315%	[80.2216%, 84.1045%]
1488	82.25806452%	[80.2347%, 84.1153%]
1489	82.26997985%	[80.2478%, 84.1261%]
1490	82.28187919%	[80.2609%, 84.1369%]
1491	82.29376258%	[80.2739%, 84.1476%]
1492	82.23860590%	[80.2173%, 84.0944%]
1493	82.25050234%	[80.2303%, 84.1051%]
1494	82.26238286%	[80.2434%, 84.1159%]
1495	82.27424749%	[80.2564%, 84.1266%]
1496	82.28609626%	[80.2695%, 84.1373%]
1497	82.29792919%	[80.2825%, 84.1481%]
1498	82.30974633%	[80.2955%, 84.1587%]
1499	82.32154770%	[80.3084%, 84.1694%]
1500	82.26666667%	[80.2521%, 84.1164%]
1501	82.27848101%	[80.2650%, 84.1271%]
1502	82.29027963%	[80.2780%, 84.1378%]
1503	82.30206254%	[80.2910%, 84.1485%]
1504	82.31382979%	[80.3039%, 84.1591%]
1505	82.32558140%	[80.3168%, 84.1698%]
1506	82.33731740%	[80.3297%, 84.1804%]
1507	82.34903782%	[80.3426%, 84.1910%]
1508	82.36074271%	[80.3555%, 84.2016%]
1509	82.37243207%	[80.3683%, 84.2122%]
1510	82.38410596%	[80.3811%, 84.2227%]
1511	82.32958306%	[80.3251%, 84.1701%]
1512	82.34126984%	[80.3380%, 84.1807%]
1513	82.35294118%	[80.3508%, 84.1912%]
1514	82.36459709%	[80.3636%, 84.2018%]
1515	82.31023102%	[80.3078%, 84.1493%]
1516	82.32189974%	[80.3206%, 84.1598%]
1517	82.33355307%	[80.3334%, 84.1704%]
1518	82.34519104%	[80.3462%, 84.1809%]
1519	82.35681369%	[80.3589%, 84.1914%]
1520	82.36842105%	[80.3717%, 84.2020%]
1521	82.38001315%	[80.3844%, 84.2124%]
1522	82.39159001%	[80.3972%, 84.2229%]
1523	82.40315167%	[80.4099%, 84.2334%]
1524	82.41469816%	[80.4225%, 84.2439%]
1525	82.42622951%	[80.4352%, 84.2543%]
1526	82.43774574%	[80.4479%, 84.2647%]
1527	82.44924689%	[80.4605%, 84.2751%]
1528	82.46073298%	[80.4731%, 84.2855%]
1529	82.47220405%	[80.4857%, 84.2959%]
1530	82.41830065%	[80.4304%, 84.2439%]
1531	82.42978445%	[80.4430%, 84.2543%]
1532	82.44125326%	[80.4556%, 84.2646%]
1533	82.45270711%	[80.4682%, 84.2750%]
1534	82.46414602%	[80.4807%, 84.2854%]
1535	82.47557003%	[80.4933%, 84.2957%]
1536	82.48697917%	[80.5058%, 84.3060%]
1537	82.49837345%	[80.5183%, 84.3164%]
1538	82.44473342%	[80.4632%, 84.2646%]
1539	82.45614035%	[80.4758%, 84.2749%]
1540	82.46753247%	[80.4883%, 84.2852%]
1541	82.47890980%	[80.5008%, 84.2955%]
1542	82.49027237%	[80.5133%, 84.3058%]
1543	82.50162022%	[80.5257%, 84.3161%]
1544	82.51295337%	[80.5382%, 84.3263%]
1545	82.52427184%	[80.5506%, 84.3366%]
1546	82.53557568%	[80.5630%, 84.3468%]
1547	82.54686490%	[80.5754%, 84.3570%]
1548	82.49354005%	[80.5206%, 84.3056%]
1549	82.50484183%	[80.5331%, 84.3158%]
1550	82.51612903%	[80.5455%, 84.3260%]
1551	82.46292714%	[80.4908%, 84.2746%]
1552	82.40979381%	[80.4362%, 84.2233%]
1553	82.42112041%	[80.4487%, 84.2336%]
1554	82.43243243%	[80.4611%, 84.2438%]
1555	82.44372990%	[80.4735%, 84.2541%]
1556	82.45501285%	[80.4859%, 84.2643%]
1557	82.40205523%	[80.4315%, 84.2132%]
1558	82.41335045%	[80.4439%, 84.2234%]
1559	82.42463117%	[80.4563%, 84.2336%]
1560	82.43589744%	[80.4686%, 84.2438%]
1561	82.44714926%	[80.4810%, 84.2540%]
1562	82.45838668%	[80.4933%, 84.2642%]
1563	82.46960972%	[80.5056%, 84.2744%]
1564	82.41687980%	[80.4515%, 84.2234%]
1565	82.36421725%	[80.3974%, 84.1726%]
1566	82.37547893%	[80.4097%, 84.1828%]
1567	82.38672623%	[80.4221%, 84.1930%]
1568	82.33418367%	[80.3681%, 84.1422%]
1569	82.28170809%	[80.3142%, 84.0915%]
1570	82.29299363%	[80.3266%, 84.1017%]
1571	82.30426480%	[80.3390%, 84.1120%]
1572	82.31552163%	[80.3513%, 84.1222%]
1573	82.32676414%	[80.3637%, 84.1324%]
1574	82.33799238%	[80.3760%, 84.1425%]
1575	82.34920635%	[80.3883%, 84.1527%]
1576	82.36040609%	[80.4006%, 84.1629%]
1577	82.37159163%	[80.4128%, 84.1730%]
1578	82.38276299%	[80.4251%, 84.1832%]
1579	82.39392020%	[80.4373%, 84.1933%]
1580	82.40506329%	[80.4496%, 84.2034%]
1581	82.41619228%	[80.4618%, 84.2135%]
1582	82.36409608%	[80.4083%, 84.1631%]
1583	82.37523689%	[80.4205%, 84.1732%]
1584	82.38636364%	[80.4327%, 84.1833%]
1585	82.39747634%	[80.4449%, 84.1934%]
1586	82.40857503%	[80.4571%, 84.2035%]
1587	82.35664776%	[80.4037%, 84.1533%]
1588	82.36775819%	[80.4159%, 84.1634%]
1589	82.37885463%	[80.4281%, 84.1735%]
1590	82.32704403%	[80.3749%, 84.1234%]
1591	82.33815211%	[80.3871%, 84.1335%]
1592	82.34924623%	[80.3992%, 84.1435%]
1593	82.29755179%	[80.3462%, 84.0936%]
1594	82.30865747%	[80.3583%, 84.1036%]
1595	82.31974922%	[80.3705%, 84.1137%]
1596	82.33082707%	[80.3826%, 84.1238%]
1597	82.34189105%	[80.3948%, 84.1338%]
1598	82.35294118%	[80.4069%, 84.1438%]
1599	82.36397749%	[80.4190%, 84.1539%]
1600	82.37500000%	[80.4311%, 84.1639%]
1601	82.38600874%	[80.4431%, 84.1738%]
1602	82.39700375%	[80.4552%, 84.1838%]
1603	82.34560200%	[80.4024%, 84.1341%]
1604	82.35660848%	[80.4145%, 84.1441%]
1605	82.36760125%	[80.4265%, 84.1541%]
1606	82.37858032%	[80.4386%, 84.1641%]
1607	82.38954574%	[80.4506%, 84.1740%]
1608	82.33830846%	[80.3980%, 84.1245%]
1609	82.34928527%	[80.4100%, 84.1345%]
1610	82.36024845%	[80.4220%, 84.1444%]
1611	82.37119801%	[80.4340%, 84.1544%]
1612	82.38213400%	[80.4460%, 84.1643%]
1613	82.33106014%	[80.3936%, 84.1149%]
1614	82.34200743%	[80.4056%, 84.1249%]
1615	82.35294118%	[80.4175%, 84.1348%]
1616	82.36386139%	[80.4295%, 84.1447%]
1617	82.37476809%	[80.4415%, 84.1546%]
1618	82.38566131%	[80.4534%, 84.1645%]
1619	82.39654107%	[80.4653%, 84.1744%]
1620	82.40740741%	[80.4772%, 84.1843%]
1621	82.41826033%	[80.4891%, 84.1941%]
1622	82.42909988%	[80.5010%, 84.2040%]
1623	82.37831177%	[80.4489%, 84.1549%]
1624	82.32758621%	[80.3968%, 84.1058%]
1625	82.33846154%	[80.4087%, 84.1157%]
1626	82.34932349%	[80.4206%, 84.1256%]
1627	82.36017210%	[80.4325%, 84.1354%]
1628	82.37100737%	[80.4443%, 84.1453%]
1629	82.38182934%	[80.4562%, 84.1551%]
1630	82.39263804%	[80.4680%, 84.1649%]
1631	82.40343348%	[80.4799%, 84.1747%]
1632	82.41421569%	[80.4917%, 84.1845%]
1633	82.42498469%	[80.5035%, 84.1943%]
1634	82.43574051%	[80.5153%, 84.2041%]
1635	82.44648318%	[80.5270%, 84.2138%]
1636	82.45721271%	[80.5388%, 84.2236%]
1637	82.40684178%	[80.4871%, 84.1749%]
1638	82.41758242%	[80.4988%, 84.1846%]
1639	82.42830995%	[80.5106%, 84.1944%]
1640	82.43902439%	[80.5223%, 84.2041%]
1641	82.44972578%	[80.5341%, 84.2138%]
1642	82.46041413%	[80.5458%, 84.2235%]
1643	82.41022520%	[80.4942%, 84.1750%]
1644	82.42092457%	[80.5060%, 84.1847%]
1645	82.43161094%	[80.5177%, 84.1944%]
1646	82.44228433%	[80.5293%, 84.2041%]
1647	82.39222829%	[80.4780%, 84.1557%]
1648	82.40291262%	[80.4897%, 84.1655%]
1649	82.41358399%	[80.5013%, 84.1752%]
1650	82.42424242%	[80.5130%, 84.1848%]
1651	82.43488795%	[80.5247%, 84.1945%]
1652	82.44552058%	[80.5363%, 84.2042%]
1653	82.45614035%	[80.5480%, 84.2138%]
1654	82.46674728%	[80.5596%, 84.2235%]
1655	82.41691843%	[80.5084%, 84.1753%]
1656	82.36714976%	[80.4573%, 84.1272%]
1657	82.37779119%	[80.4690%, 84.1368%]
1658	82.32810615%	[80.4180%, 84.0888%]
1659	82.33875829%	[80.4296%, 84.0985%]
1660	82.34939759%	[80.4413%, 84.1081%]
1661	82.36002408%	[80.4529%, 84.1178%]
1662	82.37063779%	[80.4645%, 84.1274%]
1663	82.38123873%	[80.4761%, 84.1371%]
1664	82.33173077%	[80.4253%, 84.0892%]
1665	82.34234234%	[80.4369%, 84.0989%]
1666	82.35294118%	[80.4485%, 84.1085%]
1667	82.30353929%	[80.3978%, 84.0607%]
1668	82.31414868%	[80.4094%, 84.0704%]
1669	82.32474536%	[80.4210%, 84.0800%]
1670	82.33532934%	[80.4326%, 84.0896%]
1671	82.34590066%	[80.4442%, 84.0992%]
1672	82.35645933%	[80.4557%, 84.1088%]
1673	82.36700538%	[80.4673%, 84.1184%]
1674	82.37753883%	[80.4788%, 84.1280%]
1675	82.32835821%	[80.4283%, 84.0804%]
1676	82.33890215%	[80.4399%, 84.0900%]
1677	82.34943351%	[80.4514%, 84.0996%]
1678	82.35995232%	[80.4629%, 84.1092%]
1679	82.37045861%	[80.4744%, 84.1187%]
1680	82.38095238%	[80.4859%, 84.1283%]
1681	82.39143367%	[80.4973%, 84.1378%]
1682	82.40190250%	[80.5088%, 84.1473%]
1683	82.41235888%	[80.5202%, 84.1569%]
1684	82.42280285%	[80.5317%, 84.1664%]
1685	82.43323442%	[80.5431%, 84.1759%]
1686	82.44365362%	[80.5545%, 84.1853%]
1687	82.45406046%	[80.5659%, 84.1948%]
1688	82.46445498%	[80.5772%, 84.2043%]
1689	82.47483718%	[80.5886%, 84.2137%]
1690	82.48520710%	[80.5999%, 84.2231%]
1691	82.49556475%	[80.6113%, 84.2326%]
1692	82.50591017%	[80.6226%, 84.2420%]
1693	82.51624335%	[80.6339%, 84.2514%]
1694	82.52656434%	[80.6452%, 84.2608%]
1695	82.53687316%	[80.6565%, 84.2701%]
1696	82.54716981%	[80.6677%, 84.2795%]
1697	82.55745433%	[80.6790%, 84.2888%]
1698	82.56772674%	[80.6902%, 84.2982%]
1699	82.57798705%	[80.7015%, 84.3075%]
1700	82.52941176%	[80.6516%, 84.2605%]
1701	82.53968254%	[80.6628%, 84.2699%]
1702	82.54994125%	[80.6741%, 84.2792%]
1703	82.56018790%	[80.6853%, 84.2885%]
1704	82.57042254%	[80.6965%, 84.2979%]
1705	82.58064516%	[80.7077%, 84.3072%]
1706	82.59085580%	[80.7188%, 84.3164%]
1707	82.54247217%	[80.6692%, 84.2696%]
1708	82.49414520%	[80.6196%, 84.2229%]
1709	82.50438853%	[80.6308%, 84.2322%]
1710	82.51461988%	[80.6419%, 84.2415%]
1711	82.52483928%	[80.6531%, 84.2508%]
1712	82.53504673%	[80.6643%, 84.2601%]
1713	82.54524227%	[80.6754%, 84.2694%]
1714	82.55542590%	[80.6866%, 84.2787%]
1715	82.50728863%	[80.6372%, 84.2321%]
1716	82.51748252%	[80.6483%, 84.2414%]
1717	82.52766453%	[80.6595%, 84.2506%]
1718	82.47962747%	[80.6102%, 84.2042%]
1719	82.48981966%	[80.6213%, 84.2135%]
1720	82.50000000%	[80.6324%, 84.2227%]
1721	82.51016851%	[80.6436%, 84.2320%]
1722	82.52032520%	[80.6547%, 84.2412%]
1723	82.53047011%	[80.6657%, 84.2505%]
1724	82.48259861%	[80.6166%, 84.2041%]
1725	82.49275362%	[80.6277%, 84.2134%]
1726	82.50289687%	[80.6388%, 84.2226%]
1727	82.51302837%	[80.6499%, 84.2318%]
1728	82.52314815%	[80.6610%, 84.2411%]
1729	82.53325622%	[80.6720%, 84.2503%]
1730	82.54335260%	[80.6830%, 84.2595%]
1731	82.55343732%	[80.6941%, 84.2686%]
1732	82.56351039%	[80.7051%, 84.2778%]
1733	82.51586844%	[80.6562%, 84.2317%]
1734	82.46828143%	[80.6074%, 84.1857%]
1735	82.47838617%	[80.6184%, 84.1949%]
1736	82.48847926%	[80.6294%, 84.2041%]
1737	82.49856074%	[80.6404%, 84.2132%]
1738	82.50863061%	[80.6515%, 84.2224%]
1739	82.51868890%	[80.6624%, 84.2316%]
1740	82.52873563%	[80.6734%, 84.2407%]
1741	82.48133257%	[80.6248%, 84.1949%]
1742	82.49138921%	[80.6358%, 84.2040%]
1743	82.50143431%	[80.6468%, 84.2132%]
1744	82.51146789%	[80.6577%, 84.2223%]
1745	82.52148997%	[80.6687%, 84.2314%]
1746	82.47422680%	[80.6202%, 84.1857%]
1747	82.48425873%	[80.6311%, 84.1948%]
1748	82.43707094%	[80.5827%, 84.1492%]
1749	82.44711264%	[80.5937%, 84.1583%]
1750	82.45714286%	[80.6046%, 84.1675%]
1751	82.46716162%	[80.6156%, 84.1766%]
1752	82.47716895%	[80.6265%, 84.1857%]
1753	82.48716486%	[80.6374%, 84.1948%]
1754	82.49714937%	[80.6483%, 84.2039%]
1755	82.50712251%	[80.6592%, 84.2130%]
1756	82.51708428%	[80.6701%, 84.2221%]
1757	82.52703472%	[80.6810%, 84.2311%]
1758	82.48009101%	[80.6328%, 84.1857%]
1759	82.49005117%	[80.6437%, 84.1948%]
1760	82.50000000%	[80.6546%, 84.2039%]
1761	82.50993754%	[80.6654%, 84.2129%]
1762	82.51986379%	[80.6763%, 84.2220%]
1763	82.47305729%	[80.6283%, 84.1767%]
1764	82.48299320%	[80.6391%, 84.1857%]
1765	82.49291785%	[80.6499%, 84.1948%]
1766	82.50283126%	[80.6608%, 84.2038%]
1767	82.51273345%	[80.6716%, 84.2128%]
1768	82.52262443%	[80.6824%, 84.2218%]
1769	82.53250424%	[80.6932%, 84.2308%]
1770	82.54237288%	[80.7040%, 84.2398%]
1771	82.55223038%	[80.7147%, 84.2488%]
1772	82.56207675%	[80.7255%, 84.2578%]
1773	82.51551043%	[80.6777%, 84.2127%]
1774	82.52536640%	[80.6885%, 84.2217%]
1775	82.53521127%	[80.6992%, 84.2307%]
1776	82.54504505%	[80.7100%, 84.2396%]
1777	82.55486775%	[80.7207%, 84.2486%]
1778	82.56467942%	[80.7314%, 84.2575%]
1779	82.57448004%	[80.7421%, 84.2665%]
1780	82.52808989%	[80.6945%, 84.2216%]
1781	82.53790006%	[80.7052%, 84.2305%]
1782	82.54769921%	[80.7159%, 84.2395%]
1783	82.50140213%	[80.6684%, 84.1946%]
1784	82.51121076%	[80.6791%, 84.2036%]
1785	82.52100840%	[80.6898%, 84.2125%]
1786	82.53079507%	[80.7005%, 84.2214%]
1787	82.54057079%	[80.7112%, 84.2304%]
1788	82.49440716%	[80.6638%, 84.1857%]
1789	82.50419229%	[80.6745%, 84.1946%]
1790	82.51396648%	[80.6852%, 84.2035%]
1791	82.46789503%	[80.6379%, 84.1589%]
1792	82.47767857%	[80.6486%, 84.1678%]
1793	82.48745120%	[80.6593%, 84.1767%]
1794	82.44147157%	[80.6121%, 84.1322%]
1795	82.45125348%	[80.6228%, 84.1411%]
1796	82.46102450%	[80.6334%, 84.1500%]
1797	82.47078464%	[80.6441%, 84.1590%]
1798	82.48053393%	[80.6547%, 84.1678%]
1799	82.49027237%	[80.6654%, 84.1767%]
1800	82.44444444%	[80.6183%, 84.1324%]
1801	82.45419212%	[80.6290%, 84.1413%]
1802	82.46392897%	[80.6396%, 84.1501%]
1803	82.47365502%	[80.6502%, 84.1590%]
1804	82.42793792%	[80.6033%, 84.1147%]
1805	82.43767313%	[80.6139%, 84.1236%]
1806	82.44739756%	[80.6246%, 84.1325%]
1807	82.45711123%	[80.6352%, 84.1414%]
1808	82.46681416%	[80.6457%, 84.1502%]
1809	82.47650636%	[80.6563%, 84.1591%]
1810	82.43093923%	[80.6096%, 84.1149%]
1811	82.44064053%	[80.6202%, 84.1238%]
1812	82.45033113%	[80.6307%, 84.1326%]
1813	82.46001103%	[80.6413%, 84.1415%]
1814	82.46968026%	[80.6518%, 84.1503%]
1815	82.47933884%	[80.6624%, 84.1591%]
1816	82.48898678%	[80.6729%, 84.1679%]
1817	82.49862411%	[80.6834%, 84.1767%]
1818	82.50825083%	[80.6939%, 84.1855%]
1819	82.51786696%	[80.7044%, 84.1943%]
1820	82.52747253%	[80.7149%, 84.2030%]
1821	82.53706755%	[80.7253%, 84.2118%]
1822	82.54665203%	[80.7358%, 84.2205%]
1823	82.55622600%	[80.7462%, 84.2293%]
1824	82.56578947%	[80.7567%, 84.2380%]
1825	82.57534247%	[80.7671%, 84.2467%]
1826	82.58488499%	[80.7775%, 84.2554%]
1827	82.59441708%	[80.7879%, 84.2641%]
1828	82.60393873%	[80.7983%, 84.2728%]
1829	82.61344997%	[80.8087%, 84.2815%]
1830	82.62295082%	[80.8190%, 84.2902%]
1831	82.63244129%	[80.8294%, 84.2988%]
1832	82.64192140%	[80.8397%, 84.3075%]
1833	82.65139116%	[80.8501%, 84.3161%]
1834	82.66085060%	[80.8604%, 84.3248%]
1835	82.67029973%	[80.8707%, 84.3334%]
1836	82.67973856%	[80.8810%, 84.3420%]
1837	82.68916712%	[80.8913%, 84.3506%]
1838	82.69858542%	[80.9016%, 84.3592%]
1839	82.70799347%	[80.9118%, 84.3678%]
1840	82.66304348%	[80.8657%, 84.3243%]
1841	82.67246062%	[80.8760%, 84.3329%]
1842	82.68186754%	[80.8863%, 84.3415%]
1843	82.69126424%	[80.8965%, 84.3500%]
1844	82.70065076%	[80.9067%, 84.3586%]
1845	82.65582656%	[80.8608%, 84.3152%]
1846	82.66522210%	[80.8710%, 84.3238%]
1847	82.67460747%	[80.8812%, 84.3323%]
1848	82.68398268%	[80.8915%, 84.3409%]
1849	82.69334776%	[80.9017%, 84.3494%]
1850	82.70270270%	[80.9119%, 84.3580%]
1851	82.71204754%	[80.9221%, 84.3665%]
1852	82.72138229%	[80.9323%, 84.3750%]
1853	82.67674042%	[80.8865%, 84.3318%]
1854	82.68608414%	[80.8967%, 84.3403%]
1855	82.69541779%	[80.9068%, 84.3489%]
1856	82.70474138%	[80.9170%, 84.3574%]
1857	82.71405493%	[80.9272%, 84.3659%]
1858	82.66953714%	[80.8815%, 84.3228%]
1859	82.67885960%	[80.8917%, 84.3313%]
1860	82.63440860%	[80.8461%, 84.2882%]
1861	82.64373992%	[80.8562%, 84.2967%]
1862	82.59935553%	[80.8107%, 84.2538%]
1863	82.60869565%	[80.8209%, 84.2623%]
1864	82.61802575%	[80.8311%, 84.2708%]
1865	82.62734584%	[80.8412%, 84.2793%]
1866	82.58306538%	[80.7958%, 84.2364%]
1867	82.59239422%	[80.8060%, 84.2450%]
1868	82.60171306%	[80.8161%, 84.2535%]
1869	82.61102194%	[80.8263%, 84.2620%]
1870	82.62032086%	[80.8364%, 84.2705%]
1871	82.62960983%	[80.8466%, 84.2790%]
1872	82.63888889%	[80.8567%, 84.2874%]
1873	82.64815804%	[80.8668%, 84.2959%]
1874	82.60405550%	[80.8215%, 84.2532%]
1875	82.61333333%	[80.8316%, 84.2617%]
1876	82.56929638%	[80.7865%, 84.2190%]
1877	82.52530634%	[80.7414%, 84.1764%]
1878	82.53461129%	[80.7515%, 84.1849%]
1879	82.54390633%	[80.7616%, 84.1934%]
1880	82.55319149%	[80.7718%, 84.2019%]
1881	82.56246677%	[80.7819%, 84.2103%]
1882	82.57173220%	[80.7920%, 84.2188%]
1883	82.58098779%	[80.8020%, 84.2273%]
1884	82.59023355%	[80.8121%, 84.2357%]
1885	82.59946950%	[80.8222%, 84.2442%]
1886	82.60869565%	[80.8322%, 84.2526%]
1887	82.61791203%	[80.8423%, 84.2610%]
1888	82.62711864%	[80.8523%, 84.2694%]
1889	82.63631551%	[80.8623%, 84.2778%]
1890	82.64550265%	[80.8723%, 84.2862%]
1891	82.65468006%	[80.8823%, 84.2946%]
1892	82.66384778%	[80.8923%, 84.3030%]
1893	82.67300581%	[80.9023%, 84.3114%]
1894	82.68215417%	[80.9123%, 84.3197%]
1895	82.69129288%	[80.9222%, 84.3281%]
1896	82.70042194%	[80.9322%, 84.3364%]
1897	82.70954138%	[80.9421%, 84.3448%]
1898	82.71865121%	[80.9521%, 84.3531%]
1899	82.72775145%	[80.9620%, 84.3614%]
1900	82.73684211%	[80.9719%, 84.3697%]
1901	82.69331931%	[80.9272%, 84.3275%]
1902	82.70241851%	[80.9372%, 84.3359%]
1903	82.71150815%	[80.9471%, 84.3442%]
1904	82.72058824%	[80.9569%, 84.3525%]
1905	82.72965879%	[80.9668%, 84.3608%]
1906	82.73871983%	[80.9767%, 84.3690%]
1907	82.69533298%	[80.9322%, 84.3270%]
1908	82.70440252%	[80.9421%, 84.3353%]
1909	82.71346255%	[80.9520%, 84.3436%]
1910	82.72251309%	[80.9618%, 84.3518%]
1911	82.73155416%	[80.9717%, 84.3601%]
1912	82.74058577%	[80.9815%, 84.3684%]
1913	82.74960795%	[80.9913%, 84.3766%]
1914	82.70637409%	[80.9470%, 84.3347%]
1915	82.66318538%	[80.9027%, 84.2929%]
1916	82.67223382%	[80.9126%, 84.3012%]
1917	82.68127282%	[80.9224%, 84.3094%]
1918	82.69030240%	[80.9322%, 84.3177%]
1919	82.69932256%	[80.9421%, 84.3259%]
1920	82.65625000%	[80.8979%, 84.2842%]
1921	82.66527850%	[80.9077%, 84.2924%]
1922	82.67429761%	[80.9175%, 84.3007%]
1923	82.68330733%	[80.9274%, 84.3089%]
1924	82.64033264%	[80.8833%, 84.2673%]
1925	82.64935065%	[80.8931%, 84.2755%]
1926	82.60643821%	[80.8491%, 84.2340%]
1927	82.61546445%	[80.8589%, 84.2422%]
1928	82.62448133%	[80.8688%, 84.2505%]
1929	82.58164852%	[80.8248%, 84.2089%]
1930	82.59067358%	[80.8347%, 84.2172%]
1931	82.59968928%	[80.8445%, 84.2255%]
1932	82.60869565%	[80.8543%, 84.2337%]
1933	82.61769271%	[80.8641%, 84.2419%]
1934	82.62668046%	[80.8739%, 84.2501%]
1935	82.63565891%	[80.8836%, 84.2584%]
1936	82.64462810%	[80.8934%, 84.2666%]
1937	82.65358802%	[80.9031%, 84.2748%]
1938	82.61093911%	[80.8594%, 84.2334%]
1939	82.61990717%	[80.8692%, 84.2416%]
1940	82.62886598%	[80.8789%, 84.2498%]
1941	82.63781556%	[80.8887%, 84.2580%]
1942	82.64675592%	[80.8984%, 84.2662%]
1943	82.65568708%	[80.9081%, 84.2744%]
1944	82.61316872%	[80.8645%, 84.2332%]
1945	82.62210797%	[80.8743%, 84.2413%]
1946	82.57965057%	[80.8307%, 84.2002%]
1947	82.58859784%	[80.8405%, 84.2084%]
1948	82.59753593%	[80.8502%, 84.2166%]
1949	82.60646485%	[80.8599%, 84.2247%]
1950	82.56410256%	[80.8165%, 84.1837%]
1951	82.57303947%	[80.8262%, 84.1918%]
1952	82.58196721%	[80.8359%, 84.2000%]
1953	82.59088582%	[80.8456%, 84.2082%]
1954	82.59979529%	[80.8553%, 84.2163%]
1955	82.60869565%	[80.8650%, 84.2245%]
1956	82.61758691%	[80.8747%, 84.2326%]
1957	82.62646909%	[80.8843%, 84.2408%]
1958	82.63534219%	[80.8940%, 84.2489%]
1959	82.64420623%	[80.9036%, 84.2570%]
1960	82.65306122%	[80.9133%, 84.2651%]
1961	82.61091280%	[80.8701%, 84.2242%]
1962	82.61977574%	[80.8797%, 84.2324%]
1963	82.57768721%	[80.8366%, 84.1916%]
1964	82.58655804%	[80.8462%, 84.1997%]
1965	82.59541985%	[80.8559%, 84.2078%]
1966	82.55340793%	[80.8128%, 84.1671%]
1967	82.51143874%	[80.7698%, 84.1264%]
1968	82.46951220%	[80.7268%, 84.0857%]
1969	82.47841544%	[80.7365%, 84.0939%]
1970	82.43654822%	[80.6936%, 84.0532%]
1971	82.44545916%	[80.7033%, 84.0614%]
1972	82.45436105%	[80.7130%, 84.0696%]
1973	82.46325393%	[80.7226%, 84.0777%]
1974	82.47213779%	[80.7323%, 84.0859%]
1975	82.43037975%	[80.6895%, 84.0454%]
1976	82.43927126%	[80.6992%, 84.0535%]
1977	82.44815377%	[80.7088%, 84.0616%]
1978	82.45702730%	[80.7185%, 84.0698%]
1979	82.46589186%	[80.7281%, 84.0779%]
1980	82.47474747%	[80.7377%, 84.0860%]
1981	82.48359414%	[80.7473%, 84.0941%]
1982	82.49243189%	[80.7569%, 84.1022%]
1983	82.50126072%	[80.7665%, 84.1103%]
1984	82.51008065%	[80.7761%, 84.1184%]
1985	82.46851385%	[80.7335%, 84.0781%]
1986	82.47734139%	[80.7431%, 84.0862%]
1987	82.48616004%	[80.7527%, 84.0942%]
1988	82.49496982%	[80.7623%, 84.1023%]
1989	82.50377074%	[80.7718%, 84.1104%]
1990	82.51256281%	[80.7814%, 84.1184%]
1991	82.52134606%	[80.7909%, 84.1265%]
1992	82.47991968%	[80.7485%, 84.0863%]
1993	82.48871049%	[80.7580%, 84.0944%]
1994	82.44734203%	[80.7157%, 84.0542%]
1995	82.45614035%	[80.7252%, 84.0623%]
1996	82.46492986%	[80.7348%, 84.0704%]
1997	82.42363545%	[80.6925%, 84.0303%]
1998	82.43243243%	[80.7020%, 84.0384%]
1999	82.44122061%	[80.7116%, 84.0464%]
2000	82.45000000%	[80.7211%, 84.0545%]
2001	82.45877061%	[80.7306%, 84.0625%]
2002	82.46753247%	[80.7402%, 84.0706%]
2003	82.47628557%	[80.7497%, 84.0786%]
2004	82.48502994%	[80.7592%, 84.0866%]
2005	82.44389027%	[80.7170%, 84.0467%]
2006	82.40279163%	[80.6749%, 84.0068%]
2007	82.41155954%	[80.6844%, 84.0148%]
2008	82.42031873%	[80.6940%, 84.0229%]
2009	82.42906919%	[80.7035%, 84.0309%]
2010	82.38805970%	[80.6614%, 83.9911%]
2011	82.39681750%	[80.6710%, 83.9991%]
2012	82.40556660%	[80.6805%, 84.0072%]
2013	82.41430700%	[80.6899%, 84.0152%]
2014	82.37338630%	[80.6480%, 83.9755%]
2015	82.38213400%	[80.6575%, 83.9835%]
2016	82.39087302%	[80.6670%, 83.9915%]
2017	82.39960337%	[80.6765%, 83.9995%]
2018	82.40832507%	[80.6860%, 84.0075%]
2019	82.41703814%	[80.6954%, 84.0155%]
2020	82.42574257%	[80.7049%, 84.0235%]
2021	82.43443840%	[80.7143%, 84.0315%]
2022	82.44312562%	[80.7238%, 84.0395%]
2023	82.45180425%	[80.7332%, 84.0474%]
2024	82.46047431%	[80.7426%, 84.0554%]
2025	82.46913580%	[80.7520%, 84.0633%]
2026	82.47778875%	[80.7614%, 84.0713%]
2027	82.48643315%	[80.7708%, 84.0792%]
2028	82.44575937%	[80.7291%, 84.0397%]
2029	82.45441104%	[80.7385%, 84.0477%]
2030	82.46305419%	[80.7479%, 84.0556%]
2031	82.47168882%	[80.7573%, 84.0635%]
2032	82.48031496%	[80.7666%, 84.0714%]
2033	82.48893261%	[80.7760%, 84.0793%]
2034	82.49754179%	[80.7853%, 84.0872%]
2035	82.50614251%	[80.7947%, 84.0951%]
2036	82.51473477%	[80.8040%, 84.1030%]
2037	82.52331861%	[80.8133%, 84.1109%]
2038	82.53189401%	[80.8226%, 84.1187%]
2039	82.54046101%	[80.8319%, 84.1266%]
2040	82.54901961%	[80.8412%, 84.1345%]
2041	82.55756982%	[80.8505%, 84.1423%]
2042	82.56611166%	[80.8598%, 84.1501%]
2043	82.52569750%	[80.8184%, 84.1109%]
2044	82.48532290%	[80.7770%, 84.0717%]
2045	82.49388753%	[80.7863%, 84.0796%]
2046	82.50244379%	[80.7956%, 84.0874%]
2047	82.51099170%	[80.8049%, 84.0953%]
2048	82.51953125%	[80.8142%, 84.1031%]
2049	82.52806247%	[80.8234%, 84.1110%]
2050	82.53658537%	[80.8327%, 84.1188%]
2051	82.49634325%	[80.7915%, 84.0797%]
2052	82.50487329%	[80.8007%, 84.0876%]
2053	82.51339503%	[80.8100%, 84.0954%]
2054	82.52190847%	[80.8192%, 84.1032%]
2055	82.48175182%	[80.7781%, 84.0642%]
2056	82.49027237%	[80.7873%, 84.0720%]
2057	82.49878464%	[80.7966%, 84.0799%]
2058	82.50728863%	[80.8058%, 84.0877%]
2059	82.46721710%	[80.7647%, 84.0488%]
2060	82.47572816%	[80.7740%, 84.0566%]
2061	82.48423096%	[80.7832%, 84.0644%]
2062	82.49272551%	[80.7924%, 84.0722%]
2063	82.50121183%	[80.8016%, 84.0800%]
2064	82.50968992%	[80.8108%, 84.0878%]
2065	82.46973366%	[80.7699%, 84.0490%]
2066	82.47821878%	[80.7791%, 84.0568%]
2067	82.43831640%	[80.7383%, 84.0180%]
2068	82.44680851%	[80.7475%, 84.0258%]
2069	82.45529241%	[80.7567%, 84.0336%]
2070	82.46376812%	[80.7659%, 84.0414%]
2071	82.47223563%	[80.7751%, 84.0492%]
2072	82.48069498%	[80.7842%, 84.0569%]
2073	82.44090690%	[80.7435%, 84.0183%]
2074	82.44937319%	[80.7527%, 84.0261%]
2075	82.40963855%	[80.7120%, 83.9875%]
2076	82.41811175%	[80.7212%, 83.9953%]
2077	82.42657679%	[80.7303%, 84.0031%]
2078	82.38691049%	[80.6897%, 83.9646%]
2079	82.34728235%	[80.6492%, 83.9261%]
2080	82.35576923%	[80.6584%, 83.9339%]
2081	82.36424796%	[80.6675%, 83.9417%]
2082	82.37271854%	[80.6767%, 83.9495%]
2083	82.38118099%	[80.6859%, 83.9572%]
2084	82.38963532%	[80.6951%, 83.9650%]
2085	82.39808153%	[80.7042%, 83.9728%]
2086	82.40651965%	[80.7134%, 83.9805%]
2087	82.41494969%	[80.7225%, 83.9883%]
2088	82.42337165%	[80.7317%, 83.9960%]
2089	82.43178554%	[80.7408%, 84.0037%]
2090	82.44019139%	[80.7499%, 84.0115%]
2091	82.44858919%	[80.7590%, 84.0192%]
2092	82.45697897%	[80.7681%, 84.0269%]
2093	82.46536073%	[80.7772%, 84.0346%]
2094	82.47373448%	[80.7863%, 84.0423%]
2095	82.48210024%	[80.7953%, 84.0500%]
2096	82.49045802%	[80.8044%, 84.0576%]
2097	82.49880782%	[80.8135%, 84.0653%]
2098	82.50714967%	[80.8225%, 84.0730%]
2099	82.51548356%	[80.8315%, 84.0806%]
2100	82.52380952%	[80.8406%, 84.0883%]
2101	82.48453118%	[80.8004%, 84.0501%]
2102	82.49286394%	[80.8094%, 84.0578%]
2103	82.50118878%	[80.8184%, 84.0654%]
2104	82.50950570%	[80.8274%, 84.0731%]
2105	82.51781473%	[80.8364%, 84.0807%]
2106	82.47863248%	[80.7963%, 84.0427%]
2107	82.48694827%	[80.8053%, 84.0503%]
2108	82.49525617%	[80.8143%, 84.0580%]
2109	82.50355619%	[80.8233%, 84.0656%]
2110	82.51184834%	[80.8323%, 84.0732%]
2111	82.52013264%	[80.8413%, 84.0808%]
2112	82.52840909%	[80.8503%, 84.0884%]
2113	82.48935163%	[80.8103%, 84.0505%]
2114	82.49763482%	[80.8193%, 84.0581%]
2115	82.50591017%	[80.8282%, 84.0657%]
2116	82.51417769%	[80.8372%, 84.0733%]
2117	82.52243741%	[80.8462%, 84.0809%]
2118	82.53068933%	[80.8551%, 84.0885%]
2119	82.49174139%	[80.8152%, 84.0507%]
2120	82.50000000%	[80.8242%, 84.0583%]
2121	82.50825083%	[80.8331%, 84.0658%]
2122	82.51649387%	[80.8421%, 84.0734%]
2123	82.47762600%	[80.8023%, 84.0357%]
2124	82.48587571%	[80.8112%, 84.0433%]
2125	82.49411765%	[80.8201%, 84.0508%]
2126	82.50235183%	[80.8291%, 84.0584%]
2127	82.51057828%	[80.8380%, 84.0660%]
2128	82.51879699%	[80.8469%, 84.0735%]
2129	82.52700798%	[80.8558%, 84.0811%]
2130	82.53521127%	[80.8647%, 84.0886%]
2131	82.54340685%	[80.8736%, 84.0961%]
2132	82.55159475%	[80.8824%, 84.1037%]
2133	82.55977496%	[80.8913%, 84.1112%]
2134	82.56794752%	[80.9002%, 84.1187%]
2135	82.52927400%	[80.8606%, 84.0811%]
2136	82.53745318%	[80.8694%, 84.0887%]
2137	82.49883014%	[80.8299%, 84.0512%]
2138	82.50701590%	[80.8387%, 84.0587%]
2139	82.51519402%	[80.8476%, 84.0662%]
2140	82.52336449%	[80.8565%, 84.0737%]
2141	82.48482018%	[80.8170%, 84.0363%]
2142	82.49299720%	[80.8259%, 84.0438%]
2143	82.50116659%	[80.8347%, 84.0513%]
2144	82.50932836%	[80.8436%, 84.0588%]
2145	82.51748252%	[80.8524%, 84.0663%]
2146	82.52562908%	[80.8612%, 84.0738%]
2147	82.53376805%	[80.8700%, 84.0813%]
2148	82.54189944%	[80.8788%, 84.0888%]
2149	82.55002327%	[80.8877%, 84.0962%]
2150	82.55813953%	[80.8964%, 84.1037%]
2151	82.56624826%	[80.9052%, 84.1112%]
2152	82.57434944%	[80.9140%, 84.1186%]
2153	82.53599628%	[80.8747%, 84.0814%]
2154	82.54410399%	[80.8835%, 84.0888%]
2155	82.55220418%	[80.8923%, 84.0963%]
2156	82.56029685%	[80.9011%, 84.1037%]
2157	82.56838201%	[80.9098%, 84.1111%]
2158	82.53012048%	[80.8707%, 84.0740%]
2159	82.53821214%	[80.8794%, 84.0814%]
2160	82.50000000%	[80.8403%, 84.0443%]
2161	82.50809810%	[80.8491%, 84.0518%]
2162	82.46993525%	[80.8100%, 84.0147%]
2163	82.47803976%	[80.8188%, 84.0221%]
2164	82.48613678%	[80.8276%, 84.0296%]
2165	82.49422633%	[80.8363%, 84.0370%]
2166	82.50230840%	[80.8451%, 84.0445%]
2167	82.51038302%	[80.8538%, 84.0519%]
2168	82.51845018%	[80.8625%, 84.0593%]
2169	82.52650991%	[80.8713%, 84.0667%]
2170	82.53456221%	[80.8800%, 84.0741%]
2171	82.54260709%	[80.8887%, 84.0815%]
2172	82.55064457%	[80.8974%, 84.0889%]
2173	82.55867464%	[80.9061%, 84.0963%]
2174	82.52069917%	[80.8672%, 84.0594%]
2175	82.52873563%	[80.8759%, 84.0668%]
2176	82.53676471%	[80.8846%, 84.0742%]
2177	82.49885163%	[80.8458%, 84.0374%]
2178	82.50688705%	[80.8545%, 84.0448%]
2179	82.46902249%	[80.8158%, 84.0080%]
2180	82.47706422%	[80.8245%, 84.0154%]
2181	82.48509858%	[80.8332%, 84.0228%]
2182	82.49312557%	[80.8419%, 84.0302%]
2183	82.50114521%	[80.8505%, 84.0376%]
2184	82.46336996%	[80.8119%, 84.0009%]
2185	82.47139588%	[80.8206%, 84.0082%]
2186	82.47941446%	[80.8293%, 84.0156%]
2187	82.48742570%	[80.8379%, 84.0230%]
2188	82.49542962%	[80.8466%, 84.0304%]
2189	82.50342622%	[80.8552%, 84.0377%]
2190	82.46575342%	[80.8167%, 84.0011%]
2191	82.42811502%	[80.7782%, 83.9646%]
2192	82.43613139%	[80.7868%, 83.9719%]
2193	82.39854081%	[80.7484%, 83.9354%]
2194	82.40656335%	[80.7571%, 83.9428%]
2195	82.41457859%	[80.7657%, 83.9502%]
2196	82.42258652%	[80.7744%, 83.9575%]
2197	82.43058716%	[80.7830%, 83.9649%]
2198	82.39308462%	[80.7447%, 83.9285%]
2199	82.40109141%	[80.7533%, 83.9358%]
2200	82.36363636%	[80.7150%, 83.8994%]
2201	82.37164925%	[80.7237%, 83.9068%]
2202	82.37965486%	[80.7323%, 83.9142%]
2203	82.38765320%	[80.7410%, 83.9216%]
2204	82.39564428%	[80.7496%, 83.9289%]
2205	82.40362812%	[80.7583%, 83.9363%]
2206	82.41160471%	[80.7669%, 83.9436%]
2207	82.41957408%	[80.7755%, 83.9510%]
2208	82.42753623%	[80.7841%, 83.9583%]
2209	82.43549117%	[80.7928%, 83.9656%]
2210	82.44343891%	[80.8014%, 83.9729%]
2211	82.45137947%	[80.8099%, 83.9802%]
2212	82.45931284%	[80.8185%, 83.9876%]
2213	82.46723904%	[80.8271%, 83.9949%]
2214	82.42999097%	[80.7890%, 83.9587%]
2215	82.43792325%	[80.7976%, 83.9660%]
2216	82.44584838%	[80.8061%, 83.9733%]
2217	82.45376635%	[80.8147%, 83.9806%]
2218	82.46167719%	[80.8233%, 83.9878%]
2219	82.46958089%	[80.8318%, 83.9951%]
2220	82.47747748%	[80.8404%, 84.0024%]
2221	82.48536695%	[80.8489%, 84.0097%]
2222	82.49324932%	[80.8574%, 84.0169%]
2223	82.50112461%	[80.8659%, 84.0242%]
2224	82.46402878%	[80.8280%, 83.9881%]
2225	82.47191011%	[80.8365%, 83.9954%]
2226	82.47978437%	[80.8450%, 84.0026%]
2227	82.48765155%	[80.8535%, 84.0099%]
2228	82.49551167%	[80.8620%, 84.0171%]
2229	82.50336474%	[80.8705%, 84.0243%]
2230	82.51121076%	[80.8790%, 84.0316%]
2231	82.51904975%	[80.8875%, 84.0388%]
2232	82.52688172%	[80.8960%, 84.0460%]
2233	82.48992387%	[80.8582%, 84.0101%]
2234	82.49776186%	[80.8666%, 84.0173%]
2235	82.50559284%	[80.8751%, 84.0245%]
2236	82.51341682%	[80.8836%, 84.0317%]
2237	82.47653107%	[80.8458%, 83.9959%]
2238	82.48436104%	[80.8543%, 84.0031%]
2239	82.49218401%	[80.8628%, 84.0103%]
2240	82.50000000%	[80.8712%, 84.0175%]
2241	82.50780901%	[80.8797%, 84.0247%]
2242	82.51561106%	[80.8881%, 84.0319%]
2243	82.52340615%	[80.8965%, 84.0391%]
2244	82.53119430%	[80.9050%, 84.0462%]
2245	82.53897550%	[80.9134%, 84.0534%]
2246	82.54674978%	[80.9218%, 84.0606%]
2247	82.51001335%	[80.8842%, 84.0249%]
2248	82.51779359%	[80.8926%, 84.0320%]
2249	82.52556692%	[80.9010%, 84.0392%]
2250	82.53333333%	[80.9094%, 84.0464%]
2251	82.54109285%	[80.9178%, 84.0535%]
2252	82.50444050%	[80.8803%, 84.0179%]
2253	82.51220595%	[80.8887%, 84.0250%]
2254	82.51996451%	[80.8971%, 84.0322%]
2255	82.52771619%	[80.9055%, 84.0393%]
2256	82.53546099%	[80.9138%, 84.0465%]
2257	82.54319894%	[80.9222%, 84.0536%]
2258	82.55093003%	[80.9306%, 84.0607%]
2259	82.55865427%	[80.9389%, 84.0678%]
2260	82.56637168%	[80.9473%, 84.0749%]
2261	82.52985405%	[80.9099%, 84.0395%]
2262	82.49336870%	[80.8726%, 84.0040%]
2263	82.50110473%	[80.8809%, 84.0111%]
2264	82.50883392%	[80.8893%, 84.0182%]
2265	82.51655629%	[80.8976%, 84.0254%]
2266	82.48014122%	[80.8604%, 83.9900%]
2267	82.48786943%	[80.8687%, 83.9971%]
2268	82.49559083%	[80.8771%, 84.0042%]
2269	82.50330542%	[80.8854%, 84.0113%]
2270	82.51101322%	[80.8938%, 84.0184%]
2271	82.47468076%	[80.8566%, 83.9831%]
2272	82.48239437%	[80.8649%, 83.9902%]
2273	82.49010119%	[80.8732%, 83.9973%]
2274	82.49780123%	[80.8816%, 84.0044%]
2275	82.50549451%	[80.8899%, 84.0115%]
2276	82.51318102%	[80.8982%, 84.0186%]
2277	82.52086078%	[80.9065%, 84.0257%]
2278	82.52853380%	[80.9148%, 84.0328%]
2279	82.53620009%	[80.9231%, 84.0398%]
2280	82.50000000%	[80.8860%, 84.0046%]
2281	82.50767207%	[80.8943%, 84.0117%]
2282	82.47151621%	[80.8573%, 83.9766%]
2283	82.47919404%	[80.8656%, 83.9836%]
2284	82.48686515%	[80.8739%, 83.9907%]
2285	82.49452954%	[80.8822%, 83.9978%]
2286	82.50218723%	[80.8905%, 84.0048%]
2287	82.50983822%	[80.8988%, 84.0119%]
2288	82.51748252%	[80.9070%, 84.0189%]
2289	82.52512014%	[80.9153%, 84.0260%]
2290	82.53275109%	[80.9235%, 84.0330%]
2291	82.54037538%	[80.9318%, 84.0400%]
2292	82.50436300%	[80.8949%, 84.0050%]
2293	82.51199302%	[80.9032%, 84.0121%]
2294	82.51961639%	[80.9114%, 84.0191%]
2295	82.52723312%	[80.9196%, 84.0261%]
2296	82.49128920%	[80.8829%, 83.9912%]
2297	82.49891162%	[80.8911%, 83.9982%]
2298	82.46301131%	[80.8544%, 83.9633%]
2299	82.42714224%	[80.8177%, 83.9284%]
2300	82.43478261%	[80.8259%, 83.9355%]
2301	82.44241634%	[80.8342%, 83.9425%]
2302	82.45004344%	[80.8424%, 83.9495%]
2303	82.45766392%	[80.8506%, 83.9566%]
2304	82.46527778%	[80.8589%, 83.9636%]
2305	82.42950108%	[80.8223%, 83.9288%]
2306	82.43712056%	[80.8305%, 83.9358%]
2307	82.44473342%	[80.8387%, 83.9429%]
2308	82.45233969%	[80.8469%, 83.9499%]
2309	82.45993937%	[80.8552%, 83.9569%]
2310	82.46753247%	[80.8634%, 83.9639%]
2311	82.43184768%	[80.8269%, 83.9292%]
2312	82.43944637%	[80.8351%, 83.9362%]
2313	82.44703848%	[80.8433%, 83.9432%]
2314	82.45462403%	[80.8515%, 83.9502%]
2315	82.46220302%	[80.8596%, 83.9572%]
2316	82.46977547%	[80.8678%, 83.9642%]
2317	82.47734139%	[80.8760%, 83.9712%]
2318	82.48490078%	[80.8842%, 83.9781%]
2319	82.49245364%	[80.8923%, 83.9851%]
2320	82.50000000%	[80.9005%, 83.9921%]
2321	82.50753985%	[80.9086%, 83.9990%]
2322	82.51507321%	[80.9168%, 84.0060%]
2323	82.52260009%	[80.9249%, 84.0129%]
2324	82.53012048%	[80.9330%, 84.0199%]
2325	82.53763441%	[80.9411%, 84.0268%]
2326	82.50214961%	[80.9048%, 83.9923%]
2327	82.46669532%	[80.8686%, 83.9578%]
2328	82.47422680%	[80.8767%, 83.9648%]
2329	82.48175182%	[80.8848%, 83.9717%]
2330	82.44635193%	[80.8486%, 83.9373%]
2331	82.45388245%	[80.8567%, 83.9442%]
2332	82.46140652%	[80.8649%, 83.9512%]
2333	82.46892413%	[80.8730%, 83.9581%]
2334	82.47643530%	[80.8811%, 83.9650%]
2335	82.44111349%	[80.8450%, 83.9307%]
2336	82.44863014%	[80.8531%, 83.9376%]
2337	82.45614035%	[80.8612%, 83.9446%]
2338	82.46364414%	[80.8693%, 83.9515%]
2339	82.47114151%	[80.8774%, 83.9584%]
2340	82.47863248%	[80.8855%, 83.9653%]
2341	82.48611704%	[80.8936%, 83.9722%]
2342	82.49359522%	[80.9016%, 83.9791%]
2343	82.50106701%	[80.9097%, 83.9860%]
2344	82.50853242%	[80.9178%, 83.9929%]
2345	82.47334755%	[80.8818%, 83.9587%]
2346	82.48081841%	[80.8898%, 83.9656%]
2347	82.48828291%	[80.8979%, 83.9725%]
2348	82.49574106%	[80.9060%, 83.9794%]
2349	82.50319285%	[80.9140%, 83.9862%]
2350	82.51063830%	[80.9220%, 83.9931%]
2351	82.51807741%	[80.9301%, 84.0000%]
2352	82.52551020%	[80.9381%, 84.0068%]
2353	82.49043774%	[80.9022%, 83.9727%]
2354	82.45539507%	[80.8664%, 83.9387%]
2355	82.46284501%	[80.8744%, 83.9455%]
2356	82.42784380%	[80.8386%, 83.9115%]
2357	82.43529911%	[80.8467%, 83.9184%]
2358	82.44274809%	[80.8547%, 83.9252%]
2359	82.40779992%	[80.8190%, 83.8913%]
2360	82.41525424%	[80.8270%, 83.8981%]
2361	82.42270224%	[80.8351%, 83.9050%]
2362	82.43014395%	[80.8431%, 83.9119%]
2363	82.43757935%	[80.8511%, 83.9188%]
2364	82.44500846%	[80.8591%, 83.9256%]
2365	82.41014799%	[80.8235%, 83.8917%]
2366	82.41758242%	[80.8315%, 83.8986%]
2367	82.42501056%	[80.8395%, 83.9054%]
2368	82.43243243%	[80.8475%, 83.9123%]
2369	82.43984804%	[80.8555%, 83.9191%]
2370	82.40506329%	[80.8200%, 83.8853%]
2371	82.37030789%	[80.7844%, 83.8515%]
2372	82.37774030%	[80.7924%, 83.8583%]
2373	82.38516646%	[80.8004%, 83.8652%]
2374	82.39258635%	[80.8085%, 83.8721%]
2375	82.40000000%	[80.8165%, 83.8789%]
2376	82.40740741%	[80.8244%, 83.8857%]
2377	82.41480858%	[80.8324%, 83.8926%]
2378	82.42220353%	[80.8404%, 83.8994%]
2379	82.42959227%	[80.8484%, 83.9062%]
2380	82.43697479%	[80.8563%, 83.9131%]
2381	82.40235195%	[80.8209%, 83.8794%]
2382	82.40973971%	[80.8289%, 83.8862%]
2383	82.37515736%	[80.7936%, 83.8526%]
2384	82.38255034%	[80.8015%, 83.8594%]
2385	82.38993711%	[80.8095%, 83.8662%]
2386	82.39731769%	[80.8175%, 83.8730%]
2387	82.40469208%	[80.8254%, 83.8798%]
2388	82.41206030%	[80.8334%, 83.8866%]
2389	82.41942235%	[80.8413%, 83.8934%]
2390	82.42677824%	[80.8492%, 83.9002%]
2391	82.43412798%	[80.8572%, 83.9070%]
2392	82.39966555%	[80.8219%, 83.8735%]
2393	82.40702048%	[80.8299%, 83.8803%]
2394	82.41436926%	[80.8378%, 83.8871%]
2395	82.37995825%	[80.8026%, 83.8536%]
2396	82.38731219%	[80.8105%, 83.8604%]
2397	82.39465999%	[80.8185%, 83.8672%]
2398	82.40200167%	[80.8264%, 83.8740%]
2399	82.36765319%	[80.7913%, 83.8406%]
2400	82.37500000%	[80.7992%, 83.8473%]
2401	82.38234069%	[80.8071%, 83.8541%]
2402	82.38967527%	[80.8150%, 83.8609%]
2403	82.39700375%	[80.8229%, 83.8677%]
2404	82.40432612%	[80.8308%, 83.8744%]
2405	82.41164241%	[80.8387%, 83.8812%]
2406	82.41895262%	[80.8466%, 83.8880%]
2407	82.42625675%	[80.8545%, 83.8947%]
2408	82.43355482%	[80.8623%, 83.9015%]
2409	82.39933582%	[80.8273%, 83.8682%]
2410	82.40663900%	[80.8352%, 83.8749%]
2411	82.37245956%	[80.8003%, 83.8416%]
2412	82.37976783%	[80.8082%, 83.8484%]
2413	82.38707004%	[80.8160%, 83.8552%]
2414	82.39436620%	[80.8239%, 83.8619%]
2415	82.40165631%	[80.8318%, 83.8686%]
2416	82.40894040%	[80.8396%, 83.8754%]
2417	82.37484485%	[80.8048%, 83.8422%]
2418	82.38213400%	[80.8126%, 83.8489%]
2419	82.38941711%	[80.8205%, 83.8557%]
2420	82.35537190%	[80.7857%, 83.8225%]
2421	82.36266006%	[80.7935%, 83.8293%]
2422	82.36994220%	[80.8014%, 83.8360%]
2423	82.33594717%	[80.7666%, 83.8029%]
2424	82.30198020%	[80.7319%, 83.7698%]
2425	82.26804124%	[80.6972%, 83.7368%]
2426	82.27535037%	[80.7051%, 83.7436%]
2427	82.28265348%	[80.7129%, 83.7503%]
2428	82.28995058%	[80.7208%, 83.7571%]
2429	82.29724166%	[80.7287%, 83.7638%]
2430	82.30452675%	[80.7365%, 83.7706%]
2431	82.27067051%	[80.7019%, 83.7376%]
2432	82.23684211%	[80.6673%, 83.7047%]
2433	82.24414303%	[80.6752%, 83.7114%]
2434	82.25143796%	[80.6831%, 83.7182%]
2435	82.25872690%	[80.6909%, 83.7249%]
2436	82.26600985%	[80.6988%, 83.7316%]
2437	82.27328683%	[80.7066%, 83.7384%]
2438	82.28055783%	[80.7144%, 83.7451%]
2439	82.28782288%	[80.7223%, 83.7518%]
2440	82.29508197%	[80.7301%, 83.7585%]
2441	82.26136829%	[80.6956%, 83.7257%]
2442	82.26863227%	[80.7035%, 83.7324%]
2443	82.27589030%	[80.7113%, 83.7392%]
2444	82.24222586%	[80.6769%, 83.7064%]
2445	82.24948875%	[80.6847%, 83.7131%]
2446	82.21586263%	[80.6503%, 83.6804%]
2447	82.22313036%	[80.6582%, 83.6871%]
2448	82.23039216%	[80.6660%, 83.6938%]
2449	82.19681503%	[80.6317%, 83.6611%]
2450	82.20408163%	[80.6395%, 83.6678%]
2451	82.21134231%	[80.6473%, 83.6745%]
2452	82.17781403%	[80.6131%, 83.6419%]
2453	82.14431309%	[80.5788%, 83.6093%]
2454	82.15158924%	[80.5867%, 83.6160%]
2455	82.15885947%	[80.5945%, 83.6227%]
2456	82.16612378%	[80.6023%, 83.6295%]
2457	82.13268213%	[80.5682%, 83.5969%]
2458	82.13995118%	[80.5760%, 83.6036%]
2459	82.14721431%	[80.5838%, 83.6103%]
2460	82.15447154%	[80.5916%, 83.6171%]
2461	82.16172288%	[80.5994%, 83.6238%]
2462	82.16896832%	[80.6072%, 83.6305%]
2463	82.13560698%	[80.5731%, 83.5980%]
2464	82.14285714%	[80.5809%, 83.6047%]
2465	82.10953347%	[80.5469%, 83.5722%]
2466	82.11678832%	[80.5547%, 83.5790%]
2467	82.12403729%	[80.5625%, 83.5857%]
2468	82.13128039%	[80.5703%, 83.5924%]
2469	82.13851762%	[80.5781%, 83.5991%]
2470	82.14574899%	[80.5859%, 83.6058%]
2471	82.11250506%	[80.5519%, 83.5734%]
2472	82.11974110%	[80.5597%, 83.5801%]
2473	82.12697129%	[80.5675%, 83.5868%]
2474	82.09377526%	[80.5336%, 83.5545%]
2475	82.10101010%	[80.5414%, 83.5612%]
2476	82.10823910%	[80.5491%, 83.5679%]
2477	82.07509084%	[80.5153%, 83.5356%]
2478	82.08232446%	[80.5231%, 83.5423%]
2479	82.04921339%	[80.4892%, 83.5100%]
2480	82.01612903%	[80.4555%, 83.4778%]
2481	82.02337767%	[80.4633%, 83.4845%]
2482	82.03062047%	[80.4710%, 83.4912%]
2483	82.03785743%	[80.4788%, 83.4979%]
2484	82.00483092%	[80.4451%, 83.4657%]
2485	82.01207243%	[80.4529%, 83.4724%]
2486	82.01930813%	[80.4607%, 83.4791%]
2487	82.02653800%	[80.4685%, 83.4858%]
2488	82.03376206%	[80.4762%, 83.4925%]
2489	82.04098031%	[80.4840%, 83.4992%]
2490	82.04819277%	[80.4917%, 83.5059%]
2491	82.05539944%	[80.4995%, 83.5126%]
2492	82.06260032%	[80.5073%, 83.5193%]
2493	82.06979543%	[80.5150%, 83.5259%]
2494	82.07698476%	[80.5227%, 83.5326%]
2495	82.08416834%	[80.5305%, 83.5392%]
2496	82.09134615%	[80.5382%, 83.5459%]
2497	82.09851822%	[80.5459%, 83.5525%]
2498	82.10568455%	[80.5536%, 83.5592%]
2499	82.11284514%	[80.5613%, 83.5658%]
2500	82.12000000%	[80.5690%, 83.5724%]
2501	82.08716513%	[80.5355%, 83.5404%]
2502	82.09432454%	[80.5432%, 83.5471%]
2503	82.10147823%	[80.5509%, 83.5537%]
2504	82.10862620%	[80.5586%, 83.5603%]
2505	82.11576846%	[80.5662%, 83.5669%]
2506	82.12290503%	[80.5739%, 83.5736%]
2507	82.13003590%	[80.5816%, 83.5802%]
2508	82.13716108%	[80.5893%, 83.5868%]
2509	82.14428059%	[80.5969%, 83.5934%]
2510	82.15139442%	[80.6046%, 83.6000%]
2511	82.15850259%	[80.6122%, 83.6065%]
2512	82.16560510%	[80.6199%, 83.6131%]
2513	82.17270195%	[80.6275%, 83.6197%]
2514	82.17979316%	[80.6351%, 83.6263%]
2515	82.18687873%	[80.6427%, 83.6328%]
2516	82.19395866%	[80.6504%, 83.6394%]
2517	82.20103298%	[80.6580%, 83.6459%]
2518	82.20810167%	[80.6656%, 83.6525%]
2519	82.21516475%	[80.6732%, 83.6590%]
2520	82.22222222%	[80.6808%, 83.6656%]
2521	82.22927410%	[80.6884%, 83.6721%]
2522	82.23632038%	[80.6959%, 83.6786%]
2523	82.20372572%	[80.6626%, 83.6469%]
2524	82.21077655%	[80.6702%, 83.6534%]
2525	82.21782178%	[80.6778%, 83.6599%]
2526	82.22486144%	[80.6854%, 83.6665%]
2527	82.23189553%	[80.6930%, 83.6730%]
2528	82.23892405%	[80.7005%, 83.6795%]
2529	82.24594701%	[80.7081%, 83.6860%]
2530	82.21343874%	[80.6749%, 83.6543%]
2531	82.22046622%	[80.6824%, 83.6608%]
2532	82.18799368%	[80.6493%, 83.6292%]
2533	82.19502566%	[80.6568%, 83.6357%]
2534	82.20205209%	[80.6644%, 83.6422%]
2535	82.20907298%	[80.6719%, 83.6487%]
2536	82.21608833%	[80.6795%, 83.6552%]
2537	82.22309815%	[80.6870%, 83.6617%]
2538	82.23010244%	[80.6946%, 83.6682%]
2539	82.19771564%	[80.6615%, 83.6367%]
2540	82.20472441%	[80.6690%, 83.6432%]
2541	82.21172767%	[80.6765%, 83.6497%]
2542	82.21872541%	[80.6841%, 83.6562%]
2543	82.22571766%	[80.6916%, 83.6626%]
2544	82.23270440%	[80.6991%, 83.6691%]
2545	82.23968566%	[80.7066%, 83.6756%]
2546	82.24666143%	[80.7141%, 83.6820%]
2547	82.25363172%	[80.7216%, 83.6885%]
2548	82.26059655%	[80.7291%, 83.6950%]
2549	82.26755590%	[80.7366%, 83.7014%]
2550	82.27450980%	[80.7441%, 83.7079%]
2551	82.28145825%	[80.7515%, 83.7143%]
2552	82.28840125%	[80.7590%, 83.7207%]
2553	82.29533882%	[80.7665%, 83.7272%]
2554	82.30227095%	[80.7739%, 83.7336%]
2555	82.30919765%	[80.7814%, 83.7400%]
2556	82.27699531%	[80.7485%, 83.7086%]
2557	82.24481815%	[80.7156%, 83.6773%]
2558	82.21266615%	[80.6828%, 83.6460%]
2559	82.21961704%	[80.6902%, 83.6524%]
2560	82.22656250%	[80.6977%, 83.6588%]
2561	82.19445529%	[80.6649%, 83.6275%]
2562	82.20140515%	[80.6724%, 83.6340%]
2563	82.20834959%	[80.6799%, 83.6404%]
2564	82.17628705%	[80.6471%, 83.6092%]
2565	82.14424951%	[80.6144%, 83.5780%]
2566	82.15120811%	[80.6219%, 83.5844%]
2567	82.15816128%	[80.6294%, 83.5909%]
2568	82.16510903%	[80.6368%, 83.5973%]
2569	82.17205138%	[80.6443%, 83.6037%]
2570	82.17898833%	[80.6517%, 83.6102%]
2571	82.14702450%	[80.6191%, 83.5790%]
2572	82.15396579%	[80.6266%, 83.5855%]
2573	82.12203653%	[80.5939%, 83.5544%]
2574	82.09013209%	[80.5614%, 83.5233%]
2575	82.05825243%	[80.5288%, 83.4922%]
2576	82.02639752%	[80.4963%, 83.4611%]
2577	81.99456733%	[80.4638%, 83.4301%]
2578	82.00155159%	[80.4713%, 83.4366%]
2579	82.00853044%	[80.4788%, 83.4431%]
2580	82.01550388%	[80.4863%, 83.4495%]
2581	81.98372724%	[80.4538%, 83.4185%]
2582	81.99070488%	[80.4613%, 83.4250%]
2583	81.99767712%	[80.4688%, 83.4315%]
2584	82.00464396%	[80.4763%, 83.4380%]
2585	82.01160542%	[80.4838%, 83.4444%]
2586	82.01856148%	[80.4913%, 83.4509%]
2587	82.02551218%	[80.4987%, 83.4573%]
2588	82.03245750%	[80.5062%, 83.4638%]
2589	82.03939745%	[80.5137%, 83.4702%]
2590	82.04633205%	[80.5211%, 83.4766%]
2591	82.05326129%	[80.5285%, 83.4831%]
2592	82.06018519%	[80.5360%, 83.4895%]
2593	82.06710374%	[80.5434%, 83.4959%]
2594	82.07401696%	[80.5508%, 83.5023%]
2595	82.08092486%	[80.5583%, 83.5087%]
2596	82.08782743%	[80.5657%, 83.5151%]
2597	82.09472468%	[80.5731%, 83.5215%]
2598	82.10161663%	[80.5805%, 83.5279%]
2599	82.07002693%	[80.5482%, 83.4971%]
2600	82.07692308%	[80.5557%, 83.5035%]
2601	82.04536717%	[80.5234%, 83.4728%]
2602	82.01383551%	[80.4912%, 83.4420%]
2603	82.02074529%	[80.4987%, 83.4485%]
2604	82.02764977%	[80.5061%, 83.4549%]
2605	82.03454894%	[80.5135%, 83.4613%]
2606	82.04144282%	[80.5209%, 83.4677%]
2607	82.04833142%	[80.5283%, 83.4741%]
2608	82.01687117%	[80.4962%, 83.4434%]
2609	82.02376389%	[80.5036%, 83.4498%]
2610	81.99233716%	[80.4715%, 83.4191%]
2611	81.99923401%	[80.4789%, 83.4255%]
2612	82.00612557%	[80.4863%, 83.4319%]
2613	81.97474168%	[80.4543%, 83.4013%]
2614	81.98163734%	[80.4617%, 83.4077%]
2615	81.98852772%	[80.4691%, 83.4141%]
2616	81.95718654%	[80.4371%, 83.3836%]
2617	81.96408101%	[80.4445%, 83.3900%]
2618	81.97097021%	[80.4519%, 83.3964%]
2619	81.97785414%	[80.4593%, 83.4028%]
2620	81.98473282%	[80.4667%, 83.4092%]
2621	81.99160626%	[80.4740%, 83.4155%]
2622	81.99847445%	[80.4814%, 83.4219%]
2623	82.00533740%	[80.4888%, 83.4283%]
2624	82.01219512%	[80.4961%, 83.4347%]
2625	82.01904762%	[80.5035%, 83.4410%]
2626	82.02589490%	[80.5109%, 83.4474%]
2627	82.03273696%	[80.5182%, 83.4537%]
2628	82.03957382%	[80.5255%, 83.4601%]
2629	82.04640548%	[80.5329%, 83.4664%]
2630	82.01520913%	[80.5010%, 83.4360%]
2631	82.02204485%	[80.5084%, 83.4423%]
2632	81.99088146%	[80.4766%, 83.4120%]
2633	81.99772123%	[80.4839%, 83.4183%]
2634	81.96659074%	[80.4521%, 83.3879%]
2635	81.97343454%	[80.4595%, 83.3943%]
2636	81.94233687%	[80.4277%, 83.3640%]
2637	81.94918468%	[80.4351%, 83.3703%]
2638	81.95602729%	[80.4424%, 83.3767%]
2639	81.96286472%	[80.4498%, 83.3830%]
2640	81.93181818%	[80.4181%, 83.3528%]
2641	81.93865960%	[80.4254%, 83.3591%]
2642	81.94549584%	[80.4328%, 83.3655%]
2643	81.95232690%	[80.4401%, 83.3718%]
2644	81.95915280%	[80.4474%, 83.3782%]
2645	81.96597353%	[80.4547%, 83.3845%]
2646	81.97278912%	[80.4621%, 83.3908%]
2647	81.97959955%	[80.4694%, 83.3971%]
2648	81.98640483%	[80.4767%, 83.4035%]
2649	81.99320498%	[80.4840%, 83.4098%]
2650	82.00000000%	[80.4913%, 83.4161%]
2651	82.00678989%	[80.4985%, 83.4224%]
2652	82.01357466%	[80.5058%, 83.4287%]
2653	82.02035432%	[80.5131%, 83.4350%]
2654	82.02712886%	[80.5204%, 83.4413%]
2655	82.03389831%	[80.5276%, 83.4476%]
2656	82.00301205%	[80.4961%, 83.4175%]
2657	82.00978547%	[80.5034%, 83.4238%]
2658	82.01655380%	[80.5107%, 83.4300%]
2659	81.98570891%	[80.4792%, 83.4000%]
2660	81.99248120%	[80.4864%, 83.4063%]
2661	81.99924840%	[80.4937%, 83.4125%]
2662	82.00601052%	[80.5010%, 83.4188%]
2663	82.01276756%	[80.5082%, 83.4251%]
2664	82.01951952%	[80.5155%, 83.4314%]
2665	82.02626642%	[80.5227%, 83.4376%]
2666	81.99549887%	[80.4913%, 83.4076%]
2667	82.00224972%	[80.4985%, 83.4139%]
2668	82.00899550%	[80.5058%, 83.4202%]
2669	82.01573623%	[80.5130%, 83.4264%]
2670	82.02247191%	[80.5202%, 83.4327%]
2671	81.99176338%	[80.4889%, 83.4027%]
2672	81.99850299%	[80.4961%, 83.4090%]
2673	82.00523756%	[80.5034%, 83.4153%]
2674	82.01196709%	[80.5106%, 83.4215%]
2675	81.98130841%	[80.4793%, 83.3916%]
2676	81.95067265%	[80.4480%, 83.3617%]
2677	81.95741502%	[80.4553%, 83.3680%]
2678	81.96415235%	[80.4625%, 83.3743%]
2679	81.97088466%	[80.4697%, 83.3805%]
2680	81.97761194%	[80.4769%, 83.3868%]
2681	81.98433420%	[80.4841%, 83.3930%]
2682	81.99105145%	[80.4913%, 83.3992%]
2683	81.99776370%	[80.4985%, 83.4055%]
2684	82.00447094%	[80.5057%, 83.4117%]
2685	82.01117318%	[80.5129%, 83.4179%]
2686	82.01787044%	[80.5201%, 83.4242%]
2687	82.02456271%	[80.5273%, 83.4304%]
2688	81.99404762%	[80.4962%, 83.4006%]
2689	82.00074377%	[80.5033%, 83.4068%]
2690	82.00743494%	[80.5105%, 83.4131%]
2691	82.01412114%	[80.5177%, 83.4193%]
2692	82.02080238%	[80.5249%, 83.4255%]
2693	82.02747865%	[80.5320%, 83.4317%]
2694	82.03414996%	[80.5392%, 83.4379%]
2695	82.04081633%	[80.5463%, 83.4441%]
2696	82.04747774%	[80.5535%, 83.4503%]
2697	82.05413422%	[80.5606%, 83.4565%]
2698	82.06078577%	[80.5678%, 83.4627%]
2699	82.06743238%	[80.5749%, 83.4688%]
2700	82.07407407%	[80.5820%, 83.4750%]
2701	82.08071085%	[80.5891%, 83.4812%]
2702	82.05033309%	[80.5581%, 83.4515%]
2703	82.05697373%	[80.5652%, 83.4577%]
2704	82.06360947%	[80.5724%, 83.4639%]
2705	82.07024030%	[80.5795%, 83.4700%]
2706	82.07686622%	[80.5866%, 83.4762%]
2707	82.08348726%	[80.5937%, 83.4824%]
2708	82.09010340%	[80.6008%, 83.4885%]
2709	82.09671465%	[80.6079%, 83.4946%]
2710	82.10332103%	[80.6150%, 83.5008%]
2711	82.10992254%	[80.6221%, 83.5069%]
2712	82.11651917%	[80.6291%, 83.5131%]
2713	82.12311095%	[80.6362%, 83.5192%]
2714	82.12969786%	[80.6433%, 83.5253%]
2715	82.13627993%	[80.6503%, 83.5314%]
2716	82.14285714%	[80.6574%, 83.5375%]
2717	82.14942952%	[80.6644%, 83.5436%]
2718	82.15599706%	[80.6715%, 83.5497%]
2719	82.16255976%	[80.6785%, 83.5558%]
2720	82.16911765%	[80.6856%, 83.5619%]
2721	82.17567071%	[80.6926%, 83.5680%]
2722	82.18221896%	[80.6996%, 83.5741%]
2723	82.15203819%	[80.6688%, 83.5447%]
2724	82.15859031%	[80.6758%, 83.5508%]
2725	82.16513761%	[80.6829%, 83.5568%]
2726	82.17168012%	[80.6899%, 83.5629%]
2727	82.14154749%	[80.6591%, 83.5335%]
2728	82.14809384%	[80.6662%, 83.5396%]
2729	82.11799194%	[80.6354%, 83.5103%]
2730	82.12454212%	[80.6425%, 83.5163%]
2731	82.13108751%	[80.6495%, 83.5224%]
2732	82.10102489%	[80.6188%, 83.4931%]
2733	82.10757409%	[80.6258%, 83.4992%]
2734	82.11411851%	[80.6328%, 83.5053%]
2735	82.12065814%	[80.6399%, 83.5114%]
2736	82.12719298%	[80.6469%, 83.5174%]
2737	82.09718670%	[80.6162%, 83.4882%]
2738	82.06720234%	[80.5856%, 83.4589%]
2739	82.03723987%	[80.5551%, 83.4297%]
2740	82.04379562%	[80.5621%, 83.4358%]
2741	82.05034659%	[80.5691%, 83.4419%]
2742	82.05689278%	[80.5761%, 83.4480%]
2743	82.06343420%	[80.5831%, 83.4540%]
2744	82.03352770%	[80.5526%, 83.4249%]
2745	82.04007286%	[80.5596%, 83.4310%]
2746	82.04661326%	[80.5667%, 83.4370%]
2747	82.01674554%	[80.5362%, 83.4079%]
2748	82.02328967%	[80.5432%, 83.4140%]
2749	81.99345216%	[80.5127%, 83.3849%]
2750	82.00000000%	[80.5198%, 83.3910%]
2751	82.00654308%	[80.5268%, 83.3970%]
2752	81.97674419%	[80.4964%, 83.3680%]
2753	81.98329096%	[80.5034%, 83.3741%]
2754	81.98983297%	[80.5104%, 83.3801%]
2755	81.99637024%	[80.5174%, 83.3862%]
2756	82.00290276%	[80.5244%, 83.3923%]
2757	82.00943054%	[80.5314%, 83.3984%]
2758	82.01595359%	[80.5384%, 83.4044%]
2759	81.98622689%	[80.5081%, 83.3754%]
2760	81.99275362%	[80.5151%, 83.3815%]
2761	81.99927562%	[80.5221%, 83.3876%]
2762	82.00579290%	[80.5290%, 83.3936%]
2763	82.01230547%	[80.5360%, 83.3997%]
2764	82.01881331%	[80.5430%, 83.4057%]
2765	81.98915009%	[80.5127%, 83.3768%]
2766	81.99566161%	[80.5197%, 83.3829%]
2767	82.00216841%	[80.5267%, 83.3889%]
2768	81.97254335%	[80.4965%, 83.3600%]
2769	81.97905381%	[80.5034%, 83.3661%]
2770	81.98555957%	[80.5104%, 83.3721%]
2771	81.99206063%	[80.5174%, 83.3782%]
2772	81.99855700%	[80.5243%, 83.3842%]
2773	82.00504868%	[80.5313%, 83.3902%]
2774	81.97548666%	[80.5011%, 83.3614%]
2775	81.98198198%	[80.5081%, 83.3674%]
2776	81.98847262%	[80.5151%, 83.3735%]
2777	81.99495859%	[80.5220%, 83.3795%]
2778	81.96544276%	[80.4919%, 83.3507%]
2779	81.97193235%	[80.4988%, 83.3568%]
2780	81.97841727%	[80.5058%, 83.3628%]
2781	81.98489752%	[80.5127%, 83.3688%]
2782	81.99137311%	[80.5197%, 83.3748%]
2783	81.99784405%	[80.5266%, 83.3809%]
2784	82.00431034%	[80.5335%, 83.3869%]
2785	82.01077199%	[80.5405%, 83.3929%]
2786	81.98133525%	[80.5104%, 83.3642%]
2787	81.98780050%	[80.5174%, 83.3702%]
2788	81.95839311%	[80.4874%, 83.3415%]
2789	81.96486196%	[80.4943%, 83.3475%]
2790	81.97132616%	[80.5012%, 83.3535%]
2791	81.97778574%	[80.5081%, 83.3595%]
2792	81.98424069%	[80.5150%, 83.3655%]
2793	81.99069101%	[80.5220%, 83.3715%]
2794	81.99713672%	[80.5289%, 83.3775%]
2795	81.96779964%	[80.4989%, 83.3489%]
2796	81.97424893%	[80.5058%, 83.3549%]
2797	81.98069360%	[80.5127%, 83.3609%]
2798	81.98713367%	[80.5196%, 83.3669%]
2799	81.99356913%	[80.5265%, 83.3729%]
2800	82.00000000%	[80.5334%, 83.3789%]
2801	82.00642628%	[80.5403%, 83.3849%]
2802	82.01284797%	[80.5472%, 83.3908%]
2803	82.01926507%	[80.5541%, 83.3968%]
2804	82.02567760%	[80.5609%, 83.4028%]
2805	82.03208556%	[80.5678%, 83.4087%]
2806	82.03848895%	[80.5747%, 83.4147%]
2807	82.04488778%	[80.5815%, 83.4207%]
2808	82.01566952%	[80.5517%, 83.3921%]
2809	82.02207191%	[80.5586%, 83.3981%]
2810	82.02846975%	[80.5654%, 83.4041%]
2811	82.03486304%	[80.5723%, 83.4100%]
2812	82.04125178%	[80.5791%, 83.4160%]
2813	82.01208674%	[80.5494%, 83.3875%]
2814	82.01847903%	[80.5562%, 83.3934%]
2815	82.02486679%	[80.5631%, 83.3994%]
2816	82.03125000%	[80.5699%, 83.4053%]
2817	82.03762868%	[80.5767%, 83.4113%]
2818	82.04400284%	[80.5836%, 83.4172%]
2819	82.05037247%	[80.5904%, 83.4231%]
2820	82.05673759%	[80.5972%, 83.4291%]
2821	82.06309819%	[80.6040%, 83.4350%]
2822	82.06945429%	[80.6108%, 83.4409%]
2823	82.07580588%	[80.6176%, 83.4468%]
2824	82.08215297%	[80.6244%, 83.4527%]
2825	82.08849558%	[80.6312%, 83.4586%]
2826	82.09483369%	[80.6380%, 83.4645%]
2827	82.10116732%	[80.6448%, 83.4704%]
2828	82.10749646%	[80.6516%, 83.4763%]
2829	82.11382114%	[80.6584%, 83.4822%]
2830	82.12014134%	[80.6651%, 83.4881%]
2831	82.12645708%	[80.6719%, 83.4940%]
2832	82.13276836%	[80.6787%, 83.4998%]
2833	82.13907519%	[80.6854%, 83.5057%]
2834	82.14537756%	[80.6922%, 83.5116%]
2835	82.15167549%	[80.6989%, 83.5174%]
2836	82.15796897%	[80.7056%, 83.5233%]
2837	82.16425802%	[80.7124%, 83.5291%]
2838	82.17054264%	[80.7191%, 83.5350%]
2839	82.14159915%	[80.6896%, 83.5067%]
2840	82.14788732%	[80.6963%, 83.5126%]
2841	82.15417107%	[80.7031%, 83.5184%]
2842	82.16045039%	[80.7098%, 83.5243%]
2843	82.16672529%	[80.7165%, 83.5301%]
2844	82.17299578%	[80.7232%, 83.5360%]
2845	82.17926186%	[80.7299%, 83.5418%]
2846	82.18552354%	[80.7366%, 83.5476%]
2847	82.19178082%	[80.7433%, 83.5535%]
2848	82.19803371%	[80.7500%, 83.5593%]
2849	82.20428220%	[80.7567%, 83.5651%]
2850	82.21052632%	[80.7634%, 83.5709%]
2851	82.21676605%	[80.7701%, 83.5767%]
2852	82.22300140%	[80.7768%, 83.5825%]
2853	82.22923239%	[80.7835%, 83.5883%]
2854	82.23545900%	[80.7901%, 83.5941%]
2855	82.24168126%	[80.7968%, 83.5999%]
2856	82.21288515%	[80.7674%, 83.5718%]
2857	82.21911096%	[80.7741%, 83.5776%]
2858	82.22533240%	[80.7808%, 83.5834%]
2859	82.23154949%	[80.7874%, 83.5892%]
2860	82.23776224%	[80.7941%, 83.5950%]
2861	82.20901783%	[80.7647%, 83.5669%]
2862	82.21523410%	[80.7714%, 83.5727%]
2863	82.22144604%	[80.7781%, 83.5785%]
2864	82.22765363%	[80.7847%, 83.5843%]
2865	82.23385689%	[80.7914%, 83.5900%]
2866	82.20516399%	[80.7621%, 83.5620%]
2867	82.21137077%	[80.7687%, 83.5678%]
2868	82.21757322%	[80.7754%, 83.5736%]
2869	82.22377135%	[80.7820%, 83.5794%]
2870	82.19512195%	[80.7528%, 83.5514%]
2871	82.20132358%	[80.7594%, 83.5572%]
2872	82.20752089%	[80.7661%, 83.5629%]
2873	82.21371389%	[80.7727%, 83.5687%]
2874	82.21990257%	[80.7793%, 83.5745%]
2875	82.22608696%	[80.7859%, 83.5802%]
2876	82.23226704%	[80.7926%, 83.5860%]
2877	82.23844282%	[80.7992%, 83.5917%]
2878	82.24461432%	[80.8058%, 83.5975%]
2879	82.25078152%	[80.8124%, 83.6032%]
2880	82.25694444%	[80.8190%, 83.6090%]
2881	82.26310309%	[80.8256%, 83.6147%]
2882	82.26925746%	[80.8322%, 83.6204%]
2883	82.27540756%	[80.8388%, 83.6261%]
2884	82.28155340%	[80.8454%, 83.6319%]
2885	82.28769497%	[80.8519%, 83.6376%]
2886	82.29383229%	[80.8585%, 83.6433%]
2887	82.29996536%	[80.8651%, 83.6490%]
2888	82.30609418%	[80.8716%, 83.6547%]
2889	82.27760471%	[80.8426%, 83.6269%]
2890	82.28373702%	[80.8491%, 83.6326%]
2891	82.28986510%	[80.8557%, 83.6383%]
2892	82.29598893%	[80.8623%, 83.6440%]
2893	82.30210854%	[80.8688%, 83.6497%]
2894	82.30822391%	[80.8754%, 83.6554%]
2895	82.31433506%	[80.8819%, 83.6611%]
2896	82.28591160%	[80.8529%, 83.6334%]
2897	82.29202623%	[80.8595%, 83.6391%]
2898	82.29813665%	[80.8660%, 83.6448%]
2899	82.30424284%	[80.8725%, 83.6504%]
2900	82.31034483%	[80.8791%, 83.6561%]
2901	82.31644261%	[80.8856%, 83.6618%]
2902	82.32253618%	[80.8921%, 83.6675%]
2903	82.29417844%	[80.8632%, 83.6398%]
2904	82.30027548%	[80.8697%, 83.6455%]
2905	82.30636833%	[80.8762%, 83.6512%]
2906	82.31245699%	[80.8828%, 83.6568%]
2907	82.31854145%	[80.8893%, 83.6625%]
2908	82.32462173%	[80.8958%, 83.6682%]
2909	82.29632176%	[80.8669%, 83.6405%]
2910	82.30240550%	[80.8734%, 83.6462%]
2911	82.30848506%	[80.8799%, 83.6519%]
2912	82.31456044%	[80.8865%, 83.6575%]
2913	82.28630278%	[80.8576%, 83.6299%]
2914	82.29238161%	[80.8641%, 83.6356%]
2915	82.29845626%	[80.8706%, 83.6413%]
2916	82.30452675%	[80.8771%, 83.6469%]
2917	82.31059308%	[80.8836%, 83.6526%]
2918	82.31665524%	[80.8901%, 83.6582%]
2919	82.28845495%	[80.8613%, 83.6307%]
2920	82.26027397%	[80.8326%, 83.6032%]
2921	82.26634714%	[80.8391%, 83.6088%]
2922	82.27241615%	[80.8456%, 83.6145%]
2923	82.27848101%	[80.8521%, 83.6201%]
2924	82.28454172%	[80.8586%, 83.6258%]
2925	82.29059829%	[80.8651%, 83.6314%]
2926	82.29665072%	[80.8715%, 83.6371%]
2927	82.26853434%	[80.8429%, 83.6096%]
2928	82.27459016%	[80.8493%, 83.6153%]
2929	82.28064186%	[80.8558%, 83.6209%]
2930	82.28668942%	[80.8623%, 83.6265%]
2931	82.29273286%	[80.8688%, 83.6322%]
2932	82.29877217%	[80.8752%, 83.6378%]
2933	82.27071258%	[80.8466%, 83.6104%]
2934	82.27675528%	[80.8531%, 83.6160%]
2935	82.24872232%	[80.8245%, 83.5887%]
2936	82.25476839%	[80.8309%, 83.5943%]
2937	82.26081035%	[80.8374%, 83.5999%]
2938	82.26684820%	[80.8439%, 83.6056%]
2939	82.27288193%	[80.8503%, 83.6112%]
2940	82.27891156%	[80.8568%, 83.6168%]
2941	82.28493710%	[80.8632%, 83.6224%]
2942	82.29095853%	[80.8697%, 83.6280%]
2943	82.29697587%	[80.8761%, 83.6336%]
2944	82.30298913%	[80.8826%, 83.6392%]
2945	82.30899830%	[80.8890%, 83.6448%]
2946	82.31500339%	[80.8954%, 83.6504%]
2947	82.28707160%	[80.8669%, 83.6232%]
2948	82.29308005%	[80.8733%, 83.6288%]
2949	82.26517464%	[80.8449%, 83.6015%]
2950	82.27118644%	[80.8513%, 83.6071%]
2951	82.27719417%	[80.8577%, 83.6127%]
2952	82.28319783%	[80.8642%, 83.6183%]
2953	82.28919743%	[80.8706%, 83.6239%]
2954	82.29519296%	[80.8770%, 83.6295%]
2955	82.30118443%	[80.8834%, 83.6351%]
2956	82.30717185%	[80.8898%, 83.6407%]
2957	82.31315522%	[80.8962%, 83.6462%]
2958	82.28532792%	[80.8678%, 83.6191%]
2959	82.29131463%	[80.8742%, 83.6246%]
2960	82.29729730%	[80.8807%, 83.6302%]
2961	82.30327592%	[80.8871%, 83.6358%]
2962	82.30925051%	[80.8934%, 83.6414%]
2963	82.31522106%	[80.8998%, 83.6469%]
2964	82.28744939%	[80.8715%, 83.6198%]
2965	82.29342327%	[80.8779%, 83.6254%]
2966	82.29939312%	[80.8843%, 83.6309%]
2967	82.30535895%	[80.8907%, 83.6365%]
2968	82.31132075%	[80.8970%, 83.6421%]
2969	82.31727854%	[80.9034%, 83.6476%]
2970	82.32323232%	[80.9098%, 83.6532%]
2971	82.29552339%	[80.8815%, 83.6261%]
2972	82.26783311%	[80.8533%, 83.5991%]
2973	82.27379751%	[80.8597%, 83.6046%]
2974	82.27975790%	[80.8660%, 83.6102%]
2975	82.25210084%	[80.8378%, 83.5832%]
2976	82.22446237%	[80.8096%, 83.5562%]
2977	82.23043332%	[80.8160%, 83.5618%]
2978	82.23640027%	[80.8224%, 83.5673%]
2979	82.24236321%	[80.8288%, 83.5729%]
2980	82.21476510%	[80.8006%, 83.5460%]
2981	82.22073130%	[80.8070%, 83.5515%]
2982	82.19315895%	[80.7789%, 83.5246%]
2983	82.19912839%	[80.7853%, 83.5302%]
2984	82.20509383%	[80.7917%, 83.5357%]
2985	82.21105528%	[80.7980%, 83.5413%]
2986	82.21701273%	[80.8044%, 83.5468%]
2987	82.22296619%	[80.8108%, 83.5524%]
2988	82.22891566%	[80.8171%, 83.5579%]
2989	82.23486116%	[80.8235%, 83.5635%]
2990	82.24080268%	[80.8299%, 83.5690%]
2991	82.24674022%	[80.8362%, 83.5745%]
2992	82.25267380%	[80.8426%, 83.5801%]
2993	82.25860341%	[80.8489%, 83.5856%]
2994	82.26452906%	[80.8552%, 83.5911%]
2995	82.27045075%	[80.8616%, 83.5967%]
2996	82.27636849%	[80.8679%, 83.6022%]
2997	82.28228228%	[80.8742%, 83.6077%]
2998	82.28819213%	[80.8806%, 83.6132%]
2999	82.29409803%	[80.8869%, 83.6187%]
3000	82.30000000%	[80.8932%, 83.6242%]
3001	82.27257581%	[80.8652%, 83.5974%]
3002	82.27848101%	[80.8715%, 83.6029%]
3003	82.25108225%	[80.8436%, 83.5762%]
3004	82.25699068%	[80.8499%, 83.5817%]
3005	82.26289517%	[80.8562%, 83.5872%]
3006	82.26879574%	[80.8625%, 83.5927%]
3007	82.27469238%	[80.8688%, 83.5982%]
3008	82.28058511%	[80.8751%, 83.6037%]
3009	82.28647391%	[80.8814%, 83.6092%]
3010	82.29235880%	[80.8877%, 83.6147%]
3011	82.29823979%	[80.8940%, 83.6202%]
3012	82.30411687%	[80.9003%, 83.6256%]
3013	82.30999004%	[80.9066%, 83.6311%]
3014	82.31585932%	[80.9129%, 83.6366%]
3015	82.28855721%	[80.8850%, 83.6099%]
3016	82.26127321%	[80.8572%, 83.5833%]
3017	82.23400729%	[80.8294%, 83.5567%]
3018	82.23989397%	[80.8357%, 83.5622%]
3019	82.24577675%	[80.8420%, 83.5676%]
3020	82.25165563%	[80.8482%, 83.5731%]
3021	82.25753062%	[80.8545%, 83.5786%]
3022	82.26340172%	[80.8608%, 83.5841%]
3023	82.26926894%	[80.8671%, 83.5895%]
3024	82.27513228%	[80.8734%, 83.5950%]
3025	82.24793388%	[80.8456%, 83.5685%]
3026	82.25380040%	[80.8519%, 83.5739%]
3027	82.25966303%	[80.8582%, 83.5794%]
3028	82.26552180%	[80.8644%, 83.5849%]
3029	82.27137669%	[80.8707%, 83.5903%]
3030	82.27722772%	[80.8769%, 83.5958%]
3031	82.28307489%	[80.8832%, 83.6012%]
3032	82.28891821%	[80.8894%, 83.6067%]
3033	82.29475767%	[80.8957%, 83.6121%]
3034	82.26763349%	[80.8680%, 83.5856%]
3035	82.27347611%	[80.8743%, 83.5911%]
3036	82.27931489%	[80.8805%, 83.5965%]
3037	82.28514982%	[80.8867%, 83.6020%]
3038	82.29098091%	[80.8930%, 83.6074%]
3039	82.29680816%	[80.8992%, 83.6129%]
3040	82.30263158%	[80.9054%, 83.6183%]
3041	82.30845117%	[80.9117%, 83.6237%]
3042	82.28139382%	[80.8841%, 83.5973%]
3043	82.25435426%	[80.8565%, 83.5709%]
3044	82.26018397%	[80.8627%, 83.5763%]
3045	82.26600985%	[80.8690%, 83.5818%]
3046	82.27183191%	[80.8752%, 83.5872%]
3047	82.24483098%	[80.8476%, 83.5608%]
3048	82.25065617%	[80.8539%, 83.5663%]
3049	82.25647753%	[80.8601%, 83.5717%]
3050	82.26229508%	[80.8663%, 83.5771%]
3051	82.26810882%	[80.8725%, 83.5825%]
3052	82.27391874%	[80.8787%, 83.5880%]
3053	82.27972486%	[80.8849%, 83.5934%]
3054	82.28552718%	[80.8911%, 83.5988%]
3055	82.25859247%	[80.8637%, 83.5725%]
3056	82.26439791%	[80.8699%, 83.5779%]
3057	82.23748773%	[80.8424%, 83.5516%]
3058	82.21059516%	[80.8150%, 83.5254%]
3059	82.21641059%	[80.8212%, 83.5308%]
3060	82.22222222%	[80.8274%, 83.5362%]
3061	82.19536099%	[80.8000%, 83.5100%]
3062	82.20117570%	[80.8063%, 83.5154%]
3063	82.20698661%	[80.8125%, 83.5208%]
3064	82.21279373%	[80.8187%, 83.5262%]
3065	82.21859706%	[80.8249%, 83.5317%]
3066	82.19178082%	[80.7975%, 83.5055%]
3067	82.19758722%	[80.8037%, 83.5109%]
3068	82.20338983%	[80.8099%, 83.5163%]
3069	82.20918866%	[80.8161%, 83.5217%]
3070	82.21498371%	[80.8223%, 83.5271%]
3071	82.18821231%	[80.7950%, 83.5010%]
3072	82.19401042%	[80.8012%, 83.5064%]
3073	82.19980475%	[80.8074%, 83.5118%]
3074	82.20559532%	[80.8136%, 83.5172%]
3075	82.21138211%	[80.8198%, 83.5226%]
3076	82.21716515%	[80.8260%, 83.5280%]
3077	82.22294443%	[80.8321%, 83.5334%]
3078	82.22871995%	[80.8383%, 83.5388%]
3079	82.20201364%	[80.8111%, 83.5127%]
3080	82.17532468%	[80.7839%, 83.4866%]
3081	82.18111003%	[80.7901%, 83.4920%]
3082	82.18689163%	[80.7962%, 83.4974%]
3083	82.19266948%	[80.8024%, 83.5028%]
3084	82.19844358%	[80.8086%, 83.5082%]
3085	82.17179903%	[80.7814%, 83.4822%]
3086	82.17757615%	[80.7876%, 83.4876%]
3087	82.18334953%	[80.7937%, 83.4930%]
3088	82.18911917%	[80.7999%, 83.4983%]
3089	82.16251214%	[80.7728%, 83.4723%]
3090	82.16828479%	[80.7790%, 83.4777%]
3091	82.17405370%	[80.7851%, 83.4831%]
3092	82.17981889%	[80.7913%, 83.4885%]
3093	82.18558034%	[80.7974%, 83.4939%]
3094	82.19133807%	[80.8036%, 83.4993%]
3095	82.19709208%	[80.8097%, 83.5046%]
3096	82.17054264%	[80.7827%, 83.4787%]
3097	82.14401033%	[80.7556%, 83.4528%]
3098	82.14977405%	[80.7618%, 83.4582%]
3099	82.15553404%	[80.7679%, 83.4635%]
3100	82.16129032%	[80.7741%, 83.4689%]
3101	82.16704289%	[80.7802%, 83.4743%]
3102	82.17279175%	[80.7864%, 83.4796%]
3103	82.17853690%	[80.7925%, 83.4850%]
3104	82.18427835%	[80.7986%, 83.4904%]
3105	82.19001610%	[80.8048%, 83.4957%]
3106	82.19575016%	[80.8109%, 83.5011%]
3107	82.20148053%	[80.8170%, 83.5064%]
3108	82.20720721%	[80.8231%, 83.5118%]
3109	82.21293020%	[80.8292%, 83.5171%]
3110	82.21864952%	[80.8353%, 83.5225%]
3111	82.22436516%	[80.8414%, 83.5278%]
3112	82.19794344%	[80.8145%, 83.5020%]
3113	82.20366206%	[80.8206%, 83.5073%]
3114	82.20937701%	[80.8267%, 83.5127%]
3115	82.21508828%	[80.8328%, 83.5180%]
3116	82.18870347%	[80.8059%, 83.4922%]
3117	82.19441771%	[80.8120%, 83.4976%]
3118	82.20012829%	[80.8181%, 83.5029%]
3119	82.20583520%	[80.8242%, 83.5082%]
3120	82.21153846%	[80.8303%, 83.5135%]
3121	82.18519705%	[80.8035%, 83.4878%]
3122	82.19090327%	[80.8095%, 83.4931%]
3123	82.16458533%	[80.7827%, 83.4674%]
3124	82.17029449%	[80.7888%, 83.4728%]
3125	82.17600000%	[80.7949%, 83.4781%]
3126	82.14971209%	[80.7681%, 83.4524%]
3127	82.15542053%	[80.7742%, 83.4577%]
3128	82.16112532%	[80.7803%, 83.4631%]
3129	82.13486737%	[80.7535%, 83.4374%]
3130	82.14057508%	[80.7596%, 83.4427%]
3131	82.14627914%	[80.7657%, 83.4481%]
3132	82.15197957%	[80.7718%, 83.4534%]
3133	82.15767635%	[80.7779%, 83.4587%]
3134	82.16336950%	[80.7840%, 83.4640%]
3135	82.16905901%	[80.7900%, 83.4693%]
3136	82.14285714%	[80.7633%, 83.4437%]
3137	82.11667198%	[80.7366%, 83.4182%]
3138	82.12237094%	[80.7427%, 83.4235%]
3139	82.12806626%	[80.7488%, 83.4288%]
3140	82.13375796%	[80.7549%, 83.4341%]
3141	82.13944604%	[80.7609%, 83.4394%]
3142	82.14513049%	[80.7670%, 83.4447%]
3143	82.15081133%	[80.7731%, 83.4500%]
3144	82.12468193%	[80.7464%, 83.4245%]
3145	82.13036566%	[80.7525%, 83.4298%]
3146	82.13604577%	[80.7586%, 83.4351%]
3147	82.14172228%	[80.7646%, 83.4404%]
3148	82.14739517%	[80.7707%, 83.4457%]
3149	82.15306446%	[80.7767%, 83.4510%]
3150	82.15873016%	[80.7828%, 83.4563%]
3151	82.13265630%	[80.7562%, 83.4308%]
3152	82.13832487%	[80.7623%, 83.4361%]
3153	82.14398985%	[80.7683%, 83.4414%]
3154	82.14965124%	[80.7744%, 83.4467%]
3155	82.15530903%	[80.7804%, 83.4520%]
3156	82.16096324%	[80.7864%, 83.4573%]
3157	82.16661387%	[80.7925%, 83.4626%]
3158	82.17226092%	[80.7985%, 83.4678%]
3159	82.17790440%	[80.8045%, 83.4731%]
3160	82.15189873%	[80.7780%, 83.4477%]
3161	82.15754508%	[80.7840%, 83.4530%]
3162	82.16318786%	[80.7901%, 83.4583%]
3163	82.16882706%	[80.7961%, 83.4635%]
3164	82.17446271%	[80.8021%, 83.4688%]
3165	82.18009479%	[80.8081%, 83.4741%]
3166	82.18572331%	[80.8141%, 83.4793%]
3167	82.19134828%	[80.8201%, 83.4846%]
3168	82.19696970%	[80.8261%, 83.4898%]
3169	82.17103187%	[80.7997%, 83.4645%]
3170	82.17665615%	[80.8057%, 83.4697%]
3171	82.15074109%	[80.7793%, 83.4444%]
3172	82.15636822%	[80.7853%, 83.4497%]
3173	82.13047589%	[80.7589%, 83.4244%]
3174	82.13610586%	[80.7649%, 83.4296%]
3175	82.14173228%	[80.7709%, 83.4349%]
3176	82.14735516%	[80.7769%, 83.4401%]
3177	82.15297450%	[80.7829%, 83.4454%]
3178	82.15859031%	[80.7889%, 83.4506%]
3179	82.16420258%	[80.7949%, 83.4559%]
3180	82.16981132%	[80.8009%, 83.4611%]
3181	82.17541654%	[80.8069%, 83.4664%]
3182	82.18101823%	[80.8128%, 83.4716%]
3183	82.18661640%	[80.8188%, 83.4768%]
3184	82.19221106%	[80.8248%, 83.4821%]
3185	82.19780220%	[80.8308%, 83.4873%]
3186	82.20338983%	[80.8367%, 83.4925%]
3187	82.17759649%	[80.8104%, 83.4673%]
3188	82.15181932%	[80.7841%, 83.4421%]
3189	82.15741612%	[80.7901%, 83.4473%]
3190	82.16300940%	[80.7961%, 83.4526%]
3191	82.16859919%	[80.8021%, 83.4578%]
3192	82.17418546%	[80.8080%, 83.4630%]
3193	82.17976824%	[80.8140%, 83.4682%]
3194	82.18534753%	[80.8199%, 83.4734%]
3195	82.19092332%	[80.8259%, 83.4786%]
3196	82.19649562%	[80.8318%, 83.4839%]
3197	82.20206444%	[80.8378%, 83.4891%]
3198	82.20762977%	[80.8437%, 83.4943%]
3199	82.21319162%	[80.8496%, 83.4995%]
3200	82.21875000%	[80.8556%, 83.5047%]
3201	82.19306467%	[80.8294%, 83.4796%]
3202	82.19862586%	[80.8353%, 83.4848%]
3203	82.20418358%	[80.8413%, 83.4899%]
3204	82.20973783%	[80.8472%, 83.4951%]
3205	82.21528861%	[80.8531%, 83.5003%]
3206	82.22083593%	[80.8590%, 83.5055%]
3207	82.22637979%	[80.8650%, 83.5107%]
3208	82.23192020%	[80.8709%, 83.5159%]
3209	82.23745715%	[80.8768%, 83.5210%]
3210	82.24299065%	[80.8827%, 83.5262%]
3211	82.24852071%	[80.8886%, 83.5314%]
3212	82.25404732%	[80.8945%, 83.5366%]
3213	82.25957049%	[80.9004%, 83.5417%]
3214	82.23397635%	[80.8743%, 83.5167%]
3215	82.23950233%	[80.8802%, 83.5219%]
3216	82.24502488%	[80.8861%, 83.5270%]
3217	82.21945912%	[80.8600%, 83.5020%]
3218	82.22498446%	[80.8659%, 83.5072%]
3219	82.23050637%	[80.8718%, 83.5124%]
3220	82.23602484%	[80.8777%, 83.5175%]
3221	82.24153989%	[80.8836%, 83.5227%]
3222	82.21601490%	[80.8576%, 83.4977%]
3223	82.22153273%	[80.8635%, 83.5029%]
3224	82.19602978%	[80.8375%, 83.4780%]
3225	82.20155039%	[80.8433%, 83.4831%]
3226	82.20706758%	[80.8492%, 83.4883%]
3227	82.21258134%	[80.8551%, 83.4934%]
3228	82.21809170%	[80.8610%, 83.4986%]
3229	82.22359864%	[80.8669%, 83.5037%]
3230	82.22910217%	[80.8727%, 83.5089%]
3231	82.20365212%	[80.8468%, 83.4840%]
3232	82.20915842%	[80.8527%, 83.4892%]
3233	82.21466131%	[80.8585%, 83.4943%]
3234	82.22016079%	[80.8644%, 83.4995%]
3235	82.22565688%	[80.8703%, 83.5046%]
3236	82.23114957%	[80.8761%, 83.5097%]
3237	82.23663886%	[80.8820%, 83.5149%]
3238	82.24212477%	[80.8879%, 83.5200%]
3239	82.21673356%	[80.8620%, 83.4952%]
3240	82.22222222%	[80.8678%, 83.5003%]
3241	82.22770750%	[80.8737%, 83.5054%]
3242	82.23318939%	[80.8795%, 83.5106%]
3243	82.23866790%	[80.8854%, 83.5157%]
3244	82.24414303%	[80.8912%, 83.5208%]
3245	82.24961479%	[80.8971%, 83.5259%]
3246	82.25508318%	[80.9029%, 83.5310%]
3247	82.26054820%	[80.9087%, 83.5361%]
3248	82.26600985%	[80.9145%, 83.5412%]
3249	82.24068944%	[80.8887%, 83.5165%]
3250	82.24615385%	[80.8946%, 83.5216%]
3251	82.25161489%	[80.9004%, 83.5267%]
3252	82.25707257%	[80.9062%, 83.5318%]
3253	82.26252690%	[80.9120%, 83.5369%]
3254	82.23724647%	[80.8863%, 83.5122%]
3255	82.24270353%	[80.8921%, 83.5173%]
3256	82.24815725%	[80.8979%, 83.5224%]
3257	82.25360761%	[80.9037%, 83.5275%]
3258	82.22836096%	[80.8780%, 83.5028%]
3259	82.23381405%	[80.8838%, 83.5079%]
3260	82.23926380%	[80.8896%, 83.5130%]
3261	82.24471021%	[80.8954%, 83.5181%]
3262	82.25015328%	[80.9012%, 83.5232%]
3263	82.22494637%	[80.8755%, 83.4986%]
3264	82.23039216%	[80.8813%, 83.5037%]
3265	82.20520674%	[80.8557%, 83.4790%]
3266	82.21065524%	[80.8615%, 83.4841%]
3267	82.21610040%	[80.8673%, 83.4892%]
3268	82.22154223%	[80.8731%, 83.4943%]
3269	82.22698073%	[80.8789%, 83.4994%]
3270	82.23241590%	[80.8847%, 83.5045%]
3271	82.23784775%	[80.8905%, 83.5096%]
3272	82.24327628%	[80.8963%, 83.5146%]
3273	82.21814849%	[80.8707%, 83.4901%]
3274	82.22357972%	[80.8765%, 83.4952%]
3275	82.19847328%	[80.8509%, 83.4706%]
3276	82.17338217%	[80.8253%, 83.4461%]
3277	82.17882209%	[80.8311%, 83.4512%]
3278	82.18425869%	[80.8369%, 83.4563%]
3279	82.15919488%	[80.8114%, 83.4318%]
3280	82.16463415%	[80.8172%, 83.4369%]
3281	82.17007010%	[80.8230%, 83.4419%]
3282	82.17550274%	[80.8288%, 83.4470%]
3283	82.18093207%	[80.8345%, 83.4521%]
3284	82.18635810%	[80.8403%, 83.4572%]
3285	82.19178082%	[80.8461%, 83.4622%]
3286	82.19720024%	[80.8519%, 83.4673%]
3287	82.20261637%	[80.8577%, 83.4724%]
3288	82.20802920%	[80.8634%, 83.4774%]
3289	82.21343874%	[80.8692%, 83.4825%]
3290	82.18844985%	[80.8437%, 83.4581%]
3291	82.19386205%	[80.8495%, 83.4631%]
3292	82.19927096%	[80.8553%, 83.4682%]
3293	82.20467659%	[80.8610%, 83.4733%]
3294	82.21007893%	[80.8668%, 83.4783%]
3295	82.21547800%	[80.8726%, 83.4834%]
3296	82.22087379%	[80.8783%, 83.4884%]
3297	82.22626630%	[80.8841%, 83.4935%]
3298	82.23165555%	[80.8898%, 83.4985%]
3299	82.20672931%	[80.8644%, 83.4741%]
3300	82.21212121%	[80.8702%, 83.4792%]
3301	82.21750985%	[80.8759%, 83.4842%]
3302	82.22289522%	[80.8816%, 83.4893%]
3303	82.22827732%	[80.8874%, 83.4943%]
3304	82.23365617%	[80.8931%, 83.4993%]
3305	82.23903177%	[80.8989%, 83.5044%]
3306	82.24440411%	[80.9046%, 83.5094%]
3307	82.24977321%	[80.9103%, 83.5144%]
3308	82.25513906%	[80.9160%, 83.5194%]
3309	82.26050166%	[80.9217%, 83.5244%]
3310	82.26586103%	[80.9275%, 83.5295%]
3311	82.27121715%	[80.9332%, 83.5345%]
3312	82.24637681%	[80.9079%, 83.5102%]
3313	82.25173559%	[80.9136%, 83.5152%]
3314	82.25709113%	[80.9193%, 83.5202%]
3315	82.26244344%	[80.9250%, 83.5252%]
3316	82.26779252%	[80.9307%, 83.5302%]
3317	82.27313838%	[80.9364%, 83.5352%]
3318	82.27848101%	[80.9421%, 83.5402%]
3319	82.28382043%	[80.9478%, 83.5452%]
3320	82.28915663%	[80.9535%, 83.5502%]
3321	82.29448961%	[80.9592%, 83.5552%]
3322	82.29981939%	[80.9648%, 83.5602%]
3323	82.30514595%	[80.9705%, 83.5652%]
3324	82.31046931%	[80.9762%, 83.5701%]
3325	82.31578947%	[80.9819%, 83.5751%]
3326	82.29104029%	[80.9566%, 83.5509%]
3327	82.29636309%	[80.9623%, 83.5559%]
3328	82.30168269%	[80.9680%, 83.5609%]
3329	82.30699910%	[80.9737%, 83.5659%]
3330	82.31231231%	[80.9793%, 83.5708%]
3331	82.31762234%	[80.9850%, 83.5758%]
3332	82.32292917%	[80.9906%, 83.5808%]
3333	82.32823282%	[80.9963%, 83.5857%]
3334	82.30353929%	[80.9711%, 83.5616%]
3335	82.30884558%	[80.9768%, 83.5666%]
3336	82.31414868%	[80.9824%, 83.5715%]
3337	82.31944861%	[80.9881%, 83.5765%]
3338	82.32474536%	[80.9937%, 83.5814%]
3339	82.33003893%	[80.9994%, 83.5864%]
3340	82.33532934%	[81.0050%, 83.5913%]
3341	82.34061658%	[81.0107%, 83.5963%]
3342	82.34590066%	[81.0163%, 83.6012%]
3343	82.35118157%	[81.0219%, 83.6062%]
3344	82.35645933%	[81.0276%, 83.6111%]
3345	82.33183857%	[81.0025%, 83.5870%]
3346	82.33711895%	[81.0081%, 83.5920%]
3347	82.34239618%	[81.0137%, 83.5969%]
3348	82.34767025%	[81.0193%, 83.6019%]
3349	82.35294118%	[81.0250%, 83.6068%]
3350	82.35820896%	[81.0306%, 83.6117%]
3351	82.33363175%	[81.0055%, 83.5877%]
3352	82.33890215%	[81.0111%, 83.5926%]
3353	82.34416940%	[81.0168%, 83.5975%]
3354	82.34943351%	[81.0224%, 83.6025%]
3355	82.35469449%	[81.0280%, 83.6074%]
3356	82.33015495%	[81.0030%, 83.5834%]
3357	82.33541853%	[81.0086%, 83.5883%]
3358	82.34067898%	[81.0142%, 83.5933%]
3359	82.31616553%	[80.9892%, 83.5693%]
3360	82.32142857%	[80.9948%, 83.5742%]
3361	82.32668849%	[81.0004%, 83.5791%]
3362	82.33194527%	[81.0060%, 83.5841%]
3363	82.33719893%	[81.0116%, 83.5890%]
3364	82.34244946%	[81.0172%, 83.5939%]
3365	82.31797920%	[80.9923%, 83.5700%]
3366	82.32323232%	[80.9979%, 83.5749%]
3367	82.29878230%	[80.9730%, 83.5510%]
3368	82.30403800%	[80.9786%, 83.5559%]
3369	82.30929059%	[80.9842%, 83.5608%]
3370	82.31454006%	[80.9898%, 83.5657%]
3371	82.31978641%	[80.9954%, 83.5706%]
3372	82.32502966%	[81.0009%, 83.5755%]
3373	82.33026979%	[81.0065%, 83.5805%]
3374	82.30586841%	[80.9817%, 83.5566%]
3375	82.28148148%	[80.9568%, 83.5327%]
3376	82.28672986%	[80.9624%, 83.5377%]
3377	82.29197513%	[80.9680%, 83.5426%]
3378	82.29721729%	[80.9736%, 83.5475%]
3379	82.30245635%	[80.9792%, 83.5524%]
3380	82.30769231%	[80.9847%, 83.5573%]
3381	82.28334812%	[80.9599%, 83.5335%]
3382	82.28858664%	[80.9655%, 83.5384%]
3383	82.29382205%	[80.9711%, 83.5433%]
3384	82.29905437%	[80.9767%, 83.5482%]
3385	82.30428360%	[80.9822%, 83.5531%]
3386	82.30950975%	[80.9878%, 83.5580%]
3387	82.28520815%	[80.9631%, 83.5342%]
3388	82.26092090%	[80.9383%, 83.5105%]
3389	82.26615521%	[80.9439%, 83.5154%]
3390	82.27138643%	[80.9495%, 83.5203%]
3391	82.27661457%	[80.9550%, 83.5252%]
3392	82.28183962%	[80.9606%, 83.5300%]
3393	82.28706160%	[80.9662%, 83.5349%]
3394	82.29228049%	[80.9717%, 83.5398%]
3395	82.29749632%	[80.9773%, 83.5447%]
3396	82.30270907%	[80.9828%, 83.5496%]
3397	82.30791875%	[80.9884%, 83.5545%]
3398	82.31312537%	[80.9939%, 83.5593%]
3399	82.28890850%	[80.9693%, 83.5357%]
3400	82.29411765%	[80.9748%, 83.5405%]
3401	82.29932373%	[80.9804%, 83.5454%]
3402	82.30452675%	[80.9859%, 83.5503%]
3403	82.30972671%	[80.9914%, 83.5552%]
3404	82.31492362%	[80.9970%, 83.5600%]
3405	82.32011747%	[81.0025%, 83.5649%]
3406	82.32530828%	[81.0080%, 83.5697%]
3407	82.33049604%	[81.0136%, 83.5746%]
3408	82.33568075%	[81.0191%, 83.5795%]
3409	82.34086242%	[81.0246%, 83.5843%]
3410	82.34604106%	[81.0301%, 83.5892%]
3411	82.32189974%	[81.0055%, 83.5656%]
3412	82.32708089%	[81.0110%, 83.5704%]
3413	82.33225901%	[81.0166%, 83.5753%]
3414	82.33743409%	[81.0221%, 83.5801%]
3415	82.34260615%	[81.0276%, 83.5849%]
3416	82.34777518%	[81.0331%, 83.5898%]
3417	82.35294118%	[81.0386%, 83.5946%]
3418	82.35810415%	[81.0441%, 83.5995%]
3419	82.36326411%	[81.0496%, 83.6043%]
3420	82.33918129%	[81.0251%, 83.5807%]
3421	82.34434376%	[81.0306%, 83.5856%]
3422	82.34950321%	[81.0361%, 83.5904%]
3423	82.35465966%	[81.0416%, 83.5952%]
3424	82.35981308%	[81.0470%, 83.6001%]
3425	82.36496350%	[81.0525%, 83.6049%]
3426	82.37011092%	[81.0580%, 83.6097%]
3427	82.37525533%	[81.0635%, 83.6145%]
3428	82.38039673%	[81.0690%, 83.6193%]
3429	82.38553514%	[81.0745%, 83.6241%]
3430	82.39067055%	[81.0799%, 83.6289%]
3431	82.39580297%	[81.0854%, 83.6338%]
3432	82.40093240%	[81.0909%, 83.6386%]
3433	82.40605884%	[81.0963%, 83.6434%]
3434	82.41118229%	[81.1018%, 83.6482%]
3435	82.38719068%	[81.0773%, 83.6247%]
3436	82.39231665%	[81.0828%, 83.6295%]
3437	82.39743963%	[81.0882%, 83.6343%]
3438	82.40255963%	[81.0937%, 83.6391%]
3439	82.40767665%	[81.0992%, 83.6439%]
3440	82.41279070%	[81.1046%, 83.6487%]
3441	82.41790177%	[81.1101%, 83.6535%]
3442	82.39395700%	[81.0856%, 83.6300%]
3443	82.37002614%	[81.0613%, 83.6066%]
3444	82.37514518%	[81.0667%, 83.6114%]
3445	82.38026125%	[81.0722%, 83.6162%]
3446	82.38537435%	[81.0776%, 83.6210%]
3447	82.39048448%	[81.0831%, 83.6258%]
3448	82.39559165%	[81.0885%, 83.6306%]
3449	82.40069585%	[81.0939%, 83.6354%]
3450	82.37681159%	[81.0696%, 83.6120%]
3451	82.38191828%	[81.0750%, 83.6168%]
3452	82.38702202%	[81.0805%, 83.6216%]
3453	82.39212279%	[81.0859%, 83.6263%]
3454	82.39722061%	[81.0913%, 83.6311%]
3455	82.37337192%	[81.0670%, 83.6078%]
3456	82.37847222%	[81.0725%, 83.6126%]
3457	82.38356957%	[81.0779%, 83.6174%]
3458	82.38866397%	[81.0833%, 83.6221%]
3459	82.39375542%	[81.0887%, 83.6269%]
3460	82.36994220%	[81.0645%, 83.6036%]
3461	82.37503612%	[81.0699%, 83.6084%]
3462	82.38012709%	[81.0753%, 83.6131%]
3463	82.38521513%	[81.0807%, 83.6179%]
3464	82.39030023%	[81.0862%, 83.6227%]
3465	82.36652237%	[81.0619%, 83.5994%]
3466	82.37160992%	[81.0674%, 83.6042%]
3467	82.37669455%	[81.0728%, 83.6090%]
3468	82.35294118%	[81.0486%, 83.5857%]
3469	82.35802825%	[81.0540%, 83.5905%]
3470	82.33429395%	[81.0298%, 83.5673%]
3471	82.31057332%	[81.0056%, 83.5441%]
3472	82.31566820%	[81.0111%, 83.5488%]
3473	82.32076015%	[81.0165%, 83.5536%]
3474	82.29706390%	[80.9923%, 83.5304%]
3475	82.30215827%	[80.9978%, 83.5352%]
3476	82.30724971%	[81.0032%, 83.5400%]
3477	82.31233822%	[81.0086%, 83.5448%]
3478	82.31742381%	[81.0140%, 83.5495%]
3479	82.29376258%	[80.9899%, 83.5264%]
3480	82.29885057%	[80.9953%, 83.5311%]
3481	82.30393565%	[81.0007%, 83.5359%]
3482	82.30901781%	[81.0062%, 83.5407%]
3483	82.31409704%	[81.0116%, 83.5454%]
3484	82.31917336%	[81.0170%, 83.5502%]
3485	82.32424677%	[81.0224%, 83.5549%]
3486	82.30063110%	[80.9983%, 83.5318%]
3487	82.27702896%	[80.9743%, 83.5088%]
3488	82.28211009%	[80.9797%, 83.5135%]
3489	82.28718831%	[80.9851%, 83.5183%]
3490	82.26361032%	[80.9611%, 83.4952%]
3491	82.24004583%	[80.9371%, 83.4722%]
3492	82.24513173%	[80.9425%, 83.4769%]
3493	82.25021472%	[80.9479%, 83.4817%]
3494	82.25529479%	[80.9533%, 83.4865%]
3495	82.26037196%	[80.9587%, 83.4912%]
3496	82.26544622%	[80.9641%, 83.4960%]
3497	82.27051759%	[80.9695%, 83.5007%]
3498	82.24699828%	[80.9455%, 83.4777%]
3499	82.25207202%	[80.9509%, 83.4825%]
3500	82.25714286%	[80.9563%, 83.4872%]
3501	82.26221080%	[80.9617%, 83.4920%]
3502	82.26727584%	[80.9671%, 83.4967%]
3503	82.27233800%	[80.9725%, 83.5015%]
3504	82.27739726%	[80.9779%, 83.5062%]
3505	82.28245364%	[80.9833%, 83.5109%]
3506	82.28750713%	[80.9887%, 83.5157%]
3507	82.29255774%	[80.9940%, 83.5204%]
3508	82.29760547%	[80.9994%, 83.5252%]
3509	82.30265033%	[81.0048%, 83.5299%]
3510	82.30769231%	[81.0101%, 83.5346%]
3511	82.31273142%	[81.0155%, 83.5393%]
3512	82.31776765%	[81.0209%, 83.5440%]
3513	82.32280102%	[81.0262%, 83.5488%]
3514	82.32783153%	[81.0316%, 83.5535%]
3515	82.33285917%	[81.0369%, 83.5582%]
3516	82.33788396%	[81.0423%, 83.5629%]
3517	82.34290589%	[81.0476%, 83.5676%]
3518	82.34792496%	[81.0530%, 83.5723%]
3519	82.35294118%	[81.0583%, 83.5770%]
3520	82.32954545%	[81.0345%, 83.5541%]
3521	82.33456404%	[81.0398%, 83.5588%]
3522	82.33957978%	[81.0452%, 83.5635%]
3523	82.34459268%	[81.0505%, 83.5682%]
3524	82.34960272%	[81.0558%, 83.5729%]
3525	82.32624113%	[81.0320%, 83.5501%]
3526	82.33125355%	[81.0374%, 83.5548%]
3527	82.33626311%	[81.0427%, 83.5595%]
3528	82.34126984%	[81.0480%, 83.5642%]
3529	82.34627373%	[81.0533%, 83.5689%]
3530	82.35127479%	[81.0587%, 83.5735%]
3531	82.35627301%	[81.0640%, 83.5782%]
3532	82.36126840%	[81.0693%, 83.5829%]
3533	82.33795641%	[81.0456%, 83.5601%]
3534	82.34295416%	[81.0509%, 83.5648%]
3535	82.34794908%	[81.0562%, 83.5695%]
3536	82.35294118%	[81.0615%, 83.5742%]
3537	82.35793045%	[81.0668%, 83.5788%]
3538	82.36291690%	[81.0721%, 83.5835%]
3539	82.36790054%	[81.0774%, 83.5882%]
3540	82.34463277%	[81.0537%, 83.5654%]
3541	82.34961875%	[81.0590%, 83.5701%]
3542	82.32636928%	[81.0353%, 83.5473%]
3543	82.33135761%	[81.0407%, 83.5520%]
3544	82.33634312%	[81.0460%, 83.5567%]
3545	82.34132581%	[81.0513%, 83.5614%]
3546	82.34630570%	[81.0566%, 83.5660%]
3547	82.32308994%	[81.0329%, 83.5433%]
3548	82.32807215%	[81.0382%, 83.5480%]
3549	82.30487461%	[81.0146%, 83.5253%]
3550	82.30985915%	[81.0199%, 83.5300%]
3551	82.28667981%	[80.9963%, 83.5073%]
3552	82.29166667%	[81.0016%, 83.5120%]
3553	82.29665072%	[81.0069%, 83.5167%]
3554	82.30163196%	[81.0122%, 83.5213%]
3555	82.30661041%	[81.0175%, 83.5260%]
3556	82.31158605%	[81.0228%, 83.5307%]
3557	82.31655890%	[81.0281%, 83.5353%]
3558	82.32152895%	[81.0334%, 83.5400%]
3559	82.32649621%	[81.0386%, 83.5446%]
3560	82.30337079%	[81.0151%, 83.5220%]
3561	82.30834035%	[81.0204%, 83.5267%]
3562	82.31330713%	[81.0257%, 83.5313%]
3563	82.31827112%	[81.0309%, 83.5360%]
3564	82.32323232%	[81.0362%, 83.5406%]
3565	82.32819074%	[81.0415%, 83.5453%]
3566	82.30510376%	[81.0180%, 83.5227%]
3567	82.31006448%	[81.0233%, 83.5274%]
3568	82.31502242%	[81.0285%, 83.5320%]
3569	82.31997758%	[81.0338%, 83.5366%]
3570	82.32492997%	[81.0391%, 83.5413%]
3571	82.32987959%	[81.0443%, 83.5459%]
3572	82.33482643%	[81.0496%, 83.5506%]
3573	82.33977050%	[81.0549%, 83.5552%]
3574	82.34471181%	[81.0601%, 83.5598%]
3575	82.34965035%	[81.0654%, 83.5645%]
3576	82.32662192%	[81.0419%, 83.5419%]
3577	82.33156276%	[81.0472%, 83.5466%]
3578	82.30855226%	[81.0237%, 83.5241%]
3579	82.31349539%	[81.0290%, 83.5287%]
3580	82.31843575%	[81.0343%, 83.5333%]
3581	82.32337336%	[81.0395%, 83.5380%]
3582	82.32830821%	[81.0448%, 83.5426%]
3583	82.33324030%	[81.0500%, 83.5472%]
3584	82.31026786%	[81.0266%, 83.5247%]
3585	82.31520223%	[81.0319%, 83.5294%]
3586	82.32013385%	[81.0371%, 83.5340%]
3587	82.32506273%	[81.0423%, 83.5386%]
3588	82.32998885%	[81.0476%, 83.5432%]
3589	82.33491223%	[81.0528%, 83.5479%]
3590	82.33983287%	[81.0581%, 83.5525%]
3591	82.34475077%	[81.0633%, 83.5571%]
3592	82.34966592%	[81.0685%, 83.5617%]
3593	82.35457835%	[81.0737%, 83.5663%]
3594	82.35948804%	[81.0790%, 83.5709%]
3595	82.36439499%	[81.0842%, 83.5755%]
3596	82.36929922%	[81.0894%, 83.5801%]
3597	82.37420072%	[81.0946%, 83.5847%]
3598	82.37909950%	[81.0998%, 83.5893%]
3599	82.38399555%	[81.1050%, 83.5939%]
3600	82.38888889%	[81.1103%, 83.5985%]
3601	82.36600944%	[81.0869%, 83.5761%]
3602	82.37090505%	[81.0922%, 83.5807%]
3603	82.37579795%	[81.0974%, 83.5853%]
3604	82.38068812%	[81.1026%, 83.5899%]
3605	82.38557559%	[81.1078%, 83.5944%]
3606	82.39046034%	[81.1130%, 83.5990%]
3607	82.39534239%	[81.1182%, 83.6036%]
3608	82.37250554%	[81.0949%, 83.5813%]
3609	82.37738986%	[81.1001%, 83.5858%]
3610	82.38227147%	[81.1053%, 83.5904%]
3611	82.38715037%	[81.1105%, 83.5950%]
3612	82.39202658%	[81.1157%, 83.5996%]
3613	82.39690008%	[81.1208%, 83.6041%]
3614	82.40177089%	[81.1260%, 83.6087%]
3615	82.40663900%	[81.1312%, 83.6133%]
3616	82.41150442%	[81.1364%, 83.6178%]
3617	82.41636716%	[81.1415%, 83.6224%]
3618	82.42122720%	[81.1467%, 83.6270%]
3619	82.39845261%	[81.1235%, 83.6047%]
3620	82.40331492%	[81.1287%, 83.6092%]
3621	82.40817454%	[81.1339%, 83.6138%]
3622	82.41303147%	[81.1390%, 83.6184%]
3623	82.41788573%	[81.1442%, 83.6229%]
3624	82.39514349%	[81.1210%, 83.6007%]
3625	82.37241379%	[81.0979%, 83.5784%]
3626	82.37727523%	[81.1030%, 83.5830%]
3627	82.38213400%	[81.1082%, 83.5875%]
3628	82.38699008%	[81.1134%, 83.5921%]
3629	82.39184348%	[81.1185%, 83.5966%]
3630	82.39669421%	[81.1237%, 83.6012%]
3631	82.40154227%	[81.1289%, 83.6057%]
3632	82.40638767%	[81.1340%, 83.6103%]
3633	82.41123039%	[81.1392%, 83.6148%]
3634	82.41607045%	[81.1443%, 83.6194%]
3635	82.42090784%	[81.1495%, 83.6239%]
3636	82.42574257%	[81.1546%, 83.6284%]
3637	82.40307946%	[81.1315%, 83.6063%]
3638	82.40791644%	[81.1367%, 83.6108%]
3639	82.41275076%	[81.1418%, 83.6153%]
3640	82.41758242%	[81.1469%, 83.6199%]
3641	82.42241143%	[81.1521%, 83.6244%]
3642	82.42723778%	[81.1572%, 83.6289%]
3643	82.43206149%	[81.1623%, 83.6335%]
3644	82.43688255%	[81.1675%, 83.6380%]
3645	82.44170096%	[81.1726%, 83.6425%]
3646	82.41908941%	[81.1496%, 83.6204%]
3647	82.42391006%	[81.1547%, 83.6249%]
3648	82.40131579%	[81.1317%, 83.6028%]
3649	82.40613867%	[81.1368%, 83.6073%]
3650	82.41095890%	[81.1419%, 83.6118%]
3651	82.38838674%	[81.1189%, 83.5898%]
3652	82.39320920%	[81.1241%, 83.5943%]
3653	82.39802902%	[81.1292%, 83.5988%]
3654	82.40284620%	[81.1343%, 83.6033%]
3655	82.40766074%	[81.1394%, 83.6078%]
3656	82.38512035%	[81.1165%, 83.5858%]
3657	82.36259229%	[81.0935%, 83.5637%]
3658	82.36741389%	[81.0987%, 83.5683%]
3659	82.37223285%	[81.1038%, 83.5728%]
3660	82.37704918%	[81.1089%, 83.5773%]
3661	82.38186288%	[81.1140%, 83.5818%]
3662	82.38667395%	[81.1191%, 83.5863%]
3663	82.39148239%	[81.1242%, 83.5908%]
3664	82.39628821%	[81.1294%, 83.5954%]
3665	82.40109141%	[81.1345%, 83.5999%]
3666	82.40589198%	[81.1396%, 83.6044%]
3667	82.41068994%	[81.1447%, 83.6089%]
3668	82.41548528%	[81.1498%, 83.6134%]
3669	82.42027800%	[81.1549%, 83.6179%]
3670	82.42506812%	[81.1600%, 83.6224%]
3671	82.40261509%	[81.1371%, 83.6004%]
3672	82.40740741%	[81.1422%, 83.6049%]
3673	82.41219711%	[81.1473%, 83.6094%]
3674	82.41698421%	[81.1524%, 83.6139%]
3675	82.39455782%	[81.1295%, 83.5919%]
3676	82.39934712%	[81.1346%, 83.5964%]
3677	82.37693772%	[81.1118%, 83.5745%]
3678	82.38172920%	[81.1169%, 83.5790%]
3679	82.38651808%	[81.1220%, 83.5835%]
3680	82.39130435%	[81.1271%, 83.5880%]
3681	82.39608802%	[81.1322%, 83.5925%]
3682	82.40086909%	[81.1372%, 83.5970%]
3683	82.40564757%	[81.1423%, 83.6014%]
3684	82.41042345%	[81.1474%, 83.6059%]
3685	82.41519674%	[81.1525%, 83.6104%]
3686	82.41996744%	[81.1575%, 83.6149%]
3687	82.39761324%	[81.1348%, 83.5930%]
3688	82.37527115%	[81.1120%, 83.5711%]
3689	82.38004879%	[81.1171%, 83.5756%]
3690	82.38482385%	[81.1222%, 83.5801%]
3691	82.38959632%	[81.1273%, 83.5846%]
3692	82.39436620%	[81.1323%, 83.5891%]
3693	82.39913350%	[81.1374%, 83.5935%]
3694	82.40389821%	[81.1425%, 83.5980%]
3695	82.40866035%	[81.1475%, 83.6025%]
3696	82.41341991%	[81.1526%, 83.6069%]
3697	82.41817690%	[81.1576%, 83.6114%]
3698	82.42293131%	[81.1627%, 83.6159%]
3699	82.42768316%	[81.1677%, 83.6203%]
3700	82.40540541%	[81.1451%, 83.5985%]
3701	82.41015942%	[81.1501%, 83.6030%]
3702	82.41491086%	[81.1552%, 83.6075%]
3703	82.41965974%	[81.1602%, 83.6119%]
3704	82.39740821%	[81.1375%, 83.5901%]
3705	82.40215924%	[81.1426%, 83.5946%]
3706	82.40690772%	[81.1476%, 83.5991%]
3707	82.41165363%	[81.1527%, 83.6035%]
3708	82.41639698%	[81.1577%, 83.6080%]
3709	82.42113777%	[81.1628%, 83.6124%]
3710	82.42587601%	[81.1678%, 83.6169%]
3711	82.43061169%	[81.1728%, 83.6213%]
3712	82.43534483%	[81.1779%, 83.6258%]
3713	82.44007541%	[81.1829%, 83.6302%]
3714	82.41787830%	[81.1603%, 83.6085%]
3715	82.39569314%	[81.1377%, 83.5868%]
3716	82.37351991%	[81.1151%, 83.5651%]
3717	82.37826204%	[81.1202%, 83.5695%]
3718	82.38300161%	[81.1252%, 83.5740%]
3719	82.38773864%	[81.1302%, 83.5784%]
3720	82.39247312%	[81.1353%, 83.5828%]
3721	82.39720505%	[81.1403%, 83.5873%]
3722	82.40193444%	[81.1453%, 83.5917%]
3723	82.40666129%	[81.1503%, 83.5962%]
3724	82.41138561%	[81.1554%, 83.6006%]
3725	82.38926174%	[81.1328%, 83.5790%]
3726	82.39398819%	[81.1379%, 83.5834%]
3727	82.39871210%	[81.1429%, 83.5878%]
3728	82.37660944%	[81.1204%, 83.5662%]
3729	82.38133548%	[81.1254%, 83.5706%]
3730	82.38605898%	[81.1304%, 83.5751%]
3731	82.39077995%	[81.1354%, 83.5795%]
3732	82.39549839%	[81.1404%, 83.5839%]
3733	82.40021430%	[81.1455%, 83.5884%]
3734	82.40492769%	[81.1505%, 83.5928%]
3735	82.40963855%	[81.1555%, 83.5972%]
3736	82.41434690%	[81.1605%, 83.6016%]
3737	82.41905272%	[81.1655%, 83.6060%]
3738	82.42375602%	[81.1705%, 83.6105%]
3739	82.42845681%	[81.1755%, 83.6149%]
3740	82.40641711%	[81.1530%, 83.5933%]
3741	82.41112002%	[81.1580%, 83.5977%]
3742	82.41582042%	[81.1630%, 83.6021%]
3743	82.39380176%	[81.1406%, 83.5806%]
3744	82.39850427%	[81.1456%, 83.5850%]
3745	82.40320427%	[81.1506%, 83.5894%]
3746	82.40790176%	[81.1556%, 83.5938%]
3747	82.41259674%	[81.1606%, 83.5982%]
3748	82.41728922%	[81.1656%, 83.6026%]
3749	82.42197919%	[81.1705%, 83.6070%]
3750	82.42666667%	[81.1755%, 83.6114%]
3751	82.43135164%	[81.1805%, 83.6158%]
3752	82.43603412%	[81.1855%, 83.6202%]
3753	82.44071410%	[81.1905%, 83.6246%]
3754	82.44539158%	[81.1954%, 83.6290%]
3755	82.45006658%	[81.2004%, 83.6334%]
3756	82.45473908%	[81.2054%, 83.6378%]
3757	82.45940910%	[81.2103%, 83.6422%]
3758	82.46407664%	[81.2153%, 83.6466%]
3759	82.46874169%	[81.2202%, 83.6509%]
3760	82.44680851%	[81.1979%, 83.6295%]
3761	82.45147567%	[81.2029%, 83.6339%]
3762	82.45614035%	[81.2078%, 83.6382%]
3763	82.43422801%	[81.1855%, 83.6168%]
3764	82.43889479%	[81.1905%, 83.6212%]
3765	82.44355910%	[81.1954%, 83.6256%]
3766	82.44822092%	[81.2004%, 83.6299%]
3767	82.42633395%	[81.1781%, 83.6085%]
3768	82.40445860%	[81.1558%, 83.5871%]
3769	82.40912709%	[81.1608%, 83.5915%]
3770	82.38726790%	[81.1385%, 83.5701%]
3771	82.39193848%	[81.1435%, 83.5745%]
3772	82.39660657%	[81.1484%, 83.5789%]
3773	82.40127220%	[81.1534%, 83.5832%]
3774	82.40593535%	[81.1583%, 83.5876%]
3775	82.41059603%	[81.1633%, 83.5920%]
3776	82.41525424%	[81.1682%, 83.5964%]
3777	82.39343394%	[81.1460%, 83.5750%]
3778	82.39809423%	[81.1510%, 83.5794%]
3779	82.40275205%	[81.1559%, 83.5838%]
3780	82.38095238%	[81.1337%, 83.5624%]
3781	82.38561227%	[81.1387%, 83.5668%]
3782	82.39026970%	[81.1436%, 83.5712%]
3783	82.39492466%	[81.1486%, 83.5756%]
3784	82.39957717%	[81.1535%, 83.5799%]
3785	82.40422721%	[81.1585%, 83.5843%]
3786	82.38246170%	[81.1363%, 83.5630%]
3787	82.36070768%	[81.1141%, 83.5417%]
3788	82.36536431%	[81.1191%, 83.5461%]
3789	82.34362629%	[81.0969%, 83.5248%]
3790	82.34828496%	[81.1019%, 83.5292%]
3791	82.32656291%	[81.0798%, 83.5079%]
3792	82.30485232%	[81.0577%, 83.4866%]
3793	82.28315318%	[81.0356%, 83.4654%]
3794	82.28782288%	[81.0405%, 83.4698%]
3795	82.26613966%	[81.0185%, 83.4486%]
3796	82.27081138%	[81.0234%, 83.4529%]
3797	82.27548064%	[81.0284%, 83.4573%]
3798	82.28014745%	[81.0333%, 83.4617%]
3799	82.28481179%	[81.0383%, 83.4661%]
3800	82.26315789%	[81.0163%, 83.4449%]
3801	82.24151539%	[80.9942%, 83.4237%]
3802	82.24618622%	[80.9992%, 83.4281%]
3803	82.22455956%	[80.9772%, 83.4069%]
3804	82.22923239%	[80.9821%, 83.4113%]
3805	82.23390276%	[80.9871%, 83.4157%]
3806	82.23857068%	[80.9920%, 83.4201%]
3807	82.24323614%	[80.9970%, 83.4245%]
3808	82.24789916%	[81.0019%, 83.4289%]
3809	82.25255973%	[81.0069%, 83.4332%]
3810	82.23097113%	[80.9849%, 83.4121%]
3811	82.23563369%	[80.9899%, 83.4165%]
3812	82.21406086%	[80.9679%, 83.3954%]
3813	82.21872541%	[80.9729%, 83.3997%]
3814	82.22338752%	[80.9778%, 83.4041%]
3815	82.22804718%	[80.9828%, 83.4085%]
3816	82.23270440%	[80.9877%, 83.4129%]
3817	82.23735918%	[80.9926%, 83.4173%]
3818	82.24201152%	[80.9976%, 83.4216%]
3819	82.24666143%	[81.0025%, 83.4260%]
3820	82.25130890%	[81.0075%, 83.4304%]
3821	82.25595394%	[81.0124%, 83.4347%]
3822	82.26059655%	[81.0173%, 83.4391%]
3823	82.26523673%	[81.0222%, 83.4435%]
3824	82.26987448%	[81.0272%, 83.4478%]
3825	82.27450980%	[81.0321%, 83.4522%]
3826	82.27914271%	[81.0370%, 83.4565%]
3827	82.28377319%	[81.0419%, 83.4609%]
3828	82.28840125%	[81.0468%, 83.4652%]
3829	82.26691042%	[81.0250%, 83.4442%]
3830	82.27154047%	[81.0299%, 83.4485%]
3831	82.27616810%	[81.0348%, 83.4529%]
3832	82.25469729%	[81.0129%, 83.4319%]
3833	82.23323767%	[80.9911%, 83.4108%]
3834	82.23787167%	[80.9960%, 83.4152%]
3835	82.21642764%	[80.9742%, 83.3942%]
3836	82.19499479%	[80.9524%, 83.3732%]
3837	82.17357310%	[80.9306%, 83.3522%]
3838	82.17821782%	[80.9355%, 83.3566%]
3839	82.18286012%	[80.9404%, 83.3610%]
3840	82.18750000%	[80.9453%, 83.3653%]
3841	82.19213746%	[80.9503%, 83.3697%]
3842	82.19677251%	[80.9552%, 83.3740%]
3843	82.17538381%	[80.9334%, 83.3531%]
3844	82.18002081%	[80.9383%, 83.3575%]
3845	82.18465540%	[80.9432%, 83.3618%]
3846	82.18928757%	[80.9482%, 83.3662%]
3847	82.19391734%	[80.9531%, 83.3705%]
3848	82.19854470%	[80.9580%, 83.3749%]
3849	82.20316965%	[80.9629%, 83.3792%]
3850	82.18181818%	[80.9412%, 83.3583%]
3851	82.18644508%	[80.9461%, 83.3627%]
3852	82.19106957%	[80.9510%, 83.3670%]
3853	82.19569167%	[80.9559%, 83.3714%]
3854	82.20031136%	[80.9608%, 83.3757%]
3855	82.20492866%	[80.9657%, 83.3800%]
3856	82.20954357%	[80.9706%, 83.3844%]
3857	82.21415608%	[80.9755%, 83.3887%]
3858	82.19284603%	[80.9538%, 83.3679%]
3859	82.19746048%	[80.9587%, 83.3722%]
3860	82.20207254%	[80.9636%, 83.3765%]
3861	82.20668221%	[80.9685%, 83.3809%]
3862	82.21128949%	[80.9734%, 83.3852%]
3863	82.19000777%	[80.9517%, 83.3644%]
3864	82.19461698%	[80.9566%, 83.3687%]
3865	82.19922380%	[80.9615%, 83.3730%]
3866	82.20382825%	[80.9664%, 83.3774%]
3867	82.20843031%	[80.9713%, 83.3817%]
3868	82.21302999%	[80.9761%, 83.3860%]
3869	82.21762729%	[80.9810%, 83.3903%]
3870	82.22222222%	[80.9859%, 83.3946%]
3871	82.22681478%	[80.9908%, 83.3990%]
3872	82.23140496%	[80.9956%, 83.4033%]
3873	82.23599277%	[81.0005%, 83.4076%]
3874	82.21476510%	[80.9789%, 83.3868%]
3875	82.21935484%	[80.9838%, 83.3911%]
3876	82.22394221%	[80.9886%, 83.3954%]
3877	82.22852721%	[80.9935%, 83.3998%]
3878	82.23310985%	[80.9984%, 83.4041%]
3879	82.23769013%	[81.0032%, 83.4084%]
3880	82.24226804%	[81.0081%, 83.4127%]
3881	82.22107704%	[80.9865%, 83.3919%]
3882	82.22565688%	[80.9914%, 83.3962%]
3883	82.23023435%	[80.9962%, 83.4005%]
3884	82.23480947%	[81.0011%, 83.4048%]
3885	82.23938224%	[81.0059%, 83.4091%]
3886	82.24395265%	[81.0108%, 83.4134%]
3887	82.24852071%	[81.0156%, 83.4177%]
3888	82.25308642%	[81.0205%, 83.4220%]
3889	82.25764978%	[81.0253%, 83.4263%]
3890	82.26221080%	[81.0302%, 83.4306%]
3891	82.24106913%	[81.0086%, 83.4099%]
3892	82.24563207%	[81.0135%, 83.4142%]
3893	82.22450552%	[80.9920%, 83.3935%]
3894	82.22907036%	[80.9968%, 83.3978%]
3895	82.23363286%	[81.0017%, 83.4021%]
3896	82.23819302%	[81.0065%, 83.4064%]
3897	82.24275083%	[81.0113%, 83.4107%]
3898	82.24730631%	[81.0162%, 83.4149%]
3899	82.25185945%	[81.0210%, 83.4192%]
3900	82.25641026%	[81.0258%, 83.4235%]
3901	82.26095873%	[81.0307%, 83.4278%]
3902	82.26550487%	[81.0355%, 83.4321%]
3903	82.27004868%	[81.0403%, 83.4363%]
3904	82.27459016%	[81.0451%, 83.4406%]
3905	82.27912932%	[81.0499%, 83.4449%]
3906	82.28366615%	[81.0548%, 83.4491%]
3907	82.28820067%	[81.0596%, 83.4534%]
3908	82.29273286%	[81.0644%, 83.4577%]
3909	82.29726273%	[81.0692%, 83.4619%]
3910	82.30179028%	[81.0740%, 83.4662%]
3911	82.30631552%	[81.0788%, 83.4704%]
3912	82.28527607%	[81.0574%, 83.4498%]
3913	82.28980322%	[81.0622%, 83.4541%]
3914	82.29432805%	[81.0670%, 83.4584%]
3915	82.29885057%	[81.0718%, 83.4626%]
3916	82.30337079%	[81.0766%, 83.4669%]
3917	82.30788869%	[81.0814%, 83.4711%]
3918	82.31240429%	[81.0862%, 83.4754%]
3919	82.31691758%	[81.0909%, 83.4796%]
3920	82.29591837%	[81.0696%, 83.4590%]
3921	82.30043356%	[81.0744%, 83.4633%]
3922	82.30494646%	[81.0791%, 83.4675%]
3923	82.30945705%	[81.0839%, 83.4718%]
3924	82.31396534%	[81.0887%, 83.4760%]
3925	82.31847134%	[81.0935%, 83.4802%]
3926	82.29750382%	[81.0722%, 83.4597%]
3927	82.30201171%	[81.0769%, 83.4639%]
3928	82.30651731%	[81.0817%, 83.4682%]
3929	82.28556885%	[81.0604%, 83.4477%]
3930	82.29007634%	[81.0652%, 83.4519%]
3931	82.29458153%	[81.0700%, 83.4561%]
3932	82.29908444%	[81.0747%, 83.4604%]
3933	82.30358505%	[81.0795%, 83.4646%]
3934	82.30808338%	[81.0843%, 83.4688%]
3935	82.31257942%	[81.0891%, 83.4731%]
3936	82.31707317%	[81.0938%, 83.4773%]
3937	82.32156464%	[81.0986%, 83.4815%]
3938	82.32605383%	[81.1033%, 83.4858%]
3939	82.33054075%	[81.1081%, 83.4900%]
3940	82.33502538%	[81.1129%, 83.4942%]
3941	82.31413347%	[81.0916%, 83.4737%]
3942	82.31861999%	[81.0964%, 83.4780%]
3943	82.32310424%	[81.1011%, 83.4822%]
3944	82.32758621%	[81.1059%, 83.4864%]
3945	82.30671736%	[81.0846%, 83.4659%]
3946	82.31120122%	[81.0894%, 83.4702%]
3947	82.31568280%	[81.0941%, 83.4744%]
3948	82.32016211%	[81.0989%, 83.4786%]
3949	82.32463915%	[81.1036%, 83.4828%]
3950	82.30379747%	[81.0824%, 83.4624%]
3951	82.30827639%	[81.0872%, 83.4666%]
3952	82.31275304%	[81.0919%, 83.4708%]
3953	82.29193018%	[81.0707%, 83.4504%]
3954	82.29640870%	[81.0755%, 83.4546%]
3955	82.30088496%	[81.0802%, 83.4588%]
3956	82.30535895%	[81.0850%, 83.4631%]
3957	82.30983068%	[81.0897%, 83.4673%]
3958	82.28903487%	[81.0686%, 83.4469%]
3959	82.29350846%	[81.0733%, 83.4511%]
3960	82.29797980%	[81.0780%, 83.4553%]
3961	82.27720273%	[81.0569%, 83.4350%]
3962	82.28167592%	[81.0616%, 83.4392%]
3963	82.28614686%	[81.0664%, 83.4434%]
3964	82.29061554%	[81.0711%, 83.4476%]
3965	82.29508197%	[81.0759%, 83.4518%]
3966	82.29954614%	[81.0806%, 83.4560%]
3967	82.30400807%	[81.0853%, 83.4602%]
3968	82.28326613%	[81.0642%, 83.4399%]
3969	82.28772991%	[81.0690%, 83.4441%]
3970	82.29219144%	[81.0737%, 83.4483%]
3971	82.29665072%	[81.0784%, 83.4525%]
3972	82.30110775%	[81.0831%, 83.4566%]
3973	82.30556255%	[81.0879%, 83.4608%]
3974	82.31001510%	[81.0926%, 83.4650%]
3975	82.31446541%	[81.0973%, 83.4692%]
3976	82.31891348%	[81.1020%, 83.4734%]
3977	82.32335932%	[81.1067%, 83.4776%]
3978	82.32780292%	[81.1115%, 83.4818%]
3979	82.33224428%	[81.1162%, 83.4859%]
3980	82.31155779%	[81.0951%, 83.4657%]
3981	82.31600100%	[81.0998%, 83.4699%]
3982	82.32044199%	[81.1045%, 83.4740%]
3983	82.32488074%	[81.1092%, 83.4782%]
3984	82.32931727%	[81.1140%, 83.4824%]
3985	82.33375157%	[81.1187%, 83.4866%]
3986	82.33818364%	[81.1234%, 83.4907%]
3987	82.34261349%	[81.1281%, 83.4949%]
3988	82.34704112%	[81.1327%, 83.4991%]
3989	82.35146653%	[81.1374%, 83.5032%]
3990	82.33082707%	[81.1164%, 83.4830%]
3991	82.33525432%	[81.1211%, 83.4872%]
3992	82.33967936%	[81.1258%, 83.4914%]
3993	82.31905835%	[81.1048%, 83.4712%]
3994	82.29844767%	[81.0839%, 83.4510%]
3995	82.27784731%	[81.0629%, 83.4308%]
3996	82.28228228%	[81.0676%, 83.4350%]
3997	82.28671504%	[81.0723%, 83.4391%]
3998	82.29114557%	[81.0770%, 83.4433%]
3999	82.29557389%	[81.0817%, 83.4475%]
4000	82.27500000%	[81.0608%, 83.4273%]
4001	82.27943014%	[81.0655%, 83.4315%]
4002	82.28385807%	[81.0702%, 83.4356%]
4003	82.28828379%	[81.0748%, 83.4398%]
4004	82.29270729%	[81.0795%, 83.4440%]
4005	82.29712859%	[81.0842%, 83.4481%]
4006	82.27658512%	[81.0633%, 83.4280%]
4007	82.28100824%	[81.0680%, 83.4322%]
4008	82.26047904%	[81.0471%, 83.4121%]
4009	82.26490397%	[81.0518%, 83.4162%]
4010	82.26932668%	[81.0565%, 83.4204%]
4011	82.27374720%	[81.0612%, 83.4246%]
4012	82.27816550%	[81.0659%, 83.4287%]
4013	82.28258161%	[81.0705%, 83.4329%]
4014	82.28699552%	[81.0752%, 83.4370%]
4015	82.29140722%	[81.0799%, 83.4412%]
4016	82.27091633%	[81.0591%, 83.4211%]
4017	82.27532985%	[81.0637%, 83.4253%]
4018	82.27974116%	[81.0684%, 83.4294%]
4019	82.28415029%	[81.0731%, 83.4336%]
4020	82.28855721%	[81.0778%, 83.4377%]
4021	82.29296195%	[81.0824%, 83.4419%]
4022	82.29736450%	[81.0871%, 83.4460%]
4023	82.30176485%	[81.0918%, 83.4501%]
4024	82.30616302%	[81.0964%, 83.4543%]
4025	82.31055901%	[81.1011%, 83.4584%]
4026	82.31495281%	[81.1057%, 83.4626%]
4027	82.31934443%	[81.1104%, 83.4667%]
4028	82.29890765%	[81.0896%, 83.4467%]
4029	82.30330107%	[81.0943%, 83.4508%]
4030	82.28287841%	[81.0735%, 83.4308%]
4031	82.28727363%	[81.0781%, 83.4349%]
4032	82.29166667%	[81.0828%, 83.4391%]
4033	82.29605753%	[81.0874%, 83.4432%]
4034	82.30044621%	[81.0921%, 83.4473%]
4035	82.30483271%	[81.0968%, 83.4515%]
4036	82.30921705%	[81.1014%, 83.4556%]
4037	82.31359921%	[81.1060%, 83.4597%]
4038	82.31797920%	[81.1107%, 83.4638%]
4039	82.32235702%	[81.1153%, 83.4680%]
4040	82.32673267%	[81.1200%, 83.4721%]
4041	82.33110616%	[81.1246%, 83.4762%]
4042	82.33547749%	[81.1292%, 83.4803%]
4043	82.33984665%	[81.1339%, 83.4844%]
4044	82.34421365%	[81.1385%, 83.4885%]
4045	82.34857849%	[81.1431%, 83.4926%]
4046	82.35294118%	[81.1478%, 83.4968%]
4047	82.33259204%	[81.1270%, 83.4768%]
4048	82.31225296%	[81.1063%, 83.4569%]
4049	82.31662139%	[81.1110%, 83.4610%]
4050	82.29629630%	[81.0903%, 83.4411%]
4051	82.30066650%	[81.0949%, 83.4452%]
4052	82.30503455%	[81.0996%, 83.4493%]
4053	82.30940044%	[81.1042%, 83.4534%]
4054	82.31376418%	[81.1088%, 83.4575%]
4055	82.31812577%	[81.1134%, 83.4616%]
4056	82.32248521%	[81.1181%, 83.4657%]
4057	82.32684249%	[81.1227%, 83.4698%]
4058	82.30655495%	[81.1020%, 83.4500%]
4059	82.31091402%	[81.1067%, 83.4541%]
4060	82.29064039%	[81.0860%, 83.4342%]
4061	82.29500123%	[81.0906%, 83.4383%]
4062	82.29935992%	[81.0953%, 83.4424%]
4063	82.30371647%	[81.0999%, 83.4465%]
4064	82.28346457%	[81.0793%, 83.4267%]
4065	82.28782288%	[81.0839%, 83.4308%]
4066	82.29217905%	[81.0885%, 83.4349%]
4067	82.29653307%	[81.0931%, 83.4390%]
4068	82.30088496%	[81.0977%, 83.4431%]
4069	82.30523470%	[81.1023%, 83.4472%]
4070	82.30958231%	[81.1070%, 83.4513%]
4071	82.31392778%	[81.1116%, 83.4554%]
4072	82.31827112%	[81.1162%, 83.4595%]
4073	82.32261233%	[81.1208%, 83.4635%]
4074	82.30240550%	[81.1002%, 83.4437%]
4075	82.30674847%	[81.1048%, 83.4478%]
4076	82.31108930%	[81.1094%, 83.4519%]
4077	82.31542801%	[81.1140%, 83.4560%]
4078	82.31976459%	[81.1186%, 83.4601%]
4079	82.32409904%	[81.1232%, 83.4642%]
4080	82.30392157%	[81.1027%, 83.4444%]
4081	82.30825778%	[81.1073%, 83.4485%]
4082	82.31259187%	[81.1119%, 83.4526%]
4083	82.31692383%	[81.1164%, 83.4567%]
4084	82.32125367%	[81.1210%, 83.4607%]
4085	82.32558140%	[81.1256%, 83.4648%]
4086	82.32990700%	[81.1302%, 83.4689%]
4087	82.33423049%	[81.1348%, 83.4729%]
4088	82.31409002%	[81.1143%, 83.4532%]
4089	82.29395940%	[81.0938%, 83.4335%]
4090	82.29828851%	[81.0984%, 83.4376%]
4091	82.30261550%	[81.1030%, 83.4416%]
4092	82.28250244%	[81.0825%, 83.4219%]
4093	82.28683118%	[81.0871%, 83.4260%]
4094	82.29115779%	[81.0917%, 83.4301%]
4095	82.29548230%	[81.0963%, 83.4342%]
4096	82.29980469%	[81.1009%, 83.4382%]
4097	82.30412497%	[81.1054%, 83.4423%]
4098	82.30844314%	[81.1100%, 83.4464%]
4099	82.31275921%	[81.1146%, 83.4504%]
4100	82.31707317%	[81.1192%, 83.4545%]
4101	82.32138503%	[81.1237%, 83.4586%]
4102	82.30131643%	[81.1033%, 83.4389%]
4103	82.30563003%	[81.1079%, 83.4430%]
4104	82.30994152%	[81.1124%, 83.4470%]
4105	82.31425091%	[81.1170%, 83.4511%]
4106	82.31855821%	[81.1216%, 83.4551%]
4107	82.32286340%	[81.1261%, 83.4592%]
4108	82.32716650%	[81.1307%, 83.4632%]
4109	82.33146751%	[81.1352%, 83.4673%]
4110	82.33576642%	[81.1398%, 83.4713%]
4111	82.34006324%	[81.1444%, 83.4754%]
4112	82.34435798%	[81.1489%, 83.4794%]
4113	82.34865062%	[81.1535%, 83.4835%]
4114	82.35294118%	[81.1580%, 83.4875%]
4115	82.35722965%	[81.1625%, 83.4916%]
4116	82.36151603%	[81.1671%, 83.4956%]
4117	82.36580034%	[81.1716%, 83.4996%]
4118	82.37008256%	[81.1762%, 83.5037%]
4119	82.37436271%	[81.1807%, 83.5077%]
4120	82.37864078%	[81.1852%, 83.5117%]
4121	82.35865081%	[81.1649%, 83.4921%]
4122	82.36293062%	[81.1694%, 83.4962%]
4123	82.36720834%	[81.1740%, 83.5002%]
4124	82.37148400%	[81.1785%, 83.5042%]
4125	82.37575758%	[81.1830%, 83.5082%]
4126	82.38002908%	[81.1875%, 83.5123%]
4127	82.36006785%	[81.1672%, 83.4927%]
4128	82.36434109%	[81.1718%, 83.4967%]
4129	82.36861225%	[81.1763%, 83.5008%]
4130	82.37288136%	[81.1808%, 83.5048%]
4131	82.37714839%	[81.1853%, 83.5088%]
4132	82.38141336%	[81.1899%, 83.5128%]
4133	82.38567626%	[81.1944%, 83.5168%]
4134	82.38993711%	[81.1989%, 83.5208%]
4135	82.39419589%	[81.2034%, 83.5249%]
4136	82.39845261%	[81.2079%, 83.5289%]
4137	82.40270728%	[81.2124%, 83.5329%]
4138	82.40695988%	[81.2169%, 83.5369%]
4139	82.41121044%	[81.2214%, 83.5409%]
4140	82.41545894%	[81.2259%, 83.5449%]
4141	82.41970539%	[81.2304%, 83.5489%]
4142	82.39980686%	[81.2102%, 83.5294%]
4143	82.40405503%	[81.2147%, 83.5334%]
4144	82.40830116%	[81.2192%, 83.5374%]
4145	82.41254524%	[81.2237%, 83.5414%]
4146	82.41678726%	[81.2282%, 83.5454%]
4147	82.42102725%	[81.2327%, 83.5494%]
4148	82.40115718%	[81.2124%, 83.5299%]
4149	82.40539889%	[81.2169%, 83.5339%]
4150	82.38554217%	[81.1967%, 83.5144%]
4151	82.38978559%	[81.2012%, 83.5184%]
4152	82.36994220%	[81.1810%, 83.4990%]
4153	82.37418733%	[81.1855%, 83.5030%]
4154	82.37843043%	[81.1900%, 83.5070%]
4155	82.38267148%	[81.1945%, 83.5110%]
4156	82.38691049%	[81.1990%, 83.5150%]
4157	82.36709165%	[81.1789%, 83.4956%]
4158	82.37133237%	[81.1833%, 83.4996%]
4159	82.35152681%	[81.1632%, 83.4801%]
4160	82.35576923%	[81.1677%, 83.4841%]
4161	82.36000961%	[81.1722%, 83.4881%]
4162	82.36424796%	[81.1767%, 83.4921%]
4163	82.36848427%	[81.1812%, 83.4961%]
4164	82.37271854%	[81.1856%, 83.5001%]
4165	82.35294118%	[81.1655%, 83.4807%]
4166	82.35717715%	[81.1700%, 83.4847%]
4167	82.36141109%	[81.1745%, 83.4887%]
4168	82.36564299%	[81.1790%, 83.4927%]
4169	82.34588630%	[81.1589%, 83.4733%]
4170	82.32613909%	[81.1388%, 83.4540%]
4171	82.33037641%	[81.1433%, 83.4580%]
4172	82.33461170%	[81.1478%, 83.4620%]
4173	82.33884496%	[81.1522%, 83.4660%]
4174	82.34307619%	[81.1567%, 83.4699%]
4175	82.34730539%	[81.1612%, 83.4739%]
4176	82.35153257%	[81.1657%, 83.4779%]
4177	82.35575772%	[81.1702%, 83.4819%]
4178	82.35998085%	[81.1746%, 83.4859%]
4179	82.34027279%	[81.1546%, 83.4666%]
4180	82.34449761%	[81.1591%, 83.4705%]
4181	82.34872040%	[81.1635%, 83.4745%]
4182	82.35294118%	[81.1680%, 83.4785%]
4183	82.33325365%	[81.1480%, 83.4592%]
4184	82.31357553%	[81.1280%, 83.4399%]
4185	82.31780167%	[81.1324%, 83.4439%]
4186	82.32202580%	[81.1369%, 83.4479%]
4187	82.32624791%	[81.1414%, 83.4519%]
4188	82.33046800%	[81.1458%, 83.4558%]
4189	82.33468608%	[81.1503%, 83.4598%]
4190	82.33890215%	[81.1548%, 83.4638%]
4191	82.31925555%	[81.1348%, 83.4445%]
4192	82.32347328%	[81.1393%, 83.4485%]
4193	82.32768901%	[81.1437%, 83.4525%]
4194	82.33190272%	[81.1482%, 83.4565%]
4195	82.33611442%	[81.1526%, 83.4604%]
4196	82.34032412%	[81.1571%, 83.4644%]
4197	82.34453181%	[81.1616%, 83.4684%]
4198	82.34873749%	[81.1660%, 83.4723%]
4199	82.35294118%	[81.1705%, 83.4763%]
4200	82.35714286%	[81.1749%, 83.4802%]
4201	82.33753868%	[81.1550%, 83.4610%]
4202	82.34174203%	[81.1594%, 83.4650%]
4203	82.34594337%	[81.1639%, 83.4689%]
4204	82.35014272%	[81.1683%, 83.4729%]
4205	82.35434007%	[81.1728%, 83.4769%]
4206	82.35853543%	[81.1772%, 83.4808%]
4207	82.33895888%	[81.1573%, 83.4616%]
4208	82.34315589%	[81.1617%, 83.4656%]
4209	82.34735091%	[81.1662%, 83.4695%]
4210	82.35154394%	[81.1706%, 83.4735%]
4211	82.33198765%	[81.1507%, 83.4543%]
4212	82.33618234%	[81.1552%, 83.4583%]
4213	82.34037503%	[81.1596%, 83.4622%]
4214	82.34456573%	[81.1640%, 83.4662%]
4215	82.34875445%	[81.1685%, 83.4701%]
4216	82.35294118%	[81.1729%, 83.4741%]
4217	82.35712592%	[81.1773%, 83.4780%]
4218	82.33760076%	[81.1575%, 83.4589%]
4219	82.34178715%	[81.1619%, 83.4628%]
4220	82.34597156%	[81.1663%, 83.4668%]
4221	82.35015399%	[81.1708%, 83.4707%]
4222	82.35433444%	[81.1752%, 83.4747%]
4223	82.33483306%	[81.1554%, 83.4555%]
4224	82.33901515%	[81.1598%, 83.4595%]
4225	82.34319527%	[81.1642%, 83.4634%]
4226	82.34737340%	[81.1686%, 83.4674%]
4227	82.35154956%	[81.1731%, 83.4713%]
4228	82.35572375%	[81.1775%, 83.4752%]
4229	82.35989596%	[81.1819%, 83.4792%]
4230	82.36406619%	[81.1863%, 83.4831%]
4231	82.36823446%	[81.1907%, 83.4870%]
4232	82.37240076%	[81.1951%, 83.4910%]
4233	82.37656508%	[81.1995%, 83.4949%]
4234	82.38072744%	[81.2039%, 83.4988%]
4235	82.38488784%	[81.2084%, 83.5027%]
4236	82.38904627%	[81.2128%, 83.5066%]
4237	82.39320274%	[81.2172%, 83.5106%]
4238	82.39735724%	[81.2216%, 83.5145%]
4239	82.40150979%	[81.2260%, 83.5184%]
4240	82.40566038%	[81.2304%, 83.5223%]
4241	82.40980901%	[81.2347%, 83.5262%]
4242	82.41395568%	[81.2391%, 83.5301%]
4243	82.41810040%	[81.2435%, 83.5340%]
4244	82.42224317%	[81.2479%, 83.5379%]
4245	82.42638398%	[81.2523%, 83.5418%]
4246	82.43052285%	[81.2567%, 83.5457%]
4247	82.43465976%	[81.2611%, 83.5496%]
4248	82.43879473%	[81.2654%, 83.5535%]
4249	82.44292775%	[81.2698%, 83.5574%]
4250	82.42352941%	[81.2501%, 83.5384%]
4251	82.42766408%	[81.2545%, 83.5423%]
4252	82.43179680%	[81.2588%, 83.5462%]
4253	82.43592758%	[81.2632%, 83.5501%]
4254	82.41654913%	[81.2435%, 83.5311%]
4255	82.42068155%	[81.2479%, 83.5350%]
4256	82.42481203%	[81.2522%, 83.5389%]
4257	82.42894057%	[81.2566%, 83.5428%]
4258	82.43306717%	[81.2610%, 83.5467%]
4259	82.43719183%	[81.2653%, 83.5506%]
4260	82.44131455%	[81.2697%, 83.5545%]
4261	82.44543534%	[81.2741%, 83.5583%]
4262	82.44955420%	[81.2784%, 83.5622%]
4263	82.45367112%	[81.2828%, 83.5661%]
4264	82.43433396%	[81.2631%, 83.5472%]
4265	82.43845252%	[81.2675%, 83.5510%]
4266	82.44256915%	[81.2718%, 83.5549%]
4267	82.42324818%	[81.2522%, 83.5360%]
4268	82.42736645%	[81.2565%, 83.5399%]
4269	82.43148278%	[81.2609%, 83.5437%]
4270	82.43559719%	[81.2653%, 83.5476%]
4271	82.43970967%	[81.2696%, 83.5515%]
4272	82.44382022%	[81.2740%, 83.5554%]
4273	82.42452609%	[81.2543%, 83.5365%]
4274	82.42863828%	[81.2587%, 83.5403%]
4275	82.43274854%	[81.2630%, 83.5442%]
4276	82.43685688%	[81.2674%, 83.5481%]
4277	82.41758242%	[81.2478%, 83.5292%]
4278	82.42169238%	[81.2521%, 83.5331%]
4279	82.42580042%	[81.2565%, 83.5369%]
4280	82.42990654%	[81.2608%, 83.5408%]
4281	82.41065172%	[81.2412%, 83.5219%]
4282	82.41475946%	[81.2456%, 83.5258%]
4283	82.41886528%	[81.2499%, 83.5297%]
4284	82.39962652%	[81.2304%, 83.5108%]
4285	82.40373396%	[81.2347%, 83.5147%]
4286	82.40783948%	[81.2391%, 83.5186%]
4287	82.41194308%	[81.2434%, 83.5224%]
4288	82.41604478%	[81.2477%, 83.5263%]
4289	82.42014456%	[81.2521%, 83.5302%]
4290	82.42424242%	[81.2564%, 83.5340%]
4291	82.42833838%	[81.2608%, 83.5379%]
4292	82.43243243%	[81.2651%, 83.5418%]
4293	82.43652457%	[81.2694%, 83.5456%]
4294	82.44061481%	[81.2738%, 83.5495%]
4295	82.44470314%	[81.2781%, 83.5533%]
4296	82.44878957%	[81.2824%, 83.5572%]
4297	82.45287410%	[81.2867%, 83.5610%]
4298	82.45695672%	[81.2911%, 83.5649%]
4299	82.43777623%	[81.2715%, 83.5461%]
4300	82.41860465%	[81.2520%, 83.5273%]
4301	82.42269240%	[81.2564%, 83.5312%]
4302	82.40353324%	[81.2369%, 83.5124%]
4303	82.38438299%	[81.2174%, 83.4936%]
4304	82.38847584%	[81.2217%, 83.4975%]
4305	82.39256678%	[81.2261%, 83.5013%]
4306	82.39665583%	[81.2304%, 83.5052%]
4307	82.40074298%	[81.2347%, 83.5090%]
4308	82.38161560%	[81.2153%, 83.4903%]
4309	82.38570434%	[81.2196%, 83.4941%]
4310	82.38979118%	[81.2239%, 83.4980%]
4311	82.39387613%	[81.2282%, 83.5018%]
4312	82.39795918%	[81.2326%, 83.5057%]
4313	82.37885463%	[81.2131%, 83.4870%]
4314	82.38293927%	[81.2174%, 83.4908%]
4315	82.38702202%	[81.2218%, 83.4947%]
4316	82.39110287%	[81.2261%, 83.4985%]
4317	82.39518184%	[81.2304%, 83.5024%]
4318	82.39925892%	[81.2347%, 83.5062%]
4319	82.40333411%	[81.2390%, 83.5100%]
4320	82.40740741%	[81.2433%, 83.5139%]
4321	82.41147882%	[81.2476%, 83.5177%]
4322	82.41554836%	[81.2520%, 83.5216%]
4323	82.39648392%	[81.2326%, 83.5029%]
4324	82.40055504%	[81.2369%, 83.5067%]
4325	82.40462428%	[81.2412%, 83.5106%]
4326	82.40869163%	[81.2455%, 83.5144%]
4327	82.38964641%	[81.2261%, 83.4957%]
4328	82.39371534%	[81.2304%, 83.4996%]
4329	82.39778240%	[81.2347%, 83.5034%]
4330	82.40184758%	[81.2390%, 83.5072%]
4331	82.40591088%	[81.2433%, 83.5111%]
4332	82.40997230%	[81.2476%, 83.5149%]
4333	82.41403185%	[81.2519%, 83.5187%]
4334	82.41808952%	[81.2562%, 83.5226%]
4335	82.42214533%	[81.2605%, 83.5264%]
4336	82.42619926%	[81.2648%, 83.5302%]
4337	82.40719391%	[81.2455%, 83.5116%]
4338	82.41124942%	[81.2498%, 83.5154%]
4339	82.39225628%	[81.2304%, 83.4968%]
4340	82.39631336%	[81.2347%, 83.5006%]
4341	82.40036858%	[81.2390%, 83.5044%]
4342	82.40442193%	[81.2433%, 83.5082%]
4343	82.40847341%	[81.2476%, 83.5121%]
4344	82.41252302%	[81.2519%, 83.5159%]
4345	82.39355581%	[81.2326%, 83.4973%]
4346	82.39760699%	[81.2369%, 83.5011%]
4347	82.37865194%	[81.2176%, 83.4825%]
4348	82.38270469%	[81.2219%, 83.4864%]
4349	82.36376178%	[81.2026%, 83.4678%]
4350	82.34482759%	[81.1834%, 83.4492%]
4351	82.34888531%	[81.1877%, 83.4530%]
4352	82.35294118%	[81.1919%, 83.4569%]
4353	82.35699518%	[81.1962%, 83.4607%]
4354	82.36104731%	[81.2005%, 83.4645%]
4355	82.36509759%	[81.2048%, 83.4683%]
4356	82.36914601%	[81.2091%, 83.4722%]
4357	82.37319256%	[81.2134%, 83.4760%]
4358	82.37723726%	[81.2176%, 83.4798%]
4359	82.38128011%	[81.2219%, 83.4836%]
4360	82.38532110%	[81.2262%, 83.4874%]
4361	82.38936024%	[81.2305%, 83.4912%]
4362	82.37047226%	[81.2113%, 83.4727%]
4363	82.37451295%	[81.2155%, 83.4765%]
4364	82.37855179%	[81.2198%, 83.4803%]
4365	82.35967927%	[81.2006%, 83.4618%]
4366	82.36371965%	[81.2049%, 83.4656%]
4367	82.36775819%	[81.2092%, 83.4695%]
4368	82.37179487%	[81.2134%, 83.4733%]
4369	82.37582971%	[81.2177%, 83.4771%]
4370	82.35697941%	[81.1985%, 83.4586%]
4371	82.33813773%	[81.1794%, 83.4401%]
4372	82.31930467%	[81.1602%, 83.4217%]
4373	82.30048022%	[81.1411%, 83.4032%]
4374	82.30452675%	[81.1453%, 83.4070%]
4375	82.30857143%	[81.1496%, 83.4108%]
4376	82.31261426%	[81.1539%, 83.4146%]
4377	82.31665524%	[81.1582%, 83.4185%]
4378	82.32069438%	[81.1625%, 83.4223%]
4379	82.30189541%	[81.1433%, 83.4038%]
4380	82.30593607%	[81.1476%, 83.4076%]
4381	82.30997489%	[81.1519%, 83.4115%]
4382	82.31401187%	[81.1561%, 83.4153%]
4383	82.31804700%	[81.1604%, 83.4191%]
4384	82.32208029%	[81.1647%, 83.4229%]
4385	82.32611174%	[81.1689%, 83.4267%]
4386	82.33014136%	[81.1732%, 83.4305%]
4387	82.33416914%	[81.1775%, 83.4343%]
4388	82.33819508%	[81.1817%, 83.4381%]
4389	82.31943495%	[81.1626%, 83.4197%]
4390	82.32346241%	[81.1669%, 83.4235%]
4391	82.30471419%	[81.1478%, 83.4051%]
4392	82.28597450%	[81.1288%, 83.3867%]
4393	82.29000683%	[81.1330%, 83.3905%]
4394	82.29403732%	[81.1373%, 83.3943%]
4395	82.29806598%	[81.1416%, 83.3981%]
4396	82.30209281%	[81.1458%, 83.4019%]
4397	82.30611781%	[81.1501%, 83.4057%]
4398	82.31014097%	[81.1543%, 83.4095%]
4399	82.31416231%	[81.1586%, 83.4133%]
4400	82.31818182%	[81.1628%, 83.4171%]
4401	82.32219950%	[81.1671%, 83.4209%]
4402	82.32621536%	[81.1713%, 83.4247%]
4403	82.33022939%	[81.1756%, 83.4285%]
4404	82.33424160%	[81.1798%, 83.4323%]
4405	82.33825199%	[81.1841%, 83.4361%]
4406	82.34226055%	[81.1883%, 83.4399%]
4407	82.34626730%	[81.1925%, 83.4436%]
4408	82.35027223%	[81.1968%, 83.4474%]
4409	82.35427535%	[81.2010%, 83.4512%]
4410	82.33560091%	[81.1820%, 83.4329%]
4411	82.33960553%	[81.1863%, 83.4367%]
4412	82.34360834%	[81.1905%, 83.4404%]
4413	82.34760934%	[81.1947%, 83.4442%]
4414	82.32895333%	[81.1758%, 83.4259%]
4415	82.33295583%	[81.1800%, 83.4297%]
4416	82.33695652%	[81.1842%, 83.4335%]
4417	82.34095540%	[81.1884%, 83.4373%]
4418	82.34495247%	[81.1927%, 83.4410%]
4419	82.34894773%	[81.1969%, 83.4448%]
4420	82.35294118%	[81.2011%, 83.4486%]
4421	82.35693282%	[81.2053%, 83.4523%]
4422	82.33830846%	[81.1864%, 83.4341%]
4423	82.34230161%	[81.1906%, 83.4378%]
4424	82.34629295%	[81.1948%, 83.4416%]
4425	82.32768362%	[81.1759%, 83.4234%]
4426	82.30908269%	[81.1570%, 83.4051%]
4427	82.31307883%	[81.1612%, 83.4089%]
4428	82.31707317%	[81.1655%, 83.4127%]
4429	82.32106570%	[81.1697%, 83.4164%]
4430	82.32505643%	[81.1739%, 83.4202%]
4431	82.32904536%	[81.1781%, 83.4240%]
4432	82.33303249%	[81.1823%, 83.4277%]
4433	82.31445973%	[81.1634%, 83.4095%]
4434	82.31844835%	[81.1677%, 83.4133%]
4435	82.32243517%	[81.1719%, 83.4170%]
4436	82.30387737%	[81.1530%, 83.3988%]
4437	82.28532792%	[81.1341%, 83.3807%]
4438	82.28931951%	[81.1384%, 83.3844%]
4439	82.29330930%	[81.1426%, 83.3882%]
4440	82.29729730%	[81.1468%, 83.3920%]
4441	82.30128349%	[81.1510%, 83.3957%]
4442	82.30526790%	[81.1552%, 83.3995%]
4443	82.30925051%	[81.1594%, 83.4032%]
4444	82.31323132%	[81.1636%, 83.4070%]
4445	82.31721035%	[81.1679%, 83.4108%]
4446	82.32118758%	[81.1721%, 83.4145%]
4447	82.32516303%	[81.1763%, 83.4183%]
4448	82.32913669%	[81.1805%, 83.4220%]
4449	82.33310856%	[81.1847%, 83.4258%]
4450	82.33707865%	[81.1889%, 83.4295%]
4451	82.34104696%	[81.1931%, 83.4333%]
4452	82.34501348%	[81.1973%, 83.4370%]
4453	82.34897822%	[81.2014%, 83.4407%]
4454	82.35294118%	[81.2056%, 83.4445%]
4455	82.35690236%	[81.2098%, 83.4482%]
4456	82.36086176%	[81.2140%, 83.4520%]
4457	82.36481939%	[81.2182%, 83.4557%]
4458	82.36877524%	[81.2224%, 83.4594%]
4459	82.35030276%	[81.2036%, 83.4413%]
4460	82.35426009%	[81.2078%, 83.4451%]
4461	82.35821565%	[81.2120%, 83.4488%]
4462	82.36216943%	[81.2161%, 83.4525%]
4463	82.36612144%	[81.2203%, 83.4563%]
4464	82.37007168%	[81.2245%, 83.4600%]
4465	82.37402016%	[81.2287%, 83.4637%]
4466	82.37796686%	[81.2328%, 83.4674%]
4467	82.38191180%	[81.2370%, 83.4712%]
4468	82.38585497%	[81.2412%, 83.4749%]
4469	82.38979638%	[81.2453%, 83.4786%]
4470	82.39373602%	[81.2495%, 83.4823%]
4471	82.39767390%	[81.2537%, 83.4860%]
4472	82.37924866%	[81.2349%, 83.4680%]
4473	82.38318802%	[81.2391%, 83.4717%]
4474	82.38712561%	[81.2433%, 83.4754%]
4475	82.39106145%	[81.2474%, 83.4791%]
4476	82.37265416%	[81.2287%, 83.4611%]
4477	82.37659147%	[81.2329%, 83.4648%]
4478	82.38052702%	[81.2370%, 83.4685%]
4479	82.38446082%	[81.2412%, 83.4722%]
4480	82.38839286%	[81.2453%, 83.4759%]
4481	82.39232314%	[81.2495%, 83.4797%]
4482	82.39625167%	[81.2537%, 83.4834%]
4483	82.40017845%	[81.2578%, 83.4871%]
4484	82.40410348%	[81.2620%, 83.4908%]
4485	82.40802676%	[81.2661%, 83.4945%]
4486	82.38965671%	[81.2474%, 83.4765%]
4487	82.39358146%	[81.2516%, 83.4802%]
4488	82.39750446%	[81.2557%, 83.4839%]
4489	82.40142571%	[81.2599%, 83.4876%]
4490	82.40534521%	[81.2640%, 83.4913%]
4491	82.40926297%	[81.2682%, 83.4950%]
4492	82.41317898%	[81.2723%, 83.4987%]
4493	82.41709326%	[81.2764%, 83.5024%]
4494	82.42100579%	[81.2806%, 83.5061%]
4495	82.42491657%	[81.2847%, 83.5098%]
4496	82.42882562%	[81.2888%, 83.5134%]
4497	82.43273293%	[81.2930%, 83.5171%]
4498	82.43663851%	[81.2971%, 83.5208%]
4499	82.44054234%	[81.3012%, 83.5245%]
4500	82.44444444%	[81.3053%, 83.5282%]
4501	82.44834481%	[81.3095%, 83.5319%]
4502	82.45224345%	[81.3136%, 83.5356%]
4503	82.45614035%	[81.3177%, 83.5392%]
4504	82.46003552%	[81.3218%, 83.5429%]
4505	82.46392897%	[81.3259%, 83.5466%]
4506	82.44562805%	[81.3073%, 83.5286%]
4507	82.44952296%	[81.3115%, 83.5323%]
4508	82.43123336%	[81.2929%, 83.5144%]
4509	82.43512974%	[81.2970%, 83.5181%]
4510	82.41685144%	[81.2784%, 83.5001%]
4511	82.42074928%	[81.2825%, 83.5038%]
4512	82.42464539%	[81.2866%, 83.5075%]
4513	82.42853977%	[81.2907%, 83.5112%]
4514	82.43243243%	[81.2949%, 83.5149%]
4515	82.41417497%	[81.2763%, 83.4969%]
4516	82.41806909%	[81.2804%, 83.5006%]
4517	82.42196148%	[81.2845%, 83.5043%]
4518	82.42585215%	[81.2886%, 83.5080%]
4519	82.42974109%	[81.2927%, 83.5116%]
4520	82.43362832%	[81.2969%, 83.5153%]
4521	82.43751382%	[81.3010%, 83.5190%]
4522	82.44139761%	[81.3051%, 83.5227%]
4523	82.44527968%	[81.3092%, 83.5263%]
4524	82.44916004%	[81.3133%, 83.5300%]
4525	82.45303867%	[81.3174%, 83.5336%]
4526	82.45691560%	[81.3215%, 83.5373%]
4527	82.43870113%	[81.3030%, 83.5194%]
4528	82.44257951%	[81.3071%, 83.5231%]
4529	82.44645617%	[81.3111%, 83.5268%]
4530	82.45033113%	[81.3152%, 83.5304%]
4531	82.45420437%	[81.3193%, 83.5341%]
4532	82.45807590%	[81.3234%, 83.5377%]
4533	82.43988529%	[81.3049%, 83.5199%]
4534	82.42170269%	[81.2864%, 83.5021%]
4535	82.42557883%	[81.2905%, 83.5057%]
4536	82.42945326%	[81.2946%, 83.5094%]
4537	82.43332599%	[81.2987%, 83.5130%]
4538	82.41516086%	[81.2803%, 83.4952%]
4539	82.41903503%	[81.2844%, 83.4989%]
4540	82.42290749%	[81.2884%, 83.5025%]
4541	82.42677824%	[81.2925%, 83.5062%]
4542	82.43064729%	[81.2966%, 83.5099%]
4543	82.43451464%	[81.3007%, 83.5135%]
4544	82.43838028%	[81.3048%, 83.5172%]
4545	82.44224422%	[81.3089%, 83.5208%]
4546	82.44610647%	[81.3130%, 83.5245%]
4547	82.42797449%	[81.2945%, 83.5067%]
4548	82.43183817%	[81.2986%, 83.5103%]
4549	82.43570015%	[81.3027%, 83.5140%]
4550	82.43956044%	[81.3068%, 83.5176%]
4551	82.42144584%	[81.2884%, 83.4998%]
4552	82.40333919%	[81.2699%, 83.4821%]
4553	82.40720404%	[81.2740%, 83.4857%]
4554	82.41106719%	[81.2781%, 83.4894%]
4555	82.41492865%	[81.2822%, 83.4930%]
4556	82.39683933%	[81.2638%, 83.4753%]
4557	82.40070222%	[81.2679%, 83.4789%]
4558	82.40456341%	[81.2720%, 83.4826%]
4559	82.40842290%	[81.2760%, 83.4862%]
4560	82.39035088%	[81.2577%, 83.4685%]
4561	82.39421180%	[81.2617%, 83.4722%]
4562	82.39807102%	[81.2658%, 83.4758%]
4563	82.40192856%	[81.2699%, 83.4794%]
4564	82.38387379%	[81.2515%, 83.4617%]
4565	82.38773275%	[81.2556%, 83.4654%]
4566	82.39159001%	[81.2597%, 83.4690%]
4567	82.39544559%	[81.2638%, 83.4727%]
4568	82.37740806%	[81.2454%, 83.4550%]
4569	82.38126505%	[81.2495%, 83.4586%]
4570	82.36323851%	[81.2312%, 83.4409%]
4571	82.36709692%	[81.2353%, 83.4446%]
4572	82.34908136%	[81.2169%, 83.4269%]
4573	82.35294118%	[81.2210%, 83.4306%]
4574	82.35679930%	[81.2251%, 83.4342%]
4575	82.36065574%	[81.2292%, 83.4378%]
4576	82.36451049%	[81.2332%, 83.4415%]
4577	82.34651518%	[81.2149%, 83.4238%]
4578	82.35037134%	[81.2190%, 83.4275%]
4579	82.35422581%	[81.2231%, 83.4311%]
4580	82.35807860%	[81.2272%, 83.4348%]
4581	82.36192971%	[81.2312%, 83.4384%]
4582	82.36577914%	[81.2353%, 83.4420%]
4583	82.36962688%	[81.2394%, 83.4457%]
4584	82.37347295%	[81.2434%, 83.4493%]
4585	82.37731734%	[81.2475%, 83.4529%]
4586	82.35935456%	[81.2292%, 83.4353%]
4587	82.36320035%	[81.2333%, 83.4390%]
4588	82.36704446%	[81.2373%, 83.4426%]
4589	82.37088690%	[81.2414%, 83.4462%]
4590	82.37472767%	[81.2455%, 83.4498%]
4591	82.37856676%	[81.2495%, 83.4535%]
4592	82.38240418%	[81.2536%, 83.4571%]
4593	82.38623993%	[81.2576%, 83.4607%]
4594	82.39007401%	[81.2617%, 83.4643%]
4595	82.39390642%	[81.2657%, 83.4680%]
4596	82.39773716%	[81.2698%, 83.4716%]
4597	82.40156624%	[81.2738%, 83.4752%]
4598	82.40539365%	[81.2779%, 83.4788%]
4599	82.40921940%	[81.2819%, 83.4824%]
4600	82.41304348%	[81.2859%, 83.4860%]
4601	82.41686590%	[81.2900%, 83.4897%]
4602	82.42068666%	[81.2940%, 83.4933%]
4603	82.42450576%	[81.2981%, 83.4969%]
4604	82.42832320%	[81.3021%, 83.5005%]
4605	82.43213898%	[81.3061%, 83.5041%]
4606	82.43595310%	[81.3102%, 83.5077%]
4607	82.43976557%	[81.3142%, 83.5113%]
4608	82.44357639%	[81.3182%, 83.5149%]
4609	82.44738555%	[81.3222%, 83.5185%]
4610	82.45119306%	[81.3263%, 83.5221%]
4611	82.45499892%	[81.3303%, 83.5257%]
4612	82.45880312%	[81.3343%, 83.5293%]
4613	82.46260568%	[81.3383%, 83.5329%]
4614	82.46640659%	[81.3423%, 83.5365%]
4615	82.47020585%	[81.3463%, 83.5401%]
4616	82.47400347%	[81.3504%, 83.5436%]
4617	82.47779944%	[81.3544%, 83.5472%]
4618	82.45993937%	[81.3362%, 83.5297%]
4619	82.46373674%	[81.3402%, 83.5333%]
4620	82.46753247%	[81.3442%, 83.5369%]
4621	82.47132655%	[81.3482%, 83.5405%]
4622	82.47511900%	[81.3522%, 83.5441%]
4623	82.47890980%	[81.3562%, 83.5476%]
4624	82.48269896%	[81.3603%, 83.5512%]
4625	82.48648649%	[81.3643%, 83.5548%]
4626	82.49027237%	[81.3683%, 83.5584%]
4627	82.49405662%	[81.3723%, 83.5619%]
4628	82.49783924%	[81.3763%, 83.5655%]
4629	82.50162022%	[81.3802%, 83.5691%]
4630	82.48380130%	[81.3621%, 83.5516%]
4631	82.48758368%	[81.3661%, 83.5552%]
4632	82.49136442%	[81.3701%, 83.5588%]
4633	82.49514354%	[81.3741%, 83.5623%]
4634	82.49892102%	[81.3781%, 83.5659%]
4635	82.50269687%	[81.3821%, 83.5695%]
4636	82.50647110%	[81.3861%, 83.5730%]
4637	82.51024369%	[81.3901%, 83.5766%]
4638	82.51401466%	[81.3940%, 83.5802%]
4639	82.51778401%	[81.3980%, 83.5837%]
4640	82.52155172%	[81.4020%, 83.5873%]
4641	82.52531782%	[81.4060%, 83.5908%]
4642	82.52908229%	[81.4100%, 83.5944%]
4643	82.53284514%	[81.4139%, 83.5980%]
4644	82.53660637%	[81.4179%, 83.6015%]
4645	82.54036598%	[81.4219%, 83.6051%]
4646	82.52260009%	[81.4038%, 83.5876%]
4647	82.52636109%	[81.4078%, 83.5912%]
4648	82.53012048%	[81.4118%, 83.5947%]
4649	82.53387825%	[81.4157%, 83.5983%]
4650	82.53763441%	[81.4197%, 83.6018%]
4651	82.51988820%	[81.4017%, 83.5844%]
4652	82.52364574%	[81.4056%, 83.5880%]
4653	82.50591017%	[81.3876%, 83.5706%]
4654	82.50966910%	[81.3916%, 83.5741%]
4655	82.51342642%	[81.3955%, 83.5777%]
4656	82.51718213%	[81.3995%, 83.5812%]
4657	82.52093623%	[81.4035%, 83.5848%]
4658	82.52468871%	[81.4074%, 83.5883%]
4659	82.52843958%	[81.4114%, 83.5919%]
4660	82.53218884%	[81.4154%, 83.5954%]
4661	82.53593649%	[81.4193%, 83.5990%]
4662	82.53968254%	[81.4233%, 83.6025%]
4663	82.54342698%	[81.4272%, 83.6060%]
4664	82.54716981%	[81.4312%, 83.6096%]
4665	82.55091104%	[81.4351%, 83.6131%]
4666	82.55465066%	[81.4391%, 83.6166%]
4667	82.53696165%	[81.4211%, 83.5993%]
4668	82.54070266%	[81.4251%, 83.6028%]
4669	82.54444206%	[81.4290%, 83.6064%]
4670	82.54817987%	[81.4330%, 83.6099%]
4671	82.55191608%	[81.4369%, 83.6134%]
4672	82.55565068%	[81.4409%, 83.6170%]
4673	82.55938369%	[81.4448%, 83.6205%]
4674	82.56311510%	[81.4487%, 83.6240%]
4675	82.56684492%	[81.4527%, 83.6275%]
4676	82.54918734%	[81.4347%, 83.6102%]
4677	82.55291854%	[81.4387%, 83.6137%]
4678	82.53527148%	[81.4207%, 83.5964%]
4679	82.53900406%	[81.4247%, 83.6000%]
4680	82.54273504%	[81.4286%, 83.6035%]
4681	82.52510147%	[81.4107%, 83.5862%]
4682	82.50747544%	[81.3928%, 83.5689%]
4683	82.51121076%	[81.3967%, 83.5724%]
4684	82.51494449%	[81.4006%, 83.5760%]
4685	82.51867663%	[81.4046%, 83.5795%]
4686	82.52240717%	[81.4085%, 83.5830%]
4687	82.52613612%	[81.4125%, 83.5865%]
4688	82.52986348%	[81.4164%, 83.5901%]
4689	82.51226274%	[81.3985%, 83.5728%]
4690	82.51599147%	[81.4024%, 83.5763%]
4691	82.49840119%	[81.3846%, 83.5591%]
4692	82.50213129%	[81.3885%, 83.5626%]
4693	82.50585979%	[81.3924%, 83.5661%]
4694	82.50958671%	[81.3964%, 83.5696%]
4695	82.51331203%	[81.4003%, 83.5732%]
4696	82.51703578%	[81.4042%, 83.5767%]
4697	82.52075793%	[81.4082%, 83.5802%]
4698	82.50319285%	[81.3903%, 83.5630%]
4699	82.48563524%	[81.3725%, 83.5457%]
4700	82.48936170%	[81.3764%, 83.5493%]
4701	82.49308658%	[81.3803%, 83.5528%]
4702	82.49680987%	[81.3843%, 83.5563%]
4703	82.50053158%	[81.3882%, 83.5598%]
4704	82.48299320%	[81.3704%, 83.5426%]
4705	82.46546227%	[81.3525%, 83.5254%]
4706	82.46918827%	[81.3565%, 83.5289%]
4707	82.45166773%	[81.3387%, 83.5117%]
4708	82.45539507%	[81.3426%, 83.5153%]
4709	82.45912083%	[81.3465%, 83.5188%]
4710	82.46284501%	[81.3505%, 83.5223%]
4711	82.46656761%	[81.3544%, 83.5258%]
4712	82.47028862%	[81.3583%, 83.5293%]
4713	82.47400806%	[81.3623%, 83.5329%]
4714	82.45651252%	[81.3445%, 83.5157%]
4715	82.46023330%	[81.3484%, 83.5192%]
4716	82.46395250%	[81.3523%, 83.5227%]
4717	82.46767013%	[81.3563%, 83.5262%]
4718	82.47138618%	[81.3602%, 83.5298%]
4719	82.47510066%	[81.3641%, 83.5333%]
4720	82.47881356%	[81.3680%, 83.5368%]
4721	82.48252489%	[81.3719%, 83.5403%]
4722	82.46505718%	[81.3542%, 83.5232%]
4723	82.46876985%	[81.3581%, 83.5267%]
4724	82.47248095%	[81.3620%, 83.5302%]
4725	82.47619048%	[81.3659%, 83.5337%]
4726	82.47989843%	[81.3699%, 83.5372%]
4727	82.48360482%	[81.3738%, 83.5407%]
4728	82.48730964%	[81.3777%, 83.5442%]
4729	82.49101290%	[81.3816%, 83.5477%]
4730	82.49471459%	[81.3855%, 83.5512%]
4731	82.49841471%	[81.3894%, 83.5547%]
4732	82.50211327%	[81.3933%, 83.5582%]
4733	82.50581027%	[81.3972%, 83.5617%]
4734	82.50950570%	[81.4011%, 83.5652%]
4735	82.51319958%	[81.4050%, 83.5687%]
4736	82.51689189%	[81.4089%, 83.5722%]
4737	82.52058265%	[81.4128%, 83.5757%]
4738	82.50316589%	[81.3951%, 83.5586%]
4739	82.50685799%	[81.3990%, 83.5621%]
4740	82.51054852%	[81.4029%, 83.5655%]
4741	82.49314491%	[81.3852%, 83.5485%]
4742	82.47574863%	[81.3675%, 83.5314%]
4743	82.47944339%	[81.3714%, 83.5349%]
4744	82.48313659%	[81.3753%, 83.5384%]
4745	82.48682824%	[81.3792%, 83.5419%]
4746	82.49051833%	[81.3831%, 83.5454%]
4747	82.49420687%	[81.3870%, 83.5489%]
4748	82.47683235%	[81.3693%, 83.5318%]
4749	82.48052222%	[81.3732%, 83.5353%]
4750	82.48421053%	[81.3771%, 83.5388%]
4751	82.48789728%	[81.3810%, 83.5423%]
4752	82.47053872%	[81.3634%, 83.5252%]
4753	82.47422680%	[81.3673%, 83.5287%]
4754	82.47791334%	[81.3712%, 83.5322%]
4755	82.48159832%	[81.3751%, 83.5357%]
4756	82.48528175%	[81.3790%, 83.5392%]
4757	82.48896363%	[81.3828%, 83.5427%]
4758	82.49264397%	[81.3867%, 83.5461%]
4759	82.49632276%	[81.3906%, 83.5496%]
4760	82.50000000%	[81.3945%, 83.5531%]
4761	82.50367570%	[81.3984%, 83.5566%]
4762	82.50734985%	[81.4022%, 83.5600%]
4763	82.51102246%	[81.4061%, 83.5635%]
4764	82.51469353%	[81.4100%, 83.5670%]
4765	82.51836306%	[81.4139%, 83.5705%]
4766	82.52203105%	[81.4177%, 83.5739%]
4767	82.52569750%	[81.4216%, 83.5774%]
4768	82.52936242%	[81.4255%, 83.5809%]
4769	82.53302579%	[81.4294%, 83.5843%]
4770	82.53668763%	[81.4332%, 83.5878%]
4771	82.54034794%	[81.4371%, 83.5912%]
4772	82.54400671%	[81.4410%, 83.5947%]
4773	82.54766394%	[81.4448%, 83.5982%]
4774	82.55131965%	[81.4487%, 83.6016%]
4775	82.55497382%	[81.4525%, 83.6051%]
4776	82.55862647%	[81.4564%, 83.6085%]
4777	82.56227758%	[81.4602%, 83.6120%]
4778	82.56592717%	[81.4641%, 83.6154%]
4779	82.56957522%	[81.4679%, 83.6189%]
4780	82.57322176%	[81.4718%, 83.6223%]
4781	82.57686676%	[81.4756%, 83.6258%]
4782	82.55959849%	[81.4581%, 83.6088%]
4783	82.56324483%	[81.4619%, 83.6123%]
4784	82.56688963%	[81.4658%, 83.6157%]
4785	82.57053292%	[81.4696%, 83.6192%]
4786	82.57417468%	[81.4735%, 83.6226%]
4787	82.57781492%	[81.4773%, 83.6261%]
4788	82.56056809%	[81.4598%, 83.6091%]
4789	82.56420965%	[81.4636%, 83.6126%]
4790	82.56784969%	[81.4675%, 83.6160%]
4791	82.57148821%	[81.4713%, 83.6195%]
4792	82.57512521%	[81.4752%, 83.6229%]
4793	82.57876069%	[81.4790%, 83.6263%]
4794	82.58239466%	[81.4828%, 83.6298%]
4795	82.58602711%	[81.4867%, 83.6332%]
4796	82.56880734%	[81.4692%, 83.6163%]
4797	82.57244111%	[81.4730%, 83.6198%]
4798	82.57607336%	[81.4768%, 83.6232%]
4799	82.57970411%	[81.4807%, 83.6266%]
4800	82.58333333%	[81.4845%, 83.6301%]
4801	82.58696105%	[81.4883%, 83.6335%]
4802	82.59058726%	[81.4922%, 83.6369%]
4803	82.57339163%	[81.4747%, 83.6200%]
4804	82.57701915%	[81.4785%, 83.6235%]
4805	82.58064516%	[81.4823%, 83.6269%]
4806	82.58426966%	[81.4862%, 83.6303%]
4807	82.58789266%	[81.4900%, 83.6338%]
4808	82.59151414%	[81.4938%, 83.6372%]
4809	82.59513412%	[81.4976%, 83.6406%]
4810	82.59875260%	[81.5014%, 83.6440%]
4811	82.58158387%	[81.4840%, 83.6272%]
4812	82.58520366%	[81.4878%, 83.6306%]
4813	82.56804488%	[81.4704%, 83.6138%]
4814	82.57166597%	[81.4742%, 83.6172%]
4815	82.57528557%	[81.4780%, 83.6206%]
4816	82.57890365%	[81.4818%, 83.6240%]
4817	82.58252024%	[81.4857%, 83.6275%]
4818	82.58613533%	[81.4895%, 83.6309%]
4819	82.58974891%	[81.4933%, 83.6343%]
4820	82.59336100%	[81.4971%, 83.6377%]
4821	82.59697158%	[81.5009%, 83.6411%]
4822	82.60058067%	[81.5047%, 83.6445%]
4823	82.58345428%	[81.4873%, 83.6277%]
4824	82.58706468%	[81.4911%, 83.6312%]
4825	82.59067358%	[81.4949%, 83.6346%]
4826	82.59428098%	[81.4987%, 83.6380%]
4827	82.59788689%	[81.5025%, 83.6414%]
4828	82.60149130%	[81.5063%, 83.6448%]
4829	82.58438600%	[81.4890%, 83.6280%]
4830	82.58799172%	[81.4928%, 83.6314%]
4831	82.59159594%	[81.4966%, 83.6348%]
4832	82.59519868%	[81.5004%, 83.6382%]
4833	82.59879992%	[81.5042%, 83.6416%]
4834	82.60239967%	[81.5080%, 83.6451%]
4835	82.60599793%	[81.5118%, 83.6485%]
4836	82.60959471%	[81.5156%, 83.6519%]
4837	82.59251602%	[81.4982%, 83.6351%]
4838	82.59611410%	[81.5020%, 83.6385%]
4839	82.59971068%	[81.5058%, 83.6419%]
4840	82.58264463%	[81.4884%, 83.6252%]
4841	82.58624251%	[81.4922%, 83.6286%]
4842	82.58983891%	[81.4960%, 83.6320%]
4843	82.59343382%	[81.4998%, 83.6354%]
4844	82.59702725%	[81.5036%, 83.6388%]
4845	82.60061920%	[81.5074%, 83.6422%]
4846	82.60420966%	[81.5112%, 83.6456%]
4847	82.60779864%	[81.5150%, 83.6490%]
4848	82.61138614%	[81.5188%, 83.6523%]
4849	82.61497216%	[81.5226%, 83.6557%]
4850	82.61855670%	[81.5264%, 83.6591%]
4851	82.62213976%	[81.5301%, 83.6625%]
4852	82.60511129%	[81.5128%, 83.6458%]
4853	82.60869565%	[81.5166%, 83.6492%]
4854	82.61227853%	[81.5204%, 83.6526%]
4855	82.61585994%	[81.5242%, 83.6560%]
4856	82.61943987%	[81.5280%, 83.6594%]
4857	82.60242948%	[81.5107%, 83.6427%]
4858	82.60601070%	[81.5144%, 83.6461%]
4859	82.60959045%	[81.5182%, 83.6494%]
4860	82.61316872%	[81.5220%, 83.6528%]
4861	82.61674553%	[81.5258%, 83.6562%]
4862	82.59975319%	[81.5085%, 83.6395%]
4863	82.60333128%	[81.5123%, 83.6429%]
4864	82.60690789%	[81.5160%, 83.6463%]
4865	82.61048304%	[81.5198%, 83.6497%]
4866	82.61405672%	[81.5236%, 83.6531%]
4867	82.61762893%	[81.5274%, 83.6564%]
4868	82.62119967%	[81.5311%, 83.6598%]
4869	82.60423085%	[81.5139%, 83.6432%]
4870	82.58726899%	[81.4966%, 83.6265%]
4871	82.59084377%	[81.5004%, 83.6299%]
4872	82.57389163%	[81.4832%, 83.6133%]
4873	82.57746768%	[81.4869%, 83.6167%]
4874	82.58104227%	[81.4907%, 83.6200%]
4875	82.58461538%	[81.4945%, 83.6234%]
4876	82.56767842%	[81.4773%, 83.6068%]
4877	82.57125282%	[81.4810%, 83.6102%]
4878	82.57482575%	[81.4848%, 83.6136%]
4879	82.57839721%	[81.4886%, 83.6169%]
4880	82.58196721%	[81.4924%, 83.6203%]
4881	82.56504815%	[81.4752%, 83.6037%]
4882	82.54813601%	[81.4580%, 83.5871%]
4883	82.55171001%	[81.4617%, 83.5905%]
4884	82.55528256%	[81.4655%, 83.5939%]
4885	82.55885363%	[81.4693%, 83.5973%]
4886	82.54195661%	[81.4521%, 83.5807%]
4887	82.54552895%	[81.4559%, 83.5841%]
4888	82.52864157%	[81.4387%, 83.5675%]
4889	82.53221518%	[81.4425%, 83.5709%]
4890	82.53578732%	[81.4462%, 83.5743%]
4891	82.53935800%	[81.4500%, 83.5776%]
4892	82.54292723%	[81.4538%, 83.5810%]
4893	82.54649499%	[81.4575%, 83.5844%]
4894	82.52962812%	[81.4404%, 83.5678%]
4895	82.53319714%	[81.4442%, 83.5712%]
4896	82.53676471%	[81.4479%, 83.5746%]
4897	82.54033081%	[81.4517%, 83.5780%]
4898	82.54389547%	[81.4554%, 83.5813%]
4899	82.54745867%	[81.4592%, 83.5847%]
4900	82.55102041%	[81.4630%, 83.5881%]
4901	82.55458070%	[81.4667%, 83.5914%]
4902	82.55813953%	[81.4705%, 83.5948%]
4903	82.56169692%	[81.4742%, 83.5982%]
4904	82.56525285%	[81.4780%, 83.6015%]
4905	82.56880734%	[81.4817%, 83.6049%]
4906	82.55197717%	[81.4646%, 83.5884%]
4907	82.53515386%	[81.4475%, 83.5719%]
4908	82.53871231%	[81.4513%, 83.5752%]
4909	82.54226930%	[81.4550%, 83.5786%]
4910	82.54582485%	[81.4588%, 83.5820%]
4911	82.52901649%	[81.4417%, 83.5655%]
4912	82.53257329%	[81.4455%, 83.5688%]
4913	82.51577448%	[81.4284%, 83.5524%]
4914	82.51933252%	[81.4321%, 83.5557%]
4915	82.50254323%	[81.4151%, 83.5393%]
4916	82.50610252%	[81.4188%, 83.5426%]
4917	82.48932276%	[81.4018%, 83.5262%]
4918	82.49288329%	[81.4055%, 83.5295%]
4919	82.49644237%	[81.4093%, 83.5329%]
4920	82.50000000%	[81.4130%, 83.5363%]
4921	82.50355619%	[81.4168%, 83.5396%]
4922	82.50711093%	[81.4205%, 83.5430%]
4923	82.51066423%	[81.4243%, 83.5464%]
4924	82.51421608%	[81.4280%, 83.5497%]
4925	82.51776650%	[81.4318%, 83.5531%]
4926	82.52131547%	[81.4355%, 83.5564%]
4927	82.52486300%	[81.4393%, 83.5598%]
4928	82.52840909%	[81.4430%, 83.5631%]
4929	82.53195374%	[81.4467%, 83.5665%]
4930	82.53549696%	[81.4505%, 83.5699%]
4931	82.53903873%	[81.4542%, 83.5732%]
4932	82.54257908%	[81.4579%, 83.5766%]
4933	82.52584634%	[81.4409%, 83.5601%]
4934	82.50912039%	[81.4239%, 83.5437%]
4935	82.51266464%	[81.4277%, 83.5471%]
4936	82.51620746%	[81.4314%, 83.5504%]
4937	82.51974884%	[81.4352%, 83.5538%]
4938	82.50303767%	[81.4182%, 83.5374%]
4939	82.50658028%	[81.4219%, 83.5407%]
4940	82.51012146%	[81.4256%, 83.5441%]
4941	82.51366120%	[81.4294%, 83.5474%]
4942	82.51719951%	[81.4331%, 83.5508%]
4943	82.52073639%	[81.4368%, 83.5541%]
4944	82.52427184%	[81.4406%, 83.5575%]
4945	82.52780586%	[81.4443%, 83.5608%]
4946	82.53133846%	[81.4480%, 83.5642%]
4947	82.53486962%	[81.4517%, 83.5675%]
4948	82.53839935%	[81.4555%, 83.5708%]
4949	82.52172156%	[81.4385%, 83.5545%]
4950	82.50505051%	[81.4216%, 83.5381%]
4951	82.50858412%	[81.4253%, 83.5415%]
4952	82.51211632%	[81.4290%, 83.5448%]
4953	82.51564708%	[81.4327%, 83.5481%]
4954	82.51917642%	[81.4365%, 83.5515%]
4955	82.52270434%	[81.4402%, 83.5548%]
4956	82.50605327%	[81.4233%, 83.5385%]
4957	82.50958241%	[81.4270%, 83.5418%]
4958	82.51311013%	[81.4307%, 83.5452%]
4959	82.51663642%	[81.4344%, 83.5485%]
4960	82.52016129%	[81.4381%, 83.5518%]
4961	82.52368474%	[81.4419%, 83.5552%]
4962	82.52720677%	[81.4456%, 83.5585%]
4963	82.53072738%	[81.4493%, 83.5618%]
4964	82.53424658%	[81.4530%, 83.5652%]
4965	82.51762336%	[81.4361%, 83.5489%]
4966	82.52114378%	[81.4398%, 83.5522%]
4967	82.52466277%	[81.4435%, 83.5555%]
4968	82.52818035%	[81.4472%, 83.5589%]
4969	82.53169652%	[81.4510%, 83.5622%]
4970	82.51509054%	[81.4341%, 83.5459%]
4971	82.51860793%	[81.4378%, 83.5492%]
4972	82.52212389%	[81.4415%, 83.5525%]
4973	82.52563845%	[81.4452%, 83.5559%]
4974	82.52915159%	[81.4489%, 83.5592%]
4975	82.53266332%	[81.4526%, 83.5625%]
4976	82.53617363%	[81.4563%, 83.5658%]
4977	82.53968254%	[81.4600%, 83.5692%]
4978	82.54319004%	[81.4637%, 83.5725%]
4979	82.54669612%	[81.4674%, 83.5758%]
4980	82.55020080%	[81.4711%, 83.5791%]
4981	82.55370408%	[81.4748%, 83.5824%]
4982	82.55720594%	[81.4785%, 83.5857%]
4983	82.56070640%	[81.4822%, 83.5891%]
4984	82.56420546%	[81.4859%, 83.5924%]
4985	82.56770311%	[81.4896%, 83.5957%]
4986	82.57119936%	[81.4933%, 83.5990%]
4987	82.55464207%	[81.4764%, 83.5827%]
4988	82.55813953%	[81.4801%, 83.5861%]
4989	82.56163560%	[81.4838%, 83.5894%]
4990	82.56513026%	[81.4875%, 83.5927%]
4991	82.54858746%	[81.4707%, 83.5764%]
4992	82.55208333%	[81.4744%, 83.5797%]
4993	82.55557781%	[81.4780%, 83.5831%]
4994	82.55907089%	[81.4817%, 83.5864%]
4995	82.54254254%	[81.4649%, 83.5701%]
4996	82.54603683%	[81.4686%, 83.5734%]
4997	82.54952972%	[81.4723%, 83.5768%]
4998	82.55302121%	[81.4760%, 83.5801%]
4999	82.55651130%	[81.4797%, 83.5834%]
5000	82.56000000%	[81.4833%, 83.5867%]
5001	82.56348730%	[81.4870%, 83.5900%]
5002	82.56697321%	[81.4907%, 83.5933%]
5003	82.57045773%	[81.4944%, 83.5966%]
5004	82.57394085%	[81.4980%, 83.5999%]
5005	82.57742258%	[81.5017%, 83.6032%]
5006	82.58090292%	[81.5054%, 83.6065%]
5007	82.58438187%	[81.5091%, 83.6098%]
5008	82.58785942%	[81.5127%, 83.6130%]
5009	82.59133560%	[81.5164%, 83.6163%]
5010	82.57485030%	[81.4996%, 83.6002%]
5011	82.57832768%	[81.5033%, 83.6034%]
5012	82.58180367%	[81.5070%, 83.6067%]
5013	82.56533014%	[81.4902%, 83.5906%]
5014	82.56880734%	[81.4939%, 83.5939%]
5015	82.57228315%	[81.4976%, 83.5972%]
5016	82.57575758%	[81.5012%, 83.6004%]
5017	82.57923062%	[81.5049%, 83.6037%]
5018	82.58270227%	[81.5085%, 83.6070%]
5019	82.58617254%	[81.5122%, 83.6103%]
5020	82.58964143%	[81.5159%, 83.6136%]
5021	82.59310894%	[81.5195%, 83.6169%]
5022	82.59657507%	[81.5232%, 83.6202%]
5023	82.60003982%	[81.5268%, 83.6234%]
5024	82.60350318%	[81.5305%, 83.6267%]
5025	82.60696517%	[81.5341%, 83.6300%]
5026	82.61042579%	[81.5378%, 83.6333%]
5027	82.61388502%	[81.5414%, 83.6365%]
5028	82.61734288%	[81.5451%, 83.6398%]
5029	82.62079936%	[81.5487%, 83.6431%]
5030	82.62425447%	[81.5524%, 83.6464%]
5031	82.62770821%	[81.5560%, 83.6496%]
5032	82.61128776%	[81.5393%, 83.6335%]
5033	82.61474270%	[81.5430%, 83.6368%]
5034	82.61819627%	[81.5466%, 83.6401%]
5035	82.62164846%	[81.5502%, 83.6433%]
5036	82.60524226%	[81.5336%, 83.6272%]
5037	82.60869565%	[81.5372%, 83.6305%]
5038	82.61214768%	[81.5408%, 83.6338%]
5039	82.61559833%	[81.5445%, 83.6370%]
5040	82.61904762%	[81.5481%, 83.6403%]
5041	82.62249554%	[81.5518%, 83.6436%]
5042	82.62594209%	[81.5554%, 83.6468%]
5043	82.62938727%	[81.5590%, 83.6501%]
5044	82.63283109%	[81.5627%, 83.6533%]
5045	82.63627354%	[81.5663%, 83.6566%]
5046	82.63971463%	[81.5699%, 83.6599%]
5047	82.64315435%	[81.5735%, 83.6631%]
5048	82.64659271%	[81.5772%, 83.6664%]
5049	82.65002971%	[81.5808%, 83.6696%]
5050	82.65346535%	[81.5844%, 83.6729%]
5051	82.65689962%	[81.5880%, 83.6761%]
5052	82.64053840%	[81.5714%, 83.6601%]
5053	82.64397388%	[81.5750%, 83.6633%]
5054	82.64740799%	[81.5786%, 83.6666%]
5055	82.65084075%	[81.5823%, 83.6698%]
5056	82.63449367%	[81.5657%, 83.6538%]
5057	82.63792763%	[81.5693%, 83.6570%]
5058	82.62158956%	[81.5527%, 83.6410%]
5059	82.62502471%	[81.5563%, 83.6442%]
5060	82.62845850%	[81.5599%, 83.6475%]
5061	82.61213199%	[81.5433%, 83.6315%]
5062	82.59581193%	[81.5267%, 83.6155%]
5063	82.57949832%	[81.5102%, 83.5994%]
5064	82.58293839%	[81.5138%, 83.6027%]
5065	82.58637710%	[81.5174%, 83.6060%]
5066	82.58981445%	[81.5210%, 83.6092%]
5067	82.59325044%	[81.5247%, 83.6125%]
5068	82.57695343%	[81.5081%, 83.5965%]
5069	82.58039061%	[81.5117%, 83.5997%]
5070	82.58382643%	[81.5153%, 83.6030%]
5071	82.58726090%	[81.5190%, 83.6062%]
5072	82.59069401%	[81.5226%, 83.6095%]
5073	82.59412576%	[81.5262%, 83.6127%]
5074	82.59755617%	[81.5298%, 83.6160%]
5075	82.58128079%	[81.5133%, 83.6000%]
5076	82.58471237%	[81.5169%, 83.6033%]
5077	82.58814260%	[81.5205%, 83.6065%]
5078	82.59157148%	[81.5241%, 83.6097%]
5079	82.59499902%	[81.5277%, 83.6130%]
5080	82.59842520%	[81.5313%, 83.6162%]
5081	82.60185003%	[81.5350%, 83.6195%]
5082	82.60527351%	[81.5386%, 83.6227%]
5083	82.60869565%	[81.5422%, 83.6260%]
5084	82.61211644%	[81.5458%, 83.6292%]
5085	82.61553589%	[81.5494%, 83.6324%]
5086	82.61895399%	[81.5530%, 83.6357%]
5087	82.62237075%	[81.5566%, 83.6389%]
5088	82.62578616%	[81.5602%, 83.6422%]
5089	82.60955001%	[81.5437%, 83.6262%]
5090	82.61296660%	[81.5473%, 83.6295%]
5091	82.61638185%	[81.5509%, 83.6327%]
5092	82.61979576%	[81.5545%, 83.6359%]
5093	82.60357353%	[81.5380%, 83.6200%]
5094	82.60698861%	[81.5416%, 83.6232%]
5095	82.59077527%	[81.5251%, 83.6073%]
5096	82.59419152%	[81.5287%, 83.6105%]
5097	82.59760644%	[81.5323%, 83.6138%]
5098	82.60102001%	[81.5359%, 83.6170%]
5099	82.60443224%	[81.5395%, 83.6202%]
5100	82.58823529%	[81.5231%, 83.6043%]
5101	82.59164870%	[81.5267%, 83.6076%]
5102	82.59506076%	[81.5303%, 83.6108%]
5103	82.59847149%	[81.5339%, 83.6140%]
5104	82.58228840%	[81.5174%, 83.5982%]
5105	82.58570029%	[81.5210%, 83.6014%]
5106	82.58911085%	[81.5246%, 83.6046%]
5107	82.59252007%	[81.5282%, 83.6078%]
5108	82.59592796%	[81.5318%, 83.6111%]
5109	82.59933451%	[81.5354%, 83.6143%]
5110	82.60273973%	[81.5390%, 83.6175%]
5111	82.60614361%	[81.5426%, 83.6208%]
5112	82.60954617%	[81.5461%, 83.6240%]
5113	82.61294739%	[81.5497%, 83.6272%]
5114	82.61634728%	[81.5533%, 83.6304%]
5115	82.61974585%	[81.5569%, 83.6336%]
5116	82.62314308%	[81.5605%, 83.6369%]
5117	82.62653899%	[81.5641%, 83.6401%]
5118	82.62993357%	[81.5676%, 83.6433%]
5119	82.63332682%	[81.5712%, 83.6465%]
5120	82.63671875%	[81.5748%, 83.6497%]
5121	82.64010935%	[81.5784%, 83.6529%]
5122	82.64349863%	[81.5819%, 83.6561%]
5123	82.64688659%	[81.5855%, 83.6593%]
5124	82.65027322%	[81.5891%, 83.6626%]
5125	82.65365854%	[81.5926%, 83.6658%]
5126	82.63753414%	[81.5763%, 83.6499%]
5127	82.64092062%	[81.5798%, 83.6531%]
5128	82.64430577%	[81.5834%, 83.6563%]
5129	82.64768961%	[81.5870%, 83.6596%]
5130	82.65107212%	[81.5905%, 83.6628%]
5131	82.65445332%	[81.5941%, 83.6660%]
5132	82.65783320%	[81.5977%, 83.6692%]
5133	82.66121177%	[81.6012%, 83.6724%]
5134	82.66458901%	[81.6048%, 83.6756%]
5135	82.66796495%	[81.6083%, 83.6788%]
5136	82.67133956%	[81.6119%, 83.6820%]
5137	82.67471287%	[81.6154%, 83.6851%]
5138	82.67808486%	[81.6190%, 83.6883%]
5139	82.68145554%	[81.6226%, 83.6915%]
5140	82.68482490%	[81.6261%, 83.6947%]
5141	82.68819296%	[81.6297%, 83.6979%]
5142	82.69155970%	[81.6332%, 83.7011%]
5143	82.69492514%	[81.6368%, 83.7043%]
5144	82.69828927%	[81.6403%, 83.7075%]
5145	82.70165209%	[81.6438%, 83.7107%]
5146	82.70501360%	[81.6474%, 83.7139%]
5147	82.68894502%	[81.6311%, 83.6981%]
5148	82.69230769%	[81.6346%, 83.7013%]
5149	82.67624782%	[81.6183%, 83.6855%]
5150	82.67961165%	[81.6218%, 83.6887%]
5151	82.68297418%	[81.6254%, 83.6919%]
5152	82.68633540%	[81.6289%, 83.6951%]
5153	82.68969532%	[81.6325%, 83.6982%]
5154	82.69305394%	[81.6360%, 83.7014%]
5155	82.69641125%	[81.6395%, 83.7046%]
5156	82.69976726%	[81.6431%, 83.7078%]
5157	82.70312197%	[81.6466%, 83.7110%]
5158	82.70647538%	[81.6501%, 83.7141%]
5159	82.70982749%	[81.6537%, 83.7173%]
5160	82.71317829%	[81.6572%, 83.7205%]
5161	82.71652780%	[81.6607%, 83.7237%]
5162	82.71987602%	[81.6643%, 83.7268%]
5163	82.72322293%	[81.6678%, 83.7300%]
5164	82.72656855%	[81.6713%, 83.7332%]
5165	82.72991288%	[81.6748%, 83.7363%]
5166	82.73325590%	[81.6784%, 83.7395%]
5167	82.73659764%	[81.6819%, 83.7427%]
5168	82.73993808%	[81.6854%, 83.7458%]
5169	82.74327723%	[81.6889%, 83.7490%]
5170	82.72727273%	[81.6727%, 83.7333%]
5171	82.71127442%	[81.6564%, 83.7176%]
5172	82.71461717%	[81.6599%, 83.7207%]
