config,scale,model,arch,d_model,base,tensor,kind,layer,d_in,d_out,whitener,r,capture,method,source,provenance
q38-27b-UD-Q2KXL,27B,Qwen3.8-27B,qwen35,5120,UD-Q2_K_XL,blk.0.attn_qkv.weight,attn_qkv,0,5120,10240,fc,128,0.22,extract_adapter.py log (2-dec),log,/home/max/Documents/openbeast/research/lowrank/experiments/32-t117-gsq-head-to-head/extract-UD-Q2_K_XL.log
q38-27b-UD-Q2KXL,27B,Qwen3.8-27B,qwen35,5120,UD-Q2_K_XL,blk.0.attn_gate.weight,attn_gate,0,5120,6144,fc,128,0.22,extract_adapter.py log (2-dec),log,/home/max/Documents/openbeast/research/lowrank/experiments/32-t117-gsq-head-to-head/extract-UD-Q2_K_XL.log
q38-27b-UD-Q2KXL,27B,Qwen3.8-27B,qwen35,5120,UD-Q2_K_XL,blk.0.ssm_out.weight,ssm_out,0,6144,5120,fc,128,0.3,extract_adapter.py log (2-dec),log,/home/max/Documents/openbeast/research/lowrank/experiments/32-t117-gsq-head-to-head/extract-UD-Q2_K_XL.log
q38-27b-UD-Q2KXL,27B,Qwen3.8-27B,qwen35,5120,UD-Q2_K_XL,blk.0.ffn_down.weight,ffn_down,0,17408,5120,fc,128,0.25,extract_adapter.py log (2-dec),log,/home/max/Documents/openbeast/research/lowrank/experiments/32-t117-gsq-head-to-head/extract-UD-Q2_K_XL.log
q38-27b-UD-Q2KXL,27B,Qwen3.8-27B,qwen35,5120,UD-Q2_K_XL,blk.0.ffn_gate.weight,ffn_gate,0,5120,17408,fc,128,0.2,extract_adapter.py log (2-dec),log,/home/max/Documents/openbeast/research/lowrank/experiments/32-t117-gsq-head-to-head/extract-UD-Q2_K_XL.log
q38-27b-UD-Q2KXL,27B,Qwen3.8-27B,qwen35,5120,UD-Q2_K_XL,blk.0.ffn_up.weight,ffn_up,0,5120,17408,fc,128,0.2,extract_adapter.py log (2-dec),log,/home/max/Documents/openbeast/research/lowrank/experiments/32-t117-gsq-head-to-head/extract-UD-Q2_K_XL.log
q38-27b-UD-Q2KXL,27B,Qwen3.8-27B,qwen35,5120,UD-Q2_K_XL,blk.1.attn_qkv.weight,attn_qkv,1,5120,10240,fc,128,0.24,extract_adapter.py log (2-dec),log,/home/max/Documents/openbeast/research/lowrank/experiments/32-t117-gsq-head-to-head/extract-UD-Q2_K_XL.log
q38-27b-UD-Q2KXL,27B,Qwen3.8-27B,qwen35,5120,UD-Q2_K_XL,blk.1.attn_gate.weight,attn_gate,1,5120,6144,fc,128,0.23,extract_adapter.py log (2-dec),log,/home/max/Documents/openbeast/research/lowrank/experiments/32-t117-gsq-head-to-head/extract-UD-Q2_K_XL.log
q38-27b-UD-Q2KXL,27B,Qwen3.8-27B,qwen35,5120,UD-Q2_K_XL,blk.1.ssm_out.weight,ssm_out,1,6144,5120,fc,128,0.28,extract_adapter.py log (2-dec),log,/home/max/Documents/openbeast/research/lowrank/experiments/32-t117-gsq-head-to-head/extract-UD-Q2_K_XL.log
q38-27b-UD-Q2KXL,27B,Qwen3.8-27B,qwen35,5120,UD-Q2_K_XL,blk.1.ffn_down.weight,ffn_down,1,17408,5120,fc,128,0.2,extract_adapter.py log (2-dec),log,/home/max/Documents/openbeast/research/lowrank/experiments/32-t117-gsq-head-to-head/extract-UD-Q2_K_XL.log
q38-27b-UD-Q2KXL,27B,Qwen3.8-27B,qwen35,5120,UD-Q2_K_XL,blk.1.ffn_gate.weight,ffn_gate,1,5120,17408,fc,128,0.18,extract_adapter.py log (2-dec),log,/home/max/Documents/openbeast/research/lowrank/experiments/32-t117-gsq-head-to-head/extract-UD-Q2_K_XL.log
q38-27b-UD-Q2KXL,27B,Qwen3.8-27B,qwen35,5120,UD-Q2_K_XL,blk.1.ffn_up.weight,ffn_up,1,5120,17408,fc,128,0.18,extract_adapter.py log (2-dec),log,/home/max/Documents/openbeast/research/lowrank/experiments/32-t117-gsq-head-to-head/extract-UD-Q2_K_XL.log
q38-27b-UD-Q2KXL,27B,Qwen3.8-27B,qwen35,5120,UD-Q2_K_XL,blk.2.attn_qkv.weight,attn_qkv,2,5120,10240,fc,128,0.22,extract_adapter.py log (2-dec),log,/home/max/Documents/openbeast/research/lowrank/experiments/32-t117-gsq-head-to-head/extract-UD-Q2_K_XL.log
q38-27b-UD-Q2KXL,27B,Qwen3.8-27B,qwen35,5120,UD-Q2_K_XL,blk.2.attn_gate.weight,attn_gate,2,5120,6144,fc,128,0.21,extract_adapter.py log (2-dec),log,/home/max/Documents/openbeast/research/lowrank/experiments/32-t117-gsq-head-to-head/extract-UD-Q2_K_XL.log
q38-27b-UD-Q2KXL,27B,Qwen3.8-27B,qwen35,5120,UD-Q2_K_XL,blk.2.ssm_out.weight,ssm_out,2,6144,5120,fc,128,0.33,extract_adapter.py log (2-dec),log,/home/max/Documents/openbeast/research/lowrank/experiments/32-t117-gsq-head-to-head/extract-UD-Q2_K_XL.log
q38-27b-UD-Q2KXL,27B,Qwen3.8-27B,qwen35,5120,UD-Q2_K_XL,blk.2.ffn_down.weight,ffn_down,2,17408,5120,fc,128,0.26,extract_adapter.py log (2-dec),log,/home/max/Documents/openbeast/research/lowrank/experiments/32-t117-gsq-head-to-head/extract-UD-Q2_K_XL.log
q38-27b-UD-Q2KXL,27B,Qwen3.8-27B,qwen35,5120,UD-Q2_K_XL,blk.2.ffn_gate.weight,ffn_gate,2,5120,17408,fc,128,0.18,extract_adapter.py log (2-dec),log,/home/max/Documents/openbeast/research/lowrank/experiments/32-t117-gsq-head-to-head/extract-UD-Q2_K_XL.log
q38-27b-UD-Q2KXL,27B,Qwen3.8-27B,qwen35,5120,UD-Q2_K_XL,blk.2.ffn_up.weight,ffn_up,2,5120,17408,fc,128,0.18,extract_adapter.py log (2-dec),log,/home/max/Documents/openbeast/research/lowrank/experiments/32-t117-gsq-head-to-head/extract-UD-Q2_K_XL.log
q38-27b-UD-Q2KXL,27B,Qwen3.8-27B,qwen35,5120,UD-Q2_K_XL,blk.3.ffn_down.weight,ffn_down,3,17408,5120,fc,128,0.24,extract_adapter.py log (2-dec),log,/home/max/Documents/openbeast/research/lowrank/experiments/32-t117-gsq-head-to-head/extract-UD-Q2_K_XL.log
q38-27b-UD-Q2KXL,27B,Qwen3.8-27B,qwen35,5120,UD-Q2_K_XL,blk.3.ffn_gate.weight,ffn_gate,3,5120,17408,fc,128,0.18,extract_adapter.py log (2-dec),log,/home/max/Documents/openbeast/research/lowrank/experiments/32-t117-gsq-head-to-head/extract-UD-Q2_K_XL.log
q38-27b-UD-Q2KXL,27B,Qwen3.8-27B,qwen35,5120,UD-Q2_K_XL,blk.3.ffn_up.weight,ffn_up,3,5120,17408,fc,128,0.18,extract_adapter.py log (2-dec),log,/home/max/Documents/openbeast/research/lowrank/experiments/32-t117-gsq-head-to-head/extract-UD-Q2_K_XL.log
q38-27b-UD-Q2KXL,27B,Qwen3.8-27B,qwen35,5120,UD-Q2_K_XL,blk.3.attn_k.weight,attn_k,3,5120,1024,fc,128,0.36,extract_adapter.py log (2-dec),log,/home/max/Documents/openbeast/research/lowrank/experiments/32-t117-gsq-head-to-head/extract-UD-Q2_K_XL.log
q38-27b-UD-Q2KXL,27B,Qwen3.8-27B,qwen35,5120,UD-Q2_K_XL,blk.3.attn_output.weight,attn_o,3,6144,5120,fc,128,0.44,extract_adapter.py log (2-dec),log,/home/max/Documents/openbeast/research/lowrank/experiments/32-t117-gsq-head-to-head/extract-UD-Q2_K_XL.log
q38-27b-UD-Q2KXL,27B,Qwen3.8-27B,qwen35,5120,UD-Q2_K_XL,blk.3.attn_q.weight,attn_q,3,5120,12288,fc,128,0.19,extract_adapter.py log (2-dec),log,/home/max/Documents/openbeast/research/lowrank/experiments/32-t117-gsq-head-to-head/extract-UD-Q2_K_XL.log
q38-27b-UD-Q2KXL,27B,Qwen3.8-27B,qwen35,5120,UD-Q2_K_XL,blk.3.attn_v.weight,attn_v,3,5120,1024,fc,128,0.32,extract_adapter.py log (2-dec),log,/home/max/Documents/openbeast/research/lowrank/experiments/32-t117-gsq-head-to-head/extract-UD-Q2_K_XL.log
q38-27b-UD-Q2KXL,27B,Qwen3.8-27B,qwen35,5120,UD-Q2_K_XL,blk.4.attn_qkv.weight,attn_qkv,4,5120,10240,fc,128,0.21,extract_adapter.py log (2-dec),log,/home/max/Documents/openbeast/research/lowrank/experiments/32-t117-gsq-head-to-head/extract-UD-Q2_K_XL.log
q38-27b-UD-Q2KXL,27B,Qwen3.8-27B,qwen35,5120,UD-Q2_K_XL,blk.4.attn_gate.weight,attn_gate,4,5120,6144,fc,128,0.22,extract_adapter.py log (2-dec),log,/home/max/Documents/openbeast/research/lowrank/experiments/32-t117-gsq-head-to-head/extract-UD-Q2_K_XL.log
q38-27b-UD-Q2KXL,27B,Qwen3.8-27B,qwen35,5120,UD-Q2_K_XL,blk.4.ssm_out.weight,ssm_out,4,6144,5120,fc,128,0.31,extract_adapter.py log (2-dec),log,/home/max/Documents/openbeast/research/lowrank/experiments/32-t117-gsq-head-to-head/extract-UD-Q2_K_XL.log
q38-27b-UD-Q2KXL,27B,Qwen3.8-27B,qwen35,5120,UD-Q2_K_XL,blk.4.ffn_down.weight,ffn_down,4,17408,5120,fc,128,0.19,extract_adapter.py log (2-dec),log,/home/max/Documents/openbeast/research/lowrank/experiments/32-t117-gsq-head-to-head/extract-UD-Q2_K_XL.log
q38-27b-UD-Q2KXL,27B,Qwen3.8-27B,qwen35,5120,UD-Q2_K_XL,blk.4.ffn_gate.weight,ffn_gate,4,5120,17408,fc,128,0.18,extract_adapter.py log (2-dec),log,/home/max/Documents/openbeast/research/lowrank/experiments/32-t117-gsq-head-to-head/extract-UD-Q2_K_XL.log
q38-27b-UD-Q2KXL,27B,Qwen3.8-27B,qwen35,5120,UD-Q2_K_XL,blk.4.ffn_up.weight,ffn_up,4,5120,17408,fc,128,0.18,extract_adapter.py log (2-dec),log,/home/max/Documents/openbeast/research/lowrank/experiments/32-t117-gsq-head-to-head/extract-UD-Q2_K_XL.log
q38-27b-UD-Q2KXL,27B,Qwen3.8-27B,qwen35,5120,UD-Q2_K_XL,blk.5.attn_qkv.weight,attn_qkv,5,5120,10240,fc,128,0.2,extract_adapter.py log (2-dec),log,/home/max/Documents/openbeast/research/lowrank/experiments/32-t117-gsq-head-to-head/extract-UD-Q2_K_XL.log
q38-27b-UD-Q2KXL,27B,Qwen3.8-27B,qwen35,5120,UD-Q2_K_XL,blk.5.attn_gate.weight,attn_gate,5,5120,6144,fc,128,0.21,extract_adapter.py log (2-dec),log,/home/max/Documents/openbeast/research/lowrank/experiments/32-t117-gsq-head-to-head/extract-UD-Q2_K_XL.log
q38-27b-UD-Q2KXL,27B,Qwen3.8-27B,qwen35,5120,UD-Q2_K_XL,blk.5.ssm_out.weight,ssm_out,5,6144,5120,fc,128,0.24,extract_adapter.py log (2-dec),log,/home/max/Documents/openbeast/research/lowrank/experiments/32-t117-gsq-head-to-head/extract-UD-Q2_K_XL.log
q38-27b-UD-Q2KXL,27B,Qwen3.8-27B,qwen35,5120,UD-Q2_K_XL,blk.5.ffn_down.weight,ffn_down,5,17408,5120,fc,128,0.16,extract_adapter.py log (2-dec),log,/home/max/Documents/openbeast/research/lowrank/experiments/32-t117-gsq-head-to-head/extract-UD-Q2_K_XL.log
q38-27b-UD-Q2KXL,27B,Qwen3.8-27B,qwen35,5120,UD-Q2_K_XL,blk.5.ffn_gate.weight,ffn_gate,5,5120,17408,fc,128,0.17,extract_adapter.py log (2-dec),log,/home/max/Documents/openbeast/research/lowrank/experiments/32-t117-gsq-head-to-head/extract-UD-Q2_K_XL.log
q38-27b-UD-Q2KXL,27B,Qwen3.8-27B,qwen35,5120,UD-Q2_K_XL,blk.5.ffn_up.weight,ffn_up,5,5120,17408,fc,128,0.17,extract_adapter.py log (2-dec),log,/home/max/Documents/openbeast/research/lowrank/experiments/32-t117-gsq-head-to-head/extract-UD-Q2_K_XL.log
q38-27b-UD-Q2KXL,27B,Qwen3.8-27B,qwen35,5120,UD-Q2_K_XL,blk.6.attn_qkv.weight,attn_qkv,6,5120,10240,fc,128,0.19,extract_adapter.py log (2-dec),log,/home/max/Documents/openbeast/research/lowrank/experiments/32-t117-gsq-head-to-head/extract-UD-Q2_K_XL.log
q38-27b-UD-Q2KXL,27B,Qwen3.8-27B,qwen35,5120,UD-Q2_K_XL,blk.6.attn_gate.weight,attn_gate,6,5120,6144,fc,128,0.21,extract_adapter.py log (2-dec),log,/home/max/Documents/openbeast/research/lowrank/experiments/32-t117-gsq-head-to-head/extract-UD-Q2_K_XL.log
q38-27b-UD-Q2KXL,27B,Qwen3.8-27B,qwen35,5120,UD-Q2_K_XL,blk.6.ssm_out.weight,ssm_out,6,6144,5120,fc,128,0.24,extract_adapter.py log (2-dec),log,/home/max/Documents/openbeast/research/lowrank/experiments/32-t117-gsq-head-to-head/extract-UD-Q2_K_XL.log
q38-27b-UD-Q2KXL,27B,Qwen3.8-27B,qwen35,5120,UD-Q2_K_XL,blk.6.ffn_down.weight,ffn_down,6,17408,5120,fc,128,0.17,extract_adapter.py log (2-dec),log,/home/max/Documents/openbeast/research/lowrank/experiments/32-t117-gsq-head-to-head/extract-UD-Q2_K_XL.log
q38-27b-UD-Q2KXL,27B,Qwen3.8-27B,qwen35,5120,UD-Q2_K_XL,blk.6.ffn_gate.weight,ffn_gate,6,5120,17408,fc,128,0.16,extract_adapter.py log (2-dec),log,/home/max/Documents/openbeast/research/lowrank/experiments/32-t117-gsq-head-to-head/extract-UD-Q2_K_XL.log
q38-27b-UD-Q2KXL,27B,Qwen3.8-27B,qwen35,5120,UD-Q2_K_XL,blk.6.ffn_up.weight,ffn_up,6,5120,17408,fc,128,0.17,extract_adapter.py log (2-dec),log,/home/max/Documents/openbeast/research/lowrank/experiments/32-t117-gsq-head-to-head/extract-UD-Q2_K_XL.log
q38-27b-UD-Q2KXL,27B,Qwen3.8-27B,qwen35,5120,UD-Q2_K_XL,blk.7.ffn_down.weight,ffn_down,7,17408,5120,fc,128,0.16,extract_adapter.py log (2-dec),log,/home/max/Documents/openbeast/research/lowrank/experiments/32-t117-gsq-head-to-head/extract-UD-Q2_K_XL.log
q38-27b-UD-Q2KXL,27B,Qwen3.8-27B,qwen35,5120,UD-Q2_K_XL,blk.7.ffn_gate.weight,ffn_gate,7,5120,17408,fc,128,0.16,extract_adapter.py log (2-dec),log,/home/max/Documents/openbeast/research/lowrank/experiments/32-t117-gsq-head-to-head/extract-UD-Q2_K_XL.log
q38-27b-UD-Q2KXL,27B,Qwen3.8-27B,qwen35,5120,UD-Q2_K_XL,blk.7.ffn_up.weight,ffn_up,7,5120,17408,fc,128,0.16,extract_adapter.py log (2-dec),log,/home/max/Documents/openbeast/research/lowrank/experiments/32-t117-gsq-head-to-head/extract-UD-Q2_K_XL.log
q38-27b-UD-Q2KXL,27B,Qwen3.8-27B,qwen35,5120,UD-Q2_K_XL,blk.7.attn_k.weight,attn_k,7,5120,1024,fc,128,0.38,extract_adapter.py log (2-dec),log,/home/max/Documents/openbeast/research/lowrank/experiments/32-t117-gsq-head-to-head/extract-UD-Q2_K_XL.log
q38-27b-UD-Q2KXL,27B,Qwen3.8-27B,qwen35,5120,UD-Q2_K_XL,blk.7.attn_output.weight,attn_o,7,6144,5120,fc,128,0.44,extract_adapter.py log (2-dec),log,/home/max/Documents/openbeast/research/lowrank/experiments/32-t117-gsq-head-to-head/extract-UD-Q2_K_XL.log
q38-27b-UD-Q2KXL,27B,Qwen3.8-27B,qwen35,5120,UD-Q2_K_XL,blk.7.attn_q.weight,attn_q,7,5120,12288,fc,128,0.18,extract_adapter.py log (2-dec),log,/home/max/Documents/openbeast/research/lowrank/experiments/32-t117-gsq-head-to-head/extract-UD-Q2_K_XL.log
q38-27b-UD-Q2KXL,27B,Qwen3.8-27B,qwen35,5120,UD-Q2_K_XL,blk.7.attn_v.weight,attn_v,7,5120,1024,fc,128,0.32,extract_adapter.py log (2-dec),log,/home/max/Documents/openbeast/research/lowrank/experiments/32-t117-gsq-head-to-head/extract-UD-Q2_K_XL.log
q38-27b-UD-Q2KXL,27B,Qwen3.8-27B,qwen35,5120,UD-Q2_K_XL,blk.10.attn_qkv.weight,attn_qkv,10,5120,10240,fc,128,0.19,extract_adapter.py log (2-dec),log,/home/max/Documents/openbeast/research/lowrank/experiments/32-t117-gsq-head-to-head/extract-UD-Q2_K_XL.log
q38-27b-UD-Q2KXL,27B,Qwen3.8-27B,qwen35,5120,UD-Q2_K_XL,blk.10.attn_gate.weight,attn_gate,10,5120,6144,fc,128,0.21,extract_adapter.py log (2-dec),log,/home/max/Documents/openbeast/research/lowrank/experiments/32-t117-gsq-head-to-head/extract-UD-Q2_K_XL.log
q38-27b-UD-Q2KXL,27B,Qwen3.8-27B,qwen35,5120,UD-Q2_K_XL,blk.10.ssm_out.weight,ssm_out,10,6144,5120,fc,128,0.23,extract_adapter.py log (2-dec),log,/home/max/Documents/openbeast/research/lowrank/experiments/32-t117-gsq-head-to-head/extract-UD-Q2_K_XL.log
q38-27b-UD-Q2KXL,27B,Qwen3.8-27B,qwen35,5120,UD-Q2_K_XL,blk.10.ffn_down.weight,ffn_down,10,17408,5120,fc,128,0.14,extract_adapter.py log (2-dec),log,/home/max/Documents/openbeast/research/lowrank/experiments/32-t117-gsq-head-to-head/extract-UD-Q2_K_XL.log
q38-27b-UD-Q2KXL,27B,Qwen3.8-27B,qwen35,5120,UD-Q2_K_XL,blk.10.ffn_gate.weight,ffn_gate,10,5120,17408,fc,128,0.17,extract_adapter.py log (2-dec),log,/home/max/Documents/openbeast/research/lowrank/experiments/32-t117-gsq-head-to-head/extract-UD-Q2_K_XL.log
q38-27b-UD-Q2KXL,27B,Qwen3.8-27B,qwen35,5120,UD-Q2_K_XL,blk.10.ffn_up.weight,ffn_up,10,5120,17408,fc,128,0.16,extract_adapter.py log (2-dec),log,/home/max/Documents/openbeast/research/lowrank/experiments/32-t117-gsq-head-to-head/extract-UD-Q2_K_XL.log
q38-27b-UD-Q2KXL,27B,Qwen3.8-27B,qwen35,5120,UD-Q2_K_XL,blk.11.ffn_down.weight,ffn_down,11,17408,5120,fc,128,0.14,extract_adapter.py log (2-dec),log,/home/max/Documents/openbeast/research/lowrank/experiments/32-t117-gsq-head-to-head/extract-UD-Q2_K_XL.log
q38-27b-UD-Q2KXL,27B,Qwen3.8-27B,qwen35,5120,UD-Q2_K_XL,blk.11.ffn_gate.weight,ffn_gate,11,5120,17408,fc,128,0.16,extract_adapter.py log (2-dec),log,/home/max/Documents/openbeast/research/lowrank/experiments/32-t117-gsq-head-to-head/extract-UD-Q2_K_XL.log
q38-27b-UD-Q2KXL,27B,Qwen3.8-27B,qwen35,5120,UD-Q2_K_XL,blk.11.ffn_up.weight,ffn_up,11,5120,17408,fc,128,0.16,extract_adapter.py log (2-dec),log,/home/max/Documents/openbeast/research/lowrank/experiments/32-t117-gsq-head-to-head/extract-UD-Q2_K_XL.log
q38-27b-UD-Q2KXL,27B,Qwen3.8-27B,qwen35,5120,UD-Q2_K_XL,blk.11.attn_k.weight,attn_k,11,5120,1024,fc,128,0.37,extract_adapter.py log (2-dec),log,/home/max/Documents/openbeast/research/lowrank/experiments/32-t117-gsq-head-to-head/extract-UD-Q2_K_XL.log
q38-27b-UD-Q2KXL,27B,Qwen3.8-27B,qwen35,5120,UD-Q2_K_XL,blk.11.attn_output.weight,attn_o,11,6144,5120,fc,128,0.25,extract_adapter.py log (2-dec),log,/home/max/Documents/openbeast/research/lowrank/experiments/32-t117-gsq-head-to-head/extract-UD-Q2_K_XL.log
q38-27b-UD-Q2KXL,27B,Qwen3.8-27B,qwen35,5120,UD-Q2_K_XL,blk.11.attn_q.weight,attn_q,11,5120,12288,fc,128,0.19,extract_adapter.py log (2-dec),log,/home/max/Documents/openbeast/research/lowrank/experiments/32-t117-gsq-head-to-head/extract-UD-Q2_K_XL.log
q38-27b-UD-Q2KXL,27B,Qwen3.8-27B,qwen35,5120,UD-Q2_K_XL,blk.11.attn_v.weight,attn_v,11,5120,1024,fc,128,0.32,extract_adapter.py log (2-dec),log,/home/max/Documents/openbeast/research/lowrank/experiments/32-t117-gsq-head-to-head/extract-UD-Q2_K_XL.log
q38-27b-UD-Q2KXL,27B,Qwen3.8-27B,qwen35,5120,UD-Q2_K_XL,blk.12.attn_qkv.weight,attn_qkv,12,5120,10240,fc,128,0.19,extract_adapter.py log (2-dec),log,/home/max/Documents/openbeast/research/lowrank/experiments/32-t117-gsq-head-to-head/extract-UD-Q2_K_XL.log
q38-27b-UD-Q2KXL,27B,Qwen3.8-27B,qwen35,5120,UD-Q2_K_XL,blk.12.attn_gate.weight,attn_gate,12,5120,6144,fc,128,0.21,extract_adapter.py log (2-dec),log,/home/max/Documents/openbeast/research/lowrank/experiments/32-t117-gsq-head-to-head/extract-UD-Q2_K_XL.log
q38-27b-UD-Q2KXL,27B,Qwen3.8-27B,qwen35,5120,UD-Q2_K_XL,blk.12.ssm_out.weight,ssm_out,12,6144,5120,fc,128,0.21,extract_adapter.py log (2-dec),log,/home/max/Documents/openbeast/research/lowrank/experiments/32-t117-gsq-head-to-head/extract-UD-Q2_K_XL.log
q38-27b-UD-Q2KXL,27B,Qwen3.8-27B,qwen35,5120,UD-Q2_K_XL,blk.12.ffn_down.weight,ffn_down,12,17408,5120,fc,128,0.12,extract_adapter.py log (2-dec),log,/home/max/Documents/openbeast/research/lowrank/experiments/32-t117-gsq-head-to-head/extract-UD-Q2_K_XL.log
q38-27b-UD-Q2KXL,27B,Qwen3.8-27B,qwen35,5120,UD-Q2_K_XL,blk.12.ffn_gate.weight,ffn_gate,12,5120,17408,fc,128,0.16,extract_adapter.py log (2-dec),log,/home/max/Documents/openbeast/research/lowrank/experiments/32-t117-gsq-head-to-head/extract-UD-Q2_K_XL.log
q38-27b-UD-Q2KXL,27B,Qwen3.8-27B,qwen35,5120,UD-Q2_K_XL,blk.12.ffn_up.weight,ffn_up,12,5120,17408,fc,128,0.16,extract_adapter.py log (2-dec),log,/home/max/Documents/openbeast/research/lowrank/experiments/32-t117-gsq-head-to-head/extract-UD-Q2_K_XL.log
q38-27b-UD-Q2KXL,27B,Qwen3.8-27B,qwen35,5120,UD-Q2_K_XL,blk.13.attn_qkv.weight,attn_qkv,13,5120,10240,fc,128,0.18,extract_adapter.py log (2-dec),log,/home/max/Documents/openbeast/research/lowrank/experiments/32-t117-gsq-head-to-head/extract-UD-Q2_K_XL.log
q38-27b-UD-Q2KXL,27B,Qwen3.8-27B,qwen35,5120,UD-Q2_K_XL,blk.13.attn_gate.weight,attn_gate,13,5120,6144,fc,128,0.2,extract_adapter.py log (2-dec),log,/home/max/Documents/openbeast/research/lowrank/experiments/32-t117-gsq-head-to-head/extract-UD-Q2_K_XL.log
q38-27b-UD-Q2KXL,27B,Qwen3.8-27B,qwen35,5120,UD-Q2_K_XL,blk.13.ssm_out.weight,ssm_out,13,6144,5120,fc,128,0.2,extract_adapter.py log (2-dec),log,/home/max/Documents/openbeast/research/lowrank/experiments/32-t117-gsq-head-to-head/extract-UD-Q2_K_XL.log
q38-27b-UD-Q2KXL,27B,Qwen3.8-27B,qwen35,5120,UD-Q2_K_XL,blk.13.ffn_down.weight,ffn_down,13,17408,5120,fc,128,0.11,extract_adapter.py log (2-dec),log,/home/max/Documents/openbeast/research/lowrank/experiments/32-t117-gsq-head-to-head/extract-UD-Q2_K_XL.log
q38-27b-UD-Q2KXL,27B,Qwen3.8-27B,qwen35,5120,UD-Q2_K_XL,blk.13.ffn_gate.weight,ffn_gate,13,5120,17408,fc,128,0.15,extract_adapter.py log (2-dec),log,/home/max/Documents/openbeast/research/lowrank/experiments/32-t117-gsq-head-to-head/extract-UD-Q2_K_XL.log
q38-27b-UD-Q2KXL,27B,Qwen3.8-27B,qwen35,5120,UD-Q2_K_XL,blk.13.ffn_up.weight,ffn_up,13,5120,17408,fc,128,0.15,extract_adapter.py log (2-dec),log,/home/max/Documents/openbeast/research/lowrank/experiments/32-t117-gsq-head-to-head/extract-UD-Q2_K_XL.log
q38-27b-UD-Q2KXL,27B,Qwen3.8-27B,qwen35,5120,UD-Q2_K_XL,blk.14.attn_qkv.weight,attn_qkv,14,5120,10240,fc,128,0.17,extract_adapter.py log (2-dec),log,/home/max/Documents/openbeast/research/lowrank/experiments/32-t117-gsq-head-to-head/extract-UD-Q2_K_XL.log
q38-27b-UD-Q2KXL,27B,Qwen3.8-27B,qwen35,5120,UD-Q2_K_XL,blk.14.attn_gate.weight,attn_gate,14,5120,6144,fc,128,0.19,extract_adapter.py log (2-dec),log,/home/max/Documents/openbeast/research/lowrank/experiments/32-t117-gsq-head-to-head/extract-UD-Q2_K_XL.log
q38-27b-UD-Q2KXL,27B,Qwen3.8-27B,qwen35,5120,UD-Q2_K_XL,blk.14.ssm_out.weight,ssm_out,14,6144,5120,fc,128,0.19,extract_adapter.py log (2-dec),log,/home/max/Documents/openbeast/research/lowrank/experiments/32-t117-gsq-head-to-head/extract-UD-Q2_K_XL.log
q38-27b-UD-Q2KXL,27B,Qwen3.8-27B,qwen35,5120,UD-Q2_K_XL,blk.14.ffn_down.weight,ffn_down,14,17408,5120,fc,128,0.1,extract_adapter.py log (2-dec),log,/home/max/Documents/openbeast/research/lowrank/experiments/32-t117-gsq-head-to-head/extract-UD-Q2_K_XL.log
q38-27b-UD-Q2KXL,27B,Qwen3.8-27B,qwen35,5120,UD-Q2_K_XL,blk.14.ffn_gate.weight,ffn_gate,14,5120,17408,fc,128,0.15,extract_adapter.py log (2-dec),log,/home/max/Documents/openbeast/research/lowrank/experiments/32-t117-gsq-head-to-head/extract-UD-Q2_K_XL.log
q38-27b-UD-Q2KXL,27B,Qwen3.8-27B,qwen35,5120,UD-Q2_K_XL,blk.14.ffn_up.weight,ffn_up,14,5120,17408,fc,128,0.15,extract_adapter.py log (2-dec),log,/home/max/Documents/openbeast/research/lowrank/experiments/32-t117-gsq-head-to-head/extract-UD-Q2_K_XL.log
q38-27b-UD-Q2KXL,27B,Qwen3.8-27B,qwen35,5120,UD-Q2_K_XL,blk.15.ffn_gate.weight,ffn_gate,15,5120,17408,fc,128,0.15,extract_adapter.py log (2-dec),log,/home/max/Documents/openbeast/research/lowrank/experiments/32-t117-gsq-head-to-head/extract-UD-Q2_K_XL.log
q38-27b-UD-Q2KXL,27B,Qwen3.8-27B,qwen35,5120,UD-Q2_K_XL,blk.15.ffn_down.weight,ffn_down,15,17408,5120,fc,128,0.1,extract_adapter.py log (2-dec),log,/home/max/Documents/openbeast/research/lowrank/experiments/32-t117-gsq-head-to-head/extract-UD-Q2_K_XL.log
q38-27b-UD-Q2KXL,27B,Qwen3.8-27B,qwen35,5120,UD-Q2_K_XL,blk.15.ffn_up.weight,ffn_up,15,5120,17408,fc,128,0.15,extract_adapter.py log (2-dec),log,/home/max/Documents/openbeast/research/lowrank/experiments/32-t117-gsq-head-to-head/extract-UD-Q2_K_XL.log
q38-27b-UD-Q2KXL,27B,Qwen3.8-27B,qwen35,5120,UD-Q2_K_XL,blk.15.attn_k.weight,attn_k,15,5120,1024,fc,128,0.35,extract_adapter.py log (2-dec),log,/home/max/Documents/openbeast/research/lowrank/experiments/32-t117-gsq-head-to-head/extract-UD-Q2_K_XL.log
q38-27b-UD-Q2KXL,27B,Qwen3.8-27B,qwen35,5120,UD-Q2_K_XL,blk.15.attn_output.weight,attn_o,15,6144,5120,fc,128,0.26,extract_adapter.py log (2-dec),log,/home/max/Documents/openbeast/research/lowrank/experiments/32-t117-gsq-head-to-head/extract-UD-Q2_K_XL.log
q38-27b-UD-Q2KXL,27B,Qwen3.8-27B,qwen35,5120,UD-Q2_K_XL,blk.15.attn_q.weight,attn_q,15,5120,12288,fc,128,0.19,extract_adapter.py log (2-dec),log,/home/max/Documents/openbeast/research/lowrank/experiments/32-t117-gsq-head-to-head/extract-UD-Q2_K_XL.log
q38-27b-UD-Q2KXL,27B,Qwen3.8-27B,qwen35,5120,UD-Q2_K_XL,blk.15.attn_v.weight,attn_v,15,5120,1024,fc,128,0.3,extract_adapter.py log (2-dec),log,/home/max/Documents/openbeast/research/lowrank/experiments/32-t117-gsq-head-to-head/extract-UD-Q2_K_XL.log
q38-27b-UD-Q2KXL,27B,Qwen3.8-27B,qwen35,5120,UD-Q2_K_XL,blk.8.attn_qkv.weight,attn_qkv,8,5120,10240,fc,128,0.19,extract_adapter.py log (2-dec),log,/home/max/Documents/openbeast/research/lowrank/experiments/32-t117-gsq-head-to-head/extract-UD-Q2_K_XL.log
q38-27b-UD-Q2KXL,27B,Qwen3.8-27B,qwen35,5120,UD-Q2_K_XL,blk.8.attn_gate.weight,attn_gate,8,5120,6144,fc,128,0.21,extract_adapter.py log (2-dec),log,/home/max/Documents/openbeast/research/lowrank/experiments/32-t117-gsq-head-to-head/extract-UD-Q2_K_XL.log
q38-27b-UD-Q2KXL,27B,Qwen3.8-27B,qwen35,5120,UD-Q2_K_XL,blk.8.ssm_out.weight,ssm_out,8,6144,5120,fc,128,0.29,extract_adapter.py log (2-dec),log,/home/max/Documents/openbeast/research/lowrank/experiments/32-t117-gsq-head-to-head/extract-UD-Q2_K_XL.log
q38-27b-UD-Q2KXL,27B,Qwen3.8-27B,qwen35,5120,UD-Q2_K_XL,blk.8.ffn_down.weight,ffn_down,8,17408,5120,fc,128,0.19,extract_adapter.py log (2-dec),log,/home/max/Documents/openbeast/research/lowrank/experiments/32-t117-gsq-head-to-head/extract-UD-Q2_K_XL.log
q38-27b-UD-Q2KXL,27B,Qwen3.8-27B,qwen35,5120,UD-Q2_K_XL,blk.8.ffn_gate.weight,ffn_gate,8,5120,17408,fc,128,0.16,extract_adapter.py log (2-dec),log,/home/max/Documents/openbeast/research/lowrank/experiments/32-t117-gsq-head-to-head/extract-UD-Q2_K_XL.log
q38-27b-UD-Q2KXL,27B,Qwen3.8-27B,qwen35,5120,UD-Q2_K_XL,blk.8.ffn_up.weight,ffn_up,8,5120,17408,fc,128,0.16,extract_adapter.py log (2-dec),log,/home/max/Documents/openbeast/research/lowrank/experiments/32-t117-gsq-head-to-head/extract-UD-Q2_K_XL.log
q38-27b-UD-Q2KXL,27B,Qwen3.8-27B,qwen35,5120,UD-Q2_K_XL,blk.9.attn_qkv.weight,attn_qkv,9,5120,10240,fc,128,0.19,extract_adapter.py log (2-dec),log,/home/max/Documents/openbeast/research/lowrank/experiments/32-t117-gsq-head-to-head/extract-UD-Q2_K_XL.log
q38-27b-UD-Q2KXL,27B,Qwen3.8-27B,qwen35,5120,UD-Q2_K_XL,blk.9.attn_gate.weight,attn_gate,9,5120,6144,fc,128,0.21,extract_adapter.py log (2-dec),log,/home/max/Documents/openbeast/research/lowrank/experiments/32-t117-gsq-head-to-head/extract-UD-Q2_K_XL.log
q38-27b-UD-Q2KXL,27B,Qwen3.8-27B,qwen35,5120,UD-Q2_K_XL,blk.9.ssm_out.weight,ssm_out,9,6144,5120,fc,128,0.24,extract_adapter.py log (2-dec),log,/home/max/Documents/openbeast/research/lowrank/experiments/32-t117-gsq-head-to-head/extract-UD-Q2_K_XL.log
q38-27b-UD-Q2KXL,27B,Qwen3.8-27B,qwen35,5120,UD-Q2_K_XL,blk.9.ffn_down.weight,ffn_down,9,17408,5120,fc,128,0.17,extract_adapter.py log (2-dec),log,/home/max/Documents/openbeast/research/lowrank/experiments/32-t117-gsq-head-to-head/extract-UD-Q2_K_XL.log
q38-27b-UD-Q2KXL,27B,Qwen3.8-27B,qwen35,5120,UD-Q2_K_XL,blk.9.ffn_gate.weight,ffn_gate,9,5120,17408,fc,128,0.17,extract_adapter.py log (2-dec),log,/home/max/Documents/openbeast/research/lowrank/experiments/32-t117-gsq-head-to-head/extract-UD-Q2_K_XL.log
q38-27b-UD-Q2KXL,27B,Qwen3.8-27B,qwen35,5120,UD-Q2_K_XL,blk.9.ffn_up.weight,ffn_up,9,5120,17408,fc,128,0.17,extract_adapter.py log (2-dec),log,/home/max/Documents/openbeast/research/lowrank/experiments/32-t117-gsq-head-to-head/extract-UD-Q2_K_XL.log
q38-27b-UD-Q2KXL,27B,Qwen3.8-27B,qwen35,5120,UD-Q2_K_XL,blk.16.attn_qkv.weight,attn_qkv,16,5120,10240,fc,128,0.15,extract_adapter.py log (2-dec),log,/home/max/Documents/openbeast/research/lowrank/experiments/32-t117-gsq-head-to-head/extract-UD-Q2_K_XL.log
q38-27b-UD-Q2KXL,27B,Qwen3.8-27B,qwen35,5120,UD-Q2_K_XL,blk.16.attn_gate.weight,attn_gate,16,5120,6144,fc,128,0.18,extract_adapter.py log (2-dec),log,/home/max/Documents/openbeast/research/lowrank/experiments/32-t117-gsq-head-to-head/extract-UD-Q2_K_XL.log
q38-27b-UD-Q2KXL,27B,Qwen3.8-27B,qwen35,5120,UD-Q2_K_XL,blk.16.ssm_out.weight,ssm_out,16,6144,5120,fc,128,0.2,extract_adapter.py log (2-dec),log,/home/max/Documents/openbeast/research/lowrank/experiments/32-t117-gsq-head-to-head/extract-UD-Q2_K_XL.log
q38-27b-UD-Q2KXL,27B,Qwen3.8-27B,qwen35,5120,UD-Q2_K_XL,blk.16.ffn_down.weight,ffn_down,16,17408,5120,fc,128,0.11,extract_adapter.py log (2-dec),log,/home/max/Documents/openbeast/research/lowrank/experiments/32-t117-gsq-head-to-head/extract-UD-Q2_K_XL.log
q38-27b-UD-Q2KXL,27B,Qwen3.8-27B,qwen35,5120,UD-Q2_K_XL,blk.16.ffn_gate.weight,ffn_gate,16,5120,17408,fc,128,0.14,extract_adapter.py log (2-dec),log,/home/max/Documents/openbeast/research/lowrank/experiments/32-t117-gsq-head-to-head/extract-UD-Q2_K_XL.log
q38-27b-UD-Q2KXL,27B,Qwen3.8-27B,qwen35,5120,UD-Q2_K_XL,blk.16.ffn_up.weight,ffn_up,16,5120,17408,fc,128,0.14,extract_adapter.py log (2-dec),log,/home/max/Documents/openbeast/research/lowrank/experiments/32-t117-gsq-head-to-head/extract-UD-Q2_K_XL.log
q38-27b-UD-Q2KXL,27B,Qwen3.8-27B,qwen35,5120,UD-Q2_K_XL,blk.17.attn_qkv.weight,attn_qkv,17,5120,10240,fc,128,0.17,extract_adapter.py log (2-dec),log,/home/max/Documents/openbeast/research/lowrank/experiments/32-t117-gsq-head-to-head/extract-UD-Q2_K_XL.log
q38-27b-UD-Q2KXL,27B,Qwen3.8-27B,qwen35,5120,UD-Q2_K_XL,blk.17.attn_gate.weight,attn_gate,17,5120,6144,fc,128,0.19,extract_adapter.py log (2-dec),log,/home/max/Documents/openbeast/research/lowrank/experiments/32-t117-gsq-head-to-head/extract-UD-Q2_K_XL.log
q38-27b-UD-Q2KXL,27B,Qwen3.8-27B,qwen35,5120,UD-Q2_K_XL,blk.17.ssm_out.weight,ssm_out,17,6144,5120,fc,128,0.2,extract_adapter.py log (2-dec),log,/home/max/Documents/openbeast/research/lowrank/experiments/32-t117-gsq-head-to-head/extract-UD-Q2_K_XL.log
q38-27b-UD-Q2KXL,27B,Qwen3.8-27B,qwen35,5120,UD-Q2_K_XL,blk.17.ffn_down.weight,ffn_down,17,17408,5120,fc,128,0.12,extract_adapter.py log (2-dec),log,/home/max/Documents/openbeast/research/lowrank/experiments/32-t117-gsq-head-to-head/extract-UD-Q2_K_XL.log
q38-27b-UD-Q2KXL,27B,Qwen3.8-27B,qwen35,5120,UD-Q2_K_XL,blk.17.ffn_gate.weight,ffn_gate,17,5120,17408,fc,128,0.15,extract_adapter.py log (2-dec),log,/home/max/Documents/openbeast/research/lowrank/experiments/32-t117-gsq-head-to-head/extract-UD-Q2_K_XL.log
q38-27b-UD-Q2KXL,27B,Qwen3.8-27B,qwen35,5120,UD-Q2_K_XL,blk.17.ffn_up.weight,ffn_up,17,5120,17408,fc,128,0.14,extract_adapter.py log (2-dec),log,/home/max/Documents/openbeast/research/lowrank/experiments/32-t117-gsq-head-to-head/extract-UD-Q2_K_XL.log
q38-27b-UD-Q2KXL,27B,Qwen3.8-27B,qwen35,5120,UD-Q2_K_XL,blk.18.attn_qkv.weight,attn_qkv,18,5120,10240,fc,128,0.17,extract_adapter.py log (2-dec),log,/home/max/Documents/openbeast/research/lowrank/experiments/32-t117-gsq-head-to-head/extract-UD-Q2_K_XL.log
q38-27b-UD-Q2KXL,27B,Qwen3.8-27B,qwen35,5120,UD-Q2_K_XL,blk.18.attn_gate.weight,attn_gate,18,5120,6144,fc,128,0.18,extract_adapter.py log (2-dec),log,/home/max/Documents/openbeast/research/lowrank/experiments/32-t117-gsq-head-to-head/extract-UD-Q2_K_XL.log
q38-27b-UD-Q2KXL,27B,Qwen3.8-27B,qwen35,5120,UD-Q2_K_XL,blk.18.ssm_out.weight,ssm_out,18,6144,5120,fc,128,0.22,extract_adapter.py log (2-dec),log,/home/max/Documents/openbeast/research/lowrank/experiments/32-t117-gsq-head-to-head/extract-UD-Q2_K_XL.log
q38-27b-UD-Q2KXL,27B,Qwen3.8-27B,qwen35,5120,UD-Q2_K_XL,blk.18.ffn_down.weight,ffn_down,18,17408,5120,fc,128,0.14,extract_adapter.py log (2-dec),log,/home/max/Documents/openbeast/research/lowrank/experiments/32-t117-gsq-head-to-head/extract-UD-Q2_K_XL.log
q38-27b-UD-Q2KXL,27B,Qwen3.8-27B,qwen35,5120,UD-Q2_K_XL,blk.18.ffn_gate.weight,ffn_gate,18,5120,17408,fc,128,0.15,extract_adapter.py log (2-dec),log,/home/max/Documents/openbeast/research/lowrank/experiments/32-t117-gsq-head-to-head/extract-UD-Q2_K_XL.log
q38-27b-UD-Q2KXL,27B,Qwen3.8-27B,qwen35,5120,UD-Q2_K_XL,blk.18.ffn_up.weight,ffn_up,18,5120,17408,fc,128,0.15,extract_adapter.py log (2-dec),log,/home/max/Documents/openbeast/research/lowrank/experiments/32-t117-gsq-head-to-head/extract-UD-Q2_K_XL.log
q38-27b-UD-Q2KXL,27B,Qwen3.8-27B,qwen35,5120,UD-Q2_K_XL,blk.19.ffn_down.weight,ffn_down,19,17408,5120,fc,128,0.14,extract_adapter.py log (2-dec),log,/home/max/Documents/openbeast/research/lowrank/experiments/32-t117-gsq-head-to-head/extract-UD-Q2_K_XL.log
q38-27b-UD-Q2KXL,27B,Qwen3.8-27B,qwen35,5120,UD-Q2_K_XL,blk.19.ffn_gate.weight,ffn_gate,19,5120,17408,fc,128,0.15,extract_adapter.py log (2-dec),log,/home/max/Documents/openbeast/research/lowrank/experiments/32-t117-gsq-head-to-head/extract-UD-Q2_K_XL.log
q38-27b-UD-Q2KXL,27B,Qwen3.8-27B,qwen35,5120,UD-Q2_K_XL,blk.19.ffn_up.weight,ffn_up,19,5120,17408,fc,128,0.15,extract_adapter.py log (2-dec),log,/home/max/Documents/openbeast/research/lowrank/experiments/32-t117-gsq-head-to-head/extract-UD-Q2_K_XL.log
q38-27b-UD-Q2KXL,27B,Qwen3.8-27B,qwen35,5120,UD-Q2_K_XL,blk.19.attn_k.weight,attn_k,19,5120,1024,fc,128,0.35,extract_adapter.py log (2-dec),log,/home/max/Documents/openbeast/research/lowrank/experiments/32-t117-gsq-head-to-head/extract-UD-Q2_K_XL.log
q38-27b-UD-Q2KXL,27B,Qwen3.8-27B,qwen35,5120,UD-Q2_K_XL,blk.19.attn_output.weight,attn_o,19,6144,5120,fc,128,0.27,extract_adapter.py log (2-dec),log,/home/max/Documents/openbeast/research/lowrank/experiments/32-t117-gsq-head-to-head/extract-UD-Q2_K_XL.log
q38-27b-UD-Q2KXL,27B,Qwen3.8-27B,qwen35,5120,UD-Q2_K_XL,blk.19.attn_q.weight,attn_q,19,5120,12288,fc,128,0.18,extract_adapter.py log (2-dec),log,/home/max/Documents/openbeast/research/lowrank/experiments/32-t117-gsq-head-to-head/extract-UD-Q2_K_XL.log
q38-27b-UD-Q2KXL,27B,Qwen3.8-27B,qwen35,5120,UD-Q2_K_XL,blk.19.attn_v.weight,attn_v,19,5120,1024,fc,128,0.31,extract_adapter.py log (2-dec),log,/home/max/Documents/openbeast/research/lowrank/experiments/32-t117-gsq-head-to-head/extract-UD-Q2_K_XL.log
q38-27b-UD-Q2KXL,27B,Qwen3.8-27B,qwen35,5120,UD-Q2_K_XL,blk.20.attn_qkv.weight,attn_qkv,20,5120,10240,fc,128,0.19,extract_adapter.py log (2-dec),log,/home/max/Documents/openbeast/research/lowrank/experiments/32-t117-gsq-head-to-head/extract-UD-Q2_K_XL.log
q38-27b-UD-Q2KXL,27B,Qwen3.8-27B,qwen35,5120,UD-Q2_K_XL,blk.20.attn_gate.weight,attn_gate,20,5120,6144,fc,128,0.19,extract_adapter.py log (2-dec),log,/home/max/Documents/openbeast/research/lowrank/experiments/32-t117-gsq-head-to-head/extract-UD-Q2_K_XL.log
q38-27b-UD-Q2KXL,27B,Qwen3.8-27B,qwen35,5120,UD-Q2_K_XL,blk.20.ssm_out.weight,ssm_out,20,6144,5120,fc,128,0.33,extract_adapter.py log (2-dec),log,/home/max/Documents/openbeast/research/lowrank/experiments/32-t117-gsq-head-to-head/extract-UD-Q2_K_XL.log
q38-27b-UD-Q2KXL,27B,Qwen3.8-27B,qwen35,5120,UD-Q2_K_XL,blk.20.ffn_down.weight,ffn_down,20,17408,5120,fc,128,0.19,extract_adapter.py log (2-dec),log,/home/max/Documents/openbeast/research/lowrank/experiments/32-t117-gsq-head-to-head/extract-UD-Q2_K_XL.log
q38-27b-UD-Q2KXL,27B,Qwen3.8-27B,qwen35,5120,UD-Q2_K_XL,blk.20.ffn_gate.weight,ffn_gate,20,5120,17408,fc,128,0.16,extract_adapter.py log (2-dec),log,/home/max/Documents/openbeast/research/lowrank/experiments/32-t117-gsq-head-to-head/extract-UD-Q2_K_XL.log
q38-27b-UD-Q2KXL,27B,Qwen3.8-27B,qwen35,5120,UD-Q2_K_XL,blk.20.ffn_up.weight,ffn_up,20,5120,17408,fc,128,0.16,extract_adapter.py log (2-dec),log,/home/max/Documents/openbeast/research/lowrank/experiments/32-t117-gsq-head-to-head/extract-UD-Q2_K_XL.log
q38-27b-UD-Q2KXL,27B,Qwen3.8-27B,qwen35,5120,UD-Q2_K_XL,blk.21.attn_qkv.weight,attn_qkv,21,5120,10240,fc,128,0.2,extract_adapter.py log (2-dec),log,/home/max/Documents/openbeast/research/lowrank/experiments/32-t117-gsq-head-to-head/extract-UD-Q2_K_XL.log
q38-27b-UD-Q2KXL,27B,Qwen3.8-27B,qwen35,5120,UD-Q2_K_XL,blk.21.attn_gate.weight,attn_gate,21,5120,6144,fc,128,0.2,extract_adapter.py log (2-dec),log,/home/max/Documents/openbeast/research/lowrank/experiments/32-t117-gsq-head-to-head/extract-UD-Q2_K_XL.log
q38-27b-UD-Q2KXL,27B,Qwen3.8-27B,qwen35,5120,UD-Q2_K_XL,blk.21.ssm_out.weight,ssm_out,21,6144,5120,fc,128,0.32,extract_adapter.py log (2-dec),log,/home/max/Documents/openbeast/research/lowrank/experiments/32-t117-gsq-head-to-head/extract-UD-Q2_K_XL.log
q38-27b-UD-Q2KXL,27B,Qwen3.8-27B,qwen35,5120,UD-Q2_K_XL,blk.21.ffn_down.weight,ffn_down,21,17408,5120,fc,128,0.15,extract_adapter.py log (2-dec),log,/home/max/Documents/openbeast/research/lowrank/experiments/32-t117-gsq-head-to-head/extract-UD-Q2_K_XL.log
q38-27b-UD-Q2KXL,27B,Qwen3.8-27B,qwen35,5120,UD-Q2_K_XL,blk.21.ffn_gate.weight,ffn_gate,21,5120,17408,fc,128,0.17,extract_adapter.py log (2-dec),log,/home/max/Documents/openbeast/research/lowrank/experiments/32-t117-gsq-head-to-head/extract-UD-Q2_K_XL.log
q38-27b-UD-Q2KXL,27B,Qwen3.8-27B,qwen35,5120,UD-Q2_K_XL,blk.21.ffn_up.weight,ffn_up,21,5120,17408,fc,128,0.17,extract_adapter.py log (2-dec),log,/home/max/Documents/openbeast/research/lowrank/experiments/32-t117-gsq-head-to-head/extract-UD-Q2_K_XL.log
q38-27b-UD-Q2KXL,27B,Qwen3.8-27B,qwen35,5120,UD-Q2_K_XL,blk.22.attn_qkv.weight,attn_qkv,22,5120,10240,fc,128,0.2,extract_adapter.py log (2-dec),log,/home/max/Documents/openbeast/research/lowrank/experiments/32-t117-gsq-head-to-head/extract-UD-Q2_K_XL.log
q38-27b-UD-Q2KXL,27B,Qwen3.8-27B,qwen35,5120,UD-Q2_K_XL,blk.22.attn_gate.weight,attn_gate,22,5120,6144,fc,128,0.2,extract_adapter.py log (2-dec),log,/home/max/Documents/openbeast/research/lowrank/experiments/32-t117-gsq-head-to-head/extract-UD-Q2_K_XL.log
q38-27b-UD-Q2KXL,27B,Qwen3.8-27B,qwen35,5120,UD-Q2_K_XL,blk.22.ssm_out.weight,ssm_out,22,6144,5120,fc,128,0.33,extract_adapter.py log (2-dec),log,/home/max/Documents/openbeast/research/lowrank/experiments/32-t117-gsq-head-to-head/extract-UD-Q2_K_XL.log
q38-27b-UD-Q2KXL,27B,Qwen3.8-27B,qwen35,5120,UD-Q2_K_XL,blk.22.ffn_down.weight,ffn_down,22,17408,5120,fc,128,0.18,extract_adapter.py log (2-dec),log,/home/max/Documents/openbeast/research/lowrank/experiments/32-t117-gsq-head-to-head/extract-UD-Q2_K_XL.log
q38-27b-UD-Q2KXL,27B,Qwen3.8-27B,qwen35,5120,UD-Q2_K_XL,blk.22.ffn_gate.weight,ffn_gate,22,5120,17408,fc,128,0.18,extract_adapter.py log (2-dec),log,/home/max/Documents/openbeast/research/lowrank/experiments/32-t117-gsq-head-to-head/extract-UD-Q2_K_XL.log
q38-27b-UD-Q2KXL,27B,Qwen3.8-27B,qwen35,5120,UD-Q2_K_XL,blk.22.ffn_up.weight,ffn_up,22,5120,17408,fc,128,0.18,extract_adapter.py log (2-dec),log,/home/max/Documents/openbeast/research/lowrank/experiments/32-t117-gsq-head-to-head/extract-UD-Q2_K_XL.log
q38-27b-UD-Q2KXL,27B,Qwen3.8-27B,qwen35,5120,UD-Q2_K_XL,blk.23.ffn_down.weight,ffn_down,23,17408,5120,fc,128,0.19,extract_adapter.py log (2-dec),log,/home/max/Documents/openbeast/research/lowrank/experiments/32-t117-gsq-head-to-head/extract-UD-Q2_K_XL.log
q38-27b-UD-Q2KXL,27B,Qwen3.8-27B,qwen35,5120,UD-Q2_K_XL,blk.23.ffn_gate.weight,ffn_gate,23,5120,17408,fc,128,0.18,extract_adapter.py log (2-dec),log,/home/max/Documents/openbeast/research/lowrank/experiments/32-t117-gsq-head-to-head/extract-UD-Q2_K_XL.log
q38-27b-UD-Q2KXL,27B,Qwen3.8-27B,qwen35,5120,UD-Q2_K_XL,blk.23.ffn_up.weight,ffn_up,23,5120,17408,fc,128,0.18,extract_adapter.py log (2-dec),log,/home/max/Documents/openbeast/research/lowrank/experiments/32-t117-gsq-head-to-head/extract-UD-Q2_K_XL.log
q38-27b-UD-Q2KXL,27B,Qwen3.8-27B,qwen35,5120,UD-Q2_K_XL,blk.23.attn_k.weight,attn_k,23,5120,1024,fc,128,0.36,extract_adapter.py log (2-dec),log,/home/max/Documents/openbeast/research/lowrank/experiments/32-t117-gsq-head-to-head/extract-UD-Q2_K_XL.log
q38-27b-UD-Q2KXL,27B,Qwen3.8-27B,qwen35,5120,UD-Q2_K_XL,blk.23.attn_output.weight,attn_o,23,6144,5120,fc,128,0.31,extract_adapter.py log (2-dec),log,/home/max/Documents/openbeast/research/lowrank/experiments/32-t117-gsq-head-to-head/extract-UD-Q2_K_XL.log
q38-27b-UD-Q2KXL,27B,Qwen3.8-27B,qwen35,5120,UD-Q2_K_XL,blk.23.attn_q.weight,attn_q,23,5120,12288,fc,128,0.19,extract_adapter.py log (2-dec),log,/home/max/Documents/openbeast/research/lowrank/experiments/32-t117-gsq-head-to-head/extract-UD-Q2_K_XL.log
q38-27b-UD-Q2KXL,27B,Qwen3.8-27B,qwen35,5120,UD-Q2_K_XL,blk.23.attn_v.weight,attn_v,23,5120,1024,fc,128,0.33,extract_adapter.py log (2-dec),log,/home/max/Documents/openbeast/research/lowrank/experiments/32-t117-gsq-head-to-head/extract-UD-Q2_K_XL.log
q38-27b-UD-Q2KXL,27B,Qwen3.8-27B,qwen35,5120,UD-Q2_K_XL,blk.24.attn_qkv.weight,attn_qkv,24,5120,10240,fc,128,0.2,extract_adapter.py log (2-dec),log,/home/max/Documents/openbeast/research/lowrank/experiments/32-t117-gsq-head-to-head/extract-UD-Q2_K_XL.log
q38-27b-UD-Q2KXL,27B,Qwen3.8-27B,qwen35,5120,UD-Q2_K_XL,blk.24.attn_gate.weight,attn_gate,24,5120,6144,fc,128,0.21,extract_adapter.py log (2-dec),log,/home/max/Documents/openbeast/research/lowrank/experiments/32-t117-gsq-head-to-head/extract-UD-Q2_K_XL.log
q38-27b-UD-Q2KXL,27B,Qwen3.8-27B,qwen35,5120,UD-Q2_K_XL,blk.24.ssm_out.weight,ssm_out,24,6144,5120,fc,128,0.29,extract_adapter.py log (2-dec),log,/home/max/Documents/openbeast/research/lowrank/experiments/32-t117-gsq-head-to-head/extract-UD-Q2_K_XL.log
q38-27b-UD-Q2KXL,27B,Qwen3.8-27B,qwen35,5120,UD-Q2_K_XL,blk.24.ffn_down.weight,ffn_down,24,17408,5120,fc,128,0.22,extract_adapter.py log (2-dec),log,/home/max/Documents/openbeast/research/lowrank/experiments/32-t117-gsq-head-to-head/extract-UD-Q2_K_XL.log
q38-27b-UD-Q2KXL,27B,Qwen3.8-27B,qwen35,5120,UD-Q2_K_XL,blk.24.ffn_gate.weight,ffn_gate,24,5120,17408,fc,128,0.18,extract_adapter.py log (2-dec),log,/home/max/Documents/openbeast/research/lowrank/experiments/32-t117-gsq-head-to-head/extract-UD-Q2_K_XL.log
q38-27b-UD-Q2KXL,27B,Qwen3.8-27B,qwen35,5120,UD-Q2_K_XL,blk.24.ffn_up.weight,ffn_up,24,5120,17408,fc,128,0.18,extract_adapter.py log (2-dec),log,/home/max/Documents/openbeast/research/lowrank/experiments/32-t117-gsq-head-to-head/extract-UD-Q2_K_XL.log
q38-27b-UD-Q2KXL,27B,Qwen3.8-27B,qwen35,5120,UD-Q2_K_XL,blk.25.attn_qkv.weight,attn_qkv,25,5120,10240,fc,128,0.21,extract_adapter.py log (2-dec),log,/home/max/Documents/openbeast/research/lowrank/experiments/32-t117-gsq-head-to-head/extract-UD-Q2_K_XL.log
q38-27b-UD-Q2KXL,27B,Qwen3.8-27B,qwen35,5120,UD-Q2_K_XL,blk.25.attn_gate.weight,attn_gate,25,5120,6144,fc,128,0.22,extract_adapter.py log (2-dec),log,/home/max/Documents/openbeast/research/lowrank/experiments/32-t117-gsq-head-to-head/extract-UD-Q2_K_XL.log
q38-27b-UD-Q2KXL,27B,Qwen3.8-27B,qwen35,5120,UD-Q2_K_XL,blk.25.ssm_out.weight,ssm_out,25,6144,5120,fc,128,0.28,extract_adapter.py log (2-dec),log,/home/max/Documents/openbeast/research/lowrank/experiments/32-t117-gsq-head-to-head/extract-UD-Q2_K_XL.log
q38-27b-UD-Q2KXL,27B,Qwen3.8-27B,qwen35,5120,UD-Q2_K_XL,blk.25.ffn_down.weight,ffn_down,25,17408,5120,fc,128,0.16,extract_adapter.py log (2-dec),log,/home/max/Documents/openbeast/research/lowrank/experiments/32-t117-gsq-head-to-head/extract-UD-Q2_K_XL.log
q38-27b-UD-Q2KXL,27B,Qwen3.8-27B,qwen35,5120,UD-Q2_K_XL,blk.25.ffn_gate.weight,ffn_gate,25,5120,17408,fc,128,0.19,extract_adapter.py log (2-dec),log,/home/max/Documents/openbeast/research/lowrank/experiments/32-t117-gsq-head-to-head/extract-UD-Q2_K_XL.log
q38-27b-UD-Q2KXL,27B,Qwen3.8-27B,qwen35,5120,UD-Q2_K_XL,blk.25.ffn_up.weight,ffn_up,25,5120,17408,fc,128,0.2,extract_adapter.py log (2-dec),log,/home/max/Documents/openbeast/research/lowrank/experiments/32-t117-gsq-head-to-head/extract-UD-Q2_K_XL.log
q38-27b-UD-Q2KXL,27B,Qwen3.8-27B,qwen35,5120,UD-Q2_K_XL,blk.26.attn_qkv.weight,attn_qkv,26,5120,10240,fc,128,0.22,extract_adapter.py log (2-dec),log,/home/max/Documents/openbeast/research/lowrank/experiments/32-t117-gsq-head-to-head/extract-UD-Q2_K_XL.log
q38-27b-UD-Q2KXL,27B,Qwen3.8-27B,qwen35,5120,UD-Q2_K_XL,blk.26.attn_gate.weight,attn_gate,26,5120,6144,fc,128,0.22,extract_adapter.py log (2-dec),log,/home/max/Documents/openbeast/research/lowrank/experiments/32-t117-gsq-head-to-head/extract-UD-Q2_K_XL.log
q38-27b-UD-Q2KXL,27B,Qwen3.8-27B,qwen35,5120,UD-Q2_K_XL,blk.26.ssm_out.weight,ssm_out,26,6144,5120,fc,128,0.23,extract_adapter.py log (2-dec),log,/home/max/Documents/openbeast/research/lowrank/experiments/32-t117-gsq-head-to-head/extract-UD-Q2_K_XL.log
q38-27b-UD-Q2KXL,27B,Qwen3.8-27B,qwen35,5120,UD-Q2_K_XL,blk.26.ffn_down.weight,ffn_down,26,17408,5120,fc,128,0.16,extract_adapter.py log (2-dec),log,/home/max/Documents/openbeast/research/lowrank/experiments/32-t117-gsq-head-to-head/extract-UD-Q2_K_XL.log
q38-27b-UD-Q2KXL,27B,Qwen3.8-27B,qwen35,5120,UD-Q2_K_XL,blk.26.ffn_gate.weight,ffn_gate,26,5120,17408,fc,128,0.19,extract_adapter.py log (2-dec),log,/home/max/Documents/openbeast/research/lowrank/experiments/32-t117-gsq-head-to-head/extract-UD-Q2_K_XL.log
q38-27b-UD-Q2KXL,27B,Qwen3.8-27B,qwen35,5120,UD-Q2_K_XL,blk.26.ffn_up.weight,ffn_up,26,5120,17408,fc,128,0.19,extract_adapter.py log (2-dec),log,/home/max/Documents/openbeast/research/lowrank/experiments/32-t117-gsq-head-to-head/extract-UD-Q2_K_XL.log
q38-27b-UD-Q2KXL,27B,Qwen3.8-27B,qwen35,5120,UD-Q2_K_XL,blk.27.ffn_down.weight,ffn_down,27,17408,5120,fc,128,0.14,extract_adapter.py log (2-dec),log,/home/max/Documents/openbeast/research/lowrank/experiments/32-t117-gsq-head-to-head/extract-UD-Q2_K_XL.log
q38-27b-UD-Q2KXL,27B,Qwen3.8-27B,qwen35,5120,UD-Q2_K_XL,blk.27.ffn_gate.weight,ffn_gate,27,5120,17408,fc,128,0.18,extract_adapter.py log (2-dec),log,/home/max/Documents/openbeast/research/lowrank/experiments/32-t117-gsq-head-to-head/extract-UD-Q2_K_XL.log
q38-27b-UD-Q2KXL,27B,Qwen3.8-27B,qwen35,5120,UD-Q2_K_XL,blk.27.ffn_up.weight,ffn_up,27,5120,17408,fc,128,0.19,extract_adapter.py log (2-dec),log,/home/max/Documents/openbeast/research/lowrank/experiments/32-t117-gsq-head-to-head/extract-UD-Q2_K_XL.log
q38-27b-UD-Q2KXL,27B,Qwen3.8-27B,qwen35,5120,UD-Q2_K_XL,blk.27.attn_k.weight,attn_k,27,5120,1024,fc,128,0.37,extract_adapter.py log (2-dec),log,/home/max/Documents/openbeast/research/lowrank/experiments/32-t117-gsq-head-to-head/extract-UD-Q2_K_XL.log
q38-27b-UD-Q2KXL,27B,Qwen3.8-27B,qwen35,5120,UD-Q2_K_XL,blk.27.attn_output.weight,attn_o,27,6144,5120,fc,128,0.25,extract_adapter.py log (2-dec),log,/home/max/Documents/openbeast/research/lowrank/experiments/32-t117-gsq-head-to-head/extract-UD-Q2_K_XL.log
q38-27b-UD-Q2KXL,27B,Qwen3.8-27B,qwen35,5120,UD-Q2_K_XL,blk.27.attn_q.weight,attn_q,27,5120,12288,fc,128,0.21,extract_adapter.py log (2-dec),log,/home/max/Documents/openbeast/research/lowrank/experiments/32-t117-gsq-head-to-head/extract-UD-Q2_K_XL.log
q38-27b-UD-Q2KXL,27B,Qwen3.8-27B,qwen35,5120,UD-Q2_K_XL,blk.27.attn_v.weight,attn_v,27,5120,1024,fc,128,0.33,extract_adapter.py log (2-dec),log,/home/max/Documents/openbeast/research/lowrank/experiments/32-t117-gsq-head-to-head/extract-UD-Q2_K_XL.log
q38-27b-UD-Q2KXL,27B,Qwen3.8-27B,qwen35,5120,UD-Q2_K_XL,blk.28.attn_qkv.weight,attn_qkv,28,5120,10240,fc,128,0.2,extract_adapter.py log (2-dec),log,/home/max/Documents/openbeast/research/lowrank/experiments/32-t117-gsq-head-to-head/extract-UD-Q2_K_XL.log
q38-27b-UD-Q2KXL,27B,Qwen3.8-27B,qwen35,5120,UD-Q2_K_XL,blk.28.attn_gate.weight,attn_gate,28,5120,6144,fc,128,0.23,extract_adapter.py log (2-dec),log,/home/max/Documents/openbeast/research/lowrank/experiments/32-t117-gsq-head-to-head/extract-UD-Q2_K_XL.log
q38-27b-UD-Q2KXL,27B,Qwen3.8-27B,qwen35,5120,UD-Q2_K_XL,blk.28.ssm_out.weight,ssm_out,28,6144,5120,fc,128,0.19,extract_adapter.py log (2-dec),log,/home/max/Documents/openbeast/research/lowrank/experiments/32-t117-gsq-head-to-head/extract-UD-Q2_K_XL.log
q38-27b-UD-Q2KXL,27B,Qwen3.8-27B,qwen35,5120,UD-Q2_K_XL,blk.28.ffn_down.weight,ffn_down,28,17408,5120,fc,128,0.14,extract_adapter.py log (2-dec),log,/home/max/Documents/openbeast/research/lowrank/experiments/32-t117-gsq-head-to-head/extract-UD-Q2_K_XL.log
q38-27b-UD-Q2KXL,27B,Qwen3.8-27B,qwen35,5120,UD-Q2_K_XL,blk.28.ffn_gate.weight,ffn_gate,28,5120,17408,fc,128,0.18,extract_adapter.py log (2-dec),log,/home/max/Documents/openbeast/research/lowrank/experiments/32-t117-gsq-head-to-head/extract-UD-Q2_K_XL.log
q38-27b-UD-Q2KXL,27B,Qwen3.8-27B,qwen35,5120,UD-Q2_K_XL,blk.28.ffn_up.weight,ffn_up,28,5120,17408,fc,128,0.18,extract_adapter.py log (2-dec),log,/home/max/Documents/openbeast/research/lowrank/experiments/32-t117-gsq-head-to-head/extract-UD-Q2_K_XL.log
q38-27b-UD-Q2KXL,27B,Qwen3.8-27B,qwen35,5120,UD-Q2_K_XL,blk.29.attn_qkv.weight,attn_qkv,29,5120,10240,fc,128,0.21,extract_adapter.py log (2-dec),log,/home/max/Documents/openbeast/research/lowrank/experiments/32-t117-gsq-head-to-head/extract-UD-Q2_K_XL.log
q38-27b-UD-Q2KXL,27B,Qwen3.8-27B,qwen35,5120,UD-Q2_K_XL,blk.29.attn_gate.weight,attn_gate,29,5120,6144,fc,128,0.22,extract_adapter.py log (2-dec),log,/home/max/Documents/openbeast/research/lowrank/experiments/32-t117-gsq-head-to-head/extract-UD-Q2_K_XL.log
q38-27b-UD-Q2KXL,27B,Qwen3.8-27B,qwen35,5120,UD-Q2_K_XL,blk.29.ssm_out.weight,ssm_out,29,6144,5120,fc,128,0.18,extract_adapter.py log (2-dec),log,/home/max/Documents/openbeast/research/lowrank/experiments/32-t117-gsq-head-to-head/extract-UD-Q2_K_XL.log
q38-27b-UD-Q2KXL,27B,Qwen3.8-27B,qwen35,5120,UD-Q2_K_XL,blk.29.ffn_down.weight,ffn_down,29,17408,5120,fc,128,0.13,extract_adapter.py log (2-dec),log,/home/max/Documents/openbeast/research/lowrank/experiments/32-t117-gsq-head-to-head/extract-UD-Q2_K_XL.log
q38-27b-UD-Q2KXL,27B,Qwen3.8-27B,qwen35,5120,UD-Q2_K_XL,blk.29.ffn_gate.weight,ffn_gate,29,5120,17408,fc,128,0.17,extract_adapter.py log (2-dec),log,/home/max/Documents/openbeast/research/lowrank/experiments/32-t117-gsq-head-to-head/extract-UD-Q2_K_XL.log
q38-27b-UD-Q2KXL,27B,Qwen3.8-27B,qwen35,5120,UD-Q2_K_XL,blk.29.ffn_up.weight,ffn_up,29,5120,17408,fc,128,0.18,extract_adapter.py log (2-dec),log,/home/max/Documents/openbeast/research/lowrank/experiments/32-t117-gsq-head-to-head/extract-UD-Q2_K_XL.log
q38-27b-UD-Q2KXL,27B,Qwen3.8-27B,qwen35,5120,UD-Q2_K_XL,blk.30.attn_qkv.weight,attn_qkv,30,5120,10240,fc,128,0.19,extract_adapter.py log (2-dec),log,/home/max/Documents/openbeast/research/lowrank/experiments/32-t117-gsq-head-to-head/extract-UD-Q2_K_XL.log
q38-27b-UD-Q2KXL,27B,Qwen3.8-27B,qwen35,5120,UD-Q2_K_XL,blk.30.attn_gate.weight,attn_gate,30,5120,6144,fc,128,0.19,extract_adapter.py log (2-dec),log,/home/max/Documents/openbeast/research/lowrank/experiments/32-t117-gsq-head-to-head/extract-UD-Q2_K_XL.log
q38-27b-UD-Q2KXL,27B,Qwen3.8-27B,qwen35,5120,UD-Q2_K_XL,blk.30.ssm_out.weight,ssm_out,30,6144,5120,fc,128,0.2,extract_adapter.py log (2-dec),log,/home/max/Documents/openbeast/research/lowrank/experiments/32-t117-gsq-head-to-head/extract-UD-Q2_K_XL.log
q38-27b-UD-Q2KXL,27B,Qwen3.8-27B,qwen35,5120,UD-Q2_K_XL,blk.30.ffn_down.weight,ffn_down,30,17408,5120,fc,128,0.13,extract_adapter.py log (2-dec),log,/home/max/Documents/openbeast/research/lowrank/experiments/32-t117-gsq-head-to-head/extract-UD-Q2_K_XL.log
q38-27b-UD-Q2KXL,27B,Qwen3.8-27B,qwen35,5120,UD-Q2_K_XL,blk.30.ffn_gate.weight,ffn_gate,30,5120,17408,fc,128,0.16,extract_adapter.py log (2-dec),log,/home/max/Documents/openbeast/research/lowrank/experiments/32-t117-gsq-head-to-head/extract-UD-Q2_K_XL.log
q38-27b-UD-Q2KXL,27B,Qwen3.8-27B,qwen35,5120,UD-Q2_K_XL,blk.30.ffn_up.weight,ffn_up,30,5120,17408,fc,128,0.17,extract_adapter.py log (2-dec),log,/home/max/Documents/openbeast/research/lowrank/experiments/32-t117-gsq-head-to-head/extract-UD-Q2_K_XL.log
q38-27b-UD-Q2KXL,27B,Qwen3.8-27B,qwen35,5120,UD-Q2_K_XL,blk.31.ffn_down.weight,ffn_down,31,17408,5120,fc,128,0.12,extract_adapter.py log (2-dec),log,/home/max/Documents/openbeast/research/lowrank/experiments/32-t117-gsq-head-to-head/extract-UD-Q2_K_XL.log
q38-27b-UD-Q2KXL,27B,Qwen3.8-27B,qwen35,5120,UD-Q2_K_XL,blk.31.ffn_gate.weight,ffn_gate,31,5120,17408,fc,128,0.16,extract_adapter.py log (2-dec),log,/home/max/Documents/openbeast/research/lowrank/experiments/32-t117-gsq-head-to-head/extract-UD-Q2_K_XL.log
q38-27b-UD-Q2KXL,27B,Qwen3.8-27B,qwen35,5120,UD-Q2_K_XL,blk.31.ffn_up.weight,ffn_up,31,5120,17408,fc,128,0.17,extract_adapter.py log (2-dec),log,/home/max/Documents/openbeast/research/lowrank/experiments/32-t117-gsq-head-to-head/extract-UD-Q2_K_XL.log
q38-27b-UD-Q2KXL,27B,Qwen3.8-27B,qwen35,5120,UD-Q2_K_XL,blk.31.attn_k.weight,attn_k,31,5120,1024,fc,128,0.33,extract_adapter.py log (2-dec),log,/home/max/Documents/openbeast/research/lowrank/experiments/32-t117-gsq-head-to-head/extract-UD-Q2_K_XL.log
q38-27b-UD-Q2KXL,27B,Qwen3.8-27B,qwen35,5120,UD-Q2_K_XL,blk.31.attn_output.weight,attn_o,31,6144,5120,fc,128,0.22,extract_adapter.py log (2-dec),log,/home/max/Documents/openbeast/research/lowrank/experiments/32-t117-gsq-head-to-head/extract-UD-Q2_K_XL.log
q38-27b-UD-Q2KXL,27B,Qwen3.8-27B,qwen35,5120,UD-Q2_K_XL,blk.31.attn_q.weight,attn_q,31,5120,12288,fc,128,0.17,extract_adapter.py log (2-dec),log,/home/max/Documents/openbeast/research/lowrank/experiments/32-t117-gsq-head-to-head/extract-UD-Q2_K_XL.log
q38-27b-UD-Q2KXL,27B,Qwen3.8-27B,qwen35,5120,UD-Q2_K_XL,blk.31.attn_v.weight,attn_v,31,5120,1024,fc,128,0.31,extract_adapter.py log (2-dec),log,/home/max/Documents/openbeast/research/lowrank/experiments/32-t117-gsq-head-to-head/extract-UD-Q2_K_XL.log
q38-27b-UD-Q2KXL,27B,Qwen3.8-27B,qwen35,5120,UD-Q2_K_XL,blk.32.attn_qkv.weight,attn_qkv,32,5120,10240,fc,128,0.17,extract_adapter.py log (2-dec),log,/home/max/Documents/openbeast/research/lowrank/experiments/32-t117-gsq-head-to-head/extract-UD-Q2_K_XL.log
q38-27b-UD-Q2KXL,27B,Qwen3.8-27B,qwen35,5120,UD-Q2_K_XL,blk.32.attn_gate.weight,attn_gate,32,5120,6144,fc,128,0.19,extract_adapter.py log (2-dec),log,/home/max/Documents/openbeast/research/lowrank/experiments/32-t117-gsq-head-to-head/extract-UD-Q2_K_XL.log
q38-27b-UD-Q2KXL,27B,Qwen3.8-27B,qwen35,5120,UD-Q2_K_XL,blk.32.ssm_out.weight,ssm_out,32,6144,5120,fc,128,0.18,extract_adapter.py log (2-dec),log,/home/max/Documents/openbeast/research/lowrank/experiments/32-t117-gsq-head-to-head/extract-UD-Q2_K_XL.log
q38-27b-UD-Q2KXL,27B,Qwen3.8-27B,qwen35,5120,UD-Q2_K_XL,blk.32.ffn_down.weight,ffn_down,32,17408,5120,fc,128,0.12,extract_adapter.py log (2-dec),log,/home/max/Documents/openbeast/research/lowrank/experiments/32-t117-gsq-head-to-head/extract-UD-Q2_K_XL.log
q38-27b-UD-Q2KXL,27B,Qwen3.8-27B,qwen35,5120,UD-Q2_K_XL,blk.32.ffn_gate.weight,ffn_gate,32,5120,17408,fc,128,0.15,extract_adapter.py log (2-dec),log,/home/max/Documents/openbeast/research/lowrank/experiments/32-t117-gsq-head-to-head/extract-UD-Q2_K_XL.log
q38-27b-UD-Q2KXL,27B,Qwen3.8-27B,qwen35,5120,UD-Q2_K_XL,blk.32.ffn_up.weight,ffn_up,32,5120,17408,fc,128,0.16,extract_adapter.py log (2-dec),log,/home/max/Documents/openbeast/research/lowrank/experiments/32-t117-gsq-head-to-head/extract-UD-Q2_K_XL.log
q38-27b-UD-Q2KXL,27B,Qwen3.8-27B,qwen35,5120,UD-Q2_K_XL,blk.33.attn_qkv.weight,attn_qkv,33,5120,10240,fc,128,0.19,extract_adapter.py log (2-dec),log,/home/max/Documents/openbeast/research/lowrank/experiments/32-t117-gsq-head-to-head/extract-UD-Q2_K_XL.log
q38-27b-UD-Q2KXL,27B,Qwen3.8-27B,qwen35,5120,UD-Q2_K_XL,blk.33.attn_gate.weight,attn_gate,33,5120,6144,fc,128,0.19,extract_adapter.py log (2-dec),log,/home/max/Documents/openbeast/research/lowrank/experiments/32-t117-gsq-head-to-head/extract-UD-Q2_K_XL.log
q38-27b-UD-Q2KXL,27B,Qwen3.8-27B,qwen35,5120,UD-Q2_K_XL,blk.33.ssm_out.weight,ssm_out,33,6144,5120,fc,128,0.18,extract_adapter.py log (2-dec),log,/home/max/Documents/openbeast/research/lowrank/experiments/32-t117-gsq-head-to-head/extract-UD-Q2_K_XL.log
q38-27b-UD-Q2KXL,27B,Qwen3.8-27B,qwen35,5120,UD-Q2_K_XL,blk.33.ffn_down.weight,ffn_down,33,17408,5120,fc,128,0.14,extract_adapter.py log (2-dec),log,/home/max/Documents/openbeast/research/lowrank/experiments/32-t117-gsq-head-to-head/extract-UD-Q2_K_XL.log
q38-27b-UD-Q2KXL,27B,Qwen3.8-27B,qwen35,5120,UD-Q2_K_XL,blk.33.ffn_gate.weight,ffn_gate,33,5120,17408,fc,128,0.15,extract_adapter.py log (2-dec),log,/home/max/Documents/openbeast/research/lowrank/experiments/32-t117-gsq-head-to-head/extract-UD-Q2_K_XL.log
q38-27b-UD-Q2KXL,27B,Qwen3.8-27B,qwen35,5120,UD-Q2_K_XL,blk.33.ffn_up.weight,ffn_up,33,5120,17408,fc,128,0.16,extract_adapter.py log (2-dec),log,/home/max/Documents/openbeast/research/lowrank/experiments/32-t117-gsq-head-to-head/extract-UD-Q2_K_XL.log
q38-27b-UD-Q2KXL,27B,Qwen3.8-27B,qwen35,5120,UD-Q2_K_XL,blk.34.attn_qkv.weight,attn_qkv,34,5120,10240,fc,128,0.18,extract_adapter.py log (2-dec),log,/home/max/Documents/openbeast/research/lowrank/experiments/32-t117-gsq-head-to-head/extract-UD-Q2_K_XL.log
q38-27b-UD-Q2KXL,27B,Qwen3.8-27B,qwen35,5120,UD-Q2_K_XL,blk.34.attn_gate.weight,attn_gate,34,5120,6144,fc,128,0.18,extract_adapter.py log (2-dec),log,/home/max/Documents/openbeast/research/lowrank/experiments/32-t117-gsq-head-to-head/extract-UD-Q2_K_XL.log
q38-27b-UD-Q2KXL,27B,Qwen3.8-27B,qwen35,5120,UD-Q2_K_XL,blk.34.ssm_out.weight,ssm_out,34,6144,5120,fc,128,0.22,extract_adapter.py log (2-dec),log,/home/max/Documents/openbeast/research/lowrank/experiments/32-t117-gsq-head-to-head/extract-UD-Q2_K_XL.log
q38-27b-UD-Q2KXL,27B,Qwen3.8-27B,qwen35,5120,UD-Q2_K_XL,blk.34.ffn_down.weight,ffn_down,34,17408,5120,fc,128,0.16,extract_adapter.py log (2-dec),log,/home/max/Documents/openbeast/research/lowrank/experiments/32-t117-gsq-head-to-head/extract-UD-Q2_K_XL.log
q38-27b-UD-Q2KXL,27B,Qwen3.8-27B,qwen35,5120,UD-Q2_K_XL,blk.34.ffn_gate.weight,ffn_gate,34,5120,17408,fc,128,0.16,extract_adapter.py log (2-dec),log,/home/max/Documents/openbeast/research/lowrank/experiments/32-t117-gsq-head-to-head/extract-UD-Q2_K_XL.log
q38-27b-UD-Q2KXL,27B,Qwen3.8-27B,qwen35,5120,UD-Q2_K_XL,blk.34.ffn_up.weight,ffn_up,34,5120,17408,fc,128,0.18,extract_adapter.py log (2-dec),log,/home/max/Documents/openbeast/research/lowrank/experiments/32-t117-gsq-head-to-head/extract-UD-Q2_K_XL.log
q38-27b-UD-Q2KXL,27B,Qwen3.8-27B,qwen35,5120,UD-Q2_K_XL,blk.35.ffn_down.weight,ffn_down,35,17408,5120,fc,128,0.17,extract_adapter.py log (2-dec),log,/home/max/Documents/openbeast/research/lowrank/experiments/32-t117-gsq-head-to-head/extract-UD-Q2_K_XL.log
q38-27b-UD-Q2KXL,27B,Qwen3.8-27B,qwen35,5120,UD-Q2_K_XL,blk.35.ffn_gate.weight,ffn_gate,35,5120,17408,fc,128,0.17,extract_adapter.py log (2-dec),log,/home/max/Documents/openbeast/research/lowrank/experiments/32-t117-gsq-head-to-head/extract-UD-Q2_K_XL.log
q38-27b-UD-Q2KXL,27B,Qwen3.8-27B,qwen35,5120,UD-Q2_K_XL,blk.35.ffn_up.weight,ffn_up,35,5120,17408,fc,128,0.18,extract_adapter.py log (2-dec),log,/home/max/Documents/openbeast/research/lowrank/experiments/32-t117-gsq-head-to-head/extract-UD-Q2_K_XL.log
q38-27b-UD-Q2KXL,27B,Qwen3.8-27B,qwen35,5120,UD-Q2_K_XL,blk.35.attn_k.weight,attn_k,35,5120,1024,fc,128,0.32,extract_adapter.py log (2-dec),log,/home/max/Documents/openbeast/research/lowrank/experiments/32-t117-gsq-head-to-head/extract-UD-Q2_K_XL.log
q38-27b-UD-Q2KXL,27B,Qwen3.8-27B,qwen35,5120,UD-Q2_K_XL,blk.35.attn_output.weight,attn_o,35,6144,5120,fc,128,0.3,extract_adapter.py log (2-dec),log,/home/max/Documents/openbeast/research/lowrank/experiments/32-t117-gsq-head-to-head/extract-UD-Q2_K_XL.log
q38-27b-UD-Q2KXL,27B,Qwen3.8-27B,qwen35,5120,UD-Q2_K_XL,blk.35.attn_q.weight,attn_q,35,5120,12288,fc,128,0.17,extract_adapter.py log (2-dec),log,/home/max/Documents/openbeast/research/lowrank/experiments/32-t117-gsq-head-to-head/extract-UD-Q2_K_XL.log
q38-27b-UD-Q2KXL,27B,Qwen3.8-27B,qwen35,5120,UD-Q2_K_XL,blk.35.attn_v.weight,attn_v,35,5120,1024,fc,128,0.32,extract_adapter.py log (2-dec),log,/home/max/Documents/openbeast/research/lowrank/experiments/32-t117-gsq-head-to-head/extract-UD-Q2_K_XL.log
q38-27b-UD-Q2KXL,27B,Qwen3.8-27B,qwen35,5120,UD-Q2_K_XL,blk.36.attn_qkv.weight,attn_qkv,36,5120,10240,fc,128,0.2,extract_adapter.py log (2-dec),log,/home/max/Documents/openbeast/research/lowrank/experiments/32-t117-gsq-head-to-head/extract-UD-Q2_K_XL.log
q38-27b-UD-Q2KXL,27B,Qwen3.8-27B,qwen35,5120,UD-Q2_K_XL,blk.36.attn_gate.weight,attn_gate,36,5120,6144,fc,128,0.21,extract_adapter.py log (2-dec),log,/home/max/Documents/openbeast/research/lowrank/experiments/32-t117-gsq-head-to-head/extract-UD-Q2_K_XL.log
q38-27b-UD-Q2KXL,27B,Qwen3.8-27B,qwen35,5120,UD-Q2_K_XL,blk.36.ssm_out.weight,ssm_out,36,6144,5120,fc,128,0.33,extract_adapter.py log (2-dec),log,/home/max/Documents/openbeast/research/lowrank/experiments/32-t117-gsq-head-to-head/extract-UD-Q2_K_XL.log
q38-27b-UD-Q2KXL,27B,Qwen3.8-27B,qwen35,5120,UD-Q2_K_XL,blk.36.ffn_down.weight,ffn_down,36,17408,5120,fc,128,0.21,extract_adapter.py log (2-dec),log,/home/max/Documents/openbeast/research/lowrank/experiments/32-t117-gsq-head-to-head/extract-UD-Q2_K_XL.log
q38-27b-UD-Q2KXL,27B,Qwen3.8-27B,qwen35,5120,UD-Q2_K_XL,blk.36.ffn_gate.weight,ffn_gate,36,5120,17408,fc,128,0.18,extract_adapter.py log (2-dec),log,/home/max/Documents/openbeast/research/lowrank/experiments/32-t117-gsq-head-to-head/extract-UD-Q2_K_XL.log
q38-27b-UD-Q2KXL,27B,Qwen3.8-27B,qwen35,5120,UD-Q2_K_XL,blk.36.ffn_up.weight,ffn_up,36,5120,17408,fc,128,0.19,extract_adapter.py log (2-dec),log,/home/max/Documents/openbeast/research/lowrank/experiments/32-t117-gsq-head-to-head/extract-UD-Q2_K_XL.log
q38-27b-UD-Q2KXL,27B,Qwen3.8-27B,qwen35,5120,UD-Q2_K_XL,blk.37.attn_qkv.weight,attn_qkv,37,5120,10240,fc,128,0.21,extract_adapter.py log (2-dec),log,/home/max/Documents/openbeast/research/lowrank/experiments/32-t117-gsq-head-to-head/extract-UD-Q2_K_XL.log
q38-27b-UD-Q2KXL,27B,Qwen3.8-27B,qwen35,5120,UD-Q2_K_XL,blk.37.attn_gate.weight,attn_gate,37,5120,6144,fc,128,0.21,extract_adapter.py log (2-dec),log,/home/max/Documents/openbeast/research/lowrank/experiments/32-t117-gsq-head-to-head/extract-UD-Q2_K_XL.log
q38-27b-UD-Q2KXL,27B,Qwen3.8-27B,qwen35,5120,UD-Q2_K_XL,blk.37.ssm_out.weight,ssm_out,37,6144,5120,fc,128,0.29,extract_adapter.py log (2-dec),log,/home/max/Documents/openbeast/research/lowrank/experiments/32-t117-gsq-head-to-head/extract-UD-Q2_K_XL.log
q38-27b-UD-Q2KXL,27B,Qwen3.8-27B,qwen35,5120,UD-Q2_K_XL,blk.37.ffn_down.weight,ffn_down,37,17408,5120,fc,128,0.16,extract_adapter.py log (2-dec),log,/home/max/Documents/openbeast/research/lowrank/experiments/32-t117-gsq-head-to-head/extract-UD-Q2_K_XL.log
q38-27b-UD-Q2KXL,27B,Qwen3.8-27B,qwen35,5120,UD-Q2_K_XL,blk.37.ffn_gate.weight,ffn_gate,37,5120,17408,fc,128,0.18,extract_adapter.py log (2-dec),log,/home/max/Documents/openbeast/research/lowrank/experiments/32-t117-gsq-head-to-head/extract-UD-Q2_K_XL.log
q38-27b-UD-Q2KXL,27B,Qwen3.8-27B,qwen35,5120,UD-Q2_K_XL,blk.37.ffn_up.weight,ffn_up,37,5120,17408,fc,128,0.19,extract_adapter.py log (2-dec),log,/home/max/Documents/openbeast/research/lowrank/experiments/32-t117-gsq-head-to-head/extract-UD-Q2_K_XL.log
q38-27b-UD-Q2KXL,27B,Qwen3.8-27B,qwen35,5120,UD-Q2_K_XL,blk.38.attn_qkv.weight,attn_qkv,38,5120,10240,fc,128,0.21,extract_adapter.py log (2-dec),log,/home/max/Documents/openbeast/research/lowrank/experiments/32-t117-gsq-head-to-head/extract-UD-Q2_K_XL.log
q38-27b-UD-Q2KXL,27B,Qwen3.8-27B,qwen35,5120,UD-Q2_K_XL,blk.38.attn_gate.weight,attn_gate,38,5120,6144,fc,128,0.22,extract_adapter.py log (2-dec),log,/home/max/Documents/openbeast/research/lowrank/experiments/32-t117-gsq-head-to-head/extract-UD-Q2_K_XL.log
q38-27b-UD-Q2KXL,27B,Qwen3.8-27B,qwen35,5120,UD-Q2_K_XL,blk.38.ssm_out.weight,ssm_out,38,6144,5120,fc,128,0.29,extract_adapter.py log (2-dec),log,/home/max/Documents/openbeast/research/lowrank/experiments/32-t117-gsq-head-to-head/extract-UD-Q2_K_XL.log
q38-27b-UD-Q2KXL,27B,Qwen3.8-27B,qwen35,5120,UD-Q2_K_XL,blk.38.ffn_down.weight,ffn_down,38,17408,5120,fc,128,0.16,extract_adapter.py log (2-dec),log,/home/max/Documents/openbeast/research/lowrank/experiments/32-t117-gsq-head-to-head/extract-UD-Q2_K_XL.log
q38-27b-UD-Q2KXL,27B,Qwen3.8-27B,qwen35,5120,UD-Q2_K_XL,blk.38.ffn_gate.weight,ffn_gate,38,5120,17408,fc,128,0.19,extract_adapter.py log (2-dec),log,/home/max/Documents/openbeast/research/lowrank/experiments/32-t117-gsq-head-to-head/extract-UD-Q2_K_XL.log
q38-27b-UD-Q2KXL,27B,Qwen3.8-27B,qwen35,5120,UD-Q2_K_XL,blk.38.ffn_up.weight,ffn_up,38,5120,17408,fc,128,0.18,extract_adapter.py log (2-dec),log,/home/max/Documents/openbeast/research/lowrank/experiments/32-t117-gsq-head-to-head/extract-UD-Q2_K_XL.log
q38-27b-UD-Q2KXL,27B,Qwen3.8-27B,qwen35,5120,UD-Q2_K_XL,blk.39.ffn_down.weight,ffn_down,39,17408,5120,fc,128,0.17,extract_adapter.py log (2-dec),log,/home/max/Documents/openbeast/research/lowrank/experiments/32-t117-gsq-head-to-head/extract-UD-Q2_K_XL.log
q38-27b-UD-Q2KXL,27B,Qwen3.8-27B,qwen35,5120,UD-Q2_K_XL,blk.39.ffn_gate.weight,ffn_gate,39,5120,17408,fc,128,0.18,extract_adapter.py log (2-dec),log,/home/max/Documents/openbeast/research/lowrank/experiments/32-t117-gsq-head-to-head/extract-UD-Q2_K_XL.log
q38-27b-UD-Q2KXL,27B,Qwen3.8-27B,qwen35,5120,UD-Q2_K_XL,blk.39.ffn_up.weight,ffn_up,39,5120,17408,fc,128,0.18,extract_adapter.py log (2-dec),log,/home/max/Documents/openbeast/research/lowrank/experiments/32-t117-gsq-head-to-head/extract-UD-Q2_K_XL.log
q38-27b-UD-Q2KXL,27B,Qwen3.8-27B,qwen35,5120,UD-Q2_K_XL,blk.39.attn_k.weight,attn_k,39,5120,1024,fc,128,0.37,extract_adapter.py log (2-dec),log,/home/max/Documents/openbeast/research/lowrank/experiments/32-t117-gsq-head-to-head/extract-UD-Q2_K_XL.log
q38-27b-UD-Q2KXL,27B,Qwen3.8-27B,qwen35,5120,UD-Q2_K_XL,blk.39.attn_output.weight,attn_o,39,6144,5120,fc,128,0.31,extract_adapter.py log (2-dec),log,/home/max/Documents/openbeast/research/lowrank/experiments/32-t117-gsq-head-to-head/extract-UD-Q2_K_XL.log
q38-27b-UD-Q2KXL,27B,Qwen3.8-27B,qwen35,5120,UD-Q2_K_XL,blk.39.attn_q.weight,attn_q,39,5120,12288,fc,128,0.19,extract_adapter.py log (2-dec),log,/home/max/Documents/openbeast/research/lowrank/experiments/32-t117-gsq-head-to-head/extract-UD-Q2_K_XL.log
q38-27b-UD-Q2KXL,27B,Qwen3.8-27B,qwen35,5120,UD-Q2_K_XL,blk.39.attn_v.weight,attn_v,39,5120,1024,fc,128,0.34,extract_adapter.py log (2-dec),log,/home/max/Documents/openbeast/research/lowrank/experiments/32-t117-gsq-head-to-head/extract-UD-Q2_K_XL.log
q38-27b-UD-Q2KXL,27B,Qwen3.8-27B,qwen35,5120,UD-Q2_K_XL,blk.40.attn_qkv.weight,attn_qkv,40,5120,10240,fc,128,0.2,extract_adapter.py log (2-dec),log,/home/max/Documents/openbeast/research/lowrank/experiments/32-t117-gsq-head-to-head/extract-UD-Q2_K_XL.log
q38-27b-UD-Q2KXL,27B,Qwen3.8-27B,qwen35,5120,UD-Q2_K_XL,blk.40.attn_gate.weight,attn_gate,40,5120,6144,fc,128,0.21,extract_adapter.py log (2-dec),log,/home/max/Documents/openbeast/research/lowrank/experiments/32-t117-gsq-head-to-head/extract-UD-Q2_K_XL.log
q38-27b-UD-Q2KXL,27B,Qwen3.8-27B,qwen35,5120,UD-Q2_K_XL,blk.40.ssm_out.weight,ssm_out,40,6144,5120,fc,128,0.27,extract_adapter.py log (2-dec),log,/home/max/Documents/openbeast/research/lowrank/experiments/32-t117-gsq-head-to-head/extract-UD-Q2_K_XL.log
q38-27b-UD-Q2KXL,27B,Qwen3.8-27B,qwen35,5120,UD-Q2_K_XL,blk.40.ffn_down.weight,ffn_down,40,17408,5120,fc,128,0.2,extract_adapter.py log (2-dec),log,/home/max/Documents/openbeast/research/lowrank/experiments/32-t117-gsq-head-to-head/extract-UD-Q2_K_XL.log
q38-27b-UD-Q2KXL,27B,Qwen3.8-27B,qwen35,5120,UD-Q2_K_XL,blk.40.ffn_gate.weight,ffn_gate,40,5120,17408,fc,128,0.18,extract_adapter.py log (2-dec),log,/home/max/Documents/openbeast/research/lowrank/experiments/32-t117-gsq-head-to-head/extract-UD-Q2_K_XL.log
q38-27b-UD-Q2KXL,27B,Qwen3.8-27B,qwen35,5120,UD-Q2_K_XL,blk.40.ffn_up.weight,ffn_up,40,5120,17408,fc,128,0.18,extract_adapter.py log (2-dec),log,/home/max/Documents/openbeast/research/lowrank/experiments/32-t117-gsq-head-to-head/extract-UD-Q2_K_XL.log
q38-27b-UD-Q2KXL,27B,Qwen3.8-27B,qwen35,5120,UD-Q2_K_XL,blk.41.attn_qkv.weight,attn_qkv,41,5120,10240,fc,128,0.23,extract_adapter.py log (2-dec),log,/home/max/Documents/openbeast/research/lowrank/experiments/32-t117-gsq-head-to-head/extract-UD-Q2_K_XL.log
q38-27b-UD-Q2KXL,27B,Qwen3.8-27B,qwen35,5120,UD-Q2_K_XL,blk.41.attn_gate.weight,attn_gate,41,5120,6144,fc,128,0.21,extract_adapter.py log (2-dec),log,/home/max/Documents/openbeast/research/lowrank/experiments/32-t117-gsq-head-to-head/extract-UD-Q2_K_XL.log
q38-27b-UD-Q2KXL,27B,Qwen3.8-27B,qwen35,5120,UD-Q2_K_XL,blk.41.ssm_out.weight,ssm_out,41,6144,5120,fc,128,0.24,extract_adapter.py log (2-dec),log,/home/max/Documents/openbeast/research/lowrank/experiments/32-t117-gsq-head-to-head/extract-UD-Q2_K_XL.log
q38-27b-UD-Q2KXL,27B,Qwen3.8-27B,qwen35,5120,UD-Q2_K_XL,blk.41.ffn_down.weight,ffn_down,41,17408,5120,fc,128,0.16,extract_adapter.py log (2-dec),log,/home/max/Documents/openbeast/research/lowrank/experiments/32-t117-gsq-head-to-head/extract-UD-Q2_K_XL.log
q38-27b-UD-Q2KXL,27B,Qwen3.8-27B,qwen35,5120,UD-Q2_K_XL,blk.41.ffn_gate.weight,ffn_gate,41,5120,17408,fc,128,0.18,extract_adapter.py log (2-dec),log,/home/max/Documents/openbeast/research/lowrank/experiments/32-t117-gsq-head-to-head/extract-UD-Q2_K_XL.log
q38-27b-UD-Q2KXL,27B,Qwen3.8-27B,qwen35,5120,UD-Q2_K_XL,blk.41.ffn_up.weight,ffn_up,41,5120,17408,fc,128,0.18,extract_adapter.py log (2-dec),log,/home/max/Documents/openbeast/research/lowrank/experiments/32-t117-gsq-head-to-head/extract-UD-Q2_K_XL.log
q38-27b-UD-Q2KXL,27B,Qwen3.8-27B,qwen35,5120,UD-Q2_K_XL,blk.42.attn_qkv.weight,attn_qkv,42,5120,10240,fc,128,0.2,extract_adapter.py log (2-dec),log,/home/max/Documents/openbeast/research/lowrank/experiments/32-t117-gsq-head-to-head/extract-UD-Q2_K_XL.log
q38-27b-UD-Q2KXL,27B,Qwen3.8-27B,qwen35,5120,UD-Q2_K_XL,blk.42.attn_gate.weight,attn_gate,42,5120,6144,fc,128,0.21,extract_adapter.py log (2-dec),log,/home/max/Documents/openbeast/research/lowrank/experiments/32-t117-gsq-head-to-head/extract-UD-Q2_K_XL.log
q38-27b-UD-Q2KXL,27B,Qwen3.8-27B,qwen35,5120,UD-Q2_K_XL,blk.42.ssm_out.weight,ssm_out,42,6144,5120,fc,128,0.23,extract_adapter.py log (2-dec),log,/home/max/Documents/openbeast/research/lowrank/experiments/32-t117-gsq-head-to-head/extract-UD-Q2_K_XL.log
q38-27b-UD-Q2KXL,27B,Qwen3.8-27B,qwen35,5120,UD-Q2_K_XL,blk.42.ffn_down.weight,ffn_down,42,17408,5120,fc,128,0.16,extract_adapter.py log (2-dec),log,/home/max/Documents/openbeast/research/lowrank/experiments/32-t117-gsq-head-to-head/extract-UD-Q2_K_XL.log
q38-27b-UD-Q2KXL,27B,Qwen3.8-27B,qwen35,5120,UD-Q2_K_XL,blk.42.ffn_gate.weight,ffn_gate,42,5120,17408,fc,128,0.18,extract_adapter.py log (2-dec),log,/home/max/Documents/openbeast/research/lowrank/experiments/32-t117-gsq-head-to-head/extract-UD-Q2_K_XL.log
q38-27b-UD-Q2KXL,27B,Qwen3.8-27B,qwen35,5120,UD-Q2_K_XL,blk.42.ffn_up.weight,ffn_up,42,5120,17408,fc,128,0.18,extract_adapter.py log (2-dec),log,/home/max/Documents/openbeast/research/lowrank/experiments/32-t117-gsq-head-to-head/extract-UD-Q2_K_XL.log
q38-27b-UD-Q2KXL,27B,Qwen3.8-27B,qwen35,5120,UD-Q2_K_XL,blk.43.ffn_down.weight,ffn_down,43,17408,5120,fc,128,0.14,extract_adapter.py log (2-dec),log,/home/max/Documents/openbeast/research/lowrank/experiments/32-t117-gsq-head-to-head/extract-UD-Q2_K_XL.log
q38-27b-UD-Q2KXL,27B,Qwen3.8-27B,qwen35,5120,UD-Q2_K_XL,blk.43.ffn_gate.weight,ffn_gate,43,5120,17408,fc,128,0.18,extract_adapter.py log (2-dec),log,/home/max/Documents/openbeast/research/lowrank/experiments/32-t117-gsq-head-to-head/extract-UD-Q2_K_XL.log
q38-27b-UD-Q2KXL,27B,Qwen3.8-27B,qwen35,5120,UD-Q2_K_XL,blk.43.ffn_up.weight,ffn_up,43,5120,17408,fc,128,0.17,extract_adapter.py log (2-dec),log,/home/max/Documents/openbeast/research/lowrank/experiments/32-t117-gsq-head-to-head/extract-UD-Q2_K_XL.log
q38-27b-UD-Q2KXL,27B,Qwen3.8-27B,qwen35,5120,UD-Q2_K_XL,blk.43.attn_k.weight,attn_k,43,5120,1024,fc,128,0.4,extract_adapter.py log (2-dec),log,/home/max/Documents/openbeast/research/lowrank/experiments/32-t117-gsq-head-to-head/extract-UD-Q2_K_XL.log
q38-27b-UD-Q2KXL,27B,Qwen3.8-27B,qwen35,5120,UD-Q2_K_XL,blk.43.attn_output.weight,attn_o,43,6144,5120,fc,128,0.26,extract_adapter.py log (2-dec),log,/home/max/Documents/openbeast/research/lowrank/experiments/32-t117-gsq-head-to-head/extract-UD-Q2_K_XL.log
q38-27b-UD-Q2KXL,27B,Qwen3.8-27B,qwen35,5120,UD-Q2_K_XL,blk.43.attn_q.weight,attn_q,43,5120,12288,fc,128,0.19,extract_adapter.py log (2-dec),log,/home/max/Documents/openbeast/research/lowrank/experiments/32-t117-gsq-head-to-head/extract-UD-Q2_K_XL.log
q38-27b-UD-Q2KXL,27B,Qwen3.8-27B,qwen35,5120,UD-Q2_K_XL,blk.43.attn_v.weight,attn_v,43,5120,1024,fc,128,0.34,extract_adapter.py log (2-dec),log,/home/max/Documents/openbeast/research/lowrank/experiments/32-t117-gsq-head-to-head/extract-UD-Q2_K_XL.log
q38-27b-UD-Q2KXL,27B,Qwen3.8-27B,qwen35,5120,UD-Q2_K_XL,blk.44.attn_qkv.weight,attn_qkv,44,5120,10240,fc,128,0.19,extract_adapter.py log (2-dec),log,/home/max/Documents/openbeast/research/lowrank/experiments/32-t117-gsq-head-to-head/extract-UD-Q2_K_XL.log
q38-27b-UD-Q2KXL,27B,Qwen3.8-27B,qwen35,5120,UD-Q2_K_XL,blk.44.attn_gate.weight,attn_gate,44,5120,6144,fc,128,0.2,extract_adapter.py log (2-dec),log,/home/max/Documents/openbeast/research/lowrank/experiments/32-t117-gsq-head-to-head/extract-UD-Q2_K_XL.log
q38-27b-UD-Q2KXL,27B,Qwen3.8-27B,qwen35,5120,UD-Q2_K_XL,blk.44.ssm_out.weight,ssm_out,44,6144,5120,fc,128,0.2,extract_adapter.py log (2-dec),log,/home/max/Documents/openbeast/research/lowrank/experiments/32-t117-gsq-head-to-head/extract-UD-Q2_K_XL.log
q38-27b-UD-Q2KXL,27B,Qwen3.8-27B,qwen35,5120,UD-Q2_K_XL,blk.44.ffn_down.weight,ffn_down,44,17408,5120,fc,128,0.15,extract_adapter.py log (2-dec),log,/home/max/Documents/openbeast/research/lowrank/experiments/32-t117-gsq-head-to-head/extract-UD-Q2_K_XL.log
q38-27b-UD-Q2KXL,27B,Qwen3.8-27B,qwen35,5120,UD-Q2_K_XL,blk.44.ffn_gate.weight,ffn_gate,44,5120,17408,fc,128,0.17,extract_adapter.py log (2-dec),log,/home/max/Documents/openbeast/research/lowrank/experiments/32-t117-gsq-head-to-head/extract-UD-Q2_K_XL.log
q38-27b-UD-Q2KXL,27B,Qwen3.8-27B,qwen35,5120,UD-Q2_K_XL,blk.44.ffn_up.weight,ffn_up,44,5120,17408,fc,128,0.17,extract_adapter.py log (2-dec),log,/home/max/Documents/openbeast/research/lowrank/experiments/32-t117-gsq-head-to-head/extract-UD-Q2_K_XL.log
q38-27b-UD-Q2KXL,27B,Qwen3.8-27B,qwen35,5120,UD-Q2_K_XL,blk.45.attn_qkv.weight,attn_qkv,45,5120,10240,fc,128,0.18,extract_adapter.py log (2-dec),log,/home/max/Documents/openbeast/research/lowrank/experiments/32-t117-gsq-head-to-head/extract-UD-Q2_K_XL.log
q38-27b-UD-Q2KXL,27B,Qwen3.8-27B,qwen35,5120,UD-Q2_K_XL,blk.45.attn_gate.weight,attn_gate,45,5120,6144,fc,128,0.21,extract_adapter.py log (2-dec),log,/home/max/Documents/openbeast/research/lowrank/experiments/32-t117-gsq-head-to-head/extract-UD-Q2_K_XL.log
q38-27b-UD-Q2KXL,27B,Qwen3.8-27B,qwen35,5120,UD-Q2_K_XL,blk.45.ssm_out.weight,ssm_out,45,6144,5120,fc,128,0.2,extract_adapter.py log (2-dec),log,/home/max/Documents/openbeast/research/lowrank/experiments/32-t117-gsq-head-to-head/extract-UD-Q2_K_XL.log
q38-27b-UD-Q2KXL,27B,Qwen3.8-27B,qwen35,5120,UD-Q2_K_XL,blk.45.ffn_down.weight,ffn_down,45,17408,5120,fc,128,0.14,extract_adapter.py log (2-dec),log,/home/max/Documents/openbeast/research/lowrank/experiments/32-t117-gsq-head-to-head/extract-UD-Q2_K_XL.log
q38-27b-UD-Q2KXL,27B,Qwen3.8-27B,qwen35,5120,UD-Q2_K_XL,blk.45.ffn_gate.weight,ffn_gate,45,5120,17408,fc,128,0.16,extract_adapter.py log (2-dec),log,/home/max/Documents/openbeast/research/lowrank/experiments/32-t117-gsq-head-to-head/extract-UD-Q2_K_XL.log
q38-27b-UD-Q2KXL,27B,Qwen3.8-27B,qwen35,5120,UD-Q2_K_XL,blk.45.ffn_up.weight,ffn_up,45,5120,17408,fc,128,0.18,extract_adapter.py log (2-dec),log,/home/max/Documents/openbeast/research/lowrank/experiments/32-t117-gsq-head-to-head/extract-UD-Q2_K_XL.log
q38-27b-UD-Q2KXL,27B,Qwen3.8-27B,qwen35,5120,UD-Q2_K_XL,blk.46.attn_qkv.weight,attn_qkv,46,5120,10240,fc,128,0.17,extract_adapter.py log (2-dec),log,/home/max/Documents/openbeast/research/lowrank/experiments/32-t117-gsq-head-to-head/extract-UD-Q2_K_XL.log
q38-27b-UD-Q2KXL,27B,Qwen3.8-27B,qwen35,5120,UD-Q2_K_XL,blk.46.attn_gate.weight,attn_gate,46,5120,6144,fc,128,0.19,extract_adapter.py log (2-dec),log,/home/max/Documents/openbeast/research/lowrank/experiments/32-t117-gsq-head-to-head/extract-UD-Q2_K_XL.log
q38-27b-UD-Q2KXL,27B,Qwen3.8-27B,qwen35,5120,UD-Q2_K_XL,blk.46.ssm_out.weight,ssm_out,46,6144,5120,fc,128,0.22,extract_adapter.py log (2-dec),log,/home/max/Documents/openbeast/research/lowrank/experiments/32-t117-gsq-head-to-head/extract-UD-Q2_K_XL.log
q38-27b-UD-Q2KXL,27B,Qwen3.8-27B,qwen35,5120,UD-Q2_K_XL,blk.46.ffn_down.weight,ffn_down,46,17408,5120,fc,128,0.14,extract_adapter.py log (2-dec),log,/home/max/Documents/openbeast/research/lowrank/experiments/32-t117-gsq-head-to-head/extract-UD-Q2_K_XL.log
q38-27b-UD-Q2KXL,27B,Qwen3.8-27B,qwen35,5120,UD-Q2_K_XL,blk.46.ffn_gate.weight,ffn_gate,46,5120,17408,fc,128,0.17,extract_adapter.py log (2-dec),log,/home/max/Documents/openbeast/research/lowrank/experiments/32-t117-gsq-head-to-head/extract-UD-Q2_K_XL.log
q38-27b-UD-Q2KXL,27B,Qwen3.8-27B,qwen35,5120,UD-Q2_K_XL,blk.46.ffn_up.weight,ffn_up,46,5120,17408,fc,128,0.17,extract_adapter.py log (2-dec),log,/home/max/Documents/openbeast/research/lowrank/experiments/32-t117-gsq-head-to-head/extract-UD-Q2_K_XL.log
q38-27b-UD-Q2KXL,27B,Qwen3.8-27B,qwen35,5120,UD-Q2_K_XL,blk.47.ffn_down.weight,ffn_down,47,17408,5120,fc,128,0.15,extract_adapter.py log (2-dec),log,/home/max/Documents/openbeast/research/lowrank/experiments/32-t117-gsq-head-to-head/extract-UD-Q2_K_XL.log
q38-27b-UD-Q2KXL,27B,Qwen3.8-27B,qwen35,5120,UD-Q2_K_XL,blk.47.ffn_gate.weight,ffn_gate,47,5120,17408,fc,128,0.16,extract_adapter.py log (2-dec),log,/home/max/Documents/openbeast/research/lowrank/experiments/32-t117-gsq-head-to-head/extract-UD-Q2_K_XL.log
q38-27b-UD-Q2KXL,27B,Qwen3.8-27B,qwen35,5120,UD-Q2_K_XL,blk.47.ffn_up.weight,ffn_up,47,5120,17408,fc,128,0.17,extract_adapter.py log (2-dec),log,/home/max/Documents/openbeast/research/lowrank/experiments/32-t117-gsq-head-to-head/extract-UD-Q2_K_XL.log
q38-27b-UD-Q2KXL,27B,Qwen3.8-27B,qwen35,5120,UD-Q2_K_XL,blk.47.attn_k.weight,attn_k,47,5120,1024,fc,128,0.39,extract_adapter.py log (2-dec),log,/home/max/Documents/openbeast/research/lowrank/experiments/32-t117-gsq-head-to-head/extract-UD-Q2_K_XL.log
q38-27b-UD-Q2KXL,27B,Qwen3.8-27B,qwen35,5120,UD-Q2_K_XL,blk.47.attn_output.weight,attn_o,47,6144,5120,fc,128,0.24,extract_adapter.py log (2-dec),log,/home/max/Documents/openbeast/research/lowrank/experiments/32-t117-gsq-head-to-head/extract-UD-Q2_K_XL.log
q38-27b-UD-Q2KXL,27B,Qwen3.8-27B,qwen35,5120,UD-Q2_K_XL,blk.47.attn_q.weight,attn_q,47,5120,12288,fc,128,0.2,extract_adapter.py log (2-dec),log,/home/max/Documents/openbeast/research/lowrank/experiments/32-t117-gsq-head-to-head/extract-UD-Q2_K_XL.log
q38-27b-UD-Q2KXL,27B,Qwen3.8-27B,qwen35,5120,UD-Q2_K_XL,blk.47.attn_v.weight,attn_v,47,5120,1024,fc,128,0.32,extract_adapter.py log (2-dec),log,/home/max/Documents/openbeast/research/lowrank/experiments/32-t117-gsq-head-to-head/extract-UD-Q2_K_XL.log
q38-27b-UD-Q2KXL,27B,Qwen3.8-27B,qwen35,5120,UD-Q2_K_XL,blk.48.attn_qkv.weight,attn_qkv,48,5120,10240,fc,128,0.17,extract_adapter.py log (2-dec),log,/home/max/Documents/openbeast/research/lowrank/experiments/32-t117-gsq-head-to-head/extract-UD-Q2_K_XL.log
q38-27b-UD-Q2KXL,27B,Qwen3.8-27B,qwen35,5120,UD-Q2_K_XL,blk.48.attn_gate.weight,attn_gate,48,5120,6144,fc,128,0.21,extract_adapter.py log (2-dec),log,/home/max/Documents/openbeast/research/lowrank/experiments/32-t117-gsq-head-to-head/extract-UD-Q2_K_XL.log
q38-27b-UD-Q2KXL,27B,Qwen3.8-27B,qwen35,5120,UD-Q2_K_XL,blk.48.ssm_out.weight,ssm_out,48,6144,5120,fc,128,0.21,extract_adapter.py log (2-dec),log,/home/max/Documents/openbeast/research/lowrank/experiments/32-t117-gsq-head-to-head/extract-UD-Q2_K_XL.log
q38-27b-UD-Q2KXL,27B,Qwen3.8-27B,qwen35,5120,UD-Q2_K_XL,blk.48.ffn_down.weight,ffn_down,48,17408,5120,fc,128,0.16,extract_adapter.py log (2-dec),log,/home/max/Documents/openbeast/research/lowrank/experiments/32-t117-gsq-head-to-head/extract-UD-Q2_K_XL.log
q38-27b-UD-Q2KXL,27B,Qwen3.8-27B,qwen35,5120,UD-Q2_K_XL,blk.48.ffn_gate.weight,ffn_gate,48,5120,17408,fc,128,0.16,extract_adapter.py log (2-dec),log,/home/max/Documents/openbeast/research/lowrank/experiments/32-t117-gsq-head-to-head/extract-UD-Q2_K_XL.log
q38-27b-UD-Q2KXL,27B,Qwen3.8-27B,qwen35,5120,UD-Q2_K_XL,blk.48.ffn_up.weight,ffn_up,48,5120,17408,fc,128,0.15,extract_adapter.py log (2-dec),log,/home/max/Documents/openbeast/research/lowrank/experiments/32-t117-gsq-head-to-head/extract-UD-Q2_K_XL.log
q38-27b-UD-Q2KXL,27B,Qwen3.8-27B,qwen35,5120,UD-Q2_K_XL,blk.49.attn_qkv.weight,attn_qkv,49,5120,10240,fc,128,0.18,extract_adapter.py log (2-dec),log,/home/max/Documents/openbeast/research/lowrank/experiments/32-t117-gsq-head-to-head/extract-UD-Q2_K_XL.log
q38-27b-UD-Q2KXL,27B,Qwen3.8-27B,qwen35,5120,UD-Q2_K_XL,blk.49.attn_gate.weight,attn_gate,49,5120,6144,fc,128,0.18,extract_adapter.py log (2-dec),log,/home/max/Documents/openbeast/research/lowrank/experiments/32-t117-gsq-head-to-head/extract-UD-Q2_K_XL.log
q38-27b-UD-Q2KXL,27B,Qwen3.8-27B,qwen35,5120,UD-Q2_K_XL,blk.49.ssm_out.weight,ssm_out,49,6144,5120,fc,128,0.2,extract_adapter.py log (2-dec),log,/home/max/Documents/openbeast/research/lowrank/experiments/32-t117-gsq-head-to-head/extract-UD-Q2_K_XL.log
q38-27b-UD-Q2KXL,27B,Qwen3.8-27B,qwen35,5120,UD-Q2_K_XL,blk.49.ffn_down.weight,ffn_down,49,17408,5120,fc,128,0.17,extract_adapter.py log (2-dec),log,/home/max/Documents/openbeast/research/lowrank/experiments/32-t117-gsq-head-to-head/extract-UD-Q2_K_XL.log
q38-27b-UD-Q2KXL,27B,Qwen3.8-27B,qwen35,5120,UD-Q2_K_XL,blk.49.ffn_gate.weight,ffn_gate,49,5120,17408,fc,128,0.16,extract_adapter.py log (2-dec),log,/home/max/Documents/openbeast/research/lowrank/experiments/32-t117-gsq-head-to-head/extract-UD-Q2_K_XL.log
q38-27b-UD-Q2KXL,27B,Qwen3.8-27B,qwen35,5120,UD-Q2_K_XL,blk.49.ffn_up.weight,ffn_up,49,5120,17408,fc,128,0.16,extract_adapter.py log (2-dec),log,/home/max/Documents/openbeast/research/lowrank/experiments/32-t117-gsq-head-to-head/extract-UD-Q2_K_XL.log
q38-27b-UD-Q2KXL,27B,Qwen3.8-27B,qwen35,5120,UD-Q2_K_XL,blk.50.attn_qkv.weight,attn_qkv,50,5120,10240,fc,128,0.18,extract_adapter.py log (2-dec),log,/home/max/Documents/openbeast/research/lowrank/experiments/32-t117-gsq-head-to-head/extract-UD-Q2_K_XL.log
q38-27b-UD-Q2KXL,27B,Qwen3.8-27B,qwen35,5120,UD-Q2_K_XL,blk.50.attn_gate.weight,attn_gate,50,5120,6144,fc,128,0.19,extract_adapter.py log (2-dec),log,/home/max/Documents/openbeast/research/lowrank/experiments/32-t117-gsq-head-to-head/extract-UD-Q2_K_XL.log
q38-27b-UD-Q2KXL,27B,Qwen3.8-27B,qwen35,5120,UD-Q2_K_XL,blk.50.ssm_out.weight,ssm_out,50,6144,5120,fc,128,0.27,extract_adapter.py log (2-dec),log,/home/max/Documents/openbeast/research/lowrank/experiments/32-t117-gsq-head-to-head/extract-UD-Q2_K_XL.log
q38-27b-UD-Q2KXL,27B,Qwen3.8-27B,qwen35,5120,UD-Q2_K_XL,blk.50.ffn_down.weight,ffn_down,50,17408,5120,fc,128,0.17,extract_adapter.py log (2-dec),log,/home/max/Documents/openbeast/research/lowrank/experiments/32-t117-gsq-head-to-head/extract-UD-Q2_K_XL.log
q38-27b-UD-Q2KXL,27B,Qwen3.8-27B,qwen35,5120,UD-Q2_K_XL,blk.50.ffn_gate.weight,ffn_gate,50,5120,17408,fc,128,0.17,extract_adapter.py log (2-dec),log,/home/max/Documents/openbeast/research/lowrank/experiments/32-t117-gsq-head-to-head/extract-UD-Q2_K_XL.log
q38-27b-UD-Q2KXL,27B,Qwen3.8-27B,qwen35,5120,UD-Q2_K_XL,blk.50.ffn_up.weight,ffn_up,50,5120,17408,fc,128,0.17,extract_adapter.py log (2-dec),log,/home/max/Documents/openbeast/research/lowrank/experiments/32-t117-gsq-head-to-head/extract-UD-Q2_K_XL.log
q38-27b-UD-Q2KXL,27B,Qwen3.8-27B,qwen35,5120,UD-Q2_K_XL,blk.51.ffn_down.weight,ffn_down,51,17408,5120,fc,128,0.19,extract_adapter.py log (2-dec),log,/home/max/Documents/openbeast/research/lowrank/experiments/32-t117-gsq-head-to-head/extract-UD-Q2_K_XL.log
q38-27b-UD-Q2KXL,27B,Qwen3.8-27B,qwen35,5120,UD-Q2_K_XL,blk.51.ffn_gate.weight,ffn_gate,51,5120,17408,fc,128,0.19,extract_adapter.py log (2-dec),log,/home/max/Documents/openbeast/research/lowrank/experiments/32-t117-gsq-head-to-head/extract-UD-Q2_K_XL.log
q38-27b-UD-Q2KXL,27B,Qwen3.8-27B,qwen35,5120,UD-Q2_K_XL,blk.51.ffn_up.weight,ffn_up,51,5120,17408,fc,128,0.17,extract_adapter.py log (2-dec),log,/home/max/Documents/openbeast/research/lowrank/experiments/32-t117-gsq-head-to-head/extract-UD-Q2_K_XL.log
q38-27b-UD-Q2KXL,27B,Qwen3.8-27B,qwen35,5120,UD-Q2_K_XL,blk.51.attn_k.weight,attn_k,51,5120,1024,fc,128,0.35,extract_adapter.py log (2-dec),log,/home/max/Documents/openbeast/research/lowrank/experiments/32-t117-gsq-head-to-head/extract-UD-Q2_K_XL.log
q38-27b-UD-Q2KXL,27B,Qwen3.8-27B,qwen35,5120,UD-Q2_K_XL,blk.51.attn_output.weight,attn_o,51,6144,5120,fc,128,0.29,extract_adapter.py log (2-dec),log,/home/max/Documents/openbeast/research/lowrank/experiments/32-t117-gsq-head-to-head/extract-UD-Q2_K_XL.log
q38-27b-UD-Q2KXL,27B,Qwen3.8-27B,qwen35,5120,UD-Q2_K_XL,blk.51.attn_q.weight,attn_q,51,5120,12288,fc,128,0.18,extract_adapter.py log (2-dec),log,/home/max/Documents/openbeast/research/lowrank/experiments/32-t117-gsq-head-to-head/extract-UD-Q2_K_XL.log
q38-27b-UD-Q2KXL,27B,Qwen3.8-27B,qwen35,5120,UD-Q2_K_XL,blk.51.attn_v.weight,attn_v,51,5120,1024,fc,128,0.35,extract_adapter.py log (2-dec),log,/home/max/Documents/openbeast/research/lowrank/experiments/32-t117-gsq-head-to-head/extract-UD-Q2_K_XL.log
q38-27b-UD-Q2KXL,27B,Qwen3.8-27B,qwen35,5120,UD-Q2_K_XL,blk.52.attn_qkv.weight,attn_qkv,52,5120,10240,fc,128,0.19,extract_adapter.py log (2-dec),log,/home/max/Documents/openbeast/research/lowrank/experiments/32-t117-gsq-head-to-head/extract-UD-Q2_K_XL.log
q38-27b-UD-Q2KXL,27B,Qwen3.8-27B,qwen35,5120,UD-Q2_K_XL,blk.52.attn_gate.weight,attn_gate,52,5120,6144,fc,128,0.2,extract_adapter.py log (2-dec),log,/home/max/Documents/openbeast/research/lowrank/experiments/32-t117-gsq-head-to-head/extract-UD-Q2_K_XL.log
q38-27b-UD-Q2KXL,27B,Qwen3.8-27B,qwen35,5120,UD-Q2_K_XL,blk.52.ssm_out.weight,ssm_out,52,6144,5120,fc,128,0.35,extract_adapter.py log (2-dec),log,/home/max/Documents/openbeast/research/lowrank/experiments/32-t117-gsq-head-to-head/extract-UD-Q2_K_XL.log
q38-27b-UD-Q2KXL,27B,Qwen3.8-27B,qwen35,5120,UD-Q2_K_XL,blk.52.ffn_down.weight,ffn_down,52,17408,5120,fc,128,0.22,extract_adapter.py log (2-dec),log,/home/max/Documents/openbeast/research/lowrank/experiments/32-t117-gsq-head-to-head/extract-UD-Q2_K_XL.log
q38-27b-UD-Q2KXL,27B,Qwen3.8-27B,qwen35,5120,UD-Q2_K_XL,blk.52.ffn_gate.weight,ffn_gate,52,5120,17408,fc,128,0.18,extract_adapter.py log (2-dec),log,/home/max/Documents/openbeast/research/lowrank/experiments/32-t117-gsq-head-to-head/extract-UD-Q2_K_XL.log
q38-27b-UD-Q2KXL,27B,Qwen3.8-27B,qwen35,5120,UD-Q2_K_XL,blk.52.ffn_up.weight,ffn_up,52,5120,17408,fc,128,0.18,extract_adapter.py log (2-dec),log,/home/max/Documents/openbeast/research/lowrank/experiments/32-t117-gsq-head-to-head/extract-UD-Q2_K_XL.log
q38-27b-UD-Q2KXL,27B,Qwen3.8-27B,qwen35,5120,UD-Q2_K_XL,blk.53.attn_qkv.weight,attn_qkv,53,5120,10240,fc,128,0.2,extract_adapter.py log (2-dec),log,/home/max/Documents/openbeast/research/lowrank/experiments/32-t117-gsq-head-to-head/extract-UD-Q2_K_XL.log
q38-27b-UD-Q2KXL,27B,Qwen3.8-27B,qwen35,5120,UD-Q2_K_XL,blk.53.attn_gate.weight,attn_gate,53,5120,6144,fc,128,0.21,extract_adapter.py log (2-dec),log,/home/max/Documents/openbeast/research/lowrank/experiments/32-t117-gsq-head-to-head/extract-UD-Q2_K_XL.log
q38-27b-UD-Q2KXL,27B,Qwen3.8-27B,qwen35,5120,UD-Q2_K_XL,blk.53.ssm_out.weight,ssm_out,53,6144,5120,fc,128,0.29,extract_adapter.py log (2-dec),log,/home/max/Documents/openbeast/research/lowrank/experiments/32-t117-gsq-head-to-head/extract-UD-Q2_K_XL.log
q38-27b-UD-Q2KXL,27B,Qwen3.8-27B,qwen35,5120,UD-Q2_K_XL,blk.53.ffn_down.weight,ffn_down,53,17408,5120,fc,128,0.18,extract_adapter.py log (2-dec),log,/home/max/Documents/openbeast/research/lowrank/experiments/32-t117-gsq-head-to-head/extract-UD-Q2_K_XL.log
q38-27b-UD-Q2KXL,27B,Qwen3.8-27B,qwen35,5120,UD-Q2_K_XL,blk.53.ffn_gate.weight,ffn_gate,53,5120,17408,fc,128,0.18,extract_adapter.py log (2-dec),log,/home/max/Documents/openbeast/research/lowrank/experiments/32-t117-gsq-head-to-head/extract-UD-Q2_K_XL.log
q38-27b-UD-Q2KXL,27B,Qwen3.8-27B,qwen35,5120,UD-Q2_K_XL,blk.53.ffn_up.weight,ffn_up,53,5120,17408,fc,128,0.18,extract_adapter.py log (2-dec),log,/home/max/Documents/openbeast/research/lowrank/experiments/32-t117-gsq-head-to-head/extract-UD-Q2_K_XL.log
q38-27b-UD-Q2KXL,27B,Qwen3.8-27B,qwen35,5120,UD-Q2_K_XL,blk.54.attn_qkv.weight,attn_qkv,54,5120,10240,fc,128,0.21,extract_adapter.py log (2-dec),log,/home/max/Documents/openbeast/research/lowrank/experiments/32-t117-gsq-head-to-head/extract-UD-Q2_K_XL.log
q38-27b-UD-Q2KXL,27B,Qwen3.8-27B,qwen35,5120,UD-Q2_K_XL,blk.54.attn_gate.weight,attn_gate,54,5120,6144,fc,128,0.21,extract_adapter.py log (2-dec),log,/home/max/Documents/openbeast/research/lowrank/experiments/32-t117-gsq-head-to-head/extract-UD-Q2_K_XL.log
q38-27b-UD-Q2KXL,27B,Qwen3.8-27B,qwen35,5120,UD-Q2_K_XL,blk.54.ssm_out.weight,ssm_out,54,6144,5120,fc,128,0.38,extract_adapter.py log (2-dec),log,/home/max/Documents/openbeast/research/lowrank/experiments/32-t117-gsq-head-to-head/extract-UD-Q2_K_XL.log
q38-27b-UD-Q2KXL,27B,Qwen3.8-27B,qwen35,5120,UD-Q2_K_XL,blk.54.ffn_down.weight,ffn_down,54,17408,5120,fc,128,0.23,extract_adapter.py log (2-dec),log,/home/max/Documents/openbeast/research/lowrank/experiments/32-t117-gsq-head-to-head/extract-UD-Q2_K_XL.log
q38-27b-UD-Q2KXL,27B,Qwen3.8-27B,qwen35,5120,UD-Q2_K_XL,blk.54.ffn_gate.weight,ffn_gate,54,5120,17408,fc,128,0.18,extract_adapter.py log (2-dec),log,/home/max/Documents/openbeast/research/lowrank/experiments/32-t117-gsq-head-to-head/extract-UD-Q2_K_XL.log
q38-27b-UD-Q2KXL,27B,Qwen3.8-27B,qwen35,5120,UD-Q2_K_XL,blk.54.ffn_up.weight,ffn_up,54,5120,17408,fc,128,0.18,extract_adapter.py log (2-dec),log,/home/max/Documents/openbeast/research/lowrank/experiments/32-t117-gsq-head-to-head/extract-UD-Q2_K_XL.log
q38-27b-UD-Q2KXL,27B,Qwen3.8-27B,qwen35,5120,UD-Q2_K_XL,blk.55.ffn_down.weight,ffn_down,55,17408,5120,fc,128,0.23,extract_adapter.py log (2-dec),log,/home/max/Documents/openbeast/research/lowrank/experiments/32-t117-gsq-head-to-head/extract-UD-Q2_K_XL.log
q38-27b-UD-Q2KXL,27B,Qwen3.8-27B,qwen35,5120,UD-Q2_K_XL,blk.55.ffn_gate.weight,ffn_gate,55,5120,17408,fc,128,0.18,extract_adapter.py log (2-dec),log,/home/max/Documents/openbeast/research/lowrank/experiments/32-t117-gsq-head-to-head/extract-UD-Q2_K_XL.log
q38-27b-UD-Q2KXL,27B,Qwen3.8-27B,qwen35,5120,UD-Q2_K_XL,blk.55.ffn_up.weight,ffn_up,55,5120,17408,fc,128,0.18,extract_adapter.py log (2-dec),log,/home/max/Documents/openbeast/research/lowrank/experiments/32-t117-gsq-head-to-head/extract-UD-Q2_K_XL.log
q38-27b-UD-Q2KXL,27B,Qwen3.8-27B,qwen35,5120,UD-Q2_K_XL,blk.55.attn_k.weight,attn_k,55,5120,1024,fc,128,0.38,extract_adapter.py log (2-dec),log,/home/max/Documents/openbeast/research/lowrank/experiments/32-t117-gsq-head-to-head/extract-UD-Q2_K_XL.log
q38-27b-UD-Q2KXL,27B,Qwen3.8-27B,qwen35,5120,UD-Q2_K_XL,blk.55.attn_output.weight,attn_o,55,6144,5120,fc,128,0.33,extract_adapter.py log (2-dec),log,/home/max/Documents/openbeast/research/lowrank/experiments/32-t117-gsq-head-to-head/extract-UD-Q2_K_XL.log
q38-27b-UD-Q2KXL,27B,Qwen3.8-27B,qwen35,5120,UD-Q2_K_XL,blk.55.attn_q.weight,attn_q,55,5120,12288,fc,128,0.22,extract_adapter.py log (2-dec),log,/home/max/Documents/openbeast/research/lowrank/experiments/32-t117-gsq-head-to-head/extract-UD-Q2_K_XL.log
q38-27b-UD-Q2KXL,27B,Qwen3.8-27B,qwen35,5120,UD-Q2_K_XL,blk.55.attn_v.weight,attn_v,55,5120,1024,fc,128,0.34,extract_adapter.py log (2-dec),log,/home/max/Documents/openbeast/research/lowrank/experiments/32-t117-gsq-head-to-head/extract-UD-Q2_K_XL.log
q38-27b-UD-Q2KXL,27B,Qwen3.8-27B,qwen35,5120,UD-Q2_K_XL,blk.56.attn_qkv.weight,attn_qkv,56,5120,10240,fc,128,0.2,extract_adapter.py log (2-dec),log,/home/max/Documents/openbeast/research/lowrank/experiments/32-t117-gsq-head-to-head/extract-UD-Q2_K_XL.log
q38-27b-UD-Q2KXL,27B,Qwen3.8-27B,qwen35,5120,UD-Q2_K_XL,blk.56.attn_gate.weight,attn_gate,56,5120,6144,fc,128,0.21,extract_adapter.py log (2-dec),log,/home/max/Documents/openbeast/research/lowrank/experiments/32-t117-gsq-head-to-head/extract-UD-Q2_K_XL.log
q38-27b-UD-Q2KXL,27B,Qwen3.8-27B,qwen35,5120,UD-Q2_K_XL,blk.56.ssm_out.weight,ssm_out,56,6144,5120,fc,128,0.43,extract_adapter.py log (2-dec),log,/home/max/Documents/openbeast/research/lowrank/experiments/32-t117-gsq-head-to-head/extract-UD-Q2_K_XL.log
q38-27b-UD-Q2KXL,27B,Qwen3.8-27B,qwen35,5120,UD-Q2_K_XL,blk.56.ffn_down.weight,ffn_down,56,17408,5120,fc,128,0.26,extract_adapter.py log (2-dec),log,/home/max/Documents/openbeast/research/lowrank/experiments/32-t117-gsq-head-to-head/extract-UD-Q2_K_XL.log
q38-27b-UD-Q2KXL,27B,Qwen3.8-27B,qwen35,5120,UD-Q2_K_XL,blk.56.ffn_gate.weight,ffn_gate,56,5120,17408,fc,128,0.2,extract_adapter.py log (2-dec),log,/home/max/Documents/openbeast/research/lowrank/experiments/32-t117-gsq-head-to-head/extract-UD-Q2_K_XL.log
q38-27b-UD-Q2KXL,27B,Qwen3.8-27B,qwen35,5120,UD-Q2_K_XL,blk.56.ffn_up.weight,ffn_up,56,5120,17408,fc,128,0.19,extract_adapter.py log (2-dec),log,/home/max/Documents/openbeast/research/lowrank/experiments/32-t117-gsq-head-to-head/extract-UD-Q2_K_XL.log
q38-27b-UD-Q2KXL,27B,Qwen3.8-27B,qwen35,5120,UD-Q2_K_XL,blk.57.attn_qkv.weight,attn_qkv,57,5120,10240,fc,128,0.22,extract_adapter.py log (2-dec),log,/home/max/Documents/openbeast/research/lowrank/experiments/32-t117-gsq-head-to-head/extract-UD-Q2_K_XL.log
q38-27b-UD-Q2KXL,27B,Qwen3.8-27B,qwen35,5120,UD-Q2_K_XL,blk.57.attn_gate.weight,attn_gate,57,5120,6144,fc,128,0.22,extract_adapter.py log (2-dec),log,/home/max/Documents/openbeast/research/lowrank/experiments/32-t117-gsq-head-to-head/extract-UD-Q2_K_XL.log
q38-27b-UD-Q2KXL,27B,Qwen3.8-27B,qwen35,5120,UD-Q2_K_XL,blk.57.ssm_out.weight,ssm_out,57,6144,5120,fc,128,0.47,extract_adapter.py log (2-dec),log,/home/max/Documents/openbeast/research/lowrank/experiments/32-t117-gsq-head-to-head/extract-UD-Q2_K_XL.log
q38-27b-UD-Q2KXL,27B,Qwen3.8-27B,qwen35,5120,UD-Q2_K_XL,blk.57.ffn_down.weight,ffn_down,57,17408,5120,fc,128,0.28,extract_adapter.py log (2-dec),log,/home/max/Documents/openbeast/research/lowrank/experiments/32-t117-gsq-head-to-head/extract-UD-Q2_K_XL.log
q38-27b-UD-Q2KXL,27B,Qwen3.8-27B,qwen35,5120,UD-Q2_K_XL,blk.57.ffn_gate.weight,ffn_gate,57,5120,17408,fc,128,0.2,extract_adapter.py log (2-dec),log,/home/max/Documents/openbeast/research/lowrank/experiments/32-t117-gsq-head-to-head/extract-UD-Q2_K_XL.log
q38-27b-UD-Q2KXL,27B,Qwen3.8-27B,qwen35,5120,UD-Q2_K_XL,blk.57.ffn_up.weight,ffn_up,57,5120,17408,fc,128,0.2,extract_adapter.py log (2-dec),log,/home/max/Documents/openbeast/research/lowrank/experiments/32-t117-gsq-head-to-head/extract-UD-Q2_K_XL.log
q38-27b-UD-Q2KXL,27B,Qwen3.8-27B,qwen35,5120,UD-Q2_K_XL,blk.58.attn_qkv.weight,attn_qkv,58,5120,10240,fc,128,0.21,extract_adapter.py log (2-dec),log,/home/max/Documents/openbeast/research/lowrank/experiments/32-t117-gsq-head-to-head/extract-UD-Q2_K_XL.log
q38-27b-UD-Q2KXL,27B,Qwen3.8-27B,qwen35,5120,UD-Q2_K_XL,blk.58.attn_gate.weight,attn_gate,58,5120,6144,fc,128,0.22,extract_adapter.py log (2-dec),log,/home/max/Documents/openbeast/research/lowrank/experiments/32-t117-gsq-head-to-head/extract-UD-Q2_K_XL.log
q38-27b-UD-Q2KXL,27B,Qwen3.8-27B,qwen35,5120,UD-Q2_K_XL,blk.58.ssm_out.weight,ssm_out,58,6144,5120,fc,128,0.42,extract_adapter.py log (2-dec),log,/home/max/Documents/openbeast/research/lowrank/experiments/32-t117-gsq-head-to-head/extract-UD-Q2_K_XL.log
q38-27b-UD-Q2KXL,27B,Qwen3.8-27B,qwen35,5120,UD-Q2_K_XL,blk.58.ffn_down.weight,ffn_down,58,17408,5120,fc,128,0.26,extract_adapter.py log (2-dec),log,/home/max/Documents/openbeast/research/lowrank/experiments/32-t117-gsq-head-to-head/extract-UD-Q2_K_XL.log
q38-27b-UD-Q2KXL,27B,Qwen3.8-27B,qwen35,5120,UD-Q2_K_XL,blk.58.ffn_gate.weight,ffn_gate,58,5120,17408,fc,128,0.2,extract_adapter.py log (2-dec),log,/home/max/Documents/openbeast/research/lowrank/experiments/32-t117-gsq-head-to-head/extract-UD-Q2_K_XL.log
q38-27b-UD-Q2KXL,27B,Qwen3.8-27B,qwen35,5120,UD-Q2_K_XL,blk.58.ffn_up.weight,ffn_up,58,5120,17408,fc,128,0.2,extract_adapter.py log (2-dec),log,/home/max/Documents/openbeast/research/lowrank/experiments/32-t117-gsq-head-to-head/extract-UD-Q2_K_XL.log
q38-27b-UD-Q2KXL,27B,Qwen3.8-27B,qwen35,5120,UD-Q2_K_XL,blk.59.ffn_down.weight,ffn_down,59,17408,5120,fc,128,0.21,extract_adapter.py log (2-dec),log,/home/max/Documents/openbeast/research/lowrank/experiments/32-t117-gsq-head-to-head/extract-UD-Q2_K_XL.log
q38-27b-UD-Q2KXL,27B,Qwen3.8-27B,qwen35,5120,UD-Q2_K_XL,blk.59.ffn_gate.weight,ffn_gate,59,5120,17408,fc,128,0.2,extract_adapter.py log (2-dec),log,/home/max/Documents/openbeast/research/lowrank/experiments/32-t117-gsq-head-to-head/extract-UD-Q2_K_XL.log
q38-27b-UD-Q2KXL,27B,Qwen3.8-27B,qwen35,5120,UD-Q2_K_XL,blk.59.ffn_up.weight,ffn_up,59,5120,17408,fc,128,0.2,extract_adapter.py log (2-dec),log,/home/max/Documents/openbeast/research/lowrank/experiments/32-t117-gsq-head-to-head/extract-UD-Q2_K_XL.log
q38-27b-UD-Q2KXL,27B,Qwen3.8-27B,qwen35,5120,UD-Q2_K_XL,blk.59.attn_k.weight,attn_k,59,5120,1024,fc,128,0.4,extract_adapter.py log (2-dec),log,/home/max/Documents/openbeast/research/lowrank/experiments/32-t117-gsq-head-to-head/extract-UD-Q2_K_XL.log
q38-27b-UD-Q2KXL,27B,Qwen3.8-27B,qwen35,5120,UD-Q2_K_XL,blk.59.attn_output.weight,attn_o,59,6144,5120,fc,128,0.46,extract_adapter.py log (2-dec),log,/home/max/Documents/openbeast/research/lowrank/experiments/32-t117-gsq-head-to-head/extract-UD-Q2_K_XL.log
q38-27b-UD-Q2KXL,27B,Qwen3.8-27B,qwen35,5120,UD-Q2_K_XL,blk.59.attn_q.weight,attn_q,59,5120,12288,fc,128,0.21,extract_adapter.py log (2-dec),log,/home/max/Documents/openbeast/research/lowrank/experiments/32-t117-gsq-head-to-head/extract-UD-Q2_K_XL.log
q38-27b-UD-Q2KXL,27B,Qwen3.8-27B,qwen35,5120,UD-Q2_K_XL,blk.59.attn_v.weight,attn_v,59,5120,1024,fc,128,0.36,extract_adapter.py log (2-dec),log,/home/max/Documents/openbeast/research/lowrank/experiments/32-t117-gsq-head-to-head/extract-UD-Q2_K_XL.log
q38-27b-UD-Q2KXL,27B,Qwen3.8-27B,qwen35,5120,UD-Q2_K_XL,blk.60.attn_qkv.weight,attn_qkv,60,5120,10240,fc,128,0.22,extract_adapter.py log (2-dec),log,/home/max/Documents/openbeast/research/lowrank/experiments/32-t117-gsq-head-to-head/extract-UD-Q2_K_XL.log
q38-27b-UD-Q2KXL,27B,Qwen3.8-27B,qwen35,5120,UD-Q2_K_XL,blk.60.attn_gate.weight,attn_gate,60,5120,6144,fc,128,0.22,extract_adapter.py log (2-dec),log,/home/max/Documents/openbeast/research/lowrank/experiments/32-t117-gsq-head-to-head/extract-UD-Q2_K_XL.log
q38-27b-UD-Q2KXL,27B,Qwen3.8-27B,qwen35,5120,UD-Q2_K_XL,blk.60.ssm_out.weight,ssm_out,60,6144,5120,fc,128,0.36,extract_adapter.py log (2-dec),log,/home/max/Documents/openbeast/research/lowrank/experiments/32-t117-gsq-head-to-head/extract-UD-Q2_K_XL.log
q38-27b-UD-Q2KXL,27B,Qwen3.8-27B,qwen35,5120,UD-Q2_K_XL,blk.60.ffn_down.weight,ffn_down,60,17408,5120,fc,128,0.2,extract_adapter.py log (2-dec),log,/home/max/Documents/openbeast/research/lowrank/experiments/32-t117-gsq-head-to-head/extract-UD-Q2_K_XL.log
q38-27b-UD-Q2KXL,27B,Qwen3.8-27B,qwen35,5120,UD-Q2_K_XL,blk.60.ffn_gate.weight,ffn_gate,60,5120,17408,fc,128,0.2,extract_adapter.py log (2-dec),log,/home/max/Documents/openbeast/research/lowrank/experiments/32-t117-gsq-head-to-head/extract-UD-Q2_K_XL.log
q38-27b-UD-Q2KXL,27B,Qwen3.8-27B,qwen35,5120,UD-Q2_K_XL,blk.60.ffn_up.weight,ffn_up,60,5120,17408,fc,128,0.2,extract_adapter.py log (2-dec),log,/home/max/Documents/openbeast/research/lowrank/experiments/32-t117-gsq-head-to-head/extract-UD-Q2_K_XL.log
q38-27b-UD-Q2KXL,27B,Qwen3.8-27B,qwen35,5120,UD-Q2_K_XL,blk.61.attn_qkv.weight,attn_qkv,61,5120,10240,fc,128,0.21,extract_adapter.py log (2-dec),log,/home/max/Documents/openbeast/research/lowrank/experiments/32-t117-gsq-head-to-head/extract-UD-Q2_K_XL.log
q38-27b-UD-Q2KXL,27B,Qwen3.8-27B,qwen35,5120,UD-Q2_K_XL,blk.61.attn_gate.weight,attn_gate,61,5120,6144,fc,128,0.22,extract_adapter.py log (2-dec),log,/home/max/Documents/openbeast/research/lowrank/experiments/32-t117-gsq-head-to-head/extract-UD-Q2_K_XL.log
q38-27b-UD-Q2KXL,27B,Qwen3.8-27B,qwen35,5120,UD-Q2_K_XL,blk.61.ssm_out.weight,ssm_out,61,6144,5120,fc,128,0.55,extract_adapter.py log (2-dec),log,/home/max/Documents/openbeast/research/lowrank/experiments/32-t117-gsq-head-to-head/extract-UD-Q2_K_XL.log
q38-27b-UD-Q2KXL,27B,Qwen3.8-27B,qwen35,5120,UD-Q2_K_XL,blk.61.ffn_down.weight,ffn_down,61,17408,5120,fc,128,0.23,extract_adapter.py log (2-dec),log,/home/max/Documents/openbeast/research/lowrank/experiments/32-t117-gsq-head-to-head/extract-UD-Q2_K_XL.log
q38-27b-UD-Q2KXL,27B,Qwen3.8-27B,qwen35,5120,UD-Q2_K_XL,blk.61.ffn_gate.weight,ffn_gate,61,5120,17408,fc,128,0.2,extract_adapter.py log (2-dec),log,/home/max/Documents/openbeast/research/lowrank/experiments/32-t117-gsq-head-to-head/extract-UD-Q2_K_XL.log
q38-27b-UD-Q2KXL,27B,Qwen3.8-27B,qwen35,5120,UD-Q2_K_XL,blk.61.ffn_up.weight,ffn_up,61,5120,17408,fc,128,0.2,extract_adapter.py log (2-dec),log,/home/max/Documents/openbeast/research/lowrank/experiments/32-t117-gsq-head-to-head/extract-UD-Q2_K_XL.log
q38-27b-UD-Q2KXL,27B,Qwen3.8-27B,qwen35,5120,UD-Q2_K_XL,blk.62.attn_qkv.weight,attn_qkv,62,5120,10240,fc,128,0.21,extract_adapter.py log (2-dec),log,/home/max/Documents/openbeast/research/lowrank/experiments/32-t117-gsq-head-to-head/extract-UD-Q2_K_XL.log
q38-27b-UD-Q2KXL,27B,Qwen3.8-27B,qwen35,5120,UD-Q2_K_XL,blk.62.attn_gate.weight,attn_gate,62,5120,6144,fc,128,0.22,extract_adapter.py log (2-dec),log,/home/max/Documents/openbeast/research/lowrank/experiments/32-t117-gsq-head-to-head/extract-UD-Q2_K_XL.log
q38-27b-UD-Q2KXL,27B,Qwen3.8-27B,qwen35,5120,UD-Q2_K_XL,blk.62.ssm_out.weight,ssm_out,62,6144,5120,fc,128,0.36,extract_adapter.py log (2-dec),log,/home/max/Documents/openbeast/research/lowrank/experiments/32-t117-gsq-head-to-head/extract-UD-Q2_K_XL.log
q38-27b-UD-IQ2S,27B,Qwen3.8-27B,qwen35,5120,UD-IQ2_S,blk.0.attn_qkv.weight,attn_qkv,0,5120,10240,fc,128,0.22,extract_adapter.py log (2-dec),log,/home/max/Documents/openbeast/research/lowrank/experiments/32-t117-gsq-head-to-head/extract-UD-IQ2_S.log
q38-27b-UD-IQ2S,27B,Qwen3.8-27B,qwen35,5120,UD-IQ2_S,blk.0.attn_gate.weight,attn_gate,0,5120,6144,fc,128,0.21,extract_adapter.py log (2-dec),log,/home/max/Documents/openbeast/research/lowrank/experiments/32-t117-gsq-head-to-head/extract-UD-IQ2_S.log
q38-27b-UD-IQ2S,27B,Qwen3.8-27B,qwen35,5120,UD-IQ2_S,blk.0.ssm_out.weight,ssm_out,0,6144,5120,fc,128,0.34,extract_adapter.py log (2-dec),log,/home/max/Documents/openbeast/research/lowrank/experiments/32-t117-gsq-head-to-head/extract-UD-IQ2_S.log
q38-27b-UD-IQ2S,27B,Qwen3.8-27B,qwen35,5120,UD-IQ2_S,blk.0.ffn_down.weight,ffn_down,0,17408,5120,fc,128,0.25,extract_adapter.py log (2-dec),log,/home/max/Documents/openbeast/research/lowrank/experiments/32-t117-gsq-head-to-head/extract-UD-IQ2_S.log
q38-27b-UD-IQ2S,27B,Qwen3.8-27B,qwen35,5120,UD-IQ2_S,blk.0.ffn_gate.weight,ffn_gate,0,5120,17408,fc,128,0.2,extract_adapter.py log (2-dec),log,/home/max/Documents/openbeast/research/lowrank/experiments/32-t117-gsq-head-to-head/extract-UD-IQ2_S.log
q38-27b-UD-IQ2S,27B,Qwen3.8-27B,qwen35,5120,UD-IQ2_S,blk.0.ffn_up.weight,ffn_up,0,5120,17408,fc,128,0.2,extract_adapter.py log (2-dec),log,/home/max/Documents/openbeast/research/lowrank/experiments/32-t117-gsq-head-to-head/extract-UD-IQ2_S.log
q38-27b-UD-IQ2S,27B,Qwen3.8-27B,qwen35,5120,UD-IQ2_S,blk.1.attn_qkv.weight,attn_qkv,1,5120,10240,fc,128,0.21,extract_adapter.py log (2-dec),log,/home/max/Documents/openbeast/research/lowrank/experiments/32-t117-gsq-head-to-head/extract-UD-IQ2_S.log
q38-27b-UD-IQ2S,27B,Qwen3.8-27B,qwen35,5120,UD-IQ2_S,blk.1.attn_gate.weight,attn_gate,1,5120,6144,fc,128,0.24,extract_adapter.py log (2-dec),log,/home/max/Documents/openbeast/research/lowrank/experiments/32-t117-gsq-head-to-head/extract-UD-IQ2_S.log
q38-27b-UD-IQ2S,27B,Qwen3.8-27B,qwen35,5120,UD-IQ2_S,blk.1.ssm_out.weight,ssm_out,1,6144,5120,fc,128,0.27,extract_adapter.py log (2-dec),log,/home/max/Documents/openbeast/research/lowrank/experiments/32-t117-gsq-head-to-head/extract-UD-IQ2_S.log
q38-27b-UD-IQ2S,27B,Qwen3.8-27B,qwen35,5120,UD-IQ2_S,blk.1.ffn_down.weight,ffn_down,1,17408,5120,fc,128,0.2,extract_adapter.py log (2-dec),log,/home/max/Documents/openbeast/research/lowrank/experiments/32-t117-gsq-head-to-head/extract-UD-IQ2_S.log
q38-27b-UD-IQ2S,27B,Qwen3.8-27B,qwen35,5120,UD-IQ2_S,blk.1.ffn_gate.weight,ffn_gate,1,5120,17408,fc,128,0.18,extract_adapter.py log (2-dec),log,/home/max/Documents/openbeast/research/lowrank/experiments/32-t117-gsq-head-to-head/extract-UD-IQ2_S.log
q38-27b-UD-IQ2S,27B,Qwen3.8-27B,qwen35,5120,UD-IQ2_S,blk.1.ffn_up.weight,ffn_up,1,5120,17408,fc,128,0.18,extract_adapter.py log (2-dec),log,/home/max/Documents/openbeast/research/lowrank/experiments/32-t117-gsq-head-to-head/extract-UD-IQ2_S.log
q38-27b-UD-IQ2S,27B,Qwen3.8-27B,qwen35,5120,UD-IQ2_S,blk.2.attn_qkv.weight,attn_qkv,2,5120,10240,fc,128,0.22,extract_adapter.py log (2-dec),log,/home/max/Documents/openbeast/research/lowrank/experiments/32-t117-gsq-head-to-head/extract-UD-IQ2_S.log
q38-27b-UD-IQ2S,27B,Qwen3.8-27B,qwen35,5120,UD-IQ2_S,blk.2.attn_gate.weight,attn_gate,2,5120,6144,fc,128,0.22,extract_adapter.py log (2-dec),log,/home/max/Documents/openbeast/research/lowrank/experiments/32-t117-gsq-head-to-head/extract-UD-IQ2_S.log
q38-27b-UD-IQ2S,27B,Qwen3.8-27B,qwen35,5120,UD-IQ2_S,blk.2.ssm_out.weight,ssm_out,2,6144,5120,fc,128,0.34,extract_adapter.py log (2-dec),log,/home/max/Documents/openbeast/research/lowrank/experiments/32-t117-gsq-head-to-head/extract-UD-IQ2_S.log
q38-27b-UD-IQ2S,27B,Qwen3.8-27B,qwen35,5120,UD-IQ2_S,blk.2.ffn_down.weight,ffn_down,2,17408,5120,fc,128,0.25,extract_adapter.py log (2-dec),log,/home/max/Documents/openbeast/research/lowrank/experiments/32-t117-gsq-head-to-head/extract-UD-IQ2_S.log
q38-27b-UD-IQ2S,27B,Qwen3.8-27B,qwen35,5120,UD-IQ2_S,blk.2.ffn_gate.weight,ffn_gate,2,5120,17408,fc,128,0.18,extract_adapter.py log (2-dec),log,/home/max/Documents/openbeast/research/lowrank/experiments/32-t117-gsq-head-to-head/extract-UD-IQ2_S.log
q38-27b-UD-IQ2S,27B,Qwen3.8-27B,qwen35,5120,UD-IQ2_S,blk.2.ffn_up.weight,ffn_up,2,5120,17408,fc,128,0.18,extract_adapter.py log (2-dec),log,/home/max/Documents/openbeast/research/lowrank/experiments/32-t117-gsq-head-to-head/extract-UD-IQ2_S.log
q38-27b-UD-IQ2S,27B,Qwen3.8-27B,qwen35,5120,UD-IQ2_S,blk.3.ffn_down.weight,ffn_down,3,17408,5120,fc,128,0.24,extract_adapter.py log (2-dec),log,/home/max/Documents/openbeast/research/lowrank/experiments/32-t117-gsq-head-to-head/extract-UD-IQ2_S.log
q38-27b-UD-IQ2S,27B,Qwen3.8-27B,qwen35,5120,UD-IQ2_S,blk.3.ffn_gate.weight,ffn_gate,3,5120,17408,fc,128,0.18,extract_adapter.py log (2-dec),log,/home/max/Documents/openbeast/research/lowrank/experiments/32-t117-gsq-head-to-head/extract-UD-IQ2_S.log
q38-27b-UD-IQ2S,27B,Qwen3.8-27B,qwen35,5120,UD-IQ2_S,blk.3.ffn_up.weight,ffn_up,3,5120,17408,fc,128,0.19,extract_adapter.py log (2-dec),log,/home/max/Documents/openbeast/research/lowrank/experiments/32-t117-gsq-head-to-head/extract-UD-IQ2_S.log
q38-27b-UD-IQ2S,27B,Qwen3.8-27B,qwen35,5120,UD-IQ2_S,blk.3.attn_k.weight,attn_k,3,5120,1024,fc,128,0.36,extract_adapter.py log (2-dec),log,/home/max/Documents/openbeast/research/lowrank/experiments/32-t117-gsq-head-to-head/extract-UD-IQ2_S.log
q38-27b-UD-IQ2S,27B,Qwen3.8-27B,qwen35,5120,UD-IQ2_S,blk.3.attn_output.weight,attn_o,3,6144,5120,fc,128,0.43,extract_adapter.py log (2-dec),log,/home/max/Documents/openbeast/research/lowrank/experiments/32-t117-gsq-head-to-head/extract-UD-IQ2_S.log
q38-27b-UD-IQ2S,27B,Qwen3.8-27B,qwen35,5120,UD-IQ2_S,blk.3.attn_q.weight,attn_q,3,5120,12288,fc,128,0.19,extract_adapter.py log (2-dec),log,/home/max/Documents/openbeast/research/lowrank/experiments/32-t117-gsq-head-to-head/extract-UD-IQ2_S.log
q38-27b-UD-IQ2S,27B,Qwen3.8-27B,qwen35,5120,UD-IQ2_S,blk.3.attn_v.weight,attn_v,3,5120,1024,fc,128,0.32,extract_adapter.py log (2-dec),log,/home/max/Documents/openbeast/research/lowrank/experiments/32-t117-gsq-head-to-head/extract-UD-IQ2_S.log
q38-27b-UD-IQ2S,27B,Qwen3.8-27B,qwen35,5120,UD-IQ2_S,blk.4.attn_qkv.weight,attn_qkv,4,5120,10240,fc,128,0.2,extract_adapter.py log (2-dec),log,/home/max/Documents/openbeast/research/lowrank/experiments/32-t117-gsq-head-to-head/extract-UD-IQ2_S.log
q38-27b-UD-IQ2S,27B,Qwen3.8-27B,qwen35,5120,UD-IQ2_S,blk.4.attn_gate.weight,attn_gate,4,5120,6144,fc,128,0.22,extract_adapter.py log (2-dec),log,/home/max/Documents/openbeast/research/lowrank/experiments/32-t117-gsq-head-to-head/extract-UD-IQ2_S.log
q38-27b-UD-IQ2S,27B,Qwen3.8-27B,qwen35,5120,UD-IQ2_S,blk.4.ssm_out.weight,ssm_out,4,6144,5120,fc,128,0.31,extract_adapter.py log (2-dec),log,/home/max/Documents/openbeast/research/lowrank/experiments/32-t117-gsq-head-to-head/extract-UD-IQ2_S.log
q38-27b-UD-IQ2S,27B,Qwen3.8-27B,qwen35,5120,UD-IQ2_S,blk.4.ffn_down.weight,ffn_down,4,17408,5120,fc,128,0.19,extract_adapter.py log (2-dec),log,/home/max/Documents/openbeast/research/lowrank/experiments/32-t117-gsq-head-to-head/extract-UD-IQ2_S.log
q38-27b-UD-IQ2S,27B,Qwen3.8-27B,qwen35,5120,UD-IQ2_S,blk.4.ffn_gate.weight,ffn_gate,4,5120,17408,fc,128,0.18,extract_adapter.py log (2-dec),log,/home/max/Documents/openbeast/research/lowrank/experiments/32-t117-gsq-head-to-head/extract-UD-IQ2_S.log
q38-27b-UD-IQ2S,27B,Qwen3.8-27B,qwen35,5120,UD-IQ2_S,blk.4.ffn_up.weight,ffn_up,4,5120,17408,fc,128,0.18,extract_adapter.py log (2-dec),log,/home/max/Documents/openbeast/research/lowrank/experiments/32-t117-gsq-head-to-head/extract-UD-IQ2_S.log
q38-27b-UD-IQ2S,27B,Qwen3.8-27B,qwen35,5120,UD-IQ2_S,blk.5.attn_qkv.weight,attn_qkv,5,5120,10240,fc,128,0.2,extract_adapter.py log (2-dec),log,/home/max/Documents/openbeast/research/lowrank/experiments/32-t117-gsq-head-to-head/extract-UD-IQ2_S.log
q38-27b-UD-IQ2S,27B,Qwen3.8-27B,qwen35,5120,UD-IQ2_S,blk.5.attn_gate.weight,attn_gate,5,5120,6144,fc,128,0.21,extract_adapter.py log (2-dec),log,/home/max/Documents/openbeast/research/lowrank/experiments/32-t117-gsq-head-to-head/extract-UD-IQ2_S.log
q38-27b-UD-IQ2S,27B,Qwen3.8-27B,qwen35,5120,UD-IQ2_S,blk.5.ssm_out.weight,ssm_out,5,6144,5120,fc,128,0.25,extract_adapter.py log (2-dec),log,/home/max/Documents/openbeast/research/lowrank/experiments/32-t117-gsq-head-to-head/extract-UD-IQ2_S.log
q38-27b-UD-IQ2S,27B,Qwen3.8-27B,qwen35,5120,UD-IQ2_S,blk.5.ffn_down.weight,ffn_down,5,17408,5120,fc,128,0.16,extract_adapter.py log (2-dec),log,/home/max/Documents/openbeast/research/lowrank/experiments/32-t117-gsq-head-to-head/extract-UD-IQ2_S.log
q38-27b-UD-IQ2S,27B,Qwen3.8-27B,qwen35,5120,UD-IQ2_S,blk.5.ffn_gate.weight,ffn_gate,5,5120,17408,fc,128,0.17,extract_adapter.py log (2-dec),log,/home/max/Documents/openbeast/research/lowrank/experiments/32-t117-gsq-head-to-head/extract-UD-IQ2_S.log
q38-27b-UD-IQ2S,27B,Qwen3.8-27B,qwen35,5120,UD-IQ2_S,blk.5.ffn_up.weight,ffn_up,5,5120,17408,fc,128,0.17,extract_adapter.py log (2-dec),log,/home/max/Documents/openbeast/research/lowrank/experiments/32-t117-gsq-head-to-head/extract-UD-IQ2_S.log
q38-27b-UD-IQ2S,27B,Qwen3.8-27B,qwen35,5120,UD-IQ2_S,blk.6.attn_qkv.weight,attn_qkv,6,5120,10240,fc,128,0.19,extract_adapter.py log (2-dec),log,/home/max/Documents/openbeast/research/lowrank/experiments/32-t117-gsq-head-to-head/extract-UD-IQ2_S.log
q38-27b-UD-IQ2S,27B,Qwen3.8-27B,qwen35,5120,UD-IQ2_S,blk.6.attn_gate.weight,attn_gate,6,5120,6144,fc,128,0.21,extract_adapter.py log (2-dec),log,/home/max/Documents/openbeast/research/lowrank/experiments/32-t117-gsq-head-to-head/extract-UD-IQ2_S.log
q38-27b-UD-IQ2S,27B,Qwen3.8-27B,qwen35,5120,UD-IQ2_S,blk.6.ssm_out.weight,ssm_out,6,6144,5120,fc,128,0.24,extract_adapter.py log (2-dec),log,/home/max/Documents/openbeast/research/lowrank/experiments/32-t117-gsq-head-to-head/extract-UD-IQ2_S.log
q38-27b-UD-IQ2S,27B,Qwen3.8-27B,qwen35,5120,UD-IQ2_S,blk.6.ffn_down.weight,ffn_down,6,17408,5120,fc,128,0.18,extract_adapter.py log (2-dec),log,/home/max/Documents/openbeast/research/lowrank/experiments/32-t117-gsq-head-to-head/extract-UD-IQ2_S.log
q38-27b-UD-IQ2S,27B,Qwen3.8-27B,qwen35,5120,UD-IQ2_S,blk.6.ffn_gate.weight,ffn_gate,6,5120,17408,fc,128,0.17,extract_adapter.py log (2-dec),log,/home/max/Documents/openbeast/research/lowrank/experiments/32-t117-gsq-head-to-head/extract-UD-IQ2_S.log
q38-27b-UD-IQ2S,27B,Qwen3.8-27B,qwen35,5120,UD-IQ2_S,blk.6.ffn_up.weight,ffn_up,6,5120,17408,fc,128,0.17,extract_adapter.py log (2-dec),log,/home/max/Documents/openbeast/research/lowrank/experiments/32-t117-gsq-head-to-head/extract-UD-IQ2_S.log
q38-27b-UD-IQ2S,27B,Qwen3.8-27B,qwen35,5120,UD-IQ2_S,blk.7.ffn_down.weight,ffn_down,7,17408,5120,fc,128,0.16,extract_adapter.py log (2-dec),log,/home/max/Documents/openbeast/research/lowrank/experiments/32-t117-gsq-head-to-head/extract-UD-IQ2_S.log
q38-27b-UD-IQ2S,27B,Qwen3.8-27B,qwen35,5120,UD-IQ2_S,blk.7.ffn_gate.weight,ffn_gate,7,5120,17408,fc,128,0.16,extract_adapter.py log (2-dec),log,/home/max/Documents/openbeast/research/lowrank/experiments/32-t117-gsq-head-to-head/extract-UD-IQ2_S.log
q38-27b-UD-IQ2S,27B,Qwen3.8-27B,qwen35,5120,UD-IQ2_S,blk.7.ffn_up.weight,ffn_up,7,5120,17408,fc,128,0.16,extract_adapter.py log (2-dec),log,/home/max/Documents/openbeast/research/lowrank/experiments/32-t117-gsq-head-to-head/extract-UD-IQ2_S.log
q38-27b-UD-IQ2S,27B,Qwen3.8-27B,qwen35,5120,UD-IQ2_S,blk.7.attn_k.weight,attn_k,7,5120,1024,fc,128,0.38,extract_adapter.py log (2-dec),log,/home/max/Documents/openbeast/research/lowrank/experiments/32-t117-gsq-head-to-head/extract-UD-IQ2_S.log
q38-27b-UD-IQ2S,27B,Qwen3.8-27B,qwen35,5120,UD-IQ2_S,blk.7.attn_output.weight,attn_o,7,6144,5120,fc,128,0.43,extract_adapter.py log (2-dec),log,/home/max/Documents/openbeast/research/lowrank/experiments/32-t117-gsq-head-to-head/extract-UD-IQ2_S.log
q38-27b-UD-IQ2S,27B,Qwen3.8-27B,qwen35,5120,UD-IQ2_S,blk.7.attn_q.weight,attn_q,7,5120,12288,fc,128,0.18,extract_adapter.py log (2-dec),log,/home/max/Documents/openbeast/research/lowrank/experiments/32-t117-gsq-head-to-head/extract-UD-IQ2_S.log
q38-27b-UD-IQ2S,27B,Qwen3.8-27B,qwen35,5120,UD-IQ2_S,blk.7.attn_v.weight,attn_v,7,5120,1024,fc,128,0.32,extract_adapter.py log (2-dec),log,/home/max/Documents/openbeast/research/lowrank/experiments/32-t117-gsq-head-to-head/extract-UD-IQ2_S.log
q38-27b-UD-IQ2S,27B,Qwen3.8-27B,qwen35,5120,UD-IQ2_S,blk.10.attn_qkv.weight,attn_qkv,10,5120,10240,fc,128,0.18,extract_adapter.py log (2-dec),log,/home/max/Documents/openbeast/research/lowrank/experiments/32-t117-gsq-head-to-head/extract-UD-IQ2_S.log
q38-27b-UD-IQ2S,27B,Qwen3.8-27B,qwen35,5120,UD-IQ2_S,blk.10.attn_gate.weight,attn_gate,10,5120,6144,fc,128,0.2,extract_adapter.py log (2-dec),log,/home/max/Documents/openbeast/research/lowrank/experiments/32-t117-gsq-head-to-head/extract-UD-IQ2_S.log
q38-27b-UD-IQ2S,27B,Qwen3.8-27B,qwen35,5120,UD-IQ2_S,blk.10.ssm_out.weight,ssm_out,10,6144,5120,fc,128,0.23,extract_adapter.py log (2-dec),log,/home/max/Documents/openbeast/research/lowrank/experiments/32-t117-gsq-head-to-head/extract-UD-IQ2_S.log
q38-27b-UD-IQ2S,27B,Qwen3.8-27B,qwen35,5120,UD-IQ2_S,blk.10.ffn_down.weight,ffn_down,10,17408,5120,fc,128,0.14,extract_adapter.py log (2-dec),log,/home/max/Documents/openbeast/research/lowrank/experiments/32-t117-gsq-head-to-head/extract-UD-IQ2_S.log
q38-27b-UD-IQ2S,27B,Qwen3.8-27B,qwen35,5120,UD-IQ2_S,blk.10.ffn_gate.weight,ffn_gate,10,5120,17408,fc,128,0.17,extract_adapter.py log (2-dec),log,/home/max/Documents/openbeast/research/lowrank/experiments/32-t117-gsq-head-to-head/extract-UD-IQ2_S.log
q38-27b-UD-IQ2S,27B,Qwen3.8-27B,qwen35,5120,UD-IQ2_S,blk.10.ffn_up.weight,ffn_up,10,5120,17408,fc,128,0.17,extract_adapter.py log (2-dec),log,/home/max/Documents/openbeast/research/lowrank/experiments/32-t117-gsq-head-to-head/extract-UD-IQ2_S.log
q38-27b-UD-IQ2S,27B,Qwen3.8-27B,qwen35,5120,UD-IQ2_S,blk.11.ffn_down.weight,ffn_down,11,17408,5120,fc,128,0.14,extract_adapter.py log (2-dec),log,/home/max/Documents/openbeast/research/lowrank/experiments/32-t117-gsq-head-to-head/extract-UD-IQ2_S.log
q38-27b-UD-IQ2S,27B,Qwen3.8-27B,qwen35,5120,UD-IQ2_S,blk.11.ffn_gate.weight,ffn_gate,11,5120,17408,fc,128,0.16,extract_adapter.py log (2-dec),log,/home/max/Documents/openbeast/research/lowrank/experiments/32-t117-gsq-head-to-head/extract-UD-IQ2_S.log
q38-27b-UD-IQ2S,27B,Qwen3.8-27B,qwen35,5120,UD-IQ2_S,blk.11.ffn_up.weight,ffn_up,11,5120,17408,fc,128,0.16,extract_adapter.py log (2-dec),log,/home/max/Documents/openbeast/research/lowrank/experiments/32-t117-gsq-head-to-head/extract-UD-IQ2_S.log
q38-27b-UD-IQ2S,27B,Qwen3.8-27B,qwen35,5120,UD-IQ2_S,blk.11.attn_k.weight,attn_k,11,5120,1024,fc,128,0.32,extract_adapter.py log (2-dec),log,/home/max/Documents/openbeast/research/lowrank/experiments/32-t117-gsq-head-to-head/extract-UD-IQ2_S.log
q38-27b-UD-IQ2S,27B,Qwen3.8-27B,qwen35,5120,UD-IQ2_S,blk.11.attn_output.weight,attn_o,11,6144,5120,fc,128,0.26,extract_adapter.py log (2-dec),log,/home/max/Documents/openbeast/research/lowrank/experiments/32-t117-gsq-head-to-head/extract-UD-IQ2_S.log
q38-27b-UD-IQ2S,27B,Qwen3.8-27B,qwen35,5120,UD-IQ2_S,blk.11.attn_q.weight,attn_q,11,5120,12288,fc,128,0.21,extract_adapter.py log (2-dec),log,/home/max/Documents/openbeast/research/lowrank/experiments/32-t117-gsq-head-to-head/extract-UD-IQ2_S.log
q38-27b-UD-IQ2S,27B,Qwen3.8-27B,qwen35,5120,UD-IQ2_S,blk.11.attn_v.weight,attn_v,11,5120,1024,fc,128,0.32,extract_adapter.py log (2-dec),log,/home/max/Documents/openbeast/research/lowrank/experiments/32-t117-gsq-head-to-head/extract-UD-IQ2_S.log
q38-27b-UD-IQ2S,27B,Qwen3.8-27B,qwen35,5120,UD-IQ2_S,blk.12.attn_qkv.weight,attn_qkv,12,5120,10240,fc,128,0.18,extract_adapter.py log (2-dec),log,/home/max/Documents/openbeast/research/lowrank/experiments/32-t117-gsq-head-to-head/extract-UD-IQ2_S.log
q38-27b-UD-IQ2S,27B,Qwen3.8-27B,qwen35,5120,UD-IQ2_S,blk.12.attn_gate.weight,attn_gate,12,5120,6144,fc,128,0.2,extract_adapter.py log (2-dec),log,/home/max/Documents/openbeast/research/lowrank/experiments/32-t117-gsq-head-to-head/extract-UD-IQ2_S.log
q38-27b-UD-IQ2S,27B,Qwen3.8-27B,qwen35,5120,UD-IQ2_S,blk.12.ssm_out.weight,ssm_out,12,6144,5120,fc,128,0.21,extract_adapter.py log (2-dec),log,/home/max/Documents/openbeast/research/lowrank/experiments/32-t117-gsq-head-to-head/extract-UD-IQ2_S.log
q38-27b-UD-IQ2S,27B,Qwen3.8-27B,qwen35,5120,UD-IQ2_S,blk.12.ffn_down.weight,ffn_down,12,17408,5120,fc,128,0.12,extract_adapter.py log (2-dec),log,/home/max/Documents/openbeast/research/lowrank/experiments/32-t117-gsq-head-to-head/extract-UD-IQ2_S.log
q38-27b-UD-IQ2S,27B,Qwen3.8-27B,qwen35,5120,UD-IQ2_S,blk.12.ffn_gate.weight,ffn_gate,12,5120,17408,fc,128,0.16,extract_adapter.py log (2-dec),log,/home/max/Documents/openbeast/research/lowrank/experiments/32-t117-gsq-head-to-head/extract-UD-IQ2_S.log
q38-27b-UD-IQ2S,27B,Qwen3.8-27B,qwen35,5120,UD-IQ2_S,blk.12.ffn_up.weight,ffn_up,12,5120,17408,fc,128,0.16,extract_adapter.py log (2-dec),log,/home/max/Documents/openbeast/research/lowrank/experiments/32-t117-gsq-head-to-head/extract-UD-IQ2_S.log
q38-27b-UD-IQ2S,27B,Qwen3.8-27B,qwen35,5120,UD-IQ2_S,blk.13.attn_qkv.weight,attn_qkv,13,5120,10240,fc,128,0.18,extract_adapter.py log (2-dec),log,/home/max/Documents/openbeast/research/lowrank/experiments/32-t117-gsq-head-to-head/extract-UD-IQ2_S.log
q38-27b-UD-IQ2S,27B,Qwen3.8-27B,qwen35,5120,UD-IQ2_S,blk.13.attn_gate.weight,attn_gate,13,5120,6144,fc,128,0.2,extract_adapter.py log (2-dec),log,/home/max/Documents/openbeast/research/lowrank/experiments/32-t117-gsq-head-to-head/extract-UD-IQ2_S.log
q38-27b-UD-IQ2S,27B,Qwen3.8-27B,qwen35,5120,UD-IQ2_S,blk.13.ssm_out.weight,ssm_out,13,6144,5120,fc,128,0.2,extract_adapter.py log (2-dec),log,/home/max/Documents/openbeast/research/lowrank/experiments/32-t117-gsq-head-to-head/extract-UD-IQ2_S.log
q38-27b-UD-IQ2S,27B,Qwen3.8-27B,qwen35,5120,UD-IQ2_S,blk.13.ffn_down.weight,ffn_down,13,17408,5120,fc,128,0.11,extract_adapter.py log (2-dec),log,/home/max/Documents/openbeast/research/lowrank/experiments/32-t117-gsq-head-to-head/extract-UD-IQ2_S.log
q38-27b-UD-IQ2S,27B,Qwen3.8-27B,qwen35,5120,UD-IQ2_S,blk.13.ffn_gate.weight,ffn_gate,13,5120,17408,fc,128,0.15,extract_adapter.py log (2-dec),log,/home/max/Documents/openbeast/research/lowrank/experiments/32-t117-gsq-head-to-head/extract-UD-IQ2_S.log
q38-27b-UD-IQ2S,27B,Qwen3.8-27B,qwen35,5120,UD-IQ2_S,blk.13.ffn_up.weight,ffn_up,13,5120,17408,fc,128,0.15,extract_adapter.py log (2-dec),log,/home/max/Documents/openbeast/research/lowrank/experiments/32-t117-gsq-head-to-head/extract-UD-IQ2_S.log
q38-27b-UD-IQ2S,27B,Qwen3.8-27B,qwen35,5120,UD-IQ2_S,blk.14.attn_qkv.weight,attn_qkv,14,5120,10240,fc,128,0.17,extract_adapter.py log (2-dec),log,/home/max/Documents/openbeast/research/lowrank/experiments/32-t117-gsq-head-to-head/extract-UD-IQ2_S.log
q38-27b-UD-IQ2S,27B,Qwen3.8-27B,qwen35,5120,UD-IQ2_S,blk.14.attn_gate.weight,attn_gate,14,5120,6144,fc,128,0.19,extract_adapter.py log (2-dec),log,/home/max/Documents/openbeast/research/lowrank/experiments/32-t117-gsq-head-to-head/extract-UD-IQ2_S.log
q38-27b-UD-IQ2S,27B,Qwen3.8-27B,qwen35,5120,UD-IQ2_S,blk.14.ssm_out.weight,ssm_out,14,6144,5120,fc,128,0.2,extract_adapter.py log (2-dec),log,/home/max/Documents/openbeast/research/lowrank/experiments/32-t117-gsq-head-to-head/extract-UD-IQ2_S.log
q38-27b-UD-IQ2S,27B,Qwen3.8-27B,qwen35,5120,UD-IQ2_S,blk.14.ffn_down.weight,ffn_down,14,17408,5120,fc,128,0.1,extract_adapter.py log (2-dec),log,/home/max/Documents/openbeast/research/lowrank/experiments/32-t117-gsq-head-to-head/extract-UD-IQ2_S.log
q38-27b-UD-IQ2S,27B,Qwen3.8-27B,qwen35,5120,UD-IQ2_S,blk.14.ffn_gate.weight,ffn_gate,14,5120,17408,fc,128,0.15,extract_adapter.py log (2-dec),log,/home/max/Documents/openbeast/research/lowrank/experiments/32-t117-gsq-head-to-head/extract-UD-IQ2_S.log
q38-27b-UD-IQ2S,27B,Qwen3.8-27B,qwen35,5120,UD-IQ2_S,blk.14.ffn_up.weight,ffn_up,14,5120,17408,fc,128,0.15,extract_adapter.py log (2-dec),log,/home/max/Documents/openbeast/research/lowrank/experiments/32-t117-gsq-head-to-head/extract-UD-IQ2_S.log
q38-27b-UD-IQ2S,27B,Qwen3.8-27B,qwen35,5120,UD-IQ2_S,blk.15.ffn_gate.weight,ffn_gate,15,5120,17408,fc,128,0.15,extract_adapter.py log (2-dec),log,/home/max/Documents/openbeast/research/lowrank/experiments/32-t117-gsq-head-to-head/extract-UD-IQ2_S.log
q38-27b-UD-IQ2S,27B,Qwen3.8-27B,qwen35,5120,UD-IQ2_S,blk.15.ffn_down.weight,ffn_down,15,17408,5120,fc,128,0.1,extract_adapter.py log (2-dec),log,/home/max/Documents/openbeast/research/lowrank/experiments/32-t117-gsq-head-to-head/extract-UD-IQ2_S.log
q38-27b-UD-IQ2S,27B,Qwen3.8-27B,qwen35,5120,UD-IQ2_S,blk.15.ffn_up.weight,ffn_up,15,5120,17408,fc,128,0.15,extract_adapter.py log (2-dec),log,/home/max/Documents/openbeast/research/lowrank/experiments/32-t117-gsq-head-to-head/extract-UD-IQ2_S.log
q38-27b-UD-IQ2S,27B,Qwen3.8-27B,qwen35,5120,UD-IQ2_S,blk.15.attn_k.weight,attn_k,15,5120,1024,fc,128,0.33,extract_adapter.py log (2-dec),log,/home/max/Documents/openbeast/research/lowrank/experiments/32-t117-gsq-head-to-head/extract-UD-IQ2_S.log
q38-27b-UD-IQ2S,27B,Qwen3.8-27B,qwen35,5120,UD-IQ2_S,blk.15.attn_output.weight,attn_o,15,6144,5120,fc,128,0.26,extract_adapter.py log (2-dec),log,/home/max/Documents/openbeast/research/lowrank/experiments/32-t117-gsq-head-to-head/extract-UD-IQ2_S.log
q38-27b-UD-IQ2S,27B,Qwen3.8-27B,qwen35,5120,UD-IQ2_S,blk.15.attn_q.weight,attn_q,15,5120,12288,fc,128,0.2,extract_adapter.py log (2-dec),log,/home/max/Documents/openbeast/research/lowrank/experiments/32-t117-gsq-head-to-head/extract-UD-IQ2_S.log
q38-27b-UD-IQ2S,27B,Qwen3.8-27B,qwen35,5120,UD-IQ2_S,blk.15.attn_v.weight,attn_v,15,5120,1024,fc,128,0.34,extract_adapter.py log (2-dec),log,/home/max/Documents/openbeast/research/lowrank/experiments/32-t117-gsq-head-to-head/extract-UD-IQ2_S.log
q38-27b-UD-IQ2S,27B,Qwen3.8-27B,qwen35,5120,UD-IQ2_S,blk.8.attn_qkv.weight,attn_qkv,8,5120,10240,fc,128,0.19,extract_adapter.py log (2-dec),log,/home/max/Documents/openbeast/research/lowrank/experiments/32-t117-gsq-head-to-head/extract-UD-IQ2_S.log
q38-27b-UD-IQ2S,27B,Qwen3.8-27B,qwen35,5120,UD-IQ2_S,blk.8.attn_gate.weight,attn_gate,8,5120,6144,fc,128,0.2,extract_adapter.py log (2-dec),log,/home/max/Documents/openbeast/research/lowrank/experiments/32-t117-gsq-head-to-head/extract-UD-IQ2_S.log
q38-27b-UD-IQ2S,27B,Qwen3.8-27B,qwen35,5120,UD-IQ2_S,blk.8.ssm_out.weight,ssm_out,8,6144,5120,fc,128,0.29,extract_adapter.py log (2-dec),log,/home/max/Documents/openbeast/research/lowrank/experiments/32-t117-gsq-head-to-head/extract-UD-IQ2_S.log
q38-27b-UD-IQ2S,27B,Qwen3.8-27B,qwen35,5120,UD-IQ2_S,blk.8.ffn_down.weight,ffn_down,8,17408,5120,fc,128,0.19,extract_adapter.py log (2-dec),log,/home/max/Documents/openbeast/research/lowrank/experiments/32-t117-gsq-head-to-head/extract-UD-IQ2_S.log
q38-27b-UD-IQ2S,27B,Qwen3.8-27B,qwen35,5120,UD-IQ2_S,blk.8.ffn_gate.weight,ffn_gate,8,5120,17408,fc,128,0.17,extract_adapter.py log (2-dec),log,/home/max/Documents/openbeast/research/lowrank/experiments/32-t117-gsq-head-to-head/extract-UD-IQ2_S.log
q38-27b-UD-IQ2S,27B,Qwen3.8-27B,qwen35,5120,UD-IQ2_S,blk.8.ffn_up.weight,ffn_up,8,5120,17408,fc,128,0.17,extract_adapter.py log (2-dec),log,/home/max/Documents/openbeast/research/lowrank/experiments/32-t117-gsq-head-to-head/extract-UD-IQ2_S.log
q38-27b-UD-IQ2S,27B,Qwen3.8-27B,qwen35,5120,UD-IQ2_S,blk.9.attn_qkv.weight,attn_qkv,9,5120,10240,fc,128,0.19,extract_adapter.py log (2-dec),log,/home/max/Documents/openbeast/research/lowrank/experiments/32-t117-gsq-head-to-head/extract-UD-IQ2_S.log
q38-27b-UD-IQ2S,27B,Qwen3.8-27B,qwen35,5120,UD-IQ2_S,blk.9.attn_gate.weight,attn_gate,9,5120,6144,fc,128,0.21,extract_adapter.py log (2-dec),log,/home/max/Documents/openbeast/research/lowrank/experiments/32-t117-gsq-head-to-head/extract-UD-IQ2_S.log
q38-27b-UD-IQ2S,27B,Qwen3.8-27B,qwen35,5120,UD-IQ2_S,blk.9.ssm_out.weight,ssm_out,9,6144,5120,fc,128,0.24,extract_adapter.py log (2-dec),log,/home/max/Documents/openbeast/research/lowrank/experiments/32-t117-gsq-head-to-head/extract-UD-IQ2_S.log
q38-27b-UD-IQ2S,27B,Qwen3.8-27B,qwen35,5120,UD-IQ2_S,blk.9.ffn_down.weight,ffn_down,9,17408,5120,fc,128,0.17,extract_adapter.py log (2-dec),log,/home/max/Documents/openbeast/research/lowrank/experiments/32-t117-gsq-head-to-head/extract-UD-IQ2_S.log
q38-27b-UD-IQ2S,27B,Qwen3.8-27B,qwen35,5120,UD-IQ2_S,blk.9.ffn_gate.weight,ffn_gate,9,5120,17408,fc,128,0.17,extract_adapter.py log (2-dec),log,/home/max/Documents/openbeast/research/lowrank/experiments/32-t117-gsq-head-to-head/extract-UD-IQ2_S.log
q38-27b-UD-IQ2S,27B,Qwen3.8-27B,qwen35,5120,UD-IQ2_S,blk.9.ffn_up.weight,ffn_up,9,5120,17408,fc,128,0.17,extract_adapter.py log (2-dec),log,/home/max/Documents/openbeast/research/lowrank/experiments/32-t117-gsq-head-to-head/extract-UD-IQ2_S.log
q38-27b-UD-IQ2S,27B,Qwen3.8-27B,qwen35,5120,UD-IQ2_S,blk.16.attn_qkv.weight,attn_qkv,16,5120,10240,fc,128,0.16,extract_adapter.py log (2-dec),log,/home/max/Documents/openbeast/research/lowrank/experiments/32-t117-gsq-head-to-head/extract-UD-IQ2_S.log
q38-27b-UD-IQ2S,27B,Qwen3.8-27B,qwen35,5120,UD-IQ2_S,blk.16.attn_gate.weight,attn_gate,16,5120,6144,fc,128,0.18,extract_adapter.py log (2-dec),log,/home/max/Documents/openbeast/research/lowrank/experiments/32-t117-gsq-head-to-head/extract-UD-IQ2_S.log
q38-27b-UD-IQ2S,27B,Qwen3.8-27B,qwen35,5120,UD-IQ2_S,blk.16.ssm_out.weight,ssm_out,16,6144,5120,fc,128,0.19,extract_adapter.py log (2-dec),log,/home/max/Documents/openbeast/research/lowrank/experiments/32-t117-gsq-head-to-head/extract-UD-IQ2_S.log
q38-27b-UD-IQ2S,27B,Qwen3.8-27B,qwen35,5120,UD-IQ2_S,blk.16.ffn_down.weight,ffn_down,16,17408,5120,fc,128,0.11,extract_adapter.py log (2-dec),log,/home/max/Documents/openbeast/research/lowrank/experiments/32-t117-gsq-head-to-head/extract-UD-IQ2_S.log
q38-27b-UD-IQ2S,27B,Qwen3.8-27B,qwen35,5120,UD-IQ2_S,blk.16.ffn_gate.weight,ffn_gate,16,5120,17408,fc,128,0.15,extract_adapter.py log (2-dec),log,/home/max/Documents/openbeast/research/lowrank/experiments/32-t117-gsq-head-to-head/extract-UD-IQ2_S.log
q38-27b-UD-IQ2S,27B,Qwen3.8-27B,qwen35,5120,UD-IQ2_S,blk.16.ffn_up.weight,ffn_up,16,5120,17408,fc,128,0.14,extract_adapter.py log (2-dec),log,/home/max/Documents/openbeast/research/lowrank/experiments/32-t117-gsq-head-to-head/extract-UD-IQ2_S.log
q38-27b-UD-IQ2S,27B,Qwen3.8-27B,qwen35,5120,UD-IQ2_S,blk.17.attn_qkv.weight,attn_qkv,17,5120,10240,fc,128,0.16,extract_adapter.py log (2-dec),log,/home/max/Documents/openbeast/research/lowrank/experiments/32-t117-gsq-head-to-head/extract-UD-IQ2_S.log
q38-27b-UD-IQ2S,27B,Qwen3.8-27B,qwen35,5120,UD-IQ2_S,blk.17.attn_gate.weight,attn_gate,17,5120,6144,fc,128,0.18,extract_adapter.py log (2-dec),log,/home/max/Documents/openbeast/research/lowrank/experiments/32-t117-gsq-head-to-head/extract-UD-IQ2_S.log
q38-27b-UD-IQ2S,27B,Qwen3.8-27B,qwen35,5120,UD-IQ2_S,blk.17.ssm_out.weight,ssm_out,17,6144,5120,fc,128,0.21,extract_adapter.py log (2-dec),log,/home/max/Documents/openbeast/research/lowrank/experiments/32-t117-gsq-head-to-head/extract-UD-IQ2_S.log
q38-27b-UD-IQ2S,27B,Qwen3.8-27B,qwen35,5120,UD-IQ2_S,blk.17.ffn_down.weight,ffn_down,17,17408,5120,fc,128,0.12,extract_adapter.py log (2-dec),log,/home/max/Documents/openbeast/research/lowrank/experiments/32-t117-gsq-head-to-head/extract-UD-IQ2_S.log
q38-27b-UD-IQ2S,27B,Qwen3.8-27B,qwen35,5120,UD-IQ2_S,blk.17.ffn_gate.weight,ffn_gate,17,5120,17408,fc,128,0.15,extract_adapter.py log (2-dec),log,/home/max/Documents/openbeast/research/lowrank/experiments/32-t117-gsq-head-to-head/extract-UD-IQ2_S.log
q38-27b-UD-IQ2S,27B,Qwen3.8-27B,qwen35,5120,UD-IQ2_S,blk.17.ffn_up.weight,ffn_up,17,5120,17408,fc,128,0.15,extract_adapter.py log (2-dec),log,/home/max/Documents/openbeast/research/lowrank/experiments/32-t117-gsq-head-to-head/extract-UD-IQ2_S.log
q38-27b-UD-IQ2S,27B,Qwen3.8-27B,qwen35,5120,UD-IQ2_S,blk.18.attn_qkv.weight,attn_qkv,18,5120,10240,fc,128,0.16,extract_adapter.py log (2-dec),log,/home/max/Documents/openbeast/research/lowrank/experiments/32-t117-gsq-head-to-head/extract-UD-IQ2_S.log
q38-27b-UD-IQ2S,27B,Qwen3.8-27B,qwen35,5120,UD-IQ2_S,blk.18.attn_gate.weight,attn_gate,18,5120,6144,fc,128,0.18,extract_adapter.py log (2-dec),log,/home/max/Documents/openbeast/research/lowrank/experiments/32-t117-gsq-head-to-head/extract-UD-IQ2_S.log
q38-27b-UD-IQ2S,27B,Qwen3.8-27B,qwen35,5120,UD-IQ2_S,blk.18.ssm_out.weight,ssm_out,18,6144,5120,fc,128,0.22,extract_adapter.py log (2-dec),log,/home/max/Documents/openbeast/research/lowrank/experiments/32-t117-gsq-head-to-head/extract-UD-IQ2_S.log
q38-27b-UD-IQ2S,27B,Qwen3.8-27B,qwen35,5120,UD-IQ2_S,blk.18.ffn_down.weight,ffn_down,18,17408,5120,fc,128,0.14,extract_adapter.py log (2-dec),log,/home/max/Documents/openbeast/research/lowrank/experiments/32-t117-gsq-head-to-head/extract-UD-IQ2_S.log
q38-27b-UD-IQ2S,27B,Qwen3.8-27B,qwen35,5120,UD-IQ2_S,blk.18.ffn_gate.weight,ffn_gate,18,5120,17408,fc,128,0.15,extract_adapter.py log (2-dec),log,/home/max/Documents/openbeast/research/lowrank/experiments/32-t117-gsq-head-to-head/extract-UD-IQ2_S.log
q38-27b-UD-IQ2S,27B,Qwen3.8-27B,qwen35,5120,UD-IQ2_S,blk.18.ffn_up.weight,ffn_up,18,5120,17408,fc,128,0.15,extract_adapter.py log (2-dec),log,/home/max/Documents/openbeast/research/lowrank/experiments/32-t117-gsq-head-to-head/extract-UD-IQ2_S.log
q38-27b-UD-IQ2S,27B,Qwen3.8-27B,qwen35,5120,UD-IQ2_S,blk.19.ffn_down.weight,ffn_down,19,17408,5120,fc,128,0.14,extract_adapter.py log (2-dec),log,/home/max/Documents/openbeast/research/lowrank/experiments/32-t117-gsq-head-to-head/extract-UD-IQ2_S.log
q38-27b-UD-IQ2S,27B,Qwen3.8-27B,qwen35,5120,UD-IQ2_S,blk.19.ffn_gate.weight,ffn_gate,19,5120,17408,fc,128,0.15,extract_adapter.py log (2-dec),log,/home/max/Documents/openbeast/research/lowrank/experiments/32-t117-gsq-head-to-head/extract-UD-IQ2_S.log
q38-27b-UD-IQ2S,27B,Qwen3.8-27B,qwen35,5120,UD-IQ2_S,blk.19.ffn_up.weight,ffn_up,19,5120,17408,fc,128,0.15,extract_adapter.py log (2-dec),log,/home/max/Documents/openbeast/research/lowrank/experiments/32-t117-gsq-head-to-head/extract-UD-IQ2_S.log
q38-27b-UD-IQ2S,27B,Qwen3.8-27B,qwen35,5120,UD-IQ2_S,blk.19.attn_k.weight,attn_k,19,5120,1024,fc,128,0.31,extract_adapter.py log (2-dec),log,/home/max/Documents/openbeast/research/lowrank/experiments/32-t117-gsq-head-to-head/extract-UD-IQ2_S.log
q38-27b-UD-IQ2S,27B,Qwen3.8-27B,qwen35,5120,UD-IQ2_S,blk.19.attn_output.weight,attn_o,19,6144,5120,fc,128,0.27,extract_adapter.py log (2-dec),log,/home/max/Documents/openbeast/research/lowrank/experiments/32-t117-gsq-head-to-head/extract-UD-IQ2_S.log
q38-27b-UD-IQ2S,27B,Qwen3.8-27B,qwen35,5120,UD-IQ2_S,blk.19.attn_q.weight,attn_q,19,5120,12288,fc,128,0.18,extract_adapter.py log (2-dec),log,/home/max/Documents/openbeast/research/lowrank/experiments/32-t117-gsq-head-to-head/extract-UD-IQ2_S.log
q38-27b-UD-IQ2S,27B,Qwen3.8-27B,qwen35,5120,UD-IQ2_S,blk.19.attn_v.weight,attn_v,19,5120,1024,fc,128,0.31,extract_adapter.py log (2-dec),log,/home/max/Documents/openbeast/research/lowrank/experiments/32-t117-gsq-head-to-head/extract-UD-IQ2_S.log
q38-27b-UD-IQ2S,27B,Qwen3.8-27B,qwen35,5120,UD-IQ2_S,blk.20.attn_qkv.weight,attn_qkv,20,5120,10240,fc,128,0.19,extract_adapter.py log (2-dec),log,/home/max/Documents/openbeast/research/lowrank/experiments/32-t117-gsq-head-to-head/extract-UD-IQ2_S.log
q38-27b-UD-IQ2S,27B,Qwen3.8-27B,qwen35,5120,UD-IQ2_S,blk.20.attn_gate.weight,attn_gate,20,5120,6144,fc,128,0.2,extract_adapter.py log (2-dec),log,/home/max/Documents/openbeast/research/lowrank/experiments/32-t117-gsq-head-to-head/extract-UD-IQ2_S.log
q38-27b-UD-IQ2S,27B,Qwen3.8-27B,qwen35,5120,UD-IQ2_S,blk.20.ssm_out.weight,ssm_out,20,6144,5120,fc,128,0.31,extract_adapter.py log (2-dec),log,/home/max/Documents/openbeast/research/lowrank/experiments/32-t117-gsq-head-to-head/extract-UD-IQ2_S.log
q38-27b-UD-IQ2S,27B,Qwen3.8-27B,qwen35,5120,UD-IQ2_S,blk.20.ffn_down.weight,ffn_down,20,17408,5120,fc,128,0.2,extract_adapter.py log (2-dec),log,/home/max/Documents/openbeast/research/lowrank/experiments/32-t117-gsq-head-to-head/extract-UD-IQ2_S.log
q38-27b-UD-IQ2S,27B,Qwen3.8-27B,qwen35,5120,UD-IQ2_S,blk.20.ffn_gate.weight,ffn_gate,20,5120,17408,fc,128,0.16,extract_adapter.py log (2-dec),log,/home/max/Documents/openbeast/research/lowrank/experiments/32-t117-gsq-head-to-head/extract-UD-IQ2_S.log
q38-27b-UD-IQ2S,27B,Qwen3.8-27B,qwen35,5120,UD-IQ2_S,blk.20.ffn_up.weight,ffn_up,20,5120,17408,fc,128,0.16,extract_adapter.py log (2-dec),log,/home/max/Documents/openbeast/research/lowrank/experiments/32-t117-gsq-head-to-head/extract-UD-IQ2_S.log
q38-27b-UD-IQ2S,27B,Qwen3.8-27B,qwen35,5120,UD-IQ2_S,blk.21.attn_qkv.weight,attn_qkv,21,5120,10240,fc,128,0.19,extract_adapter.py log (2-dec),log,/home/max/Documents/openbeast/research/lowrank/experiments/32-t117-gsq-head-to-head/extract-UD-IQ2_S.log
q38-27b-UD-IQ2S,27B,Qwen3.8-27B,qwen35,5120,UD-IQ2_S,blk.21.attn_gate.weight,attn_gate,21,5120,6144,fc,128,0.2,extract_adapter.py log (2-dec),log,/home/max/Documents/openbeast/research/lowrank/experiments/32-t117-gsq-head-to-head/extract-UD-IQ2_S.log
q38-27b-UD-IQ2S,27B,Qwen3.8-27B,qwen35,5120,UD-IQ2_S,blk.21.ssm_out.weight,ssm_out,21,6144,5120,fc,128,0.31,extract_adapter.py log (2-dec),log,/home/max/Documents/openbeast/research/lowrank/experiments/32-t117-gsq-head-to-head/extract-UD-IQ2_S.log
q38-27b-UD-IQ2S,27B,Qwen3.8-27B,qwen35,5120,UD-IQ2_S,blk.21.ffn_down.weight,ffn_down,21,17408,5120,fc,128,0.15,extract_adapter.py log (2-dec),log,/home/max/Documents/openbeast/research/lowrank/experiments/32-t117-gsq-head-to-head/extract-UD-IQ2_S.log
q38-27b-UD-IQ2S,27B,Qwen3.8-27B,qwen35,5120,UD-IQ2_S,blk.21.ffn_gate.weight,ffn_gate,21,5120,17408,fc,128,0.17,extract_adapter.py log (2-dec),log,/home/max/Documents/openbeast/research/lowrank/experiments/32-t117-gsq-head-to-head/extract-UD-IQ2_S.log
q38-27b-UD-IQ2S,27B,Qwen3.8-27B,qwen35,5120,UD-IQ2_S,blk.21.ffn_up.weight,ffn_up,21,5120,17408,fc,128,0.17,extract_adapter.py log (2-dec),log,/home/max/Documents/openbeast/research/lowrank/experiments/32-t117-gsq-head-to-head/extract-UD-IQ2_S.log
q38-27b-UD-IQ2S,27B,Qwen3.8-27B,qwen35,5120,UD-IQ2_S,blk.22.attn_qkv.weight,attn_qkv,22,5120,10240,fc,128,0.19,extract_adapter.py log (2-dec),log,/home/max/Documents/openbeast/research/lowrank/experiments/32-t117-gsq-head-to-head/extract-UD-IQ2_S.log
q38-27b-UD-IQ2S,27B,Qwen3.8-27B,qwen35,5120,UD-IQ2_S,blk.22.attn_gate.weight,attn_gate,22,5120,6144,fc,128,0.2,extract_adapter.py log (2-dec),log,/home/max/Documents/openbeast/research/lowrank/experiments/32-t117-gsq-head-to-head/extract-UD-IQ2_S.log
q38-27b-UD-IQ2S,27B,Qwen3.8-27B,qwen35,5120,UD-IQ2_S,blk.22.ssm_out.weight,ssm_out,22,6144,5120,fc,128,0.35,extract_adapter.py log (2-dec),log,/home/max/Documents/openbeast/research/lowrank/experiments/32-t117-gsq-head-to-head/extract-UD-IQ2_S.log
q38-27b-UD-IQ2S,27B,Qwen3.8-27B,qwen35,5120,UD-IQ2_S,blk.22.ffn_down.weight,ffn_down,22,17408,5120,fc,128,0.18,extract_adapter.py log (2-dec),log,/home/max/Documents/openbeast/research/lowrank/experiments/32-t117-gsq-head-to-head/extract-UD-IQ2_S.log
q38-27b-UD-IQ2S,27B,Qwen3.8-27B,qwen35,5120,UD-IQ2_S,blk.22.ffn_gate.weight,ffn_gate,22,5120,17408,fc,128,0.18,extract_adapter.py log (2-dec),log,/home/max/Documents/openbeast/research/lowrank/experiments/32-t117-gsq-head-to-head/extract-UD-IQ2_S.log
q38-27b-UD-IQ2S,27B,Qwen3.8-27B,qwen35,5120,UD-IQ2_S,blk.22.ffn_up.weight,ffn_up,22,5120,17408,fc,128,0.18,extract_adapter.py log (2-dec),log,/home/max/Documents/openbeast/research/lowrank/experiments/32-t117-gsq-head-to-head/extract-UD-IQ2_S.log
q38-27b-UD-IQ2S,27B,Qwen3.8-27B,qwen35,5120,UD-IQ2_S,blk.23.ffn_down.weight,ffn_down,23,17408,5120,fc,128,0.2,extract_adapter.py log (2-dec),log,/home/max/Documents/openbeast/research/lowrank/experiments/32-t117-gsq-head-to-head/extract-UD-IQ2_S.log
q38-27b-UD-IQ2S,27B,Qwen3.8-27B,qwen35,5120,UD-IQ2_S,blk.23.ffn_gate.weight,ffn_gate,23,5120,17408,fc,128,0.18,extract_adapter.py log (2-dec),log,/home/max/Documents/openbeast/research/lowrank/experiments/32-t117-gsq-head-to-head/extract-UD-IQ2_S.log
q38-27b-UD-IQ2S,27B,Qwen3.8-27B,qwen35,5120,UD-IQ2_S,blk.23.ffn_up.weight,ffn_up,23,5120,17408,fc,128,0.18,extract_adapter.py log (2-dec),log,/home/max/Documents/openbeast/research/lowrank/experiments/32-t117-gsq-head-to-head/extract-UD-IQ2_S.log
q38-27b-UD-IQ2S,27B,Qwen3.8-27B,qwen35,5120,UD-IQ2_S,blk.23.attn_k.weight,attn_k,23,5120,1024,fc,128,0.36,extract_adapter.py log (2-dec),log,/home/max/Documents/openbeast/research/lowrank/experiments/32-t117-gsq-head-to-head/extract-UD-IQ2_S.log
q38-27b-UD-IQ2S,27B,Qwen3.8-27B,qwen35,5120,UD-IQ2_S,blk.23.attn_output.weight,attn_o,23,6144,5120,fc,128,0.31,extract_adapter.py log (2-dec),log,/home/max/Documents/openbeast/research/lowrank/experiments/32-t117-gsq-head-to-head/extract-UD-IQ2_S.log
q38-27b-UD-IQ2S,27B,Qwen3.8-27B,qwen35,5120,UD-IQ2_S,blk.23.attn_q.weight,attn_q,23,5120,12288,fc,128,0.21,extract_adapter.py log (2-dec),log,/home/max/Documents/openbeast/research/lowrank/experiments/32-t117-gsq-head-to-head/extract-UD-IQ2_S.log
q38-27b-UD-IQ2S,27B,Qwen3.8-27B,qwen35,5120,UD-IQ2_S,blk.23.attn_v.weight,attn_v,23,5120,1024,fc,128,0.33,extract_adapter.py log (2-dec),log,/home/max/Documents/openbeast/research/lowrank/experiments/32-t117-gsq-head-to-head/extract-UD-IQ2_S.log
q38-27b-UD-IQ2S,27B,Qwen3.8-27B,qwen35,5120,UD-IQ2_S,blk.24.attn_qkv.weight,attn_qkv,24,5120,10240,fc,128,0.21,extract_adapter.py log (2-dec),log,/home/max/Documents/openbeast/research/lowrank/experiments/32-t117-gsq-head-to-head/extract-UD-IQ2_S.log
q38-27b-UD-IQ2S,27B,Qwen3.8-27B,qwen35,5120,UD-IQ2_S,blk.24.attn_gate.weight,attn_gate,24,5120,6144,fc,128,0.22,extract_adapter.py log (2-dec),log,/home/max/Documents/openbeast/research/lowrank/experiments/32-t117-gsq-head-to-head/extract-UD-IQ2_S.log
q38-27b-UD-IQ2S,27B,Qwen3.8-27B,qwen35,5120,UD-IQ2_S,blk.24.ssm_out.weight,ssm_out,24,6144,5120,fc,128,0.29,extract_adapter.py log (2-dec),log,/home/max/Documents/openbeast/research/lowrank/experiments/32-t117-gsq-head-to-head/extract-UD-IQ2_S.log
q38-27b-UD-IQ2S,27B,Qwen3.8-27B,qwen35,5120,UD-IQ2_S,blk.24.ffn_down.weight,ffn_down,24,17408,5120,fc,128,0.22,extract_adapter.py log (2-dec),log,/home/max/Documents/openbeast/research/lowrank/experiments/32-t117-gsq-head-to-head/extract-UD-IQ2_S.log
q38-27b-UD-IQ2S,27B,Qwen3.8-27B,qwen35,5120,UD-IQ2_S,blk.24.ffn_gate.weight,ffn_gate,24,5120,17408,fc,128,0.19,extract_adapter.py log (2-dec),log,/home/max/Documents/openbeast/research/lowrank/experiments/32-t117-gsq-head-to-head/extract-UD-IQ2_S.log
q38-27b-UD-IQ2S,27B,Qwen3.8-27B,qwen35,5120,UD-IQ2_S,blk.24.ffn_up.weight,ffn_up,24,5120,17408,fc,128,0.19,extract_adapter.py log (2-dec),log,/home/max/Documents/openbeast/research/lowrank/experiments/32-t117-gsq-head-to-head/extract-UD-IQ2_S.log
q38-27b-UD-IQ2S,27B,Qwen3.8-27B,qwen35,5120,UD-IQ2_S,blk.25.attn_qkv.weight,attn_qkv,25,5120,10240,fc,128,0.22,extract_adapter.py log (2-dec),log,/home/max/Documents/openbeast/research/lowrank/experiments/32-t117-gsq-head-to-head/extract-UD-IQ2_S.log
q38-27b-UD-IQ2S,27B,Qwen3.8-27B,qwen35,5120,UD-IQ2_S,blk.25.attn_gate.weight,attn_gate,25,5120,6144,fc,128,0.23,extract_adapter.py log (2-dec),log,/home/max/Documents/openbeast/research/lowrank/experiments/32-t117-gsq-head-to-head/extract-UD-IQ2_S.log
q38-27b-UD-IQ2S,27B,Qwen3.8-27B,qwen35,5120,UD-IQ2_S,blk.25.ssm_out.weight,ssm_out,25,6144,5120,fc,128,0.25,extract_adapter.py log (2-dec),log,/home/max/Documents/openbeast/research/lowrank/experiments/32-t117-gsq-head-to-head/extract-UD-IQ2_S.log
q38-27b-UD-IQ2S,27B,Qwen3.8-27B,qwen35,5120,UD-IQ2_S,blk.25.ffn_down.weight,ffn_down,25,17408,5120,fc,128,0.17,extract_adapter.py log (2-dec),log,/home/max/Documents/openbeast/research/lowrank/experiments/32-t117-gsq-head-to-head/extract-UD-IQ2_S.log
q38-27b-UD-IQ2S,27B,Qwen3.8-27B,qwen35,5120,UD-IQ2_S,blk.25.ffn_gate.weight,ffn_gate,25,5120,17408,fc,128,0.19,extract_adapter.py log (2-dec),log,/home/max/Documents/openbeast/research/lowrank/experiments/32-t117-gsq-head-to-head/extract-UD-IQ2_S.log
q38-27b-UD-IQ2S,27B,Qwen3.8-27B,qwen35,5120,UD-IQ2_S,blk.25.ffn_up.weight,ffn_up,25,5120,17408,fc,128,0.2,extract_adapter.py log (2-dec),log,/home/max/Documents/openbeast/research/lowrank/experiments/32-t117-gsq-head-to-head/extract-UD-IQ2_S.log
q38-27b-UD-IQ2S,27B,Qwen3.8-27B,qwen35,5120,UD-IQ2_S,blk.26.attn_qkv.weight,attn_qkv,26,5120,10240,fc,128,0.22,extract_adapter.py log (2-dec),log,/home/max/Documents/openbeast/research/lowrank/experiments/32-t117-gsq-head-to-head/extract-UD-IQ2_S.log
q38-27b-UD-IQ2S,27B,Qwen3.8-27B,qwen35,5120,UD-IQ2_S,blk.26.attn_gate.weight,attn_gate,26,5120,6144,fc,128,0.22,extract_adapter.py log (2-dec),log,/home/max/Documents/openbeast/research/lowrank/experiments/32-t117-gsq-head-to-head/extract-UD-IQ2_S.log
q38-27b-UD-IQ2S,27B,Qwen3.8-27B,qwen35,5120,UD-IQ2_S,blk.26.ssm_out.weight,ssm_out,26,6144,5120,fc,128,0.23,extract_adapter.py log (2-dec),log,/home/max/Documents/openbeast/research/lowrank/experiments/32-t117-gsq-head-to-head/extract-UD-IQ2_S.log
q38-27b-UD-IQ2S,27B,Qwen3.8-27B,qwen35,5120,UD-IQ2_S,blk.26.ffn_down.weight,ffn_down,26,17408,5120,fc,128,0.16,extract_adapter.py log (2-dec),log,/home/max/Documents/openbeast/research/lowrank/experiments/32-t117-gsq-head-to-head/extract-UD-IQ2_S.log
q38-27b-UD-IQ2S,27B,Qwen3.8-27B,qwen35,5120,UD-IQ2_S,blk.26.ffn_gate.weight,ffn_gate,26,5120,17408,fc,128,0.19,extract_adapter.py log (2-dec),log,/home/max/Documents/openbeast/research/lowrank/experiments/32-t117-gsq-head-to-head/extract-UD-IQ2_S.log
q38-27b-UD-IQ2S,27B,Qwen3.8-27B,qwen35,5120,UD-IQ2_S,blk.26.ffn_up.weight,ffn_up,26,5120,17408,fc,128,0.2,extract_adapter.py log (2-dec),log,/home/max/Documents/openbeast/research/lowrank/experiments/32-t117-gsq-head-to-head/extract-UD-IQ2_S.log
q38-27b-UD-IQ2S,27B,Qwen3.8-27B,qwen35,5120,UD-IQ2_S,blk.27.ffn_down.weight,ffn_down,27,17408,5120,fc,128,0.14,extract_adapter.py log (2-dec),log,/home/max/Documents/openbeast/research/lowrank/experiments/32-t117-gsq-head-to-head/extract-UD-IQ2_S.log
q38-27b-UD-IQ2S,27B,Qwen3.8-27B,qwen35,5120,UD-IQ2_S,blk.27.ffn_gate.weight,ffn_gate,27,5120,17408,fc,128,0.18,extract_adapter.py log (2-dec),log,/home/max/Documents/openbeast/research/lowrank/experiments/32-t117-gsq-head-to-head/extract-UD-IQ2_S.log
q38-27b-UD-IQ2S,27B,Qwen3.8-27B,qwen35,5120,UD-IQ2_S,blk.27.ffn_up.weight,ffn_up,27,5120,17408,fc,128,0.19,extract_adapter.py log (2-dec),log,/home/max/Documents/openbeast/research/lowrank/experiments/32-t117-gsq-head-to-head/extract-UD-IQ2_S.log
q38-27b-UD-IQ2S,27B,Qwen3.8-27B,qwen35,5120,UD-IQ2_S,blk.27.attn_k.weight,attn_k,27,5120,1024,fc,128,0.37,extract_adapter.py log (2-dec),log,/home/max/Documents/openbeast/research/lowrank/experiments/32-t117-gsq-head-to-head/extract-UD-IQ2_S.log
q38-27b-UD-IQ2S,27B,Qwen3.8-27B,qwen35,5120,UD-IQ2_S,blk.27.attn_output.weight,attn_o,27,6144,5120,fc,128,0.25,extract_adapter.py log (2-dec),log,/home/max/Documents/openbeast/research/lowrank/experiments/32-t117-gsq-head-to-head/extract-UD-IQ2_S.log
q38-27b-UD-IQ2S,27B,Qwen3.8-27B,qwen35,5120,UD-IQ2_S,blk.27.attn_q.weight,attn_q,27,5120,12288,fc,128,0.21,extract_adapter.py log (2-dec),log,/home/max/Documents/openbeast/research/lowrank/experiments/32-t117-gsq-head-to-head/extract-UD-IQ2_S.log
q38-27b-UD-IQ2S,27B,Qwen3.8-27B,qwen35,5120,UD-IQ2_S,blk.27.attn_v.weight,attn_v,27,5120,1024,fc,128,0.33,extract_adapter.py log (2-dec),log,/home/max/Documents/openbeast/research/lowrank/experiments/32-t117-gsq-head-to-head/extract-UD-IQ2_S.log
q38-27b-UD-IQ2S,27B,Qwen3.8-27B,qwen35,5120,UD-IQ2_S,blk.28.attn_qkv.weight,attn_qkv,28,5120,10240,fc,128,0.2,extract_adapter.py log (2-dec),log,/home/max/Documents/openbeast/research/lowrank/experiments/32-t117-gsq-head-to-head/extract-UD-IQ2_S.log
q38-27b-UD-IQ2S,27B,Qwen3.8-27B,qwen35,5120,UD-IQ2_S,blk.28.attn_gate.weight,attn_gate,28,5120,6144,fc,128,0.23,extract_adapter.py log (2-dec),log,/home/max/Documents/openbeast/research/lowrank/experiments/32-t117-gsq-head-to-head/extract-UD-IQ2_S.log
q38-27b-UD-IQ2S,27B,Qwen3.8-27B,qwen35,5120,UD-IQ2_S,blk.28.ssm_out.weight,ssm_out,28,6144,5120,fc,128,0.19,extract_adapter.py log (2-dec),log,/home/max/Documents/openbeast/research/lowrank/experiments/32-t117-gsq-head-to-head/extract-UD-IQ2_S.log
q38-27b-UD-IQ2S,27B,Qwen3.8-27B,qwen35,5120,UD-IQ2_S,blk.28.ffn_down.weight,ffn_down,28,17408,5120,fc,128,0.14,extract_adapter.py log (2-dec),log,/home/max/Documents/openbeast/research/lowrank/experiments/32-t117-gsq-head-to-head/extract-UD-IQ2_S.log
q38-27b-UD-IQ2S,27B,Qwen3.8-27B,qwen35,5120,UD-IQ2_S,blk.28.ffn_gate.weight,ffn_gate,28,5120,17408,fc,128,0.18,extract_adapter.py log (2-dec),log,/home/max/Documents/openbeast/research/lowrank/experiments/32-t117-gsq-head-to-head/extract-UD-IQ2_S.log
q38-27b-UD-IQ2S,27B,Qwen3.8-27B,qwen35,5120,UD-IQ2_S,blk.28.ffn_up.weight,ffn_up,28,5120,17408,fc,128,0.18,extract_adapter.py log (2-dec),log,/home/max/Documents/openbeast/research/lowrank/experiments/32-t117-gsq-head-to-head/extract-UD-IQ2_S.log
q38-27b-UD-IQ2S,27B,Qwen3.8-27B,qwen35,5120,UD-IQ2_S,blk.29.attn_qkv.weight,attn_qkv,29,5120,10240,fc,128,0.2,extract_adapter.py log (2-dec),log,/home/max/Documents/openbeast/research/lowrank/experiments/32-t117-gsq-head-to-head/extract-UD-IQ2_S.log
q38-27b-UD-IQ2S,27B,Qwen3.8-27B,qwen35,5120,UD-IQ2_S,blk.29.attn_gate.weight,attn_gate,29,5120,6144,fc,128,0.21,extract_adapter.py log (2-dec),log,/home/max/Documents/openbeast/research/lowrank/experiments/32-t117-gsq-head-to-head/extract-UD-IQ2_S.log
q38-27b-UD-IQ2S,27B,Qwen3.8-27B,qwen35,5120,UD-IQ2_S,blk.29.ssm_out.weight,ssm_out,29,6144,5120,fc,128,0.18,extract_adapter.py log (2-dec),log,/home/max/Documents/openbeast/research/lowrank/experiments/32-t117-gsq-head-to-head/extract-UD-IQ2_S.log
q38-27b-UD-IQ2S,27B,Qwen3.8-27B,qwen35,5120,UD-IQ2_S,blk.29.ffn_down.weight,ffn_down,29,17408,5120,fc,128,0.13,extract_adapter.py log (2-dec),log,/home/max/Documents/openbeast/research/lowrank/experiments/32-t117-gsq-head-to-head/extract-UD-IQ2_S.log
q38-27b-UD-IQ2S,27B,Qwen3.8-27B,qwen35,5120,UD-IQ2_S,blk.29.ffn_gate.weight,ffn_gate,29,5120,17408,fc,128,0.17,extract_adapter.py log (2-dec),log,/home/max/Documents/openbeast/research/lowrank/experiments/32-t117-gsq-head-to-head/extract-UD-IQ2_S.log
q38-27b-UD-IQ2S,27B,Qwen3.8-27B,qwen35,5120,UD-IQ2_S,blk.29.ffn_up.weight,ffn_up,29,5120,17408,fc,128,0.17,extract_adapter.py log (2-dec),log,/home/max/Documents/openbeast/research/lowrank/experiments/32-t117-gsq-head-to-head/extract-UD-IQ2_S.log
q38-27b-UD-IQ2S,27B,Qwen3.8-27B,qwen35,5120,UD-IQ2_S,blk.30.attn_qkv.weight,attn_qkv,30,5120,10240,fc,128,0.17,extract_adapter.py log (2-dec),log,/home/max/Documents/openbeast/research/lowrank/experiments/32-t117-gsq-head-to-head/extract-UD-IQ2_S.log
q38-27b-UD-IQ2S,27B,Qwen3.8-27B,qwen35,5120,UD-IQ2_S,blk.30.attn_gate.weight,attn_gate,30,5120,6144,fc,128,0.19,extract_adapter.py log (2-dec),log,/home/max/Documents/openbeast/research/lowrank/experiments/32-t117-gsq-head-to-head/extract-UD-IQ2_S.log
q38-27b-UD-IQ2S,27B,Qwen3.8-27B,qwen35,5120,UD-IQ2_S,blk.30.ssm_out.weight,ssm_out,30,6144,5120,fc,128,0.2,extract_adapter.py log (2-dec),log,/home/max/Documents/openbeast/research/lowrank/experiments/32-t117-gsq-head-to-head/extract-UD-IQ2_S.log
q38-27b-UD-IQ2S,27B,Qwen3.8-27B,qwen35,5120,UD-IQ2_S,blk.30.ffn_down.weight,ffn_down,30,17408,5120,fc,128,0.13,extract_adapter.py log (2-dec),log,/home/max/Documents/openbeast/research/lowrank/experiments/32-t117-gsq-head-to-head/extract-UD-IQ2_S.log
q38-27b-UD-IQ2S,27B,Qwen3.8-27B,qwen35,5120,UD-IQ2_S,blk.30.ffn_gate.weight,ffn_gate,30,5120,17408,fc,128,0.16,extract_adapter.py log (2-dec),log,/home/max/Documents/openbeast/research/lowrank/experiments/32-t117-gsq-head-to-head/extract-UD-IQ2_S.log
q38-27b-UD-IQ2S,27B,Qwen3.8-27B,qwen35,5120,UD-IQ2_S,blk.30.ffn_up.weight,ffn_up,30,5120,17408,fc,128,0.17,extract_adapter.py log (2-dec),log,/home/max/Documents/openbeast/research/lowrank/experiments/32-t117-gsq-head-to-head/extract-UD-IQ2_S.log
q38-27b-UD-IQ2S,27B,Qwen3.8-27B,qwen35,5120,UD-IQ2_S,blk.31.ffn_down.weight,ffn_down,31,17408,5120,fc,128,0.12,extract_adapter.py log (2-dec),log,/home/max/Documents/openbeast/research/lowrank/experiments/32-t117-gsq-head-to-head/extract-UD-IQ2_S.log
q38-27b-UD-IQ2S,27B,Qwen3.8-27B,qwen35,5120,UD-IQ2_S,blk.31.ffn_gate.weight,ffn_gate,31,5120,17408,fc,128,0.16,extract_adapter.py log (2-dec),log,/home/max/Documents/openbeast/research/lowrank/experiments/32-t117-gsq-head-to-head/extract-UD-IQ2_S.log
q38-27b-UD-IQ2S,27B,Qwen3.8-27B,qwen35,5120,UD-IQ2_S,blk.31.ffn_up.weight,ffn_up,31,5120,17408,fc,128,0.16,extract_adapter.py log (2-dec),log,/home/max/Documents/openbeast/research/lowrank/experiments/32-t117-gsq-head-to-head/extract-UD-IQ2_S.log
q38-27b-UD-IQ2S,27B,Qwen3.8-27B,qwen35,5120,UD-IQ2_S,blk.31.attn_k.weight,attn_k,31,5120,1024,fc,128,0.37,extract_adapter.py log (2-dec),log,/home/max/Documents/openbeast/research/lowrank/experiments/32-t117-gsq-head-to-head/extract-UD-IQ2_S.log
q38-27b-UD-IQ2S,27B,Qwen3.8-27B,qwen35,5120,UD-IQ2_S,blk.31.attn_output.weight,attn_o,31,6144,5120,fc,128,0.22,extract_adapter.py log (2-dec),log,/home/max/Documents/openbeast/research/lowrank/experiments/32-t117-gsq-head-to-head/extract-UD-IQ2_S.log
q38-27b-UD-IQ2S,27B,Qwen3.8-27B,qwen35,5120,UD-IQ2_S,blk.31.attn_q.weight,attn_q,31,5120,12288,fc,128,0.19,extract_adapter.py log (2-dec),log,/home/max/Documents/openbeast/research/lowrank/experiments/32-t117-gsq-head-to-head/extract-UD-IQ2_S.log
q38-27b-UD-IQ2S,27B,Qwen3.8-27B,qwen35,5120,UD-IQ2_S,blk.31.attn_v.weight,attn_v,31,5120,1024,fc,128,0.31,extract_adapter.py log (2-dec),log,/home/max/Documents/openbeast/research/lowrank/experiments/32-t117-gsq-head-to-head/extract-UD-IQ2_S.log
q38-27b-UD-IQ2S,27B,Qwen3.8-27B,qwen35,5120,UD-IQ2_S,blk.32.attn_qkv.weight,attn_qkv,32,5120,10240,fc,128,0.19,extract_adapter.py log (2-dec),log,/home/max/Documents/openbeast/research/lowrank/experiments/32-t117-gsq-head-to-head/extract-UD-IQ2_S.log
q38-27b-UD-IQ2S,27B,Qwen3.8-27B,qwen35,5120,UD-IQ2_S,blk.32.attn_gate.weight,attn_gate,32,5120,6144,fc,128,0.19,extract_adapter.py log (2-dec),log,/home/max/Documents/openbeast/research/lowrank/experiments/32-t117-gsq-head-to-head/extract-UD-IQ2_S.log
q38-27b-UD-IQ2S,27B,Qwen3.8-27B,qwen35,5120,UD-IQ2_S,blk.32.ssm_out.weight,ssm_out,32,6144,5120,fc,128,0.19,extract_adapter.py log (2-dec),log,/home/max/Documents/openbeast/research/lowrank/experiments/32-t117-gsq-head-to-head/extract-UD-IQ2_S.log
q38-27b-UD-IQ2S,27B,Qwen3.8-27B,qwen35,5120,UD-IQ2_S,blk.32.ffn_down.weight,ffn_down,32,17408,5120,fc,128,0.12,extract_adapter.py log (2-dec),log,/home/max/Documents/openbeast/research/lowrank/experiments/32-t117-gsq-head-to-head/extract-UD-IQ2_S.log
q38-27b-UD-IQ2S,27B,Qwen3.8-27B,qwen35,5120,UD-IQ2_S,blk.32.ffn_gate.weight,ffn_gate,32,5120,17408,fc,128,0.15,extract_adapter.py log (2-dec),log,/home/max/Documents/openbeast/research/lowrank/experiments/32-t117-gsq-head-to-head/extract-UD-IQ2_S.log
q38-27b-UD-IQ2S,27B,Qwen3.8-27B,qwen35,5120,UD-IQ2_S,blk.32.ffn_up.weight,ffn_up,32,5120,17408,fc,128,0.15,extract_adapter.py log (2-dec),log,/home/max/Documents/openbeast/research/lowrank/experiments/32-t117-gsq-head-to-head/extract-UD-IQ2_S.log
q38-27b-UD-IQ2S,27B,Qwen3.8-27B,qwen35,5120,UD-IQ2_S,blk.33.attn_qkv.weight,attn_qkv,33,5120,10240,fc,128,0.18,extract_adapter.py log (2-dec),log,/home/max/Documents/openbeast/research/lowrank/experiments/32-t117-gsq-head-to-head/extract-UD-IQ2_S.log
q38-27b-UD-IQ2S,27B,Qwen3.8-27B,qwen35,5120,UD-IQ2_S,blk.33.attn_gate.weight,attn_gate,33,5120,6144,fc,128,0.19,extract_adapter.py log (2-dec),log,/home/max/Documents/openbeast/research/lowrank/experiments/32-t117-gsq-head-to-head/extract-UD-IQ2_S.log
q38-27b-UD-IQ2S,27B,Qwen3.8-27B,qwen35,5120,UD-IQ2_S,blk.33.ssm_out.weight,ssm_out,33,6144,5120,fc,128,0.19,extract_adapter.py log (2-dec),log,/home/max/Documents/openbeast/research/lowrank/experiments/32-t117-gsq-head-to-head/extract-UD-IQ2_S.log
q38-27b-UD-IQ2S,27B,Qwen3.8-27B,qwen35,5120,UD-IQ2_S,blk.33.ffn_down.weight,ffn_down,33,17408,5120,fc,128,0.14,extract_adapter.py log (2-dec),log,/home/max/Documents/openbeast/research/lowrank/experiments/32-t117-gsq-head-to-head/extract-UD-IQ2_S.log
q38-27b-UD-IQ2S,27B,Qwen3.8-27B,qwen35,5120,UD-IQ2_S,blk.33.ffn_gate.weight,ffn_gate,33,5120,17408,fc,128,0.15,extract_adapter.py log (2-dec),log,/home/max/Documents/openbeast/research/lowrank/experiments/32-t117-gsq-head-to-head/extract-UD-IQ2_S.log
q38-27b-UD-IQ2S,27B,Qwen3.8-27B,qwen35,5120,UD-IQ2_S,blk.33.ffn_up.weight,ffn_up,33,5120,17408,fc,128,0.15,extract_adapter.py log (2-dec),log,/home/max/Documents/openbeast/research/lowrank/experiments/32-t117-gsq-head-to-head/extract-UD-IQ2_S.log
q38-27b-UD-IQ2S,27B,Qwen3.8-27B,qwen35,5120,UD-IQ2_S,blk.34.attn_qkv.weight,attn_qkv,34,5120,10240,fc,128,0.18,extract_adapter.py log (2-dec),log,/home/max/Documents/openbeast/research/lowrank/experiments/32-t117-gsq-head-to-head/extract-UD-IQ2_S.log
q38-27b-UD-IQ2S,27B,Qwen3.8-27B,qwen35,5120,UD-IQ2_S,blk.34.attn_gate.weight,attn_gate,34,5120,6144,fc,128,0.19,extract_adapter.py log (2-dec),log,/home/max/Documents/openbeast/research/lowrank/experiments/32-t117-gsq-head-to-head/extract-UD-IQ2_S.log
q38-27b-UD-IQ2S,27B,Qwen3.8-27B,qwen35,5120,UD-IQ2_S,blk.34.ssm_out.weight,ssm_out,34,6144,5120,fc,128,0.21,extract_adapter.py log (2-dec),log,/home/max/Documents/openbeast/research/lowrank/experiments/32-t117-gsq-head-to-head/extract-UD-IQ2_S.log
q38-27b-UD-IQ2S,27B,Qwen3.8-27B,qwen35,5120,UD-IQ2_S,blk.34.ffn_down.weight,ffn_down,34,17408,5120,fc,128,0.15,extract_adapter.py log (2-dec),log,/home/max/Documents/openbeast/research/lowrank/experiments/32-t117-gsq-head-to-head/extract-UD-IQ2_S.log
q38-27b-UD-IQ2S,27B,Qwen3.8-27B,qwen35,5120,UD-IQ2_S,blk.34.ffn_gate.weight,ffn_gate,34,5120,17408,fc,128,0.17,extract_adapter.py log (2-dec),log,/home/max/Documents/openbeast/research/lowrank/experiments/32-t117-gsq-head-to-head/extract-UD-IQ2_S.log
q38-27b-UD-IQ2S,27B,Qwen3.8-27B,qwen35,5120,UD-IQ2_S,blk.34.ffn_up.weight,ffn_up,34,5120,17408,fc,128,0.16,extract_adapter.py log (2-dec),log,/home/max/Documents/openbeast/research/lowrank/experiments/32-t117-gsq-head-to-head/extract-UD-IQ2_S.log
q38-27b-UD-IQ2S,27B,Qwen3.8-27B,qwen35,5120,UD-IQ2_S,blk.35.ffn_down.weight,ffn_down,35,17408,5120,fc,128,0.18,extract_adapter.py log (2-dec),log,/home/max/Documents/openbeast/research/lowrank/experiments/32-t117-gsq-head-to-head/extract-UD-IQ2_S.log
q38-27b-UD-IQ2S,27B,Qwen3.8-27B,qwen35,5120,UD-IQ2_S,blk.35.ffn_gate.weight,ffn_gate,35,5120,17408,fc,128,0.17,extract_adapter.py log (2-dec),log,/home/max/Documents/openbeast/research/lowrank/experiments/32-t117-gsq-head-to-head/extract-UD-IQ2_S.log
q38-27b-UD-IQ2S,27B,Qwen3.8-27B,qwen35,5120,UD-IQ2_S,blk.35.ffn_up.weight,ffn_up,35,5120,17408,fc,128,0.17,extract_adapter.py log (2-dec),log,/home/max/Documents/openbeast/research/lowrank/experiments/32-t117-gsq-head-to-head/extract-UD-IQ2_S.log
q38-27b-UD-IQ2S,27B,Qwen3.8-27B,qwen35,5120,UD-IQ2_S,blk.35.attn_k.weight,attn_k,35,5120,1024,fc,128,0.36,extract_adapter.py log (2-dec),log,/home/max/Documents/openbeast/research/lowrank/experiments/32-t117-gsq-head-to-head/extract-UD-IQ2_S.log
q38-27b-UD-IQ2S,27B,Qwen3.8-27B,qwen35,5120,UD-IQ2_S,blk.35.attn_output.weight,attn_o,35,6144,5120,fc,128,0.29,extract_adapter.py log (2-dec),log,/home/max/Documents/openbeast/research/lowrank/experiments/32-t117-gsq-head-to-head/extract-UD-IQ2_S.log
q38-27b-UD-IQ2S,27B,Qwen3.8-27B,qwen35,5120,UD-IQ2_S,blk.35.attn_q.weight,attn_q,35,5120,12288,fc,128,0.19,extract_adapter.py log (2-dec),log,/home/max/Documents/openbeast/research/lowrank/experiments/32-t117-gsq-head-to-head/extract-UD-IQ2_S.log
q38-27b-UD-IQ2S,27B,Qwen3.8-27B,qwen35,5120,UD-IQ2_S,blk.35.attn_v.weight,attn_v,35,5120,1024,fc,128,0.32,extract_adapter.py log (2-dec),log,/home/max/Documents/openbeast/research/lowrank/experiments/32-t117-gsq-head-to-head/extract-UD-IQ2_S.log
q38-27b-UD-IQ2S,27B,Qwen3.8-27B,qwen35,5120,UD-IQ2_S,blk.36.attn_qkv.weight,attn_qkv,36,5120,10240,fc,128,0.2,extract_adapter.py log (2-dec),log,/home/max/Documents/openbeast/research/lowrank/experiments/32-t117-gsq-head-to-head/extract-UD-IQ2_S.log
q38-27b-UD-IQ2S,27B,Qwen3.8-27B,qwen35,5120,UD-IQ2_S,blk.36.attn_gate.weight,attn_gate,36,5120,6144,fc,128,0.21,extract_adapter.py log (2-dec),log,/home/max/Documents/openbeast/research/lowrank/experiments/32-t117-gsq-head-to-head/extract-UD-IQ2_S.log
q38-27b-UD-IQ2S,27B,Qwen3.8-27B,qwen35,5120,UD-IQ2_S,blk.36.ssm_out.weight,ssm_out,36,6144,5120,fc,128,0.33,extract_adapter.py log (2-dec),log,/home/max/Documents/openbeast/research/lowrank/experiments/32-t117-gsq-head-to-head/extract-UD-IQ2_S.log
q38-27b-UD-IQ2S,27B,Qwen3.8-27B,qwen35,5120,UD-IQ2_S,blk.36.ffn_down.weight,ffn_down,36,17408,5120,fc,128,0.22,extract_adapter.py log (2-dec),log,/home/max/Documents/openbeast/research/lowrank/experiments/32-t117-gsq-head-to-head/extract-UD-IQ2_S.log
q38-27b-UD-IQ2S,27B,Qwen3.8-27B,qwen35,5120,UD-IQ2_S,blk.36.ffn_gate.weight,ffn_gate,36,5120,17408,fc,128,0.18,extract_adapter.py log (2-dec),log,/home/max/Documents/openbeast/research/lowrank/experiments/32-t117-gsq-head-to-head/extract-UD-IQ2_S.log
q38-27b-UD-IQ2S,27B,Qwen3.8-27B,qwen35,5120,UD-IQ2_S,blk.36.ffn_up.weight,ffn_up,36,5120,17408,fc,128,0.19,extract_adapter.py log (2-dec),log,/home/max/Documents/openbeast/research/lowrank/experiments/32-t117-gsq-head-to-head/extract-UD-IQ2_S.log
q38-27b-UD-IQ2S,27B,Qwen3.8-27B,qwen35,5120,UD-IQ2_S,blk.37.attn_qkv.weight,attn_qkv,37,5120,10240,fc,128,0.21,extract_adapter.py log (2-dec),log,/home/max/Documents/openbeast/research/lowrank/experiments/32-t117-gsq-head-to-head/extract-UD-IQ2_S.log
q38-27b-UD-IQ2S,27B,Qwen3.8-27B,qwen35,5120,UD-IQ2_S,blk.37.attn_gate.weight,attn_gate,37,5120,6144,fc,128,0.23,extract_adapter.py log (2-dec),log,/home/max/Documents/openbeast/research/lowrank/experiments/32-t117-gsq-head-to-head/extract-UD-IQ2_S.log
q38-27b-UD-IQ2S,27B,Qwen3.8-27B,qwen35,5120,UD-IQ2_S,blk.37.ssm_out.weight,ssm_out,37,6144,5120,fc,128,0.29,extract_adapter.py log (2-dec),log,/home/max/Documents/openbeast/research/lowrank/experiments/32-t117-gsq-head-to-head/extract-UD-IQ2_S.log
q38-27b-UD-IQ2S,27B,Qwen3.8-27B,qwen35,5120,UD-IQ2_S,blk.37.ffn_down.weight,ffn_down,37,17408,5120,fc,128,0.16,extract_adapter.py log (2-dec),log,/home/max/Documents/openbeast/research/lowrank/experiments/32-t117-gsq-head-to-head/extract-UD-IQ2_S.log
q38-27b-UD-IQ2S,27B,Qwen3.8-27B,qwen35,5120,UD-IQ2_S,blk.37.ffn_gate.weight,ffn_gate,37,5120,17408,fc,128,0.18,extract_adapter.py log (2-dec),log,/home/max/Documents/openbeast/research/lowrank/experiments/32-t117-gsq-head-to-head/extract-UD-IQ2_S.log
q38-27b-UD-IQ2S,27B,Qwen3.8-27B,qwen35,5120,UD-IQ2_S,blk.37.ffn_up.weight,ffn_up,37,5120,17408,fc,128,0.19,extract_adapter.py log (2-dec),log,/home/max/Documents/openbeast/research/lowrank/experiments/32-t117-gsq-head-to-head/extract-UD-IQ2_S.log
q38-27b-UD-IQ2S,27B,Qwen3.8-27B,qwen35,5120,UD-IQ2_S,blk.38.attn_qkv.weight,attn_qkv,38,5120,10240,fc,128,0.2,extract_adapter.py log (2-dec),log,/home/max/Documents/openbeast/research/lowrank/experiments/32-t117-gsq-head-to-head/extract-UD-IQ2_S.log
q38-27b-UD-IQ2S,27B,Qwen3.8-27B,qwen35,5120,UD-IQ2_S,blk.38.attn_gate.weight,attn_gate,38,5120,6144,fc,128,0.22,extract_adapter.py log (2-dec),log,/home/max/Documents/openbeast/research/lowrank/experiments/32-t117-gsq-head-to-head/extract-UD-IQ2_S.log
q38-27b-UD-IQ2S,27B,Qwen3.8-27B,qwen35,5120,UD-IQ2_S,blk.38.ssm_out.weight,ssm_out,38,6144,5120,fc,128,0.29,extract_adapter.py log (2-dec),log,/home/max/Documents/openbeast/research/lowrank/experiments/32-t117-gsq-head-to-head/extract-UD-IQ2_S.log
q38-27b-UD-IQ2S,27B,Qwen3.8-27B,qwen35,5120,UD-IQ2_S,blk.38.ffn_down.weight,ffn_down,38,17408,5120,fc,128,0.16,extract_adapter.py log (2-dec),log,/home/max/Documents/openbeast/research/lowrank/experiments/32-t117-gsq-head-to-head/extract-UD-IQ2_S.log
q38-27b-UD-IQ2S,27B,Qwen3.8-27B,qwen35,5120,UD-IQ2_S,blk.38.ffn_gate.weight,ffn_gate,38,5120,17408,fc,128,0.19,extract_adapter.py log (2-dec),log,/home/max/Documents/openbeast/research/lowrank/experiments/32-t117-gsq-head-to-head/extract-UD-IQ2_S.log
q38-27b-UD-IQ2S,27B,Qwen3.8-27B,qwen35,5120,UD-IQ2_S,blk.38.ffn_up.weight,ffn_up,38,5120,17408,fc,128,0.19,extract_adapter.py log (2-dec),log,/home/max/Documents/openbeast/research/lowrank/experiments/32-t117-gsq-head-to-head/extract-UD-IQ2_S.log
q38-27b-UD-IQ2S,27B,Qwen3.8-27B,qwen35,5120,UD-IQ2_S,blk.39.ffn_down.weight,ffn_down,39,17408,5120,fc,128,0.17,extract_adapter.py log (2-dec),log,/home/max/Documents/openbeast/research/lowrank/experiments/32-t117-gsq-head-to-head/extract-UD-IQ2_S.log
q38-27b-UD-IQ2S,27B,Qwen3.8-27B,qwen35,5120,UD-IQ2_S,blk.39.ffn_gate.weight,ffn_gate,39,5120,17408,fc,128,0.18,extract_adapter.py log (2-dec),log,/home/max/Documents/openbeast/research/lowrank/experiments/32-t117-gsq-head-to-head/extract-UD-IQ2_S.log
q38-27b-UD-IQ2S,27B,Qwen3.8-27B,qwen35,5120,UD-IQ2_S,blk.39.ffn_up.weight,ffn_up,39,5120,17408,fc,128,0.19,extract_adapter.py log (2-dec),log,/home/max/Documents/openbeast/research/lowrank/experiments/32-t117-gsq-head-to-head/extract-UD-IQ2_S.log
q38-27b-UD-IQ2S,27B,Qwen3.8-27B,qwen35,5120,UD-IQ2_S,blk.39.attn_k.weight,attn_k,39,5120,1024,fc,128,0.37,extract_adapter.py log (2-dec),log,/home/max/Documents/openbeast/research/lowrank/experiments/32-t117-gsq-head-to-head/extract-UD-IQ2_S.log
q38-27b-UD-IQ2S,27B,Qwen3.8-27B,qwen35,5120,UD-IQ2_S,blk.39.attn_output.weight,attn_o,39,6144,5120,fc,128,0.31,extract_adapter.py log (2-dec),log,/home/max/Documents/openbeast/research/lowrank/experiments/32-t117-gsq-head-to-head/extract-UD-IQ2_S.log
q38-27b-UD-IQ2S,27B,Qwen3.8-27B,qwen35,5120,UD-IQ2_S,blk.39.attn_q.weight,attn_q,39,5120,12288,fc,128,0.21,extract_adapter.py log (2-dec),log,/home/max/Documents/openbeast/research/lowrank/experiments/32-t117-gsq-head-to-head/extract-UD-IQ2_S.log
q38-27b-UD-IQ2S,27B,Qwen3.8-27B,qwen35,5120,UD-IQ2_S,blk.39.attn_v.weight,attn_v,39,5120,1024,fc,128,0.34,extract_adapter.py log (2-dec),log,/home/max/Documents/openbeast/research/lowrank/experiments/32-t117-gsq-head-to-head/extract-UD-IQ2_S.log
q38-27b-UD-IQ2S,27B,Qwen3.8-27B,qwen35,5120,UD-IQ2_S,blk.40.attn_qkv.weight,attn_qkv,40,5120,10240,fc,128,0.21,extract_adapter.py log (2-dec),log,/home/max/Documents/openbeast/research/lowrank/experiments/32-t117-gsq-head-to-head/extract-UD-IQ2_S.log
q38-27b-UD-IQ2S,27B,Qwen3.8-27B,qwen35,5120,UD-IQ2_S,blk.40.attn_gate.weight,attn_gate,40,5120,6144,fc,128,0.23,extract_adapter.py log (2-dec),log,/home/max/Documents/openbeast/research/lowrank/experiments/32-t117-gsq-head-to-head/extract-UD-IQ2_S.log
q38-27b-UD-IQ2S,27B,Qwen3.8-27B,qwen35,5120,UD-IQ2_S,blk.40.ssm_out.weight,ssm_out,40,6144,5120,fc,128,0.27,extract_adapter.py log (2-dec),log,/home/max/Documents/openbeast/research/lowrank/experiments/32-t117-gsq-head-to-head/extract-UD-IQ2_S.log
q38-27b-UD-IQ2S,27B,Qwen3.8-27B,qwen35,5120,UD-IQ2_S,blk.40.ffn_down.weight,ffn_down,40,17408,5120,fc,128,0.2,extract_adapter.py log (2-dec),log,/home/max/Documents/openbeast/research/lowrank/experiments/32-t117-gsq-head-to-head/extract-UD-IQ2_S.log
q38-27b-UD-IQ2S,27B,Qwen3.8-27B,qwen35,5120,UD-IQ2_S,blk.40.ffn_gate.weight,ffn_gate,40,5120,17408,fc,128,0.18,extract_adapter.py log (2-dec),log,/home/max/Documents/openbeast/research/lowrank/experiments/32-t117-gsq-head-to-head/extract-UD-IQ2_S.log
q38-27b-UD-IQ2S,27B,Qwen3.8-27B,qwen35,5120,UD-IQ2_S,blk.40.ffn_up.weight,ffn_up,40,5120,17408,fc,128,0.19,extract_adapter.py log (2-dec),log,/home/max/Documents/openbeast/research/lowrank/experiments/32-t117-gsq-head-to-head/extract-UD-IQ2_S.log
q38-27b-UD-IQ2S,27B,Qwen3.8-27B,qwen35,5120,UD-IQ2_S,blk.41.attn_qkv.weight,attn_qkv,41,5120,10240,fc,128,0.21,extract_adapter.py log (2-dec),log,/home/max/Documents/openbeast/research/lowrank/experiments/32-t117-gsq-head-to-head/extract-UD-IQ2_S.log
q38-27b-UD-IQ2S,27B,Qwen3.8-27B,qwen35,5120,UD-IQ2_S,blk.41.attn_gate.weight,attn_gate,41,5120,6144,fc,128,0.23,extract_adapter.py log (2-dec),log,/home/max/Documents/openbeast/research/lowrank/experiments/32-t117-gsq-head-to-head/extract-UD-IQ2_S.log
q38-27b-UD-IQ2S,27B,Qwen3.8-27B,qwen35,5120,UD-IQ2_S,blk.41.ssm_out.weight,ssm_out,41,6144,5120,fc,128,0.24,extract_adapter.py log (2-dec),log,/home/max/Documents/openbeast/research/lowrank/experiments/32-t117-gsq-head-to-head/extract-UD-IQ2_S.log
q38-27b-UD-IQ2S,27B,Qwen3.8-27B,qwen35,5120,UD-IQ2_S,blk.41.ffn_down.weight,ffn_down,41,17408,5120,fc,128,0.16,extract_adapter.py log (2-dec),log,/home/max/Documents/openbeast/research/lowrank/experiments/32-t117-gsq-head-to-head/extract-UD-IQ2_S.log
q38-27b-UD-IQ2S,27B,Qwen3.8-27B,qwen35,5120,UD-IQ2_S,blk.41.ffn_gate.weight,ffn_gate,41,5120,17408,fc,128,0.18,extract_adapter.py log (2-dec),log,/home/max/Documents/openbeast/research/lowrank/experiments/32-t117-gsq-head-to-head/extract-UD-IQ2_S.log
q38-27b-UD-IQ2S,27B,Qwen3.8-27B,qwen35,5120,UD-IQ2_S,blk.41.ffn_up.weight,ffn_up,41,5120,17408,fc,128,0.19,extract_adapter.py log (2-dec),log,/home/max/Documents/openbeast/research/lowrank/experiments/32-t117-gsq-head-to-head/extract-UD-IQ2_S.log
q38-27b-UD-IQ2S,27B,Qwen3.8-27B,qwen35,5120,UD-IQ2_S,blk.42.attn_qkv.weight,attn_qkv,42,5120,10240,fc,128,0.21,extract_adapter.py log (2-dec),log,/home/max/Documents/openbeast/research/lowrank/experiments/32-t117-gsq-head-to-head/extract-UD-IQ2_S.log
q38-27b-UD-IQ2S,27B,Qwen3.8-27B,qwen35,5120,UD-IQ2_S,blk.42.attn_gate.weight,attn_gate,42,5120,6144,fc,128,0.23,extract_adapter.py log (2-dec),log,/home/max/Documents/openbeast/research/lowrank/experiments/32-t117-gsq-head-to-head/extract-UD-IQ2_S.log
q38-27b-UD-IQ2S,27B,Qwen3.8-27B,qwen35,5120,UD-IQ2_S,blk.42.ssm_out.weight,ssm_out,42,6144,5120,fc,128,0.25,extract_adapter.py log (2-dec),log,/home/max/Documents/openbeast/research/lowrank/experiments/32-t117-gsq-head-to-head/extract-UD-IQ2_S.log
q38-27b-UD-IQ2S,27B,Qwen3.8-27B,qwen35,5120,UD-IQ2_S,blk.42.ffn_down.weight,ffn_down,42,17408,5120,fc,128,0.17,extract_adapter.py log (2-dec),log,/home/max/Documents/openbeast/research/lowrank/experiments/32-t117-gsq-head-to-head/extract-UD-IQ2_S.log
q38-27b-UD-IQ2S,27B,Qwen3.8-27B,qwen35,5120,UD-IQ2_S,blk.42.ffn_gate.weight,ffn_gate,42,5120,17408,fc,128,0.18,extract_adapter.py log (2-dec),log,/home/max/Documents/openbeast/research/lowrank/experiments/32-t117-gsq-head-to-head/extract-UD-IQ2_S.log
q38-27b-UD-IQ2S,27B,Qwen3.8-27B,qwen35,5120,UD-IQ2_S,blk.42.ffn_up.weight,ffn_up,42,5120,17408,fc,128,0.19,extract_adapter.py log (2-dec),log,/home/max/Documents/openbeast/research/lowrank/experiments/32-t117-gsq-head-to-head/extract-UD-IQ2_S.log
q38-27b-UD-IQ2S,27B,Qwen3.8-27B,qwen35,5120,UD-IQ2_S,blk.43.ffn_down.weight,ffn_down,43,17408,5120,fc,128,0.15,extract_adapter.py log (2-dec),log,/home/max/Documents/openbeast/research/lowrank/experiments/32-t117-gsq-head-to-head/extract-UD-IQ2_S.log
q38-27b-UD-IQ2S,27B,Qwen3.8-27B,qwen35,5120,UD-IQ2_S,blk.43.ffn_gate.weight,ffn_gate,43,5120,17408,fc,128,0.17,extract_adapter.py log (2-dec),log,/home/max/Documents/openbeast/research/lowrank/experiments/32-t117-gsq-head-to-head/extract-UD-IQ2_S.log
q38-27b-UD-IQ2S,27B,Qwen3.8-27B,qwen35,5120,UD-IQ2_S,blk.43.ffn_up.weight,ffn_up,43,5120,17408,fc,128,0.19,extract_adapter.py log (2-dec),log,/home/max/Documents/openbeast/research/lowrank/experiments/32-t117-gsq-head-to-head/extract-UD-IQ2_S.log
q38-27b-UD-IQ2S,27B,Qwen3.8-27B,qwen35,5120,UD-IQ2_S,blk.43.attn_k.weight,attn_k,43,5120,1024,fc,128,0.39,extract_adapter.py log (2-dec),log,/home/max/Documents/openbeast/research/lowrank/experiments/32-t117-gsq-head-to-head/extract-UD-IQ2_S.log
q38-27b-UD-IQ2S,27B,Qwen3.8-27B,qwen35,5120,UD-IQ2_S,blk.43.attn_output.weight,attn_o,43,6144,5120,fc,128,0.26,extract_adapter.py log (2-dec),log,/home/max/Documents/openbeast/research/lowrank/experiments/32-t117-gsq-head-to-head/extract-UD-IQ2_S.log
q38-27b-UD-IQ2S,27B,Qwen3.8-27B,qwen35,5120,UD-IQ2_S,blk.43.attn_q.weight,attn_q,43,5120,12288,fc,128,0.21,extract_adapter.py log (2-dec),log,/home/max/Documents/openbeast/research/lowrank/experiments/32-t117-gsq-head-to-head/extract-UD-IQ2_S.log
q38-27b-UD-IQ2S,27B,Qwen3.8-27B,qwen35,5120,UD-IQ2_S,blk.43.attn_v.weight,attn_v,43,5120,1024,fc,128,0.34,extract_adapter.py log (2-dec),log,/home/max/Documents/openbeast/research/lowrank/experiments/32-t117-gsq-head-to-head/extract-UD-IQ2_S.log
q38-27b-UD-IQ2S,27B,Qwen3.8-27B,qwen35,5120,UD-IQ2_S,blk.44.attn_qkv.weight,attn_qkv,44,5120,10240,fc,128,0.2,extract_adapter.py log (2-dec),log,/home/max/Documents/openbeast/research/lowrank/experiments/32-t117-gsq-head-to-head/extract-UD-IQ2_S.log
q38-27b-UD-IQ2S,27B,Qwen3.8-27B,qwen35,5120,UD-IQ2_S,blk.44.attn_gate.weight,attn_gate,44,5120,6144,fc,128,0.21,extract_adapter.py log (2-dec),log,/home/max/Documents/openbeast/research/lowrank/experiments/32-t117-gsq-head-to-head/extract-UD-IQ2_S.log
q38-27b-UD-IQ2S,27B,Qwen3.8-27B,qwen35,5120,UD-IQ2_S,blk.44.ssm_out.weight,ssm_out,44,6144,5120,fc,128,0.22,extract_adapter.py log (2-dec),log,/home/max/Documents/openbeast/research/lowrank/experiments/32-t117-gsq-head-to-head/extract-UD-IQ2_S.log
q38-27b-UD-IQ2S,27B,Qwen3.8-27B,qwen35,5120,UD-IQ2_S,blk.44.ffn_down.weight,ffn_down,44,17408,5120,fc,128,0.15,extract_adapter.py log (2-dec),log,/home/max/Documents/openbeast/research/lowrank/experiments/32-t117-gsq-head-to-head/extract-UD-IQ2_S.log
q38-27b-UD-IQ2S,27B,Qwen3.8-27B,qwen35,5120,UD-IQ2_S,blk.44.ffn_gate.weight,ffn_gate,44,5120,17408,fc,128,0.17,extract_adapter.py log (2-dec),log,/home/max/Documents/openbeast/research/lowrank/experiments/32-t117-gsq-head-to-head/extract-UD-IQ2_S.log
q38-27b-UD-IQ2S,27B,Qwen3.8-27B,qwen35,5120,UD-IQ2_S,blk.44.ffn_up.weight,ffn_up,44,5120,17408,fc,128,0.17,extract_adapter.py log (2-dec),log,/home/max/Documents/openbeast/research/lowrank/experiments/32-t117-gsq-head-to-head/extract-UD-IQ2_S.log
q38-27b-UD-IQ2S,27B,Qwen3.8-27B,qwen35,5120,UD-IQ2_S,blk.45.attn_qkv.weight,attn_qkv,45,5120,10240,fc,128,0.19,extract_adapter.py log (2-dec),log,/home/max/Documents/openbeast/research/lowrank/experiments/32-t117-gsq-head-to-head/extract-UD-IQ2_S.log
q38-27b-UD-IQ2S,27B,Qwen3.8-27B,qwen35,5120,UD-IQ2_S,blk.45.attn_gate.weight,attn_gate,45,5120,6144,fc,128,0.21,extract_adapter.py log (2-dec),log,/home/max/Documents/openbeast/research/lowrank/experiments/32-t117-gsq-head-to-head/extract-UD-IQ2_S.log
q38-27b-UD-IQ2S,27B,Qwen3.8-27B,qwen35,5120,UD-IQ2_S,blk.45.ssm_out.weight,ssm_out,45,6144,5120,fc,128,0.21,extract_adapter.py log (2-dec),log,/home/max/Documents/openbeast/research/lowrank/experiments/32-t117-gsq-head-to-head/extract-UD-IQ2_S.log
q38-27b-UD-IQ2S,27B,Qwen3.8-27B,qwen35,5120,UD-IQ2_S,blk.45.ffn_down.weight,ffn_down,45,17408,5120,fc,128,0.14,extract_adapter.py log (2-dec),log,/home/max/Documents/openbeast/research/lowrank/experiments/32-t117-gsq-head-to-head/extract-UD-IQ2_S.log
q38-27b-UD-IQ2S,27B,Qwen3.8-27B,qwen35,5120,UD-IQ2_S,blk.45.ffn_gate.weight,ffn_gate,45,5120,17408,fc,128,0.17,extract_adapter.py log (2-dec),log,/home/max/Documents/openbeast/research/lowrank/experiments/32-t117-gsq-head-to-head/extract-UD-IQ2_S.log
q38-27b-UD-IQ2S,27B,Qwen3.8-27B,qwen35,5120,UD-IQ2_S,blk.45.ffn_up.weight,ffn_up,45,5120,17408,fc,128,0.17,extract_adapter.py log (2-dec),log,/home/max/Documents/openbeast/research/lowrank/experiments/32-t117-gsq-head-to-head/extract-UD-IQ2_S.log
q38-27b-UD-IQ2S,27B,Qwen3.8-27B,qwen35,5120,UD-IQ2_S,blk.46.attn_qkv.weight,attn_qkv,46,5120,10240,fc,128,0.2,extract_adapter.py log (2-dec),log,/home/max/Documents/openbeast/research/lowrank/experiments/32-t117-gsq-head-to-head/extract-UD-IQ2_S.log
q38-27b-UD-IQ2S,27B,Qwen3.8-27B,qwen35,5120,UD-IQ2_S,blk.46.attn_gate.weight,attn_gate,46,5120,6144,fc,128,0.2,extract_adapter.py log (2-dec),log,/home/max/Documents/openbeast/research/lowrank/experiments/32-t117-gsq-head-to-head/extract-UD-IQ2_S.log
q38-27b-UD-IQ2S,27B,Qwen3.8-27B,qwen35,5120,UD-IQ2_S,blk.46.ssm_out.weight,ssm_out,46,6144,5120,fc,128,0.22,extract_adapter.py log (2-dec),log,/home/max/Documents/openbeast/research/lowrank/experiments/32-t117-gsq-head-to-head/extract-UD-IQ2_S.log
q38-27b-UD-IQ2S,27B,Qwen3.8-27B,qwen35,5120,UD-IQ2_S,blk.46.ffn_down.weight,ffn_down,46,17408,5120,fc,128,0.14,extract_adapter.py log (2-dec),log,/home/max/Documents/openbeast/research/lowrank/experiments/32-t117-gsq-head-to-head/extract-UD-IQ2_S.log
q38-27b-UD-IQ2S,27B,Qwen3.8-27B,qwen35,5120,UD-IQ2_S,blk.46.ffn_gate.weight,ffn_gate,46,5120,17408,fc,128,0.16,extract_adapter.py log (2-dec),log,/home/max/Documents/openbeast/research/lowrank/experiments/32-t117-gsq-head-to-head/extract-UD-IQ2_S.log
q38-27b-UD-IQ2S,27B,Qwen3.8-27B,qwen35,5120,UD-IQ2_S,blk.46.ffn_up.weight,ffn_up,46,5120,17408,fc,128,0.17,extract_adapter.py log (2-dec),log,/home/max/Documents/openbeast/research/lowrank/experiments/32-t117-gsq-head-to-head/extract-UD-IQ2_S.log
q38-27b-UD-IQ2S,27B,Qwen3.8-27B,qwen35,5120,UD-IQ2_S,blk.47.ffn_down.weight,ffn_down,47,17408,5120,fc,128,0.15,extract_adapter.py log (2-dec),log,/home/max/Documents/openbeast/research/lowrank/experiments/32-t117-gsq-head-to-head/extract-UD-IQ2_S.log
q38-27b-UD-IQ2S,27B,Qwen3.8-27B,qwen35,5120,UD-IQ2_S,blk.47.ffn_gate.weight,ffn_gate,47,5120,17408,fc,128,0.16,extract_adapter.py log (2-dec),log,/home/max/Documents/openbeast/research/lowrank/experiments/32-t117-gsq-head-to-head/extract-UD-IQ2_S.log
q38-27b-UD-IQ2S,27B,Qwen3.8-27B,qwen35,5120,UD-IQ2_S,blk.47.ffn_up.weight,ffn_up,47,5120,17408,fc,128,0.16,extract_adapter.py log (2-dec),log,/home/max/Documents/openbeast/research/lowrank/experiments/32-t117-gsq-head-to-head/extract-UD-IQ2_S.log
q38-27b-UD-IQ2S,27B,Qwen3.8-27B,qwen35,5120,UD-IQ2_S,blk.47.attn_k.weight,attn_k,47,5120,1024,fc,128,0.39,extract_adapter.py log (2-dec),log,/home/max/Documents/openbeast/research/lowrank/experiments/32-t117-gsq-head-to-head/extract-UD-IQ2_S.log
q38-27b-UD-IQ2S,27B,Qwen3.8-27B,qwen35,5120,UD-IQ2_S,blk.47.attn_output.weight,attn_o,47,6144,5120,fc,128,0.24,extract_adapter.py log (2-dec),log,/home/max/Documents/openbeast/research/lowrank/experiments/32-t117-gsq-head-to-head/extract-UD-IQ2_S.log
q38-27b-UD-IQ2S,27B,Qwen3.8-27B,qwen35,5120,UD-IQ2_S,blk.47.attn_q.weight,attn_q,47,5120,12288,fc,128,0.2,extract_adapter.py log (2-dec),log,/home/max/Documents/openbeast/research/lowrank/experiments/32-t117-gsq-head-to-head/extract-UD-IQ2_S.log
q38-27b-UD-IQ2S,27B,Qwen3.8-27B,qwen35,5120,UD-IQ2_S,blk.47.attn_v.weight,attn_v,47,5120,1024,fc,128,0.32,extract_adapter.py log (2-dec),log,/home/max/Documents/openbeast/research/lowrank/experiments/32-t117-gsq-head-to-head/extract-UD-IQ2_S.log
q38-27b-UD-IQ2S,27B,Qwen3.8-27B,qwen35,5120,UD-IQ2_S,blk.48.attn_qkv.weight,attn_qkv,48,5120,10240,fc,128,0.17,extract_adapter.py log (2-dec),log,/home/max/Documents/openbeast/research/lowrank/experiments/32-t117-gsq-head-to-head/extract-UD-IQ2_S.log
q38-27b-UD-IQ2S,27B,Qwen3.8-27B,qwen35,5120,UD-IQ2_S,blk.48.attn_gate.weight,attn_gate,48,5120,6144,fc,128,0.2,extract_adapter.py log (2-dec),log,/home/max/Documents/openbeast/research/lowrank/experiments/32-t117-gsq-head-to-head/extract-UD-IQ2_S.log
q38-27b-UD-IQ2S,27B,Qwen3.8-27B,qwen35,5120,UD-IQ2_S,blk.48.ssm_out.weight,ssm_out,48,6144,5120,fc,128,0.21,extract_adapter.py log (2-dec),log,/home/max/Documents/openbeast/research/lowrank/experiments/32-t117-gsq-head-to-head/extract-UD-IQ2_S.log
q38-27b-UD-IQ2S,27B,Qwen3.8-27B,qwen35,5120,UD-IQ2_S,blk.48.ffn_down.weight,ffn_down,48,17408,5120,fc,128,0.16,extract_adapter.py log (2-dec),log,/home/max/Documents/openbeast/research/lowrank/experiments/32-t117-gsq-head-to-head/extract-UD-IQ2_S.log
q38-27b-UD-IQ2S,27B,Qwen3.8-27B,qwen35,5120,UD-IQ2_S,blk.48.ffn_gate.weight,ffn_gate,48,5120,17408,fc,128,0.16,extract_adapter.py log (2-dec),log,/home/max/Documents/openbeast/research/lowrank/experiments/32-t117-gsq-head-to-head/extract-UD-IQ2_S.log
q38-27b-UD-IQ2S,27B,Qwen3.8-27B,qwen35,5120,UD-IQ2_S,blk.48.ffn_up.weight,ffn_up,48,5120,17408,fc,128,0.16,extract_adapter.py log (2-dec),log,/home/max/Documents/openbeast/research/lowrank/experiments/32-t117-gsq-head-to-head/extract-UD-IQ2_S.log
q38-27b-UD-IQ2S,27B,Qwen3.8-27B,qwen35,5120,UD-IQ2_S,blk.49.attn_qkv.weight,attn_qkv,49,5120,10240,fc,128,0.21,extract_adapter.py log (2-dec),log,/home/max/Documents/openbeast/research/lowrank/experiments/32-t117-gsq-head-to-head/extract-UD-IQ2_S.log
q38-27b-UD-IQ2S,27B,Qwen3.8-27B,qwen35,5120,UD-IQ2_S,blk.49.attn_gate.weight,attn_gate,49,5120,6144,fc,128,0.2,extract_adapter.py log (2-dec),log,/home/max/Documents/openbeast/research/lowrank/experiments/32-t117-gsq-head-to-head/extract-UD-IQ2_S.log
q38-27b-UD-IQ2S,27B,Qwen3.8-27B,qwen35,5120,UD-IQ2_S,blk.49.ssm_out.weight,ssm_out,49,6144,5120,fc,128,0.2,extract_adapter.py log (2-dec),log,/home/max/Documents/openbeast/research/lowrank/experiments/32-t117-gsq-head-to-head/extract-UD-IQ2_S.log
q38-27b-UD-IQ2S,27B,Qwen3.8-27B,qwen35,5120,UD-IQ2_S,blk.49.ffn_down.weight,ffn_down,49,17408,5120,fc,128,0.17,extract_adapter.py log (2-dec),log,/home/max/Documents/openbeast/research/lowrank/experiments/32-t117-gsq-head-to-head/extract-UD-IQ2_S.log
q38-27b-UD-IQ2S,27B,Qwen3.8-27B,qwen35,5120,UD-IQ2_S,blk.49.ffn_gate.weight,ffn_gate,49,5120,17408,fc,128,0.17,extract_adapter.py log (2-dec),log,/home/max/Documents/openbeast/research/lowrank/experiments/32-t117-gsq-head-to-head/extract-UD-IQ2_S.log
q38-27b-UD-IQ2S,27B,Qwen3.8-27B,qwen35,5120,UD-IQ2_S,blk.49.ffn_up.weight,ffn_up,49,5120,17408,fc,128,0.18,extract_adapter.py log (2-dec),log,/home/max/Documents/openbeast/research/lowrank/experiments/32-t117-gsq-head-to-head/extract-UD-IQ2_S.log
q38-27b-UD-IQ2S,27B,Qwen3.8-27B,qwen35,5120,UD-IQ2_S,blk.50.attn_qkv.weight,attn_qkv,50,5120,10240,fc,128,0.18,extract_adapter.py log (2-dec),log,/home/max/Documents/openbeast/research/lowrank/experiments/32-t117-gsq-head-to-head/extract-UD-IQ2_S.log
q38-27b-UD-IQ2S,27B,Qwen3.8-27B,qwen35,5120,UD-IQ2_S,blk.50.attn_gate.weight,attn_gate,50,5120,6144,fc,128,0.2,extract_adapter.py log (2-dec),log,/home/max/Documents/openbeast/research/lowrank/experiments/32-t117-gsq-head-to-head/extract-UD-IQ2_S.log
q38-27b-UD-IQ2S,27B,Qwen3.8-27B,qwen35,5120,UD-IQ2_S,blk.50.ssm_out.weight,ssm_out,50,6144,5120,fc,128,0.23,extract_adapter.py log (2-dec),log,/home/max/Documents/openbeast/research/lowrank/experiments/32-t117-gsq-head-to-head/extract-UD-IQ2_S.log
q38-27b-UD-IQ2S,27B,Qwen3.8-27B,qwen35,5120,UD-IQ2_S,blk.50.ffn_down.weight,ffn_down,50,17408,5120,fc,128,0.17,extract_adapter.py log (2-dec),log,/home/max/Documents/openbeast/research/lowrank/experiments/32-t117-gsq-head-to-head/extract-UD-IQ2_S.log
q38-27b-UD-IQ2S,27B,Qwen3.8-27B,qwen35,5120,UD-IQ2_S,blk.50.ffn_gate.weight,ffn_gate,50,5120,17408,fc,128,0.18,extract_adapter.py log (2-dec),log,/home/max/Documents/openbeast/research/lowrank/experiments/32-t117-gsq-head-to-head/extract-UD-IQ2_S.log
q38-27b-UD-IQ2S,27B,Qwen3.8-27B,qwen35,5120,UD-IQ2_S,blk.50.ffn_up.weight,ffn_up,50,5120,17408,fc,128,0.19,extract_adapter.py log (2-dec),log,/home/max/Documents/openbeast/research/lowrank/experiments/32-t117-gsq-head-to-head/extract-UD-IQ2_S.log
q38-27b-UD-IQ2S,27B,Qwen3.8-27B,qwen35,5120,UD-IQ2_S,blk.51.ffn_down.weight,ffn_down,51,17408,5120,fc,128,0.19,extract_adapter.py log (2-dec),log,/home/max/Documents/openbeast/research/lowrank/experiments/32-t117-gsq-head-to-head/extract-UD-IQ2_S.log
q38-27b-UD-IQ2S,27B,Qwen3.8-27B,qwen35,5120,UD-IQ2_S,blk.51.ffn_gate.weight,ffn_gate,51,5120,17408,fc,128,0.19,extract_adapter.py log (2-dec),log,/home/max/Documents/openbeast/research/lowrank/experiments/32-t117-gsq-head-to-head/extract-UD-IQ2_S.log
q38-27b-UD-IQ2S,27B,Qwen3.8-27B,qwen35,5120,UD-IQ2_S,blk.51.ffn_up.weight,ffn_up,51,5120,17408,fc,128,0.19,extract_adapter.py log (2-dec),log,/home/max/Documents/openbeast/research/lowrank/experiments/32-t117-gsq-head-to-head/extract-UD-IQ2_S.log
q38-27b-UD-IQ2S,27B,Qwen3.8-27B,qwen35,5120,UD-IQ2_S,blk.51.attn_k.weight,attn_k,51,5120,1024,fc,128,0.37,extract_adapter.py log (2-dec),log,/home/max/Documents/openbeast/research/lowrank/experiments/32-t117-gsq-head-to-head/extract-UD-IQ2_S.log
q38-27b-UD-IQ2S,27B,Qwen3.8-27B,qwen35,5120,UD-IQ2_S,blk.51.attn_output.weight,attn_o,51,6144,5120,fc,128,0.28,extract_adapter.py log (2-dec),log,/home/max/Documents/openbeast/research/lowrank/experiments/32-t117-gsq-head-to-head/extract-UD-IQ2_S.log
q38-27b-UD-IQ2S,27B,Qwen3.8-27B,qwen35,5120,UD-IQ2_S,blk.51.attn_q.weight,attn_q,51,5120,12288,fc,128,0.2,extract_adapter.py log (2-dec),log,/home/max/Documents/openbeast/research/lowrank/experiments/32-t117-gsq-head-to-head/extract-UD-IQ2_S.log
q38-27b-UD-IQ2S,27B,Qwen3.8-27B,qwen35,5120,UD-IQ2_S,blk.51.attn_v.weight,attn_v,51,5120,1024,fc,128,0.34,extract_adapter.py log (2-dec),log,/home/max/Documents/openbeast/research/lowrank/experiments/32-t117-gsq-head-to-head/extract-UD-IQ2_S.log
q38-27b-UD-IQ2S,27B,Qwen3.8-27B,qwen35,5120,UD-IQ2_S,blk.52.attn_qkv.weight,attn_qkv,52,5120,10240,fc,128,0.2,extract_adapter.py log (2-dec),log,/home/max/Documents/openbeast/research/lowrank/experiments/32-t117-gsq-head-to-head/extract-UD-IQ2_S.log
q38-27b-UD-IQ2S,27B,Qwen3.8-27B,qwen35,5120,UD-IQ2_S,blk.52.attn_gate.weight,attn_gate,52,5120,6144,fc,128,0.23,extract_adapter.py log (2-dec),log,/home/max/Documents/openbeast/research/lowrank/experiments/32-t117-gsq-head-to-head/extract-UD-IQ2_S.log
q38-27b-UD-IQ2S,27B,Qwen3.8-27B,qwen35,5120,UD-IQ2_S,blk.52.ssm_out.weight,ssm_out,52,6144,5120,fc,128,0.34,extract_adapter.py log (2-dec),log,/home/max/Documents/openbeast/research/lowrank/experiments/32-t117-gsq-head-to-head/extract-UD-IQ2_S.log
q38-27b-UD-IQ2S,27B,Qwen3.8-27B,qwen35,5120,UD-IQ2_S,blk.52.ffn_down.weight,ffn_down,52,17408,5120,fc,128,0.22,extract_adapter.py log (2-dec),log,/home/max/Documents/openbeast/research/lowrank/experiments/32-t117-gsq-head-to-head/extract-UD-IQ2_S.log
q38-27b-UD-IQ2S,27B,Qwen3.8-27B,qwen35,5120,UD-IQ2_S,blk.52.ffn_gate.weight,ffn_gate,52,5120,17408,fc,128,0.19,extract_adapter.py log (2-dec),log,/home/max/Documents/openbeast/research/lowrank/experiments/32-t117-gsq-head-to-head/extract-UD-IQ2_S.log
q38-27b-UD-IQ2S,27B,Qwen3.8-27B,qwen35,5120,UD-IQ2_S,blk.52.ffn_up.weight,ffn_up,52,5120,17408,fc,128,0.18,extract_adapter.py log (2-dec),log,/home/max/Documents/openbeast/research/lowrank/experiments/32-t117-gsq-head-to-head/extract-UD-IQ2_S.log
q38-27b-UD-IQ2S,27B,Qwen3.8-27B,qwen35,5120,UD-IQ2_S,blk.53.attn_qkv.weight,attn_qkv,53,5120,10240,fc,128,0.21,extract_adapter.py log (2-dec),log,/home/max/Documents/openbeast/research/lowrank/experiments/32-t117-gsq-head-to-head/extract-UD-IQ2_S.log
q38-27b-UD-IQ2S,27B,Qwen3.8-27B,qwen35,5120,UD-IQ2_S,blk.53.attn_gate.weight,attn_gate,53,5120,6144,fc,128,0.23,extract_adapter.py log (2-dec),log,/home/max/Documents/openbeast/research/lowrank/experiments/32-t117-gsq-head-to-head/extract-UD-IQ2_S.log
q38-27b-UD-IQ2S,27B,Qwen3.8-27B,qwen35,5120,UD-IQ2_S,blk.53.ssm_out.weight,ssm_out,53,6144,5120,fc,128,0.29,extract_adapter.py log (2-dec),log,/home/max/Documents/openbeast/research/lowrank/experiments/32-t117-gsq-head-to-head/extract-UD-IQ2_S.log
q38-27b-UD-IQ2S,27B,Qwen3.8-27B,qwen35,5120,UD-IQ2_S,blk.53.ffn_down.weight,ffn_down,53,17408,5120,fc,128,0.18,extract_adapter.py log (2-dec),log,/home/max/Documents/openbeast/research/lowrank/experiments/32-t117-gsq-head-to-head/extract-UD-IQ2_S.log
q38-27b-UD-IQ2S,27B,Qwen3.8-27B,qwen35,5120,UD-IQ2_S,blk.53.ffn_gate.weight,ffn_gate,53,5120,17408,fc,128,0.19,extract_adapter.py log (2-dec),log,/home/max/Documents/openbeast/research/lowrank/experiments/32-t117-gsq-head-to-head/extract-UD-IQ2_S.log
q38-27b-UD-IQ2S,27B,Qwen3.8-27B,qwen35,5120,UD-IQ2_S,blk.53.ffn_up.weight,ffn_up,53,5120,17408,fc,128,0.18,extract_adapter.py log (2-dec),log,/home/max/Documents/openbeast/research/lowrank/experiments/32-t117-gsq-head-to-head/extract-UD-IQ2_S.log
q38-27b-UD-IQ2S,27B,Qwen3.8-27B,qwen35,5120,UD-IQ2_S,blk.54.attn_qkv.weight,attn_qkv,54,5120,10240,fc,128,0.2,extract_adapter.py log (2-dec),log,/home/max/Documents/openbeast/research/lowrank/experiments/32-t117-gsq-head-to-head/extract-UD-IQ2_S.log
q38-27b-UD-IQ2S,27B,Qwen3.8-27B,qwen35,5120,UD-IQ2_S,blk.54.attn_gate.weight,attn_gate,54,5120,6144,fc,128,0.22,extract_adapter.py log (2-dec),log,/home/max/Documents/openbeast/research/lowrank/experiments/32-t117-gsq-head-to-head/extract-UD-IQ2_S.log
q38-27b-UD-IQ2S,27B,Qwen3.8-27B,qwen35,5120,UD-IQ2_S,blk.54.ssm_out.weight,ssm_out,54,6144,5120,fc,128,0.38,extract_adapter.py log (2-dec),log,/home/max/Documents/openbeast/research/lowrank/experiments/32-t117-gsq-head-to-head/extract-UD-IQ2_S.log
q38-27b-UD-IQ2S,27B,Qwen3.8-27B,qwen35,5120,UD-IQ2_S,blk.54.ffn_down.weight,ffn_down,54,17408,5120,fc,128,0.22,extract_adapter.py log (2-dec),log,/home/max/Documents/openbeast/research/lowrank/experiments/32-t117-gsq-head-to-head/extract-UD-IQ2_S.log
q38-27b-UD-IQ2S,27B,Qwen3.8-27B,qwen35,5120,UD-IQ2_S,blk.54.ffn_gate.weight,ffn_gate,54,5120,17408,fc,128,0.19,extract_adapter.py log (2-dec),log,/home/max/Documents/openbeast/research/lowrank/experiments/32-t117-gsq-head-to-head/extract-UD-IQ2_S.log
q38-27b-UD-IQ2S,27B,Qwen3.8-27B,qwen35,5120,UD-IQ2_S,blk.54.ffn_up.weight,ffn_up,54,5120,17408,fc,128,0.18,extract_adapter.py log (2-dec),log,/home/max/Documents/openbeast/research/lowrank/experiments/32-t117-gsq-head-to-head/extract-UD-IQ2_S.log
q38-27b-UD-IQ2S,27B,Qwen3.8-27B,qwen35,5120,UD-IQ2_S,blk.55.ffn_down.weight,ffn_down,55,17408,5120,fc,128,0.22,extract_adapter.py log (2-dec),log,/home/max/Documents/openbeast/research/lowrank/experiments/32-t117-gsq-head-to-head/extract-UD-IQ2_S.log
q38-27b-UD-IQ2S,27B,Qwen3.8-27B,qwen35,5120,UD-IQ2_S,blk.55.ffn_gate.weight,ffn_gate,55,5120,17408,fc,128,0.19,extract_adapter.py log (2-dec),log,/home/max/Documents/openbeast/research/lowrank/experiments/32-t117-gsq-head-to-head/extract-UD-IQ2_S.log
q38-27b-UD-IQ2S,27B,Qwen3.8-27B,qwen35,5120,UD-IQ2_S,blk.55.ffn_up.weight,ffn_up,55,5120,17408,fc,128,0.18,extract_adapter.py log (2-dec),log,/home/max/Documents/openbeast/research/lowrank/experiments/32-t117-gsq-head-to-head/extract-UD-IQ2_S.log
q38-27b-UD-IQ2S,27B,Qwen3.8-27B,qwen35,5120,UD-IQ2_S,blk.55.attn_k.weight,attn_k,55,5120,1024,fc,128,0.38,extract_adapter.py log (2-dec),log,/home/max/Documents/openbeast/research/lowrank/experiments/32-t117-gsq-head-to-head/extract-UD-IQ2_S.log
q38-27b-UD-IQ2S,27B,Qwen3.8-27B,qwen35,5120,UD-IQ2_S,blk.55.attn_output.weight,attn_o,55,6144,5120,fc,128,0.33,extract_adapter.py log (2-dec),log,/home/max/Documents/openbeast/research/lowrank/experiments/32-t117-gsq-head-to-head/extract-UD-IQ2_S.log
q38-27b-UD-IQ2S,27B,Qwen3.8-27B,qwen35,5120,UD-IQ2_S,blk.55.attn_q.weight,attn_q,55,5120,12288,fc,128,0.21,extract_adapter.py log (2-dec),log,/home/max/Documents/openbeast/research/lowrank/experiments/32-t117-gsq-head-to-head/extract-UD-IQ2_S.log
q38-27b-UD-IQ2S,27B,Qwen3.8-27B,qwen35,5120,UD-IQ2_S,blk.55.attn_v.weight,attn_v,55,5120,1024,fc,128,0.34,extract_adapter.py log (2-dec),log,/home/max/Documents/openbeast/research/lowrank/experiments/32-t117-gsq-head-to-head/extract-UD-IQ2_S.log
q38-27b-UD-IQ2S,27B,Qwen3.8-27B,qwen35,5120,UD-IQ2_S,blk.56.attn_qkv.weight,attn_qkv,56,5120,10240,fc,128,0.21,extract_adapter.py log (2-dec),log,/home/max/Documents/openbeast/research/lowrank/experiments/32-t117-gsq-head-to-head/extract-UD-IQ2_S.log
q38-27b-UD-IQ2S,27B,Qwen3.8-27B,qwen35,5120,UD-IQ2_S,blk.56.attn_gate.weight,attn_gate,56,5120,6144,fc,128,0.21,extract_adapter.py log (2-dec),log,/home/max/Documents/openbeast/research/lowrank/experiments/32-t117-gsq-head-to-head/extract-UD-IQ2_S.log
q38-27b-UD-IQ2S,27B,Qwen3.8-27B,qwen35,5120,UD-IQ2_S,blk.56.ssm_out.weight,ssm_out,56,6144,5120,fc,128,0.41,extract_adapter.py log (2-dec),log,/home/max/Documents/openbeast/research/lowrank/experiments/32-t117-gsq-head-to-head/extract-UD-IQ2_S.log
q38-27b-UD-IQ2S,27B,Qwen3.8-27B,qwen35,5120,UD-IQ2_S,blk.56.ffn_down.weight,ffn_down,56,17408,5120,fc,128,0.26,extract_adapter.py log (2-dec),log,/home/max/Documents/openbeast/research/lowrank/experiments/32-t117-gsq-head-to-head/extract-UD-IQ2_S.log
q38-27b-UD-IQ2S,27B,Qwen3.8-27B,qwen35,5120,UD-IQ2_S,blk.56.ffn_gate.weight,ffn_gate,56,5120,17408,fc,128,0.19,extract_adapter.py log (2-dec),log,/home/max/Documents/openbeast/research/lowrank/experiments/32-t117-gsq-head-to-head/extract-UD-IQ2_S.log
q38-27b-UD-IQ2S,27B,Qwen3.8-27B,qwen35,5120,UD-IQ2_S,blk.56.ffn_up.weight,ffn_up,56,5120,17408,fc,128,0.19,extract_adapter.py log (2-dec),log,/home/max/Documents/openbeast/research/lowrank/experiments/32-t117-gsq-head-to-head/extract-UD-IQ2_S.log
q38-27b-UD-IQ2S,27B,Qwen3.8-27B,qwen35,5120,UD-IQ2_S,blk.57.attn_qkv.weight,attn_qkv,57,5120,10240,fc,128,0.21,extract_adapter.py log (2-dec),log,/home/max/Documents/openbeast/research/lowrank/experiments/32-t117-gsq-head-to-head/extract-UD-IQ2_S.log
q38-27b-UD-IQ2S,27B,Qwen3.8-27B,qwen35,5120,UD-IQ2_S,blk.57.attn_gate.weight,attn_gate,57,5120,6144,fc,128,0.22,extract_adapter.py log (2-dec),log,/home/max/Documents/openbeast/research/lowrank/experiments/32-t117-gsq-head-to-head/extract-UD-IQ2_S.log
q38-27b-UD-IQ2S,27B,Qwen3.8-27B,qwen35,5120,UD-IQ2_S,blk.57.ssm_out.weight,ssm_out,57,6144,5120,fc,128,0.48,extract_adapter.py log (2-dec),log,/home/max/Documents/openbeast/research/lowrank/experiments/32-t117-gsq-head-to-head/extract-UD-IQ2_S.log
q38-27b-UD-IQ2S,27B,Qwen3.8-27B,qwen35,5120,UD-IQ2_S,blk.57.ffn_down.weight,ffn_down,57,17408,5120,fc,128,0.29,extract_adapter.py log (2-dec),log,/home/max/Documents/openbeast/research/lowrank/experiments/32-t117-gsq-head-to-head/extract-UD-IQ2_S.log
q38-27b-UD-IQ2S,27B,Qwen3.8-27B,qwen35,5120,UD-IQ2_S,blk.57.ffn_gate.weight,ffn_gate,57,5120,17408,fc,128,0.2,extract_adapter.py log (2-dec),log,/home/max/Documents/openbeast/research/lowrank/experiments/32-t117-gsq-head-to-head/extract-UD-IQ2_S.log
q38-27b-UD-IQ2S,27B,Qwen3.8-27B,qwen35,5120,UD-IQ2_S,blk.57.ffn_up.weight,ffn_up,57,5120,17408,fc,128,0.2,extract_adapter.py log (2-dec),log,/home/max/Documents/openbeast/research/lowrank/experiments/32-t117-gsq-head-to-head/extract-UD-IQ2_S.log
q38-27b-UD-IQ2S,27B,Qwen3.8-27B,qwen35,5120,UD-IQ2_S,blk.58.attn_qkv.weight,attn_qkv,58,5120,10240,fc,128,0.22,extract_adapter.py log (2-dec),log,/home/max/Documents/openbeast/research/lowrank/experiments/32-t117-gsq-head-to-head/extract-UD-IQ2_S.log
q38-27b-UD-IQ2S,27B,Qwen3.8-27B,qwen35,5120,UD-IQ2_S,blk.58.attn_gate.weight,attn_gate,58,5120,6144,fc,128,0.22,extract_adapter.py log (2-dec),log,/home/max/Documents/openbeast/research/lowrank/experiments/32-t117-gsq-head-to-head/extract-UD-IQ2_S.log
q38-27b-UD-IQ2S,27B,Qwen3.8-27B,qwen35,5120,UD-IQ2_S,blk.58.ssm_out.weight,ssm_out,58,6144,5120,fc,128,0.42,extract_adapter.py log (2-dec),log,/home/max/Documents/openbeast/research/lowrank/experiments/32-t117-gsq-head-to-head/extract-UD-IQ2_S.log
q38-27b-UD-IQ2S,27B,Qwen3.8-27B,qwen35,5120,UD-IQ2_S,blk.58.ffn_down.weight,ffn_down,58,17408,5120,fc,128,0.26,extract_adapter.py log (2-dec),log,/home/max/Documents/openbeast/research/lowrank/experiments/32-t117-gsq-head-to-head/extract-UD-IQ2_S.log
q38-27b-UD-IQ2S,27B,Qwen3.8-27B,qwen35,5120,UD-IQ2_S,blk.58.ffn_gate.weight,ffn_gate,58,5120,17408,fc,128,0.2,extract_adapter.py log (2-dec),log,/home/max/Documents/openbeast/research/lowrank/experiments/32-t117-gsq-head-to-head/extract-UD-IQ2_S.log
q38-27b-UD-IQ2S,27B,Qwen3.8-27B,qwen35,5120,UD-IQ2_S,blk.58.ffn_up.weight,ffn_up,58,5120,17408,fc,128,0.2,extract_adapter.py log (2-dec),log,/home/max/Documents/openbeast/research/lowrank/experiments/32-t117-gsq-head-to-head/extract-UD-IQ2_S.log
q38-27b-UD-IQ2S,27B,Qwen3.8-27B,qwen35,5120,UD-IQ2_S,blk.59.ffn_down.weight,ffn_down,59,17408,5120,fc,128,0.21,extract_adapter.py log (2-dec),log,/home/max/Documents/openbeast/research/lowrank/experiments/32-t117-gsq-head-to-head/extract-UD-IQ2_S.log
q38-27b-UD-IQ2S,27B,Qwen3.8-27B,qwen35,5120,UD-IQ2_S,blk.59.ffn_gate.weight,ffn_gate,59,5120,17408,fc,128,0.2,extract_adapter.py log (2-dec),log,/home/max/Documents/openbeast/research/lowrank/experiments/32-t117-gsq-head-to-head/extract-UD-IQ2_S.log
q38-27b-UD-IQ2S,27B,Qwen3.8-27B,qwen35,5120,UD-IQ2_S,blk.59.ffn_up.weight,ffn_up,59,5120,17408,fc,128,0.2,extract_adapter.py log (2-dec),log,/home/max/Documents/openbeast/research/lowrank/experiments/32-t117-gsq-head-to-head/extract-UD-IQ2_S.log
q38-27b-UD-IQ2S,27B,Qwen3.8-27B,qwen35,5120,UD-IQ2_S,blk.59.attn_k.weight,attn_k,59,5120,1024,fc,128,0.39,extract_adapter.py log (2-dec),log,/home/max/Documents/openbeast/research/lowrank/experiments/32-t117-gsq-head-to-head/extract-UD-IQ2_S.log
q38-27b-UD-IQ2S,27B,Qwen3.8-27B,qwen35,5120,UD-IQ2_S,blk.59.attn_output.weight,attn_o,59,6144,5120,fc,128,0.45,extract_adapter.py log (2-dec),log,/home/max/Documents/openbeast/research/lowrank/experiments/32-t117-gsq-head-to-head/extract-UD-IQ2_S.log
q38-27b-UD-IQ2S,27B,Qwen3.8-27B,qwen35,5120,UD-IQ2_S,blk.59.attn_q.weight,attn_q,59,5120,12288,fc,128,0.23,extract_adapter.py log (2-dec),log,/home/max/Documents/openbeast/research/lowrank/experiments/32-t117-gsq-head-to-head/extract-UD-IQ2_S.log
q38-27b-UD-IQ2S,27B,Qwen3.8-27B,qwen35,5120,UD-IQ2_S,blk.59.attn_v.weight,attn_v,59,5120,1024,fc,128,0.36,extract_adapter.py log (2-dec),log,/home/max/Documents/openbeast/research/lowrank/experiments/32-t117-gsq-head-to-head/extract-UD-IQ2_S.log
q38-27b-UD-IQ2S,27B,Qwen3.8-27B,qwen35,5120,UD-IQ2_S,blk.60.attn_qkv.weight,attn_qkv,60,5120,10240,fc,128,0.21,extract_adapter.py log (2-dec),log,/home/max/Documents/openbeast/research/lowrank/experiments/32-t117-gsq-head-to-head/extract-UD-IQ2_S.log
q38-27b-UD-IQ2S,27B,Qwen3.8-27B,qwen35,5120,UD-IQ2_S,blk.60.attn_gate.weight,attn_gate,60,5120,6144,fc,128,0.24,extract_adapter.py log (2-dec),log,/home/max/Documents/openbeast/research/lowrank/experiments/32-t117-gsq-head-to-head/extract-UD-IQ2_S.log
q38-27b-UD-IQ2S,27B,Qwen3.8-27B,qwen35,5120,UD-IQ2_S,blk.60.ssm_out.weight,ssm_out,60,6144,5120,fc,128,0.35,extract_adapter.py log (2-dec),log,/home/max/Documents/openbeast/research/lowrank/experiments/32-t117-gsq-head-to-head/extract-UD-IQ2_S.log
q38-27b-UD-IQ2S,27B,Qwen3.8-27B,qwen35,5120,UD-IQ2_S,blk.60.ffn_down.weight,ffn_down,60,17408,5120,fc,128,0.2,extract_adapter.py log (2-dec),log,/home/max/Documents/openbeast/research/lowrank/experiments/32-t117-gsq-head-to-head/extract-UD-IQ2_S.log
q38-27b-UD-IQ2S,27B,Qwen3.8-27B,qwen35,5120,UD-IQ2_S,blk.60.ffn_gate.weight,ffn_gate,60,5120,17408,fc,128,0.2,extract_adapter.py log (2-dec),log,/home/max/Documents/openbeast/research/lowrank/experiments/32-t117-gsq-head-to-head/extract-UD-IQ2_S.log
q38-27b-UD-IQ2S,27B,Qwen3.8-27B,qwen35,5120,UD-IQ2_S,blk.60.ffn_up.weight,ffn_up,60,5120,17408,fc,128,0.2,extract_adapter.py log (2-dec),log,/home/max/Documents/openbeast/research/lowrank/experiments/32-t117-gsq-head-to-head/extract-UD-IQ2_S.log
q38-27b-UD-IQ2S,27B,Qwen3.8-27B,qwen35,5120,UD-IQ2_S,blk.61.attn_qkv.weight,attn_qkv,61,5120,10240,fc,128,0.21,extract_adapter.py log (2-dec),log,/home/max/Documents/openbeast/research/lowrank/experiments/32-t117-gsq-head-to-head/extract-UD-IQ2_S.log
q38-27b-UD-IQ2S,27B,Qwen3.8-27B,qwen35,5120,UD-IQ2_S,blk.61.attn_gate.weight,attn_gate,61,5120,6144,fc,128,0.23,extract_adapter.py log (2-dec),log,/home/max/Documents/openbeast/research/lowrank/experiments/32-t117-gsq-head-to-head/extract-UD-IQ2_S.log
q38-27b-UD-IQ2S,27B,Qwen3.8-27B,qwen35,5120,UD-IQ2_S,blk.61.ssm_out.weight,ssm_out,61,6144,5120,fc,128,0.6,extract_adapter.py log (2-dec),log,/home/max/Documents/openbeast/research/lowrank/experiments/32-t117-gsq-head-to-head/extract-UD-IQ2_S.log
q38-27b-UD-IQ2S,27B,Qwen3.8-27B,qwen35,5120,UD-IQ2_S,blk.61.ffn_down.weight,ffn_down,61,17408,5120,fc,128,0.22,extract_adapter.py log (2-dec),log,/home/max/Documents/openbeast/research/lowrank/experiments/32-t117-gsq-head-to-head/extract-UD-IQ2_S.log
q38-27b-UD-IQ2S,27B,Qwen3.8-27B,qwen35,5120,UD-IQ2_S,blk.61.ffn_gate.weight,ffn_gate,61,5120,17408,fc,128,0.2,extract_adapter.py log (2-dec),log,/home/max/Documents/openbeast/research/lowrank/experiments/32-t117-gsq-head-to-head/extract-UD-IQ2_S.log
q38-27b-UD-IQ2S,27B,Qwen3.8-27B,qwen35,5120,UD-IQ2_S,blk.61.ffn_up.weight,ffn_up,61,5120,17408,fc,128,0.2,extract_adapter.py log (2-dec),log,/home/max/Documents/openbeast/research/lowrank/experiments/32-t117-gsq-head-to-head/extract-UD-IQ2_S.log
q38-27b-UD-IQ2S,27B,Qwen3.8-27B,qwen35,5120,UD-IQ2_S,blk.62.attn_qkv.weight,attn_qkv,62,5120,10240,fc,128,0.21,extract_adapter.py log (2-dec),log,/home/max/Documents/openbeast/research/lowrank/experiments/32-t117-gsq-head-to-head/extract-UD-IQ2_S.log
q38-27b-UD-IQ2S,27B,Qwen3.8-27B,qwen35,5120,UD-IQ2_S,blk.62.attn_gate.weight,attn_gate,62,5120,6144,fc,128,0.22,extract_adapter.py log (2-dec),log,/home/max/Documents/openbeast/research/lowrank/experiments/32-t117-gsq-head-to-head/extract-UD-IQ2_S.log
q38-27b-UD-IQ2S,27B,Qwen3.8-27B,qwen35,5120,UD-IQ2_S,blk.62.ssm_out.weight,ssm_out,62,6144,5120,fc,128,0.32,extract_adapter.py log (2-dec),log,/home/max/Documents/openbeast/research/lowrank/experiments/32-t117-gsq-head-to-head/extract-UD-IQ2_S.log
q38-27b-UD-IQ3S,27B,Qwen3.8-27B,qwen35,5120,UD-IQ3_S,blk.0.attn_qkv.weight,attn_qkv,0,5120,10240,fc,128,0.22,extract_adapter.py log (2-dec),log,/home/max/Documents/openbeast/research/lowrank/experiments/32-t117-gsq-head-to-head/extract-UD-IQ3_S.log
q38-27b-UD-IQ3S,27B,Qwen3.8-27B,qwen35,5120,UD-IQ3_S,blk.0.attn_gate.weight,attn_gate,0,5120,6144,fc,128,0.22,extract_adapter.py log (2-dec),log,/home/max/Documents/openbeast/research/lowrank/experiments/32-t117-gsq-head-to-head/extract-UD-IQ3_S.log
q38-27b-UD-IQ3S,27B,Qwen3.8-27B,qwen35,5120,UD-IQ3_S,blk.0.ssm_out.weight,ssm_out,0,6144,5120,fc,128,0.3,extract_adapter.py log (2-dec),log,/home/max/Documents/openbeast/research/lowrank/experiments/32-t117-gsq-head-to-head/extract-UD-IQ3_S.log
q38-27b-UD-IQ3S,27B,Qwen3.8-27B,qwen35,5120,UD-IQ3_S,blk.0.ffn_down.weight,ffn_down,0,17408,5120,fc,128,0.24,extract_adapter.py log (2-dec),log,/home/max/Documents/openbeast/research/lowrank/experiments/32-t117-gsq-head-to-head/extract-UD-IQ3_S.log
q38-27b-UD-IQ3S,27B,Qwen3.8-27B,qwen35,5120,UD-IQ3_S,blk.0.ffn_gate.weight,ffn_gate,0,5120,17408,fc,128,0.2,extract_adapter.py log (2-dec),log,/home/max/Documents/openbeast/research/lowrank/experiments/32-t117-gsq-head-to-head/extract-UD-IQ3_S.log
q38-27b-UD-IQ3S,27B,Qwen3.8-27B,qwen35,5120,UD-IQ3_S,blk.0.ffn_up.weight,ffn_up,0,5120,17408,fc,128,0.2,extract_adapter.py log (2-dec),log,/home/max/Documents/openbeast/research/lowrank/experiments/32-t117-gsq-head-to-head/extract-UD-IQ3_S.log
q38-27b-UD-IQ3S,27B,Qwen3.8-27B,qwen35,5120,UD-IQ3_S,blk.1.attn_qkv.weight,attn_qkv,1,5120,10240,fc,128,0.22,extract_adapter.py log (2-dec),log,/home/max/Documents/openbeast/research/lowrank/experiments/32-t117-gsq-head-to-head/extract-UD-IQ3_S.log
q38-27b-UD-IQ3S,27B,Qwen3.8-27B,qwen35,5120,UD-IQ3_S,blk.1.attn_gate.weight,attn_gate,1,5120,6144,fc,128,0.23,extract_adapter.py log (2-dec),log,/home/max/Documents/openbeast/research/lowrank/experiments/32-t117-gsq-head-to-head/extract-UD-IQ3_S.log
q38-27b-UD-IQ3S,27B,Qwen3.8-27B,qwen35,5120,UD-IQ3_S,blk.1.ssm_out.weight,ssm_out,1,6144,5120,fc,128,0.29,extract_adapter.py log (2-dec),log,/home/max/Documents/openbeast/research/lowrank/experiments/32-t117-gsq-head-to-head/extract-UD-IQ3_S.log
q38-27b-UD-IQ3S,27B,Qwen3.8-27B,qwen35,5120,UD-IQ3_S,blk.1.ffn_down.weight,ffn_down,1,17408,5120,fc,128,0.19,extract_adapter.py log (2-dec),log,/home/max/Documents/openbeast/research/lowrank/experiments/32-t117-gsq-head-to-head/extract-UD-IQ3_S.log
q38-27b-UD-IQ3S,27B,Qwen3.8-27B,qwen35,5120,UD-IQ3_S,blk.1.ffn_gate.weight,ffn_gate,1,5120,17408,fc,128,0.18,extract_adapter.py log (2-dec),log,/home/max/Documents/openbeast/research/lowrank/experiments/32-t117-gsq-head-to-head/extract-UD-IQ3_S.log
q38-27b-UD-IQ3S,27B,Qwen3.8-27B,qwen35,5120,UD-IQ3_S,blk.1.ffn_up.weight,ffn_up,1,5120,17408,fc,128,0.18,extract_adapter.py log (2-dec),log,/home/max/Documents/openbeast/research/lowrank/experiments/32-t117-gsq-head-to-head/extract-UD-IQ3_S.log
q38-27b-UD-IQ3S,27B,Qwen3.8-27B,qwen35,5120,UD-IQ3_S,blk.2.attn_qkv.weight,attn_qkv,2,5120,10240,fc,128,0.22,extract_adapter.py log (2-dec),log,/home/max/Documents/openbeast/research/lowrank/experiments/32-t117-gsq-head-to-head/extract-UD-IQ3_S.log
q38-27b-UD-IQ3S,27B,Qwen3.8-27B,qwen35,5120,UD-IQ3_S,blk.2.attn_gate.weight,attn_gate,2,5120,6144,fc,128,0.21,extract_adapter.py log (2-dec),log,/home/max/Documents/openbeast/research/lowrank/experiments/32-t117-gsq-head-to-head/extract-UD-IQ3_S.log
q38-27b-UD-IQ3S,27B,Qwen3.8-27B,qwen35,5120,UD-IQ3_S,blk.2.ssm_out.weight,ssm_out,2,6144,5120,fc,128,0.33,extract_adapter.py log (2-dec),log,/home/max/Documents/openbeast/research/lowrank/experiments/32-t117-gsq-head-to-head/extract-UD-IQ3_S.log
q38-27b-UD-IQ3S,27B,Qwen3.8-27B,qwen35,5120,UD-IQ3_S,blk.2.ffn_down.weight,ffn_down,2,17408,5120,fc,128,0.26,extract_adapter.py log (2-dec),log,/home/max/Documents/openbeast/research/lowrank/experiments/32-t117-gsq-head-to-head/extract-UD-IQ3_S.log
q38-27b-UD-IQ3S,27B,Qwen3.8-27B,qwen35,5120,UD-IQ3_S,blk.2.ffn_gate.weight,ffn_gate,2,5120,17408,fc,128,0.18,extract_adapter.py log (2-dec),log,/home/max/Documents/openbeast/research/lowrank/experiments/32-t117-gsq-head-to-head/extract-UD-IQ3_S.log
q38-27b-UD-IQ3S,27B,Qwen3.8-27B,qwen35,5120,UD-IQ3_S,blk.2.ffn_up.weight,ffn_up,2,5120,17408,fc,128,0.18,extract_adapter.py log (2-dec),log,/home/max/Documents/openbeast/research/lowrank/experiments/32-t117-gsq-head-to-head/extract-UD-IQ3_S.log
q38-27b-UD-IQ3S,27B,Qwen3.8-27B,qwen35,5120,UD-IQ3_S,blk.3.ffn_down.weight,ffn_down,3,17408,5120,fc,128,0.24,extract_adapter.py log (2-dec),log,/home/max/Documents/openbeast/research/lowrank/experiments/32-t117-gsq-head-to-head/extract-UD-IQ3_S.log
q38-27b-UD-IQ3S,27B,Qwen3.8-27B,qwen35,5120,UD-IQ3_S,blk.3.ffn_gate.weight,ffn_gate,3,5120,17408,fc,128,0.18,extract_adapter.py log (2-dec),log,/home/max/Documents/openbeast/research/lowrank/experiments/32-t117-gsq-head-to-head/extract-UD-IQ3_S.log
q38-27b-UD-IQ3S,27B,Qwen3.8-27B,qwen35,5120,UD-IQ3_S,blk.3.ffn_up.weight,ffn_up,3,5120,17408,fc,128,0.18,extract_adapter.py log (2-dec),log,/home/max/Documents/openbeast/research/lowrank/experiments/32-t117-gsq-head-to-head/extract-UD-IQ3_S.log
q38-27b-UD-IQ3S,27B,Qwen3.8-27B,qwen35,5120,UD-IQ3_S,blk.3.attn_k.weight,attn_k,3,5120,1024,fc,128,0.33,extract_adapter.py log (2-dec),log,/home/max/Documents/openbeast/research/lowrank/experiments/32-t117-gsq-head-to-head/extract-UD-IQ3_S.log
q38-27b-UD-IQ3S,27B,Qwen3.8-27B,qwen35,5120,UD-IQ3_S,blk.3.attn_output.weight,attn_o,3,6144,5120,fc,128,0.44,extract_adapter.py log (2-dec),log,/home/max/Documents/openbeast/research/lowrank/experiments/32-t117-gsq-head-to-head/extract-UD-IQ3_S.log
q38-27b-UD-IQ3S,27B,Qwen3.8-27B,qwen35,5120,UD-IQ3_S,blk.3.attn_q.weight,attn_q,3,5120,12288,fc,128,0.19,extract_adapter.py log (2-dec),log,/home/max/Documents/openbeast/research/lowrank/experiments/32-t117-gsq-head-to-head/extract-UD-IQ3_S.log
q38-27b-UD-IQ3S,27B,Qwen3.8-27B,qwen35,5120,UD-IQ3_S,blk.3.attn_v.weight,attn_v,3,5120,1024,fc,128,0.33,extract_adapter.py log (2-dec),log,/home/max/Documents/openbeast/research/lowrank/experiments/32-t117-gsq-head-to-head/extract-UD-IQ3_S.log
q38-27b-UD-IQ3S,27B,Qwen3.8-27B,qwen35,5120,UD-IQ3_S,blk.4.attn_qkv.weight,attn_qkv,4,5120,10240,fc,128,0.21,extract_adapter.py log (2-dec),log,/home/max/Documents/openbeast/research/lowrank/experiments/32-t117-gsq-head-to-head/extract-UD-IQ3_S.log
q38-27b-UD-IQ3S,27B,Qwen3.8-27B,qwen35,5120,UD-IQ3_S,blk.4.attn_gate.weight,attn_gate,4,5120,6144,fc,128,0.22,extract_adapter.py log (2-dec),log,/home/max/Documents/openbeast/research/lowrank/experiments/32-t117-gsq-head-to-head/extract-UD-IQ3_S.log
q38-27b-UD-IQ3S,27B,Qwen3.8-27B,qwen35,5120,UD-IQ3_S,blk.4.ssm_out.weight,ssm_out,4,6144,5120,fc,128,0.32,extract_adapter.py log (2-dec),log,/home/max/Documents/openbeast/research/lowrank/experiments/32-t117-gsq-head-to-head/extract-UD-IQ3_S.log
q38-27b-UD-IQ3S,27B,Qwen3.8-27B,qwen35,5120,UD-IQ3_S,blk.4.ffn_down.weight,ffn_down,4,17408,5120,fc,128,0.19,extract_adapter.py log (2-dec),log,/home/max/Documents/openbeast/research/lowrank/experiments/32-t117-gsq-head-to-head/extract-UD-IQ3_S.log
q38-27b-UD-IQ3S,27B,Qwen3.8-27B,qwen35,5120,UD-IQ3_S,blk.4.ffn_gate.weight,ffn_gate,4,5120,17408,fc,128,0.18,extract_adapter.py log (2-dec),log,/home/max/Documents/openbeast/research/lowrank/experiments/32-t117-gsq-head-to-head/extract-UD-IQ3_S.log
q38-27b-UD-IQ3S,27B,Qwen3.8-27B,qwen35,5120,UD-IQ3_S,blk.4.ffn_up.weight,ffn_up,4,5120,17408,fc,128,0.18,extract_adapter.py log (2-dec),log,/home/max/Documents/openbeast/research/lowrank/experiments/32-t117-gsq-head-to-head/extract-UD-IQ3_S.log
q38-27b-UD-IQ3S,27B,Qwen3.8-27B,qwen35,5120,UD-IQ3_S,blk.5.attn_qkv.weight,attn_qkv,5,5120,10240,fc,128,0.21,extract_adapter.py log (2-dec),log,/home/max/Documents/openbeast/research/lowrank/experiments/32-t117-gsq-head-to-head/extract-UD-IQ3_S.log
q38-27b-UD-IQ3S,27B,Qwen3.8-27B,qwen35,5120,UD-IQ3_S,blk.5.attn_gate.weight,attn_gate,5,5120,6144,fc,128,0.22,extract_adapter.py log (2-dec),log,/home/max/Documents/openbeast/research/lowrank/experiments/32-t117-gsq-head-to-head/extract-UD-IQ3_S.log
q38-27b-UD-IQ3S,27B,Qwen3.8-27B,qwen35,5120,UD-IQ3_S,blk.5.ssm_out.weight,ssm_out,5,6144,5120,fc,128,0.24,extract_adapter.py log (2-dec),log,/home/max/Documents/openbeast/research/lowrank/experiments/32-t117-gsq-head-to-head/extract-UD-IQ3_S.log
q38-27b-UD-IQ3S,27B,Qwen3.8-27B,qwen35,5120,UD-IQ3_S,blk.5.ffn_down.weight,ffn_down,5,17408,5120,fc,128,0.16,extract_adapter.py log (2-dec),log,/home/max/Documents/openbeast/research/lowrank/experiments/32-t117-gsq-head-to-head/extract-UD-IQ3_S.log
q38-27b-UD-IQ3S,27B,Qwen3.8-27B,qwen35,5120,UD-IQ3_S,blk.5.ffn_gate.weight,ffn_gate,5,5120,17408,fc,128,0.17,extract_adapter.py log (2-dec),log,/home/max/Documents/openbeast/research/lowrank/experiments/32-t117-gsq-head-to-head/extract-UD-IQ3_S.log
q38-27b-UD-IQ3S,27B,Qwen3.8-27B,qwen35,5120,UD-IQ3_S,blk.5.ffn_up.weight,ffn_up,5,5120,17408,fc,128,0.17,extract_adapter.py log (2-dec),log,/home/max/Documents/openbeast/research/lowrank/experiments/32-t117-gsq-head-to-head/extract-UD-IQ3_S.log
q38-27b-UD-IQ3S,27B,Qwen3.8-27B,qwen35,5120,UD-IQ3_S,blk.6.attn_qkv.weight,attn_qkv,6,5120,10240,fc,128,0.2,extract_adapter.py log (2-dec),log,/home/max/Documents/openbeast/research/lowrank/experiments/32-t117-gsq-head-to-head/extract-UD-IQ3_S.log
q38-27b-UD-IQ3S,27B,Qwen3.8-27B,qwen35,5120,UD-IQ3_S,blk.6.attn_gate.weight,attn_gate,6,5120,6144,fc,128,0.21,extract_adapter.py log (2-dec),log,/home/max/Documents/openbeast/research/lowrank/experiments/32-t117-gsq-head-to-head/extract-UD-IQ3_S.log
q38-27b-UD-IQ3S,27B,Qwen3.8-27B,qwen35,5120,UD-IQ3_S,blk.6.ssm_out.weight,ssm_out,6,6144,5120,fc,128,0.26,extract_adapter.py log (2-dec),log,/home/max/Documents/openbeast/research/lowrank/experiments/32-t117-gsq-head-to-head/extract-UD-IQ3_S.log
q38-27b-UD-IQ3S,27B,Qwen3.8-27B,qwen35,5120,UD-IQ3_S,blk.6.ffn_down.weight,ffn_down,6,17408,5120,fc,128,0.17,extract_adapter.py log (2-dec),log,/home/max/Documents/openbeast/research/lowrank/experiments/32-t117-gsq-head-to-head/extract-UD-IQ3_S.log
q38-27b-UD-IQ3S,27B,Qwen3.8-27B,qwen35,5120,UD-IQ3_S,blk.6.ffn_gate.weight,ffn_gate,6,5120,17408,fc,128,0.17,extract_adapter.py log (2-dec),log,/home/max/Documents/openbeast/research/lowrank/experiments/32-t117-gsq-head-to-head/extract-UD-IQ3_S.log
q38-27b-UD-IQ3S,27B,Qwen3.8-27B,qwen35,5120,UD-IQ3_S,blk.6.ffn_up.weight,ffn_up,6,5120,17408,fc,128,0.17,extract_adapter.py log (2-dec),log,/home/max/Documents/openbeast/research/lowrank/experiments/32-t117-gsq-head-to-head/extract-UD-IQ3_S.log
q38-27b-UD-IQ3S,27B,Qwen3.8-27B,qwen35,5120,UD-IQ3_S,blk.7.ffn_down.weight,ffn_down,7,17408,5120,fc,128,0.17,extract_adapter.py log (2-dec),log,/home/max/Documents/openbeast/research/lowrank/experiments/32-t117-gsq-head-to-head/extract-UD-IQ3_S.log
q38-27b-UD-IQ3S,27B,Qwen3.8-27B,qwen35,5120,UD-IQ3_S,blk.7.ffn_gate.weight,ffn_gate,7,5120,17408,fc,128,0.16,extract_adapter.py log (2-dec),log,/home/max/Documents/openbeast/research/lowrank/experiments/32-t117-gsq-head-to-head/extract-UD-IQ3_S.log
q38-27b-UD-IQ3S,27B,Qwen3.8-27B,qwen35,5120,UD-IQ3_S,blk.7.ffn_up.weight,ffn_up,7,5120,17408,fc,128,0.16,extract_adapter.py log (2-dec),log,/home/max/Documents/openbeast/research/lowrank/experiments/32-t117-gsq-head-to-head/extract-UD-IQ3_S.log
q38-27b-UD-IQ3S,27B,Qwen3.8-27B,qwen35,5120,UD-IQ3_S,blk.7.attn_k.weight,attn_k,7,5120,1024,fc,128,0.32,extract_adapter.py log (2-dec),log,/home/max/Documents/openbeast/research/lowrank/experiments/32-t117-gsq-head-to-head/extract-UD-IQ3_S.log
q38-27b-UD-IQ3S,27B,Qwen3.8-27B,qwen35,5120,UD-IQ3_S,blk.7.attn_output.weight,attn_o,7,6144,5120,fc,128,0.43,extract_adapter.py log (2-dec),log,/home/max/Documents/openbeast/research/lowrank/experiments/32-t117-gsq-head-to-head/extract-UD-IQ3_S.log
q38-27b-UD-IQ3S,27B,Qwen3.8-27B,qwen35,5120,UD-IQ3_S,blk.7.attn_q.weight,attn_q,7,5120,12288,fc,128,0.18,extract_adapter.py log (2-dec),log,/home/max/Documents/openbeast/research/lowrank/experiments/32-t117-gsq-head-to-head/extract-UD-IQ3_S.log
q38-27b-UD-IQ3S,27B,Qwen3.8-27B,qwen35,5120,UD-IQ3_S,blk.7.attn_v.weight,attn_v,7,5120,1024,fc,128,0.32,extract_adapter.py log (2-dec),log,/home/max/Documents/openbeast/research/lowrank/experiments/32-t117-gsq-head-to-head/extract-UD-IQ3_S.log
q38-27b-UD-IQ3S,27B,Qwen3.8-27B,qwen35,5120,UD-IQ3_S,blk.10.attn_qkv.weight,attn_qkv,10,5120,10240,fc,128,0.19,extract_adapter.py log (2-dec),log,/home/max/Documents/openbeast/research/lowrank/experiments/32-t117-gsq-head-to-head/extract-UD-IQ3_S.log
q38-27b-UD-IQ3S,27B,Qwen3.8-27B,qwen35,5120,UD-IQ3_S,blk.10.attn_gate.weight,attn_gate,10,5120,6144,fc,128,0.2,extract_adapter.py log (2-dec),log,/home/max/Documents/openbeast/research/lowrank/experiments/32-t117-gsq-head-to-head/extract-UD-IQ3_S.log
q38-27b-UD-IQ3S,27B,Qwen3.8-27B,qwen35,5120,UD-IQ3_S,blk.10.ssm_out.weight,ssm_out,10,6144,5120,fc,128,0.24,extract_adapter.py log (2-dec),log,/home/max/Documents/openbeast/research/lowrank/experiments/32-t117-gsq-head-to-head/extract-UD-IQ3_S.log
q38-27b-UD-IQ3S,27B,Qwen3.8-27B,qwen35,5120,UD-IQ3_S,blk.10.ffn_down.weight,ffn_down,10,17408,5120,fc,128,0.14,extract_adapter.py log (2-dec),log,/home/max/Documents/openbeast/research/lowrank/experiments/32-t117-gsq-head-to-head/extract-UD-IQ3_S.log
q38-27b-UD-IQ3S,27B,Qwen3.8-27B,qwen35,5120,UD-IQ3_S,blk.10.ffn_gate.weight,ffn_gate,10,5120,17408,fc,128,0.16,extract_adapter.py log (2-dec),log,/home/max/Documents/openbeast/research/lowrank/experiments/32-t117-gsq-head-to-head/extract-UD-IQ3_S.log
q38-27b-UD-IQ3S,27B,Qwen3.8-27B,qwen35,5120,UD-IQ3_S,blk.10.ffn_up.weight,ffn_up,10,5120,17408,fc,128,0.16,extract_adapter.py log (2-dec),log,/home/max/Documents/openbeast/research/lowrank/experiments/32-t117-gsq-head-to-head/extract-UD-IQ3_S.log
q38-27b-UD-IQ3S,27B,Qwen3.8-27B,qwen35,5120,UD-IQ3_S,blk.11.ffn_down.weight,ffn_down,11,17408,5120,fc,128,0.13,extract_adapter.py log (2-dec),log,/home/max/Documents/openbeast/research/lowrank/experiments/32-t117-gsq-head-to-head/extract-UD-IQ3_S.log
q38-27b-UD-IQ3S,27B,Qwen3.8-27B,qwen35,5120,UD-IQ3_S,blk.11.ffn_gate.weight,ffn_gate,11,5120,17408,fc,128,0.16,extract_adapter.py log (2-dec),log,/home/max/Documents/openbeast/research/lowrank/experiments/32-t117-gsq-head-to-head/extract-UD-IQ3_S.log
q38-27b-UD-IQ3S,27B,Qwen3.8-27B,qwen35,5120,UD-IQ3_S,blk.11.ffn_up.weight,ffn_up,11,5120,17408,fc,128,0.16,extract_adapter.py log (2-dec),log,/home/max/Documents/openbeast/research/lowrank/experiments/32-t117-gsq-head-to-head/extract-UD-IQ3_S.log
q38-27b-UD-IQ3S,27B,Qwen3.8-27B,qwen35,5120,UD-IQ3_S,blk.11.attn_k.weight,attn_k,11,5120,1024,fc,128,0.36,extract_adapter.py log (2-dec),log,/home/max/Documents/openbeast/research/lowrank/experiments/32-t117-gsq-head-to-head/extract-UD-IQ3_S.log
q38-27b-UD-IQ3S,27B,Qwen3.8-27B,qwen35,5120,UD-IQ3_S,blk.11.attn_output.weight,attn_o,11,6144,5120,fc,128,0.25,extract_adapter.py log (2-dec),log,/home/max/Documents/openbeast/research/lowrank/experiments/32-t117-gsq-head-to-head/extract-UD-IQ3_S.log
q38-27b-UD-IQ3S,27B,Qwen3.8-27B,qwen35,5120,UD-IQ3_S,blk.11.attn_q.weight,attn_q,11,5120,12288,fc,128,0.19,extract_adapter.py log (2-dec),log,/home/max/Documents/openbeast/research/lowrank/experiments/32-t117-gsq-head-to-head/extract-UD-IQ3_S.log
q38-27b-UD-IQ3S,27B,Qwen3.8-27B,qwen35,5120,UD-IQ3_S,blk.11.attn_v.weight,attn_v,11,5120,1024,fc,128,0.32,extract_adapter.py log (2-dec),log,/home/max/Documents/openbeast/research/lowrank/experiments/32-t117-gsq-head-to-head/extract-UD-IQ3_S.log
q38-27b-UD-IQ3S,27B,Qwen3.8-27B,qwen35,5120,UD-IQ3_S,blk.12.attn_qkv.weight,attn_qkv,12,5120,10240,fc,128,0.19,extract_adapter.py log (2-dec),log,/home/max/Documents/openbeast/research/lowrank/experiments/32-t117-gsq-head-to-head/extract-UD-IQ3_S.log
q38-27b-UD-IQ3S,27B,Qwen3.8-27B,qwen35,5120,UD-IQ3_S,blk.12.attn_gate.weight,attn_gate,12,5120,6144,fc,128,0.2,extract_adapter.py log (2-dec),log,/home/max/Documents/openbeast/research/lowrank/experiments/32-t117-gsq-head-to-head/extract-UD-IQ3_S.log
q38-27b-UD-IQ3S,27B,Qwen3.8-27B,qwen35,5120,UD-IQ3_S,blk.12.ssm_out.weight,ssm_out,12,6144,5120,fc,128,0.22,extract_adapter.py log (2-dec),log,/home/max/Documents/openbeast/research/lowrank/experiments/32-t117-gsq-head-to-head/extract-UD-IQ3_S.log
q38-27b-UD-IQ3S,27B,Qwen3.8-27B,qwen35,5120,UD-IQ3_S,blk.12.ffn_down.weight,ffn_down,12,17408,5120,fc,128,0.12,extract_adapter.py log (2-dec),log,/home/max/Documents/openbeast/research/lowrank/experiments/32-t117-gsq-head-to-head/extract-UD-IQ3_S.log
q38-27b-UD-IQ3S,27B,Qwen3.8-27B,qwen35,5120,UD-IQ3_S,blk.12.ffn_gate.weight,ffn_gate,12,5120,17408,fc,128,0.16,extract_adapter.py log (2-dec),log,/home/max/Documents/openbeast/research/lowrank/experiments/32-t117-gsq-head-to-head/extract-UD-IQ3_S.log
q38-27b-UD-IQ3S,27B,Qwen3.8-27B,qwen35,5120,UD-IQ3_S,blk.12.ffn_up.weight,ffn_up,12,5120,17408,fc,128,0.16,extract_adapter.py log (2-dec),log,/home/max/Documents/openbeast/research/lowrank/experiments/32-t117-gsq-head-to-head/extract-UD-IQ3_S.log
q38-27b-UD-IQ3S,27B,Qwen3.8-27B,qwen35,5120,UD-IQ3_S,blk.13.attn_qkv.weight,attn_qkv,13,5120,10240,fc,128,0.2,extract_adapter.py log (2-dec),log,/home/max/Documents/openbeast/research/lowrank/experiments/32-t117-gsq-head-to-head/extract-UD-IQ3_S.log
q38-27b-UD-IQ3S,27B,Qwen3.8-27B,qwen35,5120,UD-IQ3_S,blk.13.attn_gate.weight,attn_gate,13,5120,6144,fc,128,0.2,extract_adapter.py log (2-dec),log,/home/max/Documents/openbeast/research/lowrank/experiments/32-t117-gsq-head-to-head/extract-UD-IQ3_S.log
q38-27b-UD-IQ3S,27B,Qwen3.8-27B,qwen35,5120,UD-IQ3_S,blk.13.ssm_out.weight,ssm_out,13,6144,5120,fc,128,0.2,extract_adapter.py log (2-dec),log,/home/max/Documents/openbeast/research/lowrank/experiments/32-t117-gsq-head-to-head/extract-UD-IQ3_S.log
q38-27b-UD-IQ3S,27B,Qwen3.8-27B,qwen35,5120,UD-IQ3_S,blk.13.ffn_down.weight,ffn_down,13,17408,5120,fc,128,0.11,extract_adapter.py log (2-dec),log,/home/max/Documents/openbeast/research/lowrank/experiments/32-t117-gsq-head-to-head/extract-UD-IQ3_S.log
q38-27b-UD-IQ3S,27B,Qwen3.8-27B,qwen35,5120,UD-IQ3_S,blk.13.ffn_gate.weight,ffn_gate,13,5120,17408,fc,128,0.15,extract_adapter.py log (2-dec),log,/home/max/Documents/openbeast/research/lowrank/experiments/32-t117-gsq-head-to-head/extract-UD-IQ3_S.log
q38-27b-UD-IQ3S,27B,Qwen3.8-27B,qwen35,5120,UD-IQ3_S,blk.13.ffn_up.weight,ffn_up,13,5120,17408,fc,128,0.15,extract_adapter.py log (2-dec),log,/home/max/Documents/openbeast/research/lowrank/experiments/32-t117-gsq-head-to-head/extract-UD-IQ3_S.log
q38-27b-UD-IQ3S,27B,Qwen3.8-27B,qwen35,5120,UD-IQ3_S,blk.14.attn_qkv.weight,attn_qkv,14,5120,10240,fc,128,0.17,extract_adapter.py log (2-dec),log,/home/max/Documents/openbeast/research/lowrank/experiments/32-t117-gsq-head-to-head/extract-UD-IQ3_S.log
q38-27b-UD-IQ3S,27B,Qwen3.8-27B,qwen35,5120,UD-IQ3_S,blk.14.attn_gate.weight,attn_gate,14,5120,6144,fc,128,0.2,extract_adapter.py log (2-dec),log,/home/max/Documents/openbeast/research/lowrank/experiments/32-t117-gsq-head-to-head/extract-UD-IQ3_S.log
q38-27b-UD-IQ3S,27B,Qwen3.8-27B,qwen35,5120,UD-IQ3_S,blk.14.ssm_out.weight,ssm_out,14,6144,5120,fc,128,0.19,extract_adapter.py log (2-dec),log,/home/max/Documents/openbeast/research/lowrank/experiments/32-t117-gsq-head-to-head/extract-UD-IQ3_S.log
q38-27b-UD-IQ3S,27B,Qwen3.8-27B,qwen35,5120,UD-IQ3_S,blk.14.ffn_down.weight,ffn_down,14,17408,5120,fc,128,0.1,extract_adapter.py log (2-dec),log,/home/max/Documents/openbeast/research/lowrank/experiments/32-t117-gsq-head-to-head/extract-UD-IQ3_S.log
q38-27b-UD-IQ3S,27B,Qwen3.8-27B,qwen35,5120,UD-IQ3_S,blk.14.ffn_gate.weight,ffn_gate,14,5120,17408,fc,128,0.15,extract_adapter.py log (2-dec),log,/home/max/Documents/openbeast/research/lowrank/experiments/32-t117-gsq-head-to-head/extract-UD-IQ3_S.log
q38-27b-UD-IQ3S,27B,Qwen3.8-27B,qwen35,5120,UD-IQ3_S,blk.14.ffn_up.weight,ffn_up,14,5120,17408,fc,128,0.15,extract_adapter.py log (2-dec),log,/home/max/Documents/openbeast/research/lowrank/experiments/32-t117-gsq-head-to-head/extract-UD-IQ3_S.log
q38-27b-UD-IQ3S,27B,Qwen3.8-27B,qwen35,5120,UD-IQ3_S,blk.15.ffn_gate.weight,ffn_gate,15,5120,17408,fc,128,0.14,extract_adapter.py log (2-dec),log,/home/max/Documents/openbeast/research/lowrank/experiments/32-t117-gsq-head-to-head/extract-UD-IQ3_S.log
q38-27b-UD-IQ3S,27B,Qwen3.8-27B,qwen35,5120,UD-IQ3_S,blk.15.ffn_down.weight,ffn_down,15,17408,5120,fc,128,0.1,extract_adapter.py log (2-dec),log,/home/max/Documents/openbeast/research/lowrank/experiments/32-t117-gsq-head-to-head/extract-UD-IQ3_S.log
q38-27b-UD-IQ3S,27B,Qwen3.8-27B,qwen35,5120,UD-IQ3_S,blk.15.ffn_up.weight,ffn_up,15,5120,17408,fc,128,0.14,extract_adapter.py log (2-dec),log,/home/max/Documents/openbeast/research/lowrank/experiments/32-t117-gsq-head-to-head/extract-UD-IQ3_S.log
q38-27b-UD-IQ3S,27B,Qwen3.8-27B,qwen35,5120,UD-IQ3_S,blk.15.attn_k.weight,attn_k,15,5120,1024,fc,128,0.31,extract_adapter.py log (2-dec),log,/home/max/Documents/openbeast/research/lowrank/experiments/32-t117-gsq-head-to-head/extract-UD-IQ3_S.log
q38-27b-UD-IQ3S,27B,Qwen3.8-27B,qwen35,5120,UD-IQ3_S,blk.15.attn_output.weight,attn_o,15,6144,5120,fc,128,0.25,extract_adapter.py log (2-dec),log,/home/max/Documents/openbeast/research/lowrank/experiments/32-t117-gsq-head-to-head/extract-UD-IQ3_S.log
q38-27b-UD-IQ3S,27B,Qwen3.8-27B,qwen35,5120,UD-IQ3_S,blk.15.attn_q.weight,attn_q,15,5120,12288,fc,128,0.16,extract_adapter.py log (2-dec),log,/home/max/Documents/openbeast/research/lowrank/experiments/32-t117-gsq-head-to-head/extract-UD-IQ3_S.log
q38-27b-UD-IQ3S,27B,Qwen3.8-27B,qwen35,5120,UD-IQ3_S,blk.15.attn_v.weight,attn_v,15,5120,1024,fc,128,0.3,extract_adapter.py log (2-dec),log,/home/max/Documents/openbeast/research/lowrank/experiments/32-t117-gsq-head-to-head/extract-UD-IQ3_S.log
q38-27b-UD-IQ3S,27B,Qwen3.8-27B,qwen35,5120,UD-IQ3_S,blk.8.attn_qkv.weight,attn_qkv,8,5120,10240,fc,128,0.19,extract_adapter.py log (2-dec),log,/home/max/Documents/openbeast/research/lowrank/experiments/32-t117-gsq-head-to-head/extract-UD-IQ3_S.log
q38-27b-UD-IQ3S,27B,Qwen3.8-27B,qwen35,5120,UD-IQ3_S,blk.8.attn_gate.weight,attn_gate,8,5120,6144,fc,128,0.2,extract_adapter.py log (2-dec),log,/home/max/Documents/openbeast/research/lowrank/experiments/32-t117-gsq-head-to-head/extract-UD-IQ3_S.log
q38-27b-UD-IQ3S,27B,Qwen3.8-27B,qwen35,5120,UD-IQ3_S,blk.8.ssm_out.weight,ssm_out,8,6144,5120,fc,128,0.29,extract_adapter.py log (2-dec),log,/home/max/Documents/openbeast/research/lowrank/experiments/32-t117-gsq-head-to-head/extract-UD-IQ3_S.log
q38-27b-UD-IQ3S,27B,Qwen3.8-27B,qwen35,5120,UD-IQ3_S,blk.8.ffn_down.weight,ffn_down,8,17408,5120,fc,128,0.19,extract_adapter.py log (2-dec),log,/home/max/Documents/openbeast/research/lowrank/experiments/32-t117-gsq-head-to-head/extract-UD-IQ3_S.log
q38-27b-UD-IQ3S,27B,Qwen3.8-27B,qwen35,5120,UD-IQ3_S,blk.8.ffn_gate.weight,ffn_gate,8,5120,17408,fc,128,0.16,extract_adapter.py log (2-dec),log,/home/max/Documents/openbeast/research/lowrank/experiments/32-t117-gsq-head-to-head/extract-UD-IQ3_S.log
q38-27b-UD-IQ3S,27B,Qwen3.8-27B,qwen35,5120,UD-IQ3_S,blk.8.ffn_up.weight,ffn_up,8,5120,17408,fc,128,0.16,extract_adapter.py log (2-dec),log,/home/max/Documents/openbeast/research/lowrank/experiments/32-t117-gsq-head-to-head/extract-UD-IQ3_S.log
q38-27b-UD-IQ3S,27B,Qwen3.8-27B,qwen35,5120,UD-IQ3_S,blk.9.attn_qkv.weight,attn_qkv,9,5120,10240,fc,128,0.19,extract_adapter.py log (2-dec),log,/home/max/Documents/openbeast/research/lowrank/experiments/32-t117-gsq-head-to-head/extract-UD-IQ3_S.log
q38-27b-UD-IQ3S,27B,Qwen3.8-27B,qwen35,5120,UD-IQ3_S,blk.9.attn_gate.weight,attn_gate,9,5120,6144,fc,128,0.2,extract_adapter.py log (2-dec),log,/home/max/Documents/openbeast/research/lowrank/experiments/32-t117-gsq-head-to-head/extract-UD-IQ3_S.log
q38-27b-UD-IQ3S,27B,Qwen3.8-27B,qwen35,5120,UD-IQ3_S,blk.9.ssm_out.weight,ssm_out,9,6144,5120,fc,128,0.23,extract_adapter.py log (2-dec),log,/home/max/Documents/openbeast/research/lowrank/experiments/32-t117-gsq-head-to-head/extract-UD-IQ3_S.log
q38-27b-UD-IQ3S,27B,Qwen3.8-27B,qwen35,5120,UD-IQ3_S,blk.9.ffn_down.weight,ffn_down,9,17408,5120,fc,128,0.17,extract_adapter.py log (2-dec),log,/home/max/Documents/openbeast/research/lowrank/experiments/32-t117-gsq-head-to-head/extract-UD-IQ3_S.log
q38-27b-UD-IQ3S,27B,Qwen3.8-27B,qwen35,5120,UD-IQ3_S,blk.9.ffn_gate.weight,ffn_gate,9,5120,17408,fc,128,0.16,extract_adapter.py log (2-dec),log,/home/max/Documents/openbeast/research/lowrank/experiments/32-t117-gsq-head-to-head/extract-UD-IQ3_S.log
q38-27b-UD-IQ3S,27B,Qwen3.8-27B,qwen35,5120,UD-IQ3_S,blk.9.ffn_up.weight,ffn_up,9,5120,17408,fc,128,0.17,extract_adapter.py log (2-dec),log,/home/max/Documents/openbeast/research/lowrank/experiments/32-t117-gsq-head-to-head/extract-UD-IQ3_S.log
q38-27b-UD-IQ3S,27B,Qwen3.8-27B,qwen35,5120,UD-IQ3_S,blk.16.attn_qkv.weight,attn_qkv,16,5120,10240,fc,128,0.18,extract_adapter.py log (2-dec),log,/home/max/Documents/openbeast/research/lowrank/experiments/32-t117-gsq-head-to-head/extract-UD-IQ3_S.log
q38-27b-UD-IQ3S,27B,Qwen3.8-27B,qwen35,5120,UD-IQ3_S,blk.16.attn_gate.weight,attn_gate,16,5120,6144,fc,128,0.19,extract_adapter.py log (2-dec),log,/home/max/Documents/openbeast/research/lowrank/experiments/32-t117-gsq-head-to-head/extract-UD-IQ3_S.log
q38-27b-UD-IQ3S,27B,Qwen3.8-27B,qwen35,5120,UD-IQ3_S,blk.16.ssm_out.weight,ssm_out,16,6144,5120,fc,128,0.2,extract_adapter.py log (2-dec),log,/home/max/Documents/openbeast/research/lowrank/experiments/32-t117-gsq-head-to-head/extract-UD-IQ3_S.log
q38-27b-UD-IQ3S,27B,Qwen3.8-27B,qwen35,5120,UD-IQ3_S,blk.16.ffn_down.weight,ffn_down,16,17408,5120,fc,128,0.11,extract_adapter.py log (2-dec),log,/home/max/Documents/openbeast/research/lowrank/experiments/32-t117-gsq-head-to-head/extract-UD-IQ3_S.log
q38-27b-UD-IQ3S,27B,Qwen3.8-27B,qwen35,5120,UD-IQ3_S,blk.16.ffn_gate.weight,ffn_gate,16,5120,17408,fc,128,0.14,extract_adapter.py log (2-dec),log,/home/max/Documents/openbeast/research/lowrank/experiments/32-t117-gsq-head-to-head/extract-UD-IQ3_S.log
q38-27b-UD-IQ3S,27B,Qwen3.8-27B,qwen35,5120,UD-IQ3_S,blk.16.ffn_up.weight,ffn_up,16,5120,17408,fc,128,0.14,extract_adapter.py log (2-dec),log,/home/max/Documents/openbeast/research/lowrank/experiments/32-t117-gsq-head-to-head/extract-UD-IQ3_S.log
q38-27b-UD-IQ3S,27B,Qwen3.8-27B,qwen35,5120,UD-IQ3_S,blk.17.attn_qkv.weight,attn_qkv,17,5120,10240,fc,128,0.17,extract_adapter.py log (2-dec),log,/home/max/Documents/openbeast/research/lowrank/experiments/32-t117-gsq-head-to-head/extract-UD-IQ3_S.log
q38-27b-UD-IQ3S,27B,Qwen3.8-27B,qwen35,5120,UD-IQ3_S,blk.17.attn_gate.weight,attn_gate,17,5120,6144,fc,128,0.19,extract_adapter.py log (2-dec),log,/home/max/Documents/openbeast/research/lowrank/experiments/32-t117-gsq-head-to-head/extract-UD-IQ3_S.log
q38-27b-UD-IQ3S,27B,Qwen3.8-27B,qwen35,5120,UD-IQ3_S,blk.17.ssm_out.weight,ssm_out,17,6144,5120,fc,128,0.21,extract_adapter.py log (2-dec),log,/home/max/Documents/openbeast/research/lowrank/experiments/32-t117-gsq-head-to-head/extract-UD-IQ3_S.log
q38-27b-UD-IQ3S,27B,Qwen3.8-27B,qwen35,5120,UD-IQ3_S,blk.17.ffn_down.weight,ffn_down,17,17408,5120,fc,128,0.12,extract_adapter.py log (2-dec),log,/home/max/Documents/openbeast/research/lowrank/experiments/32-t117-gsq-head-to-head/extract-UD-IQ3_S.log
q38-27b-UD-IQ3S,27B,Qwen3.8-27B,qwen35,5120,UD-IQ3_S,blk.17.ffn_gate.weight,ffn_gate,17,5120,17408,fc,128,0.14,extract_adapter.py log (2-dec),log,/home/max/Documents/openbeast/research/lowrank/experiments/32-t117-gsq-head-to-head/extract-UD-IQ3_S.log
q38-27b-UD-IQ3S,27B,Qwen3.8-27B,qwen35,5120,UD-IQ3_S,blk.17.ffn_up.weight,ffn_up,17,5120,17408,fc,128,0.14,extract_adapter.py log (2-dec),log,/home/max/Documents/openbeast/research/lowrank/experiments/32-t117-gsq-head-to-head/extract-UD-IQ3_S.log
q38-27b-UD-IQ3S,27B,Qwen3.8-27B,qwen35,5120,UD-IQ3_S,blk.18.attn_qkv.weight,attn_qkv,18,5120,10240,fc,128,0.16,extract_adapter.py log (2-dec),log,/home/max/Documents/openbeast/research/lowrank/experiments/32-t117-gsq-head-to-head/extract-UD-IQ3_S.log
q38-27b-UD-IQ3S,27B,Qwen3.8-27B,qwen35,5120,UD-IQ3_S,blk.18.attn_gate.weight,attn_gate,18,5120,6144,fc,128,0.18,extract_adapter.py log (2-dec),log,/home/max/Documents/openbeast/research/lowrank/experiments/32-t117-gsq-head-to-head/extract-UD-IQ3_S.log
q38-27b-UD-IQ3S,27B,Qwen3.8-27B,qwen35,5120,UD-IQ3_S,blk.18.ssm_out.weight,ssm_out,18,6144,5120,fc,128,0.23,extract_adapter.py log (2-dec),log,/home/max/Documents/openbeast/research/lowrank/experiments/32-t117-gsq-head-to-head/extract-UD-IQ3_S.log
q38-27b-UD-IQ3S,27B,Qwen3.8-27B,qwen35,5120,UD-IQ3_S,blk.18.ffn_down.weight,ffn_down,18,17408,5120,fc,128,0.15,extract_adapter.py log (2-dec),log,/home/max/Documents/openbeast/research/lowrank/experiments/32-t117-gsq-head-to-head/extract-UD-IQ3_S.log
q38-27b-UD-IQ3S,27B,Qwen3.8-27B,qwen35,5120,UD-IQ3_S,blk.18.ffn_gate.weight,ffn_gate,18,5120,17408,fc,128,0.15,extract_adapter.py log (2-dec),log,/home/max/Documents/openbeast/research/lowrank/experiments/32-t117-gsq-head-to-head/extract-UD-IQ3_S.log
q38-27b-UD-IQ3S,27B,Qwen3.8-27B,qwen35,5120,UD-IQ3_S,blk.18.ffn_up.weight,ffn_up,18,5120,17408,fc,128,0.15,extract_adapter.py log (2-dec),log,/home/max/Documents/openbeast/research/lowrank/experiments/32-t117-gsq-head-to-head/extract-UD-IQ3_S.log
q38-27b-UD-IQ3S,27B,Qwen3.8-27B,qwen35,5120,UD-IQ3_S,blk.19.ffn_down.weight,ffn_down,19,17408,5120,fc,128,0.14,extract_adapter.py log (2-dec),log,/home/max/Documents/openbeast/research/lowrank/experiments/32-t117-gsq-head-to-head/extract-UD-IQ3_S.log
q38-27b-UD-IQ3S,27B,Qwen3.8-27B,qwen35,5120,UD-IQ3_S,blk.19.ffn_gate.weight,ffn_gate,19,5120,17408,fc,128,0.15,extract_adapter.py log (2-dec),log,/home/max/Documents/openbeast/research/lowrank/experiments/32-t117-gsq-head-to-head/extract-UD-IQ3_S.log
q38-27b-UD-IQ3S,27B,Qwen3.8-27B,qwen35,5120,UD-IQ3_S,blk.19.ffn_up.weight,ffn_up,19,5120,17408,fc,128,0.15,extract_adapter.py log (2-dec),log,/home/max/Documents/openbeast/research/lowrank/experiments/32-t117-gsq-head-to-head/extract-UD-IQ3_S.log
q38-27b-UD-IQ3S,27B,Qwen3.8-27B,qwen35,5120,UD-IQ3_S,blk.19.attn_k.weight,attn_k,19,5120,1024,fc,128,0.31,extract_adapter.py log (2-dec),log,/home/max/Documents/openbeast/research/lowrank/experiments/32-t117-gsq-head-to-head/extract-UD-IQ3_S.log
q38-27b-UD-IQ3S,27B,Qwen3.8-27B,qwen35,5120,UD-IQ3_S,blk.19.attn_output.weight,attn_o,19,6144,5120,fc,128,0.27,extract_adapter.py log (2-dec),log,/home/max/Documents/openbeast/research/lowrank/experiments/32-t117-gsq-head-to-head/extract-UD-IQ3_S.log
q38-27b-UD-IQ3S,27B,Qwen3.8-27B,qwen35,5120,UD-IQ3_S,blk.19.attn_q.weight,attn_q,19,5120,12288,fc,128,0.18,extract_adapter.py log (2-dec),log,/home/max/Documents/openbeast/research/lowrank/experiments/32-t117-gsq-head-to-head/extract-UD-IQ3_S.log
q38-27b-UD-IQ3S,27B,Qwen3.8-27B,qwen35,5120,UD-IQ3_S,blk.19.attn_v.weight,attn_v,19,5120,1024,fc,128,0.31,extract_adapter.py log (2-dec),log,/home/max/Documents/openbeast/research/lowrank/experiments/32-t117-gsq-head-to-head/extract-UD-IQ3_S.log
q38-27b-UD-IQ3S,27B,Qwen3.8-27B,qwen35,5120,UD-IQ3_S,blk.20.attn_qkv.weight,attn_qkv,20,5120,10240,fc,128,0.19,extract_adapter.py log (2-dec),log,/home/max/Documents/openbeast/research/lowrank/experiments/32-t117-gsq-head-to-head/extract-UD-IQ3_S.log
q38-27b-UD-IQ3S,27B,Qwen3.8-27B,qwen35,5120,UD-IQ3_S,blk.20.attn_gate.weight,attn_gate,20,5120,6144,fc,128,0.2,extract_adapter.py log (2-dec),log,/home/max/Documents/openbeast/research/lowrank/experiments/32-t117-gsq-head-to-head/extract-UD-IQ3_S.log
q38-27b-UD-IQ3S,27B,Qwen3.8-27B,qwen35,5120,UD-IQ3_S,blk.20.ssm_out.weight,ssm_out,20,6144,5120,fc,128,0.32,extract_adapter.py log (2-dec),log,/home/max/Documents/openbeast/research/lowrank/experiments/32-t117-gsq-head-to-head/extract-UD-IQ3_S.log
q38-27b-UD-IQ3S,27B,Qwen3.8-27B,qwen35,5120,UD-IQ3_S,blk.20.ffn_down.weight,ffn_down,20,17408,5120,fc,128,0.2,extract_adapter.py log (2-dec),log,/home/max/Documents/openbeast/research/lowrank/experiments/32-t117-gsq-head-to-head/extract-UD-IQ3_S.log
q38-27b-UD-IQ3S,27B,Qwen3.8-27B,qwen35,5120,UD-IQ3_S,blk.20.ffn_gate.weight,ffn_gate,20,5120,17408,fc,128,0.16,extract_adapter.py log (2-dec),log,/home/max/Documents/openbeast/research/lowrank/experiments/32-t117-gsq-head-to-head/extract-UD-IQ3_S.log
q38-27b-UD-IQ3S,27B,Qwen3.8-27B,qwen35,5120,UD-IQ3_S,blk.20.ffn_up.weight,ffn_up,20,5120,17408,fc,128,0.16,extract_adapter.py log (2-dec),log,/home/max/Documents/openbeast/research/lowrank/experiments/32-t117-gsq-head-to-head/extract-UD-IQ3_S.log
q38-27b-UD-IQ3S,27B,Qwen3.8-27B,qwen35,5120,UD-IQ3_S,blk.21.attn_qkv.weight,attn_qkv,21,5120,10240,fc,128,0.19,extract_adapter.py log (2-dec),log,/home/max/Documents/openbeast/research/lowrank/experiments/32-t117-gsq-head-to-head/extract-UD-IQ3_S.log
q38-27b-UD-IQ3S,27B,Qwen3.8-27B,qwen35,5120,UD-IQ3_S,blk.21.attn_gate.weight,attn_gate,21,5120,6144,fc,128,0.2,extract_adapter.py log (2-dec),log,/home/max/Documents/openbeast/research/lowrank/experiments/32-t117-gsq-head-to-head/extract-UD-IQ3_S.log
q38-27b-UD-IQ3S,27B,Qwen3.8-27B,qwen35,5120,UD-IQ3_S,blk.21.ssm_out.weight,ssm_out,21,6144,5120,fc,128,0.31,extract_adapter.py log (2-dec),log,/home/max/Documents/openbeast/research/lowrank/experiments/32-t117-gsq-head-to-head/extract-UD-IQ3_S.log
q38-27b-UD-IQ3S,27B,Qwen3.8-27B,qwen35,5120,UD-IQ3_S,blk.21.ffn_down.weight,ffn_down,21,17408,5120,fc,128,0.16,extract_adapter.py log (2-dec),log,/home/max/Documents/openbeast/research/lowrank/experiments/32-t117-gsq-head-to-head/extract-UD-IQ3_S.log
q38-27b-UD-IQ3S,27B,Qwen3.8-27B,qwen35,5120,UD-IQ3_S,blk.21.ffn_gate.weight,ffn_gate,21,5120,17408,fc,128,0.17,extract_adapter.py log (2-dec),log,/home/max/Documents/openbeast/research/lowrank/experiments/32-t117-gsq-head-to-head/extract-UD-IQ3_S.log
q38-27b-UD-IQ3S,27B,Qwen3.8-27B,qwen35,5120,UD-IQ3_S,blk.21.ffn_up.weight,ffn_up,21,5120,17408,fc,128,0.17,extract_adapter.py log (2-dec),log,/home/max/Documents/openbeast/research/lowrank/experiments/32-t117-gsq-head-to-head/extract-UD-IQ3_S.log
q38-27b-UD-IQ3S,27B,Qwen3.8-27B,qwen35,5120,UD-IQ3_S,blk.22.attn_qkv.weight,attn_qkv,22,5120,10240,fc,128,0.2,extract_adapter.py log (2-dec),log,/home/max/Documents/openbeast/research/lowrank/experiments/32-t117-gsq-head-to-head/extract-UD-IQ3_S.log
q38-27b-UD-IQ3S,27B,Qwen3.8-27B,qwen35,5120,UD-IQ3_S,blk.22.attn_gate.weight,attn_gate,22,5120,6144,fc,128,0.2,extract_adapter.py log (2-dec),log,/home/max/Documents/openbeast/research/lowrank/experiments/32-t117-gsq-head-to-head/extract-UD-IQ3_S.log
q38-27b-UD-IQ3S,27B,Qwen3.8-27B,qwen35,5120,UD-IQ3_S,blk.22.ssm_out.weight,ssm_out,22,6144,5120,fc,128,0.34,extract_adapter.py log (2-dec),log,/home/max/Documents/openbeast/research/lowrank/experiments/32-t117-gsq-head-to-head/extract-UD-IQ3_S.log
q38-27b-UD-IQ3S,27B,Qwen3.8-27B,qwen35,5120,UD-IQ3_S,blk.22.ffn_down.weight,ffn_down,22,17408,5120,fc,128,0.18,extract_adapter.py log (2-dec),log,/home/max/Documents/openbeast/research/lowrank/experiments/32-t117-gsq-head-to-head/extract-UD-IQ3_S.log
q38-27b-UD-IQ3S,27B,Qwen3.8-27B,qwen35,5120,UD-IQ3_S,blk.22.ffn_gate.weight,ffn_gate,22,5120,17408,fc,128,0.18,extract_adapter.py log (2-dec),log,/home/max/Documents/openbeast/research/lowrank/experiments/32-t117-gsq-head-to-head/extract-UD-IQ3_S.log
q38-27b-UD-IQ3S,27B,Qwen3.8-27B,qwen35,5120,UD-IQ3_S,blk.22.ffn_up.weight,ffn_up,22,5120,17408,fc,128,0.17,extract_adapter.py log (2-dec),log,/home/max/Documents/openbeast/research/lowrank/experiments/32-t117-gsq-head-to-head/extract-UD-IQ3_S.log
q38-27b-UD-IQ3S,27B,Qwen3.8-27B,qwen35,5120,UD-IQ3_S,blk.23.ffn_down.weight,ffn_down,23,17408,5120,fc,128,0.2,extract_adapter.py log (2-dec),log,/home/max/Documents/openbeast/research/lowrank/experiments/32-t117-gsq-head-to-head/extract-UD-IQ3_S.log
q38-27b-UD-IQ3S,27B,Qwen3.8-27B,qwen35,5120,UD-IQ3_S,blk.23.ffn_gate.weight,ffn_gate,23,5120,17408,fc,128,0.18,extract_adapter.py log (2-dec),log,/home/max/Documents/openbeast/research/lowrank/experiments/32-t117-gsq-head-to-head/extract-UD-IQ3_S.log
q38-27b-UD-IQ3S,27B,Qwen3.8-27B,qwen35,5120,UD-IQ3_S,blk.23.ffn_up.weight,ffn_up,23,5120,17408,fc,128,0.18,extract_adapter.py log (2-dec),log,/home/max/Documents/openbeast/research/lowrank/experiments/32-t117-gsq-head-to-head/extract-UD-IQ3_S.log
q38-27b-UD-IQ3S,27B,Qwen3.8-27B,qwen35,5120,UD-IQ3_S,blk.23.attn_k.weight,attn_k,23,5120,1024,fc,128,0.36,extract_adapter.py log (2-dec),log,/home/max/Documents/openbeast/research/lowrank/experiments/32-t117-gsq-head-to-head/extract-UD-IQ3_S.log
q38-27b-UD-IQ3S,27B,Qwen3.8-27B,qwen35,5120,UD-IQ3_S,blk.23.attn_output.weight,attn_o,23,6144,5120,fc,128,0.31,extract_adapter.py log (2-dec),log,/home/max/Documents/openbeast/research/lowrank/experiments/32-t117-gsq-head-to-head/extract-UD-IQ3_S.log
q38-27b-UD-IQ3S,27B,Qwen3.8-27B,qwen35,5120,UD-IQ3_S,blk.23.attn_q.weight,attn_q,23,5120,12288,fc,128,0.21,extract_adapter.py log (2-dec),log,/home/max/Documents/openbeast/research/lowrank/experiments/32-t117-gsq-head-to-head/extract-UD-IQ3_S.log
q38-27b-UD-IQ3S,27B,Qwen3.8-27B,qwen35,5120,UD-IQ3_S,blk.23.attn_v.weight,attn_v,23,5120,1024,fc,128,0.34,extract_adapter.py log (2-dec),log,/home/max/Documents/openbeast/research/lowrank/experiments/32-t117-gsq-head-to-head/extract-UD-IQ3_S.log
q38-27b-UD-IQ3S,27B,Qwen3.8-27B,qwen35,5120,UD-IQ3_S,blk.24.attn_qkv.weight,attn_qkv,24,5120,10240,fc,128,0.2,extract_adapter.py log (2-dec),log,/home/max/Documents/openbeast/research/lowrank/experiments/32-t117-gsq-head-to-head/extract-UD-IQ3_S.log
q38-27b-UD-IQ3S,27B,Qwen3.8-27B,qwen35,5120,UD-IQ3_S,blk.24.attn_gate.weight,attn_gate,24,5120,6144,fc,128,0.22,extract_adapter.py log (2-dec),log,/home/max/Documents/openbeast/research/lowrank/experiments/32-t117-gsq-head-to-head/extract-UD-IQ3_S.log
q38-27b-UD-IQ3S,27B,Qwen3.8-27B,qwen35,5120,UD-IQ3_S,blk.24.ssm_out.weight,ssm_out,24,6144,5120,fc,128,0.3,extract_adapter.py log (2-dec),log,/home/max/Documents/openbeast/research/lowrank/experiments/32-t117-gsq-head-to-head/extract-UD-IQ3_S.log
q38-27b-UD-IQ3S,27B,Qwen3.8-27B,qwen35,5120,UD-IQ3_S,blk.24.ffn_down.weight,ffn_down,24,17408,5120,fc,128,0.23,extract_adapter.py log (2-dec),log,/home/max/Documents/openbeast/research/lowrank/experiments/32-t117-gsq-head-to-head/extract-UD-IQ3_S.log
q38-27b-UD-IQ3S,27B,Qwen3.8-27B,qwen35,5120,UD-IQ3_S,blk.24.ffn_gate.weight,ffn_gate,24,5120,17408,fc,128,0.18,extract_adapter.py log (2-dec),log,/home/max/Documents/openbeast/research/lowrank/experiments/32-t117-gsq-head-to-head/extract-UD-IQ3_S.log
q38-27b-UD-IQ3S,27B,Qwen3.8-27B,qwen35,5120,UD-IQ3_S,blk.24.ffn_up.weight,ffn_up,24,5120,17408,fc,128,0.19,extract_adapter.py log (2-dec),log,/home/max/Documents/openbeast/research/lowrank/experiments/32-t117-gsq-head-to-head/extract-UD-IQ3_S.log
q38-27b-UD-IQ3S,27B,Qwen3.8-27B,qwen35,5120,UD-IQ3_S,blk.25.attn_qkv.weight,attn_qkv,25,5120,10240,fc,128,0.21,extract_adapter.py log (2-dec),log,/home/max/Documents/openbeast/research/lowrank/experiments/32-t117-gsq-head-to-head/extract-UD-IQ3_S.log
q38-27b-UD-IQ3S,27B,Qwen3.8-27B,qwen35,5120,UD-IQ3_S,blk.25.attn_gate.weight,attn_gate,25,5120,6144,fc,128,0.22,extract_adapter.py log (2-dec),log,/home/max/Documents/openbeast/research/lowrank/experiments/32-t117-gsq-head-to-head/extract-UD-IQ3_S.log
q38-27b-UD-IQ3S,27B,Qwen3.8-27B,qwen35,5120,UD-IQ3_S,blk.25.ssm_out.weight,ssm_out,25,6144,5120,fc,128,0.28,extract_adapter.py log (2-dec),log,/home/max/Documents/openbeast/research/lowrank/experiments/32-t117-gsq-head-to-head/extract-UD-IQ3_S.log
q38-27b-UD-IQ3S,27B,Qwen3.8-27B,qwen35,5120,UD-IQ3_S,blk.25.ffn_down.weight,ffn_down,25,17408,5120,fc,128,0.16,extract_adapter.py log (2-dec),log,/home/max/Documents/openbeast/research/lowrank/experiments/32-t117-gsq-head-to-head/extract-UD-IQ3_S.log
q38-27b-UD-IQ3S,27B,Qwen3.8-27B,qwen35,5120,UD-IQ3_S,blk.25.ffn_gate.weight,ffn_gate,25,5120,17408,fc,128,0.19,extract_adapter.py log (2-dec),log,/home/max/Documents/openbeast/research/lowrank/experiments/32-t117-gsq-head-to-head/extract-UD-IQ3_S.log
q38-27b-UD-IQ3S,27B,Qwen3.8-27B,qwen35,5120,UD-IQ3_S,blk.25.ffn_up.weight,ffn_up,25,5120,17408,fc,128,0.2,extract_adapter.py log (2-dec),log,/home/max/Documents/openbeast/research/lowrank/experiments/32-t117-gsq-head-to-head/extract-UD-IQ3_S.log
q38-27b-UD-IQ3S,27B,Qwen3.8-27B,qwen35,5120,UD-IQ3_S,blk.26.attn_qkv.weight,attn_qkv,26,5120,10240,fc,128,0.22,extract_adapter.py log (2-dec),log,/home/max/Documents/openbeast/research/lowrank/experiments/32-t117-gsq-head-to-head/extract-UD-IQ3_S.log
q38-27b-UD-IQ3S,27B,Qwen3.8-27B,qwen35,5120,UD-IQ3_S,blk.26.attn_gate.weight,attn_gate,26,5120,6144,fc,128,0.22,extract_adapter.py log (2-dec),log,/home/max/Documents/openbeast/research/lowrank/experiments/32-t117-gsq-head-to-head/extract-UD-IQ3_S.log
q38-27b-UD-IQ3S,27B,Qwen3.8-27B,qwen35,5120,UD-IQ3_S,blk.26.ssm_out.weight,ssm_out,26,6144,5120,fc,128,0.24,extract_adapter.py log (2-dec),log,/home/max/Documents/openbeast/research/lowrank/experiments/32-t117-gsq-head-to-head/extract-UD-IQ3_S.log
q38-27b-UD-IQ3S,27B,Qwen3.8-27B,qwen35,5120,UD-IQ3_S,blk.26.ffn_down.weight,ffn_down,26,17408,5120,fc,128,0.16,extract_adapter.py log (2-dec),log,/home/max/Documents/openbeast/research/lowrank/experiments/32-t117-gsq-head-to-head/extract-UD-IQ3_S.log
q38-27b-UD-IQ3S,27B,Qwen3.8-27B,qwen35,5120,UD-IQ3_S,blk.26.ffn_gate.weight,ffn_gate,26,5120,17408,fc,128,0.19,extract_adapter.py log (2-dec),log,/home/max/Documents/openbeast/research/lowrank/experiments/32-t117-gsq-head-to-head/extract-UD-IQ3_S.log
q38-27b-UD-IQ3S,27B,Qwen3.8-27B,qwen35,5120,UD-IQ3_S,blk.26.ffn_up.weight,ffn_up,26,5120,17408,fc,128,0.19,extract_adapter.py log (2-dec),log,/home/max/Documents/openbeast/research/lowrank/experiments/32-t117-gsq-head-to-head/extract-UD-IQ3_S.log
q38-27b-UD-IQ3S,27B,Qwen3.8-27B,qwen35,5120,UD-IQ3_S,blk.27.ffn_down.weight,ffn_down,27,17408,5120,fc,128,0.14,extract_adapter.py log (2-dec),log,/home/max/Documents/openbeast/research/lowrank/experiments/32-t117-gsq-head-to-head/extract-UD-IQ3_S.log
q38-27b-UD-IQ3S,27B,Qwen3.8-27B,qwen35,5120,UD-IQ3_S,blk.27.ffn_gate.weight,ffn_gate,27,5120,17408,fc,128,0.18,extract_adapter.py log (2-dec),log,/home/max/Documents/openbeast/research/lowrank/experiments/32-t117-gsq-head-to-head/extract-UD-IQ3_S.log
q38-27b-UD-IQ3S,27B,Qwen3.8-27B,qwen35,5120,UD-IQ3_S,blk.27.ffn_up.weight,ffn_up,27,5120,17408,fc,128,0.18,extract_adapter.py log (2-dec),log,/home/max/Documents/openbeast/research/lowrank/experiments/32-t117-gsq-head-to-head/extract-UD-IQ3_S.log
q38-27b-UD-IQ3S,27B,Qwen3.8-27B,qwen35,5120,UD-IQ3_S,blk.27.attn_k.weight,attn_k,27,5120,1024,fc,128,0.37,extract_adapter.py log (2-dec),log,/home/max/Documents/openbeast/research/lowrank/experiments/32-t117-gsq-head-to-head/extract-UD-IQ3_S.log
q38-27b-UD-IQ3S,27B,Qwen3.8-27B,qwen35,5120,UD-IQ3_S,blk.27.attn_output.weight,attn_o,27,6144,5120,fc,128,0.26,extract_adapter.py log (2-dec),log,/home/max/Documents/openbeast/research/lowrank/experiments/32-t117-gsq-head-to-head/extract-UD-IQ3_S.log
q38-27b-UD-IQ3S,27B,Qwen3.8-27B,qwen35,5120,UD-IQ3_S,blk.27.attn_q.weight,attn_q,27,5120,12288,fc,128,0.22,extract_adapter.py log (2-dec),log,/home/max/Documents/openbeast/research/lowrank/experiments/32-t117-gsq-head-to-head/extract-UD-IQ3_S.log
q38-27b-UD-IQ3S,27B,Qwen3.8-27B,qwen35,5120,UD-IQ3_S,blk.27.attn_v.weight,attn_v,27,5120,1024,fc,128,0.34,extract_adapter.py log (2-dec),log,/home/max/Documents/openbeast/research/lowrank/experiments/32-t117-gsq-head-to-head/extract-UD-IQ3_S.log
q38-27b-UD-IQ3S,27B,Qwen3.8-27B,qwen35,5120,UD-IQ3_S,blk.28.attn_qkv.weight,attn_qkv,28,5120,10240,fc,128,0.21,extract_adapter.py log (2-dec),log,/home/max/Documents/openbeast/research/lowrank/experiments/32-t117-gsq-head-to-head/extract-UD-IQ3_S.log
q38-27b-UD-IQ3S,27B,Qwen3.8-27B,qwen35,5120,UD-IQ3_S,blk.28.attn_gate.weight,attn_gate,28,5120,6144,fc,128,0.22,extract_adapter.py log (2-dec),log,/home/max/Documents/openbeast/research/lowrank/experiments/32-t117-gsq-head-to-head/extract-UD-IQ3_S.log
q38-27b-UD-IQ3S,27B,Qwen3.8-27B,qwen35,5120,UD-IQ3_S,blk.28.ssm_out.weight,ssm_out,28,6144,5120,fc,128,0.21,extract_adapter.py log (2-dec),log,/home/max/Documents/openbeast/research/lowrank/experiments/32-t117-gsq-head-to-head/extract-UD-IQ3_S.log
q38-27b-UD-IQ3S,27B,Qwen3.8-27B,qwen35,5120,UD-IQ3_S,blk.28.ffn_down.weight,ffn_down,28,17408,5120,fc,128,0.14,extract_adapter.py log (2-dec),log,/home/max/Documents/openbeast/research/lowrank/experiments/32-t117-gsq-head-to-head/extract-UD-IQ3_S.log
q38-27b-UD-IQ3S,27B,Qwen3.8-27B,qwen35,5120,UD-IQ3_S,blk.28.ffn_gate.weight,ffn_gate,28,5120,17408,fc,128,0.17,extract_adapter.py log (2-dec),log,/home/max/Documents/openbeast/research/lowrank/experiments/32-t117-gsq-head-to-head/extract-UD-IQ3_S.log
q38-27b-UD-IQ3S,27B,Qwen3.8-27B,qwen35,5120,UD-IQ3_S,blk.28.ffn_up.weight,ffn_up,28,5120,17408,fc,128,0.18,extract_adapter.py log (2-dec),log,/home/max/Documents/openbeast/research/lowrank/experiments/32-t117-gsq-head-to-head/extract-UD-IQ3_S.log
q38-27b-UD-IQ3S,27B,Qwen3.8-27B,qwen35,5120,UD-IQ3_S,blk.29.attn_qkv.weight,attn_qkv,29,5120,10240,fc,128,0.21,extract_adapter.py log (2-dec),log,/home/max/Documents/openbeast/research/lowrank/experiments/32-t117-gsq-head-to-head/extract-UD-IQ3_S.log
q38-27b-UD-IQ3S,27B,Qwen3.8-27B,qwen35,5120,UD-IQ3_S,blk.29.attn_gate.weight,attn_gate,29,5120,6144,fc,128,0.21,extract_adapter.py log (2-dec),log,/home/max/Documents/openbeast/research/lowrank/experiments/32-t117-gsq-head-to-head/extract-UD-IQ3_S.log
q38-27b-UD-IQ3S,27B,Qwen3.8-27B,qwen35,5120,UD-IQ3_S,blk.29.ssm_out.weight,ssm_out,29,6144,5120,fc,128,0.2,extract_adapter.py log (2-dec),log,/home/max/Documents/openbeast/research/lowrank/experiments/32-t117-gsq-head-to-head/extract-UD-IQ3_S.log
q38-27b-UD-IQ3S,27B,Qwen3.8-27B,qwen35,5120,UD-IQ3_S,blk.29.ffn_down.weight,ffn_down,29,17408,5120,fc,128,0.12,extract_adapter.py log (2-dec),log,/home/max/Documents/openbeast/research/lowrank/experiments/32-t117-gsq-head-to-head/extract-UD-IQ3_S.log
q38-27b-UD-IQ3S,27B,Qwen3.8-27B,qwen35,5120,UD-IQ3_S,blk.29.ffn_gate.weight,ffn_gate,29,5120,17408,fc,128,0.17,extract_adapter.py log (2-dec),log,/home/max/Documents/openbeast/research/lowrank/experiments/32-t117-gsq-head-to-head/extract-UD-IQ3_S.log
q38-27b-UD-IQ3S,27B,Qwen3.8-27B,qwen35,5120,UD-IQ3_S,blk.29.ffn_up.weight,ffn_up,29,5120,17408,fc,128,0.17,extract_adapter.py log (2-dec),log,/home/max/Documents/openbeast/research/lowrank/experiments/32-t117-gsq-head-to-head/extract-UD-IQ3_S.log
q38-27b-UD-IQ3S,27B,Qwen3.8-27B,qwen35,5120,UD-IQ3_S,blk.30.attn_qkv.weight,attn_qkv,30,5120,10240,fc,128,0.19,extract_adapter.py log (2-dec),log,/home/max/Documents/openbeast/research/lowrank/experiments/32-t117-gsq-head-to-head/extract-UD-IQ3_S.log
q38-27b-UD-IQ3S,27B,Qwen3.8-27B,qwen35,5120,UD-IQ3_S,blk.30.attn_gate.weight,attn_gate,30,5120,6144,fc,128,0.21,extract_adapter.py log (2-dec),log,/home/max/Documents/openbeast/research/lowrank/experiments/32-t117-gsq-head-to-head/extract-UD-IQ3_S.log
q38-27b-UD-IQ3S,27B,Qwen3.8-27B,qwen35,5120,UD-IQ3_S,blk.30.ssm_out.weight,ssm_out,30,6144,5120,fc,128,0.22,extract_adapter.py log (2-dec),log,/home/max/Documents/openbeast/research/lowrank/experiments/32-t117-gsq-head-to-head/extract-UD-IQ3_S.log
q38-27b-UD-IQ3S,27B,Qwen3.8-27B,qwen35,5120,UD-IQ3_S,blk.30.ffn_down.weight,ffn_down,30,17408,5120,fc,128,0.13,extract_adapter.py log (2-dec),log,/home/max/Documents/openbeast/research/lowrank/experiments/32-t117-gsq-head-to-head/extract-UD-IQ3_S.log
q38-27b-UD-IQ3S,27B,Qwen3.8-27B,qwen35,5120,UD-IQ3_S,blk.30.ffn_gate.weight,ffn_gate,30,5120,17408,fc,128,0.16,extract_adapter.py log (2-dec),log,/home/max/Documents/openbeast/research/lowrank/experiments/32-t117-gsq-head-to-head/extract-UD-IQ3_S.log
q38-27b-UD-IQ3S,27B,Qwen3.8-27B,qwen35,5120,UD-IQ3_S,blk.30.ffn_up.weight,ffn_up,30,5120,17408,fc,128,0.16,extract_adapter.py log (2-dec),log,/home/max/Documents/openbeast/research/lowrank/experiments/32-t117-gsq-head-to-head/extract-UD-IQ3_S.log
q38-27b-UD-IQ3S,27B,Qwen3.8-27B,qwen35,5120,UD-IQ3_S,blk.31.ffn_down.weight,ffn_down,31,17408,5120,fc,128,0.11,extract_adapter.py log (2-dec),log,/home/max/Documents/openbeast/research/lowrank/experiments/32-t117-gsq-head-to-head/extract-UD-IQ3_S.log
q38-27b-UD-IQ3S,27B,Qwen3.8-27B,qwen35,5120,UD-IQ3_S,blk.31.ffn_gate.weight,ffn_gate,31,5120,17408,fc,128,0.15,extract_adapter.py log (2-dec),log,/home/max/Documents/openbeast/research/lowrank/experiments/32-t117-gsq-head-to-head/extract-UD-IQ3_S.log
q38-27b-UD-IQ3S,27B,Qwen3.8-27B,qwen35,5120,UD-IQ3_S,blk.31.ffn_up.weight,ffn_up,31,5120,17408,fc,128,0.15,extract_adapter.py log (2-dec),log,/home/max/Documents/openbeast/research/lowrank/experiments/32-t117-gsq-head-to-head/extract-UD-IQ3_S.log
q38-27b-UD-IQ3S,27B,Qwen3.8-27B,qwen35,5120,UD-IQ3_S,blk.31.attn_k.weight,attn_k,31,5120,1024,fc,128,0.33,extract_adapter.py log (2-dec),log,/home/max/Documents/openbeast/research/lowrank/experiments/32-t117-gsq-head-to-head/extract-UD-IQ3_S.log
q38-27b-UD-IQ3S,27B,Qwen3.8-27B,qwen35,5120,UD-IQ3_S,blk.31.attn_output.weight,attn_o,31,6144,5120,fc,128,0.23,extract_adapter.py log (2-dec),log,/home/max/Documents/openbeast/research/lowrank/experiments/32-t117-gsq-head-to-head/extract-UD-IQ3_S.log
q38-27b-UD-IQ3S,27B,Qwen3.8-27B,qwen35,5120,UD-IQ3_S,blk.31.attn_q.weight,attn_q,31,5120,12288,fc,128,0.18,extract_adapter.py log (2-dec),log,/home/max/Documents/openbeast/research/lowrank/experiments/32-t117-gsq-head-to-head/extract-UD-IQ3_S.log
q38-27b-UD-IQ3S,27B,Qwen3.8-27B,qwen35,5120,UD-IQ3_S,blk.31.attn_v.weight,attn_v,31,5120,1024,fc,128,0.32,extract_adapter.py log (2-dec),log,/home/max/Documents/openbeast/research/lowrank/experiments/32-t117-gsq-head-to-head/extract-UD-IQ3_S.log
q38-27b-UD-IQ3S,27B,Qwen3.8-27B,qwen35,5120,UD-IQ3_S,blk.32.attn_qkv.weight,attn_qkv,32,5120,10240,fc,128,0.19,extract_adapter.py log (2-dec),log,/home/max/Documents/openbeast/research/lowrank/experiments/32-t117-gsq-head-to-head/extract-UD-IQ3_S.log
q38-27b-UD-IQ3S,27B,Qwen3.8-27B,qwen35,5120,UD-IQ3_S,blk.32.attn_gate.weight,attn_gate,32,5120,6144,fc,128,0.18,extract_adapter.py log (2-dec),log,/home/max/Documents/openbeast/research/lowrank/experiments/32-t117-gsq-head-to-head/extract-UD-IQ3_S.log
q38-27b-UD-IQ3S,27B,Qwen3.8-27B,qwen35,5120,UD-IQ3_S,blk.32.ssm_out.weight,ssm_out,32,6144,5120,fc,128,0.18,extract_adapter.py log (2-dec),log,/home/max/Documents/openbeast/research/lowrank/experiments/32-t117-gsq-head-to-head/extract-UD-IQ3_S.log
q38-27b-UD-IQ3S,27B,Qwen3.8-27B,qwen35,5120,UD-IQ3_S,blk.32.ffn_down.weight,ffn_down,32,17408,5120,fc,128,0.12,extract_adapter.py log (2-dec),log,/home/max/Documents/openbeast/research/lowrank/experiments/32-t117-gsq-head-to-head/extract-UD-IQ3_S.log
q38-27b-UD-IQ3S,27B,Qwen3.8-27B,qwen35,5120,UD-IQ3_S,blk.32.ffn_gate.weight,ffn_gate,32,5120,17408,fc,128,0.15,extract_adapter.py log (2-dec),log,/home/max/Documents/openbeast/research/lowrank/experiments/32-t117-gsq-head-to-head/extract-UD-IQ3_S.log
q38-27b-UD-IQ3S,27B,Qwen3.8-27B,qwen35,5120,UD-IQ3_S,blk.32.ffn_up.weight,ffn_up,32,5120,17408,fc,128,0.15,extract_adapter.py log (2-dec),log,/home/max/Documents/openbeast/research/lowrank/experiments/32-t117-gsq-head-to-head/extract-UD-IQ3_S.log
q38-27b-UD-IQ3S,27B,Qwen3.8-27B,qwen35,5120,UD-IQ3_S,blk.33.attn_qkv.weight,attn_qkv,33,5120,10240,fc,128,0.19,extract_adapter.py log (2-dec),log,/home/max/Documents/openbeast/research/lowrank/experiments/32-t117-gsq-head-to-head/extract-UD-IQ3_S.log
q38-27b-UD-IQ3S,27B,Qwen3.8-27B,qwen35,5120,UD-IQ3_S,blk.33.attn_gate.weight,attn_gate,33,5120,6144,fc,128,0.19,extract_adapter.py log (2-dec),log,/home/max/Documents/openbeast/research/lowrank/experiments/32-t117-gsq-head-to-head/extract-UD-IQ3_S.log
q38-27b-UD-IQ3S,27B,Qwen3.8-27B,qwen35,5120,UD-IQ3_S,blk.33.ssm_out.weight,ssm_out,33,6144,5120,fc,128,0.19,extract_adapter.py log (2-dec),log,/home/max/Documents/openbeast/research/lowrank/experiments/32-t117-gsq-head-to-head/extract-UD-IQ3_S.log
q38-27b-UD-IQ3S,27B,Qwen3.8-27B,qwen35,5120,UD-IQ3_S,blk.33.ffn_down.weight,ffn_down,33,17408,5120,fc,128,0.13,extract_adapter.py log (2-dec),log,/home/max/Documents/openbeast/research/lowrank/experiments/32-t117-gsq-head-to-head/extract-UD-IQ3_S.log
q38-27b-UD-IQ3S,27B,Qwen3.8-27B,qwen35,5120,UD-IQ3_S,blk.33.ffn_gate.weight,ffn_gate,33,5120,17408,fc,128,0.15,extract_adapter.py log (2-dec),log,/home/max/Documents/openbeast/research/lowrank/experiments/32-t117-gsq-head-to-head/extract-UD-IQ3_S.log
q38-27b-UD-IQ3S,27B,Qwen3.8-27B,qwen35,5120,UD-IQ3_S,blk.33.ffn_up.weight,ffn_up,33,5120,17408,fc,128,0.15,extract_adapter.py log (2-dec),log,/home/max/Documents/openbeast/research/lowrank/experiments/32-t117-gsq-head-to-head/extract-UD-IQ3_S.log
q38-27b-UD-IQ3S,27B,Qwen3.8-27B,qwen35,5120,UD-IQ3_S,blk.34.attn_qkv.weight,attn_qkv,34,5120,10240,fc,128,0.19,extract_adapter.py log (2-dec),log,/home/max/Documents/openbeast/research/lowrank/experiments/32-t117-gsq-head-to-head/extract-UD-IQ3_S.log
q38-27b-UD-IQ3S,27B,Qwen3.8-27B,qwen35,5120,UD-IQ3_S,blk.34.attn_gate.weight,attn_gate,34,5120,6144,fc,128,0.18,extract_adapter.py log (2-dec),log,/home/max/Documents/openbeast/research/lowrank/experiments/32-t117-gsq-head-to-head/extract-UD-IQ3_S.log
q38-27b-UD-IQ3S,27B,Qwen3.8-27B,qwen35,5120,UD-IQ3_S,blk.34.ssm_out.weight,ssm_out,34,6144,5120,fc,128,0.22,extract_adapter.py log (2-dec),log,/home/max/Documents/openbeast/research/lowrank/experiments/32-t117-gsq-head-to-head/extract-UD-IQ3_S.log
q38-27b-UD-IQ3S,27B,Qwen3.8-27B,qwen35,5120,UD-IQ3_S,blk.34.ffn_down.weight,ffn_down,34,17408,5120,fc,128,0.15,extract_adapter.py log (2-dec),log,/home/max/Documents/openbeast/research/lowrank/experiments/32-t117-gsq-head-to-head/extract-UD-IQ3_S.log
q38-27b-UD-IQ3S,27B,Qwen3.8-27B,qwen35,5120,UD-IQ3_S,blk.34.ffn_gate.weight,ffn_gate,34,5120,17408,fc,128,0.16,extract_adapter.py log (2-dec),log,/home/max/Documents/openbeast/research/lowrank/experiments/32-t117-gsq-head-to-head/extract-UD-IQ3_S.log
q38-27b-UD-IQ3S,27B,Qwen3.8-27B,qwen35,5120,UD-IQ3_S,blk.34.ffn_up.weight,ffn_up,34,5120,17408,fc,128,0.17,extract_adapter.py log (2-dec),log,/home/max/Documents/openbeast/research/lowrank/experiments/32-t117-gsq-head-to-head/extract-UD-IQ3_S.log
q38-27b-UD-IQ3S,27B,Qwen3.8-27B,qwen35,5120,UD-IQ3_S,blk.35.ffn_down.weight,ffn_down,35,17408,5120,fc,128,0.18,extract_adapter.py log (2-dec),log,/home/max/Documents/openbeast/research/lowrank/experiments/32-t117-gsq-head-to-head/extract-UD-IQ3_S.log
q38-27b-UD-IQ3S,27B,Qwen3.8-27B,qwen35,5120,UD-IQ3_S,blk.35.ffn_gate.weight,ffn_gate,35,5120,17408,fc,128,0.16,extract_adapter.py log (2-dec),log,/home/max/Documents/openbeast/research/lowrank/experiments/32-t117-gsq-head-to-head/extract-UD-IQ3_S.log
q38-27b-UD-IQ3S,27B,Qwen3.8-27B,qwen35,5120,UD-IQ3_S,blk.35.ffn_up.weight,ffn_up,35,5120,17408,fc,128,0.17,extract_adapter.py log (2-dec),log,/home/max/Documents/openbeast/research/lowrank/experiments/32-t117-gsq-head-to-head/extract-UD-IQ3_S.log
q38-27b-UD-IQ3S,27B,Qwen3.8-27B,qwen35,5120,UD-IQ3_S,blk.35.attn_k.weight,attn_k,35,5120,1024,fc,128,0.32,extract_adapter.py log (2-dec),log,/home/max/Documents/openbeast/research/lowrank/experiments/32-t117-gsq-head-to-head/extract-UD-IQ3_S.log
q38-27b-UD-IQ3S,27B,Qwen3.8-27B,qwen35,5120,UD-IQ3_S,blk.35.attn_output.weight,attn_o,35,6144,5120,fc,128,0.3,extract_adapter.py log (2-dec),log,/home/max/Documents/openbeast/research/lowrank/experiments/32-t117-gsq-head-to-head/extract-UD-IQ3_S.log
q38-27b-UD-IQ3S,27B,Qwen3.8-27B,qwen35,5120,UD-IQ3_S,blk.35.attn_q.weight,attn_q,35,5120,12288,fc,128,0.19,extract_adapter.py log (2-dec),log,/home/max/Documents/openbeast/research/lowrank/experiments/32-t117-gsq-head-to-head/extract-UD-IQ3_S.log
q38-27b-UD-IQ3S,27B,Qwen3.8-27B,qwen35,5120,UD-IQ3_S,blk.35.attn_v.weight,attn_v,35,5120,1024,fc,128,0.33,extract_adapter.py log (2-dec),log,/home/max/Documents/openbeast/research/lowrank/experiments/32-t117-gsq-head-to-head/extract-UD-IQ3_S.log
q38-27b-UD-IQ3S,27B,Qwen3.8-27B,qwen35,5120,UD-IQ3_S,blk.36.attn_qkv.weight,attn_qkv,36,5120,10240,fc,128,0.19,extract_adapter.py log (2-dec),log,/home/max/Documents/openbeast/research/lowrank/experiments/32-t117-gsq-head-to-head/extract-UD-IQ3_S.log
q38-27b-UD-IQ3S,27B,Qwen3.8-27B,qwen35,5120,UD-IQ3_S,blk.36.attn_gate.weight,attn_gate,36,5120,6144,fc,128,0.2,extract_adapter.py log (2-dec),log,/home/max/Documents/openbeast/research/lowrank/experiments/32-t117-gsq-head-to-head/extract-UD-IQ3_S.log
q38-27b-UD-IQ3S,27B,Qwen3.8-27B,qwen35,5120,UD-IQ3_S,blk.36.ssm_out.weight,ssm_out,36,6144,5120,fc,128,0.34,extract_adapter.py log (2-dec),log,/home/max/Documents/openbeast/research/lowrank/experiments/32-t117-gsq-head-to-head/extract-UD-IQ3_S.log
q38-27b-UD-IQ3S,27B,Qwen3.8-27B,qwen35,5120,UD-IQ3_S,blk.36.ffn_down.weight,ffn_down,36,17408,5120,fc,128,0.21,extract_adapter.py log (2-dec),log,/home/max/Documents/openbeast/research/lowrank/experiments/32-t117-gsq-head-to-head/extract-UD-IQ3_S.log
q38-27b-UD-IQ3S,27B,Qwen3.8-27B,qwen35,5120,UD-IQ3_S,blk.36.ffn_gate.weight,ffn_gate,36,5120,17408,fc,128,0.18,extract_adapter.py log (2-dec),log,/home/max/Documents/openbeast/research/lowrank/experiments/32-t117-gsq-head-to-head/extract-UD-IQ3_S.log
q38-27b-UD-IQ3S,27B,Qwen3.8-27B,qwen35,5120,UD-IQ3_S,blk.36.ffn_up.weight,ffn_up,36,5120,17408,fc,128,0.18,extract_adapter.py log (2-dec),log,/home/max/Documents/openbeast/research/lowrank/experiments/32-t117-gsq-head-to-head/extract-UD-IQ3_S.log
q38-27b-UD-IQ3S,27B,Qwen3.8-27B,qwen35,5120,UD-IQ3_S,blk.37.attn_qkv.weight,attn_qkv,37,5120,10240,fc,128,0.2,extract_adapter.py log (2-dec),log,/home/max/Documents/openbeast/research/lowrank/experiments/32-t117-gsq-head-to-head/extract-UD-IQ3_S.log
q38-27b-UD-IQ3S,27B,Qwen3.8-27B,qwen35,5120,UD-IQ3_S,blk.37.attn_gate.weight,attn_gate,37,5120,6144,fc,128,0.22,extract_adapter.py log (2-dec),log,/home/max/Documents/openbeast/research/lowrank/experiments/32-t117-gsq-head-to-head/extract-UD-IQ3_S.log
q38-27b-UD-IQ3S,27B,Qwen3.8-27B,qwen35,5120,UD-IQ3_S,blk.37.ssm_out.weight,ssm_out,37,6144,5120,fc,128,0.3,extract_adapter.py log (2-dec),log,/home/max/Documents/openbeast/research/lowrank/experiments/32-t117-gsq-head-to-head/extract-UD-IQ3_S.log
q38-27b-UD-IQ3S,27B,Qwen3.8-27B,qwen35,5120,UD-IQ3_S,blk.37.ffn_down.weight,ffn_down,37,17408,5120,fc,128,0.16,extract_adapter.py log (2-dec),log,/home/max/Documents/openbeast/research/lowrank/experiments/32-t117-gsq-head-to-head/extract-UD-IQ3_S.log
q38-27b-UD-IQ3S,27B,Qwen3.8-27B,qwen35,5120,UD-IQ3_S,blk.37.ffn_gate.weight,ffn_gate,37,5120,17408,fc,128,0.18,extract_adapter.py log (2-dec),log,/home/max/Documents/openbeast/research/lowrank/experiments/32-t117-gsq-head-to-head/extract-UD-IQ3_S.log
q38-27b-UD-IQ3S,27B,Qwen3.8-27B,qwen35,5120,UD-IQ3_S,blk.37.ffn_up.weight,ffn_up,37,5120,17408,fc,128,0.18,extract_adapter.py log (2-dec),log,/home/max/Documents/openbeast/research/lowrank/experiments/32-t117-gsq-head-to-head/extract-UD-IQ3_S.log
q38-27b-UD-IQ3S,27B,Qwen3.8-27B,qwen35,5120,UD-IQ3_S,blk.38.attn_qkv.weight,attn_qkv,38,5120,10240,fc,128,0.2,extract_adapter.py log (2-dec),log,/home/max/Documents/openbeast/research/lowrank/experiments/32-t117-gsq-head-to-head/extract-UD-IQ3_S.log
q38-27b-UD-IQ3S,27B,Qwen3.8-27B,qwen35,5120,UD-IQ3_S,blk.38.attn_gate.weight,attn_gate,38,5120,6144,fc,128,0.21,extract_adapter.py log (2-dec),log,/home/max/Documents/openbeast/research/lowrank/experiments/32-t117-gsq-head-to-head/extract-UD-IQ3_S.log
q38-27b-UD-IQ3S,27B,Qwen3.8-27B,qwen35,5120,UD-IQ3_S,blk.38.ssm_out.weight,ssm_out,38,6144,5120,fc,128,0.29,extract_adapter.py log (2-dec),log,/home/max/Documents/openbeast/research/lowrank/experiments/32-t117-gsq-head-to-head/extract-UD-IQ3_S.log
q38-27b-UD-IQ3S,27B,Qwen3.8-27B,qwen35,5120,UD-IQ3_S,blk.38.ffn_down.weight,ffn_down,38,17408,5120,fc,128,0.16,extract_adapter.py log (2-dec),log,/home/max/Documents/openbeast/research/lowrank/experiments/32-t117-gsq-head-to-head/extract-UD-IQ3_S.log
q38-27b-UD-IQ3S,27B,Qwen3.8-27B,qwen35,5120,UD-IQ3_S,blk.38.ffn_gate.weight,ffn_gate,38,5120,17408,fc,128,0.18,extract_adapter.py log (2-dec),log,/home/max/Documents/openbeast/research/lowrank/experiments/32-t117-gsq-head-to-head/extract-UD-IQ3_S.log
q38-27b-UD-IQ3S,27B,Qwen3.8-27B,qwen35,5120,UD-IQ3_S,blk.38.ffn_up.weight,ffn_up,38,5120,17408,fc,128,0.18,extract_adapter.py log (2-dec),log,/home/max/Documents/openbeast/research/lowrank/experiments/32-t117-gsq-head-to-head/extract-UD-IQ3_S.log
q38-27b-UD-IQ3S,27B,Qwen3.8-27B,qwen35,5120,UD-IQ3_S,blk.39.ffn_down.weight,ffn_down,39,17408,5120,fc,128,0.17,extract_adapter.py log (2-dec),log,/home/max/Documents/openbeast/research/lowrank/experiments/32-t117-gsq-head-to-head/extract-UD-IQ3_S.log
q38-27b-UD-IQ3S,27B,Qwen3.8-27B,qwen35,5120,UD-IQ3_S,blk.39.ffn_gate.weight,ffn_gate,39,5120,17408,fc,128,0.18,extract_adapter.py log (2-dec),log,/home/max/Documents/openbeast/research/lowrank/experiments/32-t117-gsq-head-to-head/extract-UD-IQ3_S.log
q38-27b-UD-IQ3S,27B,Qwen3.8-27B,qwen35,5120,UD-IQ3_S,blk.39.ffn_up.weight,ffn_up,39,5120,17408,fc,128,0.18,extract_adapter.py log (2-dec),log,/home/max/Documents/openbeast/research/lowrank/experiments/32-t117-gsq-head-to-head/extract-UD-IQ3_S.log
q38-27b-UD-IQ3S,27B,Qwen3.8-27B,qwen35,5120,UD-IQ3_S,blk.39.attn_k.weight,attn_k,39,5120,1024,fc,128,0.34,extract_adapter.py log (2-dec),log,/home/max/Documents/openbeast/research/lowrank/experiments/32-t117-gsq-head-to-head/extract-UD-IQ3_S.log
q38-27b-UD-IQ3S,27B,Qwen3.8-27B,qwen35,5120,UD-IQ3_S,blk.39.attn_output.weight,attn_o,39,6144,5120,fc,128,0.31,extract_adapter.py log (2-dec),log,/home/max/Documents/openbeast/research/lowrank/experiments/32-t117-gsq-head-to-head/extract-UD-IQ3_S.log
q38-27b-UD-IQ3S,27B,Qwen3.8-27B,qwen35,5120,UD-IQ3_S,blk.39.attn_q.weight,attn_q,39,5120,12288,fc,128,0.21,extract_adapter.py log (2-dec),log,/home/max/Documents/openbeast/research/lowrank/experiments/32-t117-gsq-head-to-head/extract-UD-IQ3_S.log
q38-27b-UD-IQ3S,27B,Qwen3.8-27B,qwen35,5120,UD-IQ3_S,blk.39.attn_v.weight,attn_v,39,5120,1024,fc,128,0.34,extract_adapter.py log (2-dec),log,/home/max/Documents/openbeast/research/lowrank/experiments/32-t117-gsq-head-to-head/extract-UD-IQ3_S.log
q38-27b-UD-IQ3S,27B,Qwen3.8-27B,qwen35,5120,UD-IQ3_S,blk.40.attn_qkv.weight,attn_qkv,40,5120,10240,fc,128,0.2,extract_adapter.py log (2-dec),log,/home/max/Documents/openbeast/research/lowrank/experiments/32-t117-gsq-head-to-head/extract-UD-IQ3_S.log
q38-27b-UD-IQ3S,27B,Qwen3.8-27B,qwen35,5120,UD-IQ3_S,blk.40.attn_gate.weight,attn_gate,40,5120,6144,fc,128,0.22,extract_adapter.py log (2-dec),log,/home/max/Documents/openbeast/research/lowrank/experiments/32-t117-gsq-head-to-head/extract-UD-IQ3_S.log
q38-27b-UD-IQ3S,27B,Qwen3.8-27B,qwen35,5120,UD-IQ3_S,blk.40.ssm_out.weight,ssm_out,40,6144,5120,fc,128,0.27,extract_adapter.py log (2-dec),log,/home/max/Documents/openbeast/research/lowrank/experiments/32-t117-gsq-head-to-head/extract-UD-IQ3_S.log
q38-27b-UD-IQ3S,27B,Qwen3.8-27B,qwen35,5120,UD-IQ3_S,blk.40.ffn_down.weight,ffn_down,40,17408,5120,fc,128,0.2,extract_adapter.py log (2-dec),log,/home/max/Documents/openbeast/research/lowrank/experiments/32-t117-gsq-head-to-head/extract-UD-IQ3_S.log
q38-27b-UD-IQ3S,27B,Qwen3.8-27B,qwen35,5120,UD-IQ3_S,blk.40.ffn_gate.weight,ffn_gate,40,5120,17408,fc,128,0.18,extract_adapter.py log (2-dec),log,/home/max/Documents/openbeast/research/lowrank/experiments/32-t117-gsq-head-to-head/extract-UD-IQ3_S.log
q38-27b-UD-IQ3S,27B,Qwen3.8-27B,qwen35,5120,UD-IQ3_S,blk.40.ffn_up.weight,ffn_up,40,5120,17408,fc,128,0.18,extract_adapter.py log (2-dec),log,/home/max/Documents/openbeast/research/lowrank/experiments/32-t117-gsq-head-to-head/extract-UD-IQ3_S.log
q38-27b-UD-IQ3S,27B,Qwen3.8-27B,qwen35,5120,UD-IQ3_S,blk.41.attn_qkv.weight,attn_qkv,41,5120,10240,fc,128,0.2,extract_adapter.py log (2-dec),log,/home/max/Documents/openbeast/research/lowrank/experiments/32-t117-gsq-head-to-head/extract-UD-IQ3_S.log
q38-27b-UD-IQ3S,27B,Qwen3.8-27B,qwen35,5120,UD-IQ3_S,blk.41.attn_gate.weight,attn_gate,41,5120,6144,fc,128,0.21,extract_adapter.py log (2-dec),log,/home/max/Documents/openbeast/research/lowrank/experiments/32-t117-gsq-head-to-head/extract-UD-IQ3_S.log
q38-27b-UD-IQ3S,27B,Qwen3.8-27B,qwen35,5120,UD-IQ3_S,blk.41.ssm_out.weight,ssm_out,41,6144,5120,fc,128,0.24,extract_adapter.py log (2-dec),log,/home/max/Documents/openbeast/research/lowrank/experiments/32-t117-gsq-head-to-head/extract-UD-IQ3_S.log
q38-27b-UD-IQ3S,27B,Qwen3.8-27B,qwen35,5120,UD-IQ3_S,blk.41.ffn_down.weight,ffn_down,41,17408,5120,fc,128,0.16,extract_adapter.py log (2-dec),log,/home/max/Documents/openbeast/research/lowrank/experiments/32-t117-gsq-head-to-head/extract-UD-IQ3_S.log
q38-27b-UD-IQ3S,27B,Qwen3.8-27B,qwen35,5120,UD-IQ3_S,blk.41.ffn_gate.weight,ffn_gate,41,5120,17408,fc,128,0.18,extract_adapter.py log (2-dec),log,/home/max/Documents/openbeast/research/lowrank/experiments/32-t117-gsq-head-to-head/extract-UD-IQ3_S.log
q38-27b-UD-IQ3S,27B,Qwen3.8-27B,qwen35,5120,UD-IQ3_S,blk.41.ffn_up.weight,ffn_up,41,5120,17408,fc,128,0.19,extract_adapter.py log (2-dec),log,/home/max/Documents/openbeast/research/lowrank/experiments/32-t117-gsq-head-to-head/extract-UD-IQ3_S.log
q38-27b-UD-IQ3S,27B,Qwen3.8-27B,qwen35,5120,UD-IQ3_S,blk.42.attn_qkv.weight,attn_qkv,42,5120,10240,fc,128,0.2,extract_adapter.py log (2-dec),log,/home/max/Documents/openbeast/research/lowrank/experiments/32-t117-gsq-head-to-head/extract-UD-IQ3_S.log
q38-27b-UD-IQ3S,27B,Qwen3.8-27B,qwen35,5120,UD-IQ3_S,blk.42.attn_gate.weight,attn_gate,42,5120,6144,fc,128,0.22,extract_adapter.py log (2-dec),log,/home/max/Documents/openbeast/research/lowrank/experiments/32-t117-gsq-head-to-head/extract-UD-IQ3_S.log
q38-27b-UD-IQ3S,27B,Qwen3.8-27B,qwen35,5120,UD-IQ3_S,blk.42.ssm_out.weight,ssm_out,42,6144,5120,fc,128,0.25,extract_adapter.py log (2-dec),log,/home/max/Documents/openbeast/research/lowrank/experiments/32-t117-gsq-head-to-head/extract-UD-IQ3_S.log
q38-27b-UD-IQ3S,27B,Qwen3.8-27B,qwen35,5120,UD-IQ3_S,blk.42.ffn_down.weight,ffn_down,42,17408,5120,fc,128,0.18,extract_adapter.py log (2-dec),log,/home/max/Documents/openbeast/research/lowrank/experiments/32-t117-gsq-head-to-head/extract-UD-IQ3_S.log
q38-27b-UD-IQ3S,27B,Qwen3.8-27B,qwen35,5120,UD-IQ3_S,blk.42.ffn_gate.weight,ffn_gate,42,5120,17408,fc,128,0.18,extract_adapter.py log (2-dec),log,/home/max/Documents/openbeast/research/lowrank/experiments/32-t117-gsq-head-to-head/extract-UD-IQ3_S.log
q38-27b-UD-IQ3S,27B,Qwen3.8-27B,qwen35,5120,UD-IQ3_S,blk.42.ffn_up.weight,ffn_up,42,5120,17408,fc,128,0.18,extract_adapter.py log (2-dec),log,/home/max/Documents/openbeast/research/lowrank/experiments/32-t117-gsq-head-to-head/extract-UD-IQ3_S.log
q38-27b-UD-IQ3S,27B,Qwen3.8-27B,qwen35,5120,UD-IQ3_S,blk.43.ffn_down.weight,ffn_down,43,17408,5120,fc,128,0.15,extract_adapter.py log (2-dec),log,/home/max/Documents/openbeast/research/lowrank/experiments/32-t117-gsq-head-to-head/extract-UD-IQ3_S.log
q38-27b-UD-IQ3S,27B,Qwen3.8-27B,qwen35,5120,UD-IQ3_S,blk.43.ffn_gate.weight,ffn_gate,43,5120,17408,fc,128,0.17,extract_adapter.py log (2-dec),log,/home/max/Documents/openbeast/research/lowrank/experiments/32-t117-gsq-head-to-head/extract-UD-IQ3_S.log
q38-27b-UD-IQ3S,27B,Qwen3.8-27B,qwen35,5120,UD-IQ3_S,blk.43.ffn_up.weight,ffn_up,43,5120,17408,fc,128,0.17,extract_adapter.py log (2-dec),log,/home/max/Documents/openbeast/research/lowrank/experiments/32-t117-gsq-head-to-head/extract-UD-IQ3_S.log
q38-27b-UD-IQ3S,27B,Qwen3.8-27B,qwen35,5120,UD-IQ3_S,blk.43.attn_k.weight,attn_k,43,5120,1024,fc,128,0.35,extract_adapter.py log (2-dec),log,/home/max/Documents/openbeast/research/lowrank/experiments/32-t117-gsq-head-to-head/extract-UD-IQ3_S.log
q38-27b-UD-IQ3S,27B,Qwen3.8-27B,qwen35,5120,UD-IQ3_S,blk.43.attn_output.weight,attn_o,43,6144,5120,fc,128,0.27,extract_adapter.py log (2-dec),log,/home/max/Documents/openbeast/research/lowrank/experiments/32-t117-gsq-head-to-head/extract-UD-IQ3_S.log
q38-27b-UD-IQ3S,27B,Qwen3.8-27B,qwen35,5120,UD-IQ3_S,blk.43.attn_q.weight,attn_q,43,5120,12288,fc,128,0.21,extract_adapter.py log (2-dec),log,/home/max/Documents/openbeast/research/lowrank/experiments/32-t117-gsq-head-to-head/extract-UD-IQ3_S.log
q38-27b-UD-IQ3S,27B,Qwen3.8-27B,qwen35,5120,UD-IQ3_S,blk.43.attn_v.weight,attn_v,43,5120,1024,fc,128,0.34,extract_adapter.py log (2-dec),log,/home/max/Documents/openbeast/research/lowrank/experiments/32-t117-gsq-head-to-head/extract-UD-IQ3_S.log
q38-27b-UD-IQ3S,27B,Qwen3.8-27B,qwen35,5120,UD-IQ3_S,blk.44.attn_qkv.weight,attn_qkv,44,5120,10240,fc,128,0.21,extract_adapter.py log (2-dec),log,/home/max/Documents/openbeast/research/lowrank/experiments/32-t117-gsq-head-to-head/extract-UD-IQ3_S.log
q38-27b-UD-IQ3S,27B,Qwen3.8-27B,qwen35,5120,UD-IQ3_S,blk.44.attn_gate.weight,attn_gate,44,5120,6144,fc,128,0.22,extract_adapter.py log (2-dec),log,/home/max/Documents/openbeast/research/lowrank/experiments/32-t117-gsq-head-to-head/extract-UD-IQ3_S.log
q38-27b-UD-IQ3S,27B,Qwen3.8-27B,qwen35,5120,UD-IQ3_S,blk.44.ssm_out.weight,ssm_out,44,6144,5120,fc,128,0.21,extract_adapter.py log (2-dec),log,/home/max/Documents/openbeast/research/lowrank/experiments/32-t117-gsq-head-to-head/extract-UD-IQ3_S.log
q38-27b-UD-IQ3S,27B,Qwen3.8-27B,qwen35,5120,UD-IQ3_S,blk.44.ffn_down.weight,ffn_down,44,17408,5120,fc,128,0.15,extract_adapter.py log (2-dec),log,/home/max/Documents/openbeast/research/lowrank/experiments/32-t117-gsq-head-to-head/extract-UD-IQ3_S.log
q38-27b-UD-IQ3S,27B,Qwen3.8-27B,qwen35,5120,UD-IQ3_S,blk.44.ffn_gate.weight,ffn_gate,44,5120,17408,fc,128,0.17,extract_adapter.py log (2-dec),log,/home/max/Documents/openbeast/research/lowrank/experiments/32-t117-gsq-head-to-head/extract-UD-IQ3_S.log
q38-27b-UD-IQ3S,27B,Qwen3.8-27B,qwen35,5120,UD-IQ3_S,blk.44.ffn_up.weight,ffn_up,44,5120,17408,fc,128,0.17,extract_adapter.py log (2-dec),log,/home/max/Documents/openbeast/research/lowrank/experiments/32-t117-gsq-head-to-head/extract-UD-IQ3_S.log
q38-27b-UD-IQ3S,27B,Qwen3.8-27B,qwen35,5120,UD-IQ3_S,blk.45.attn_qkv.weight,attn_qkv,45,5120,10240,fc,128,0.2,extract_adapter.py log (2-dec),log,/home/max/Documents/openbeast/research/lowrank/experiments/32-t117-gsq-head-to-head/extract-UD-IQ3_S.log
q38-27b-UD-IQ3S,27B,Qwen3.8-27B,qwen35,5120,UD-IQ3_S,blk.45.attn_gate.weight,attn_gate,45,5120,6144,fc,128,0.2,extract_adapter.py log (2-dec),log,/home/max/Documents/openbeast/research/lowrank/experiments/32-t117-gsq-head-to-head/extract-UD-IQ3_S.log
q38-27b-UD-IQ3S,27B,Qwen3.8-27B,qwen35,5120,UD-IQ3_S,blk.45.ssm_out.weight,ssm_out,45,6144,5120,fc,128,0.21,extract_adapter.py log (2-dec),log,/home/max/Documents/openbeast/research/lowrank/experiments/32-t117-gsq-head-to-head/extract-UD-IQ3_S.log
q38-27b-UD-IQ3S,27B,Qwen3.8-27B,qwen35,5120,UD-IQ3_S,blk.45.ffn_down.weight,ffn_down,45,17408,5120,fc,128,0.14,extract_adapter.py log (2-dec),log,/home/max/Documents/openbeast/research/lowrank/experiments/32-t117-gsq-head-to-head/extract-UD-IQ3_S.log
q38-27b-UD-IQ3S,27B,Qwen3.8-27B,qwen35,5120,UD-IQ3_S,blk.45.ffn_gate.weight,ffn_gate,45,5120,17408,fc,128,0.16,extract_adapter.py log (2-dec),log,/home/max/Documents/openbeast/research/lowrank/experiments/32-t117-gsq-head-to-head/extract-UD-IQ3_S.log
q38-27b-UD-IQ3S,27B,Qwen3.8-27B,qwen35,5120,UD-IQ3_S,blk.45.ffn_up.weight,ffn_up,45,5120,17408,fc,128,0.17,extract_adapter.py log (2-dec),log,/home/max/Documents/openbeast/research/lowrank/experiments/32-t117-gsq-head-to-head/extract-UD-IQ3_S.log
q38-27b-UD-IQ3S,27B,Qwen3.8-27B,qwen35,5120,UD-IQ3_S,blk.46.attn_qkv.weight,attn_qkv,46,5120,10240,fc,128,0.2,extract_adapter.py log (2-dec),log,/home/max/Documents/openbeast/research/lowrank/experiments/32-t117-gsq-head-to-head/extract-UD-IQ3_S.log
q38-27b-UD-IQ3S,27B,Qwen3.8-27B,qwen35,5120,UD-IQ3_S,blk.46.attn_gate.weight,attn_gate,46,5120,6144,fc,128,0.19,extract_adapter.py log (2-dec),log,/home/max/Documents/openbeast/research/lowrank/experiments/32-t117-gsq-head-to-head/extract-UD-IQ3_S.log
q38-27b-UD-IQ3S,27B,Qwen3.8-27B,qwen35,5120,UD-IQ3_S,blk.46.ssm_out.weight,ssm_out,46,6144,5120,fc,128,0.25,extract_adapter.py log (2-dec),log,/home/max/Documents/openbeast/research/lowrank/experiments/32-t117-gsq-head-to-head/extract-UD-IQ3_S.log
q38-27b-UD-IQ3S,27B,Qwen3.8-27B,qwen35,5120,UD-IQ3_S,blk.46.ffn_down.weight,ffn_down,46,17408,5120,fc,128,0.14,extract_adapter.py log (2-dec),log,/home/max/Documents/openbeast/research/lowrank/experiments/32-t117-gsq-head-to-head/extract-UD-IQ3_S.log
q38-27b-UD-IQ3S,27B,Qwen3.8-27B,qwen35,5120,UD-IQ3_S,blk.46.ffn_gate.weight,ffn_gate,46,5120,17408,fc,128,0.16,extract_adapter.py log (2-dec),log,/home/max/Documents/openbeast/research/lowrank/experiments/32-t117-gsq-head-to-head/extract-UD-IQ3_S.log
q38-27b-UD-IQ3S,27B,Qwen3.8-27B,qwen35,5120,UD-IQ3_S,blk.46.ffn_up.weight,ffn_up,46,5120,17408,fc,128,0.16,extract_adapter.py log (2-dec),log,/home/max/Documents/openbeast/research/lowrank/experiments/32-t117-gsq-head-to-head/extract-UD-IQ3_S.log
q38-27b-UD-IQ3S,27B,Qwen3.8-27B,qwen35,5120,UD-IQ3_S,blk.47.ffn_down.weight,ffn_down,47,17408,5120,fc,128,0.16,extract_adapter.py log (2-dec),log,/home/max/Documents/openbeast/research/lowrank/experiments/32-t117-gsq-head-to-head/extract-UD-IQ3_S.log
q38-27b-UD-IQ3S,27B,Qwen3.8-27B,qwen35,5120,UD-IQ3_S,blk.47.ffn_gate.weight,ffn_gate,47,5120,17408,fc,128,0.15,extract_adapter.py log (2-dec),log,/home/max/Documents/openbeast/research/lowrank/experiments/32-t117-gsq-head-to-head/extract-UD-IQ3_S.log
q38-27b-UD-IQ3S,27B,Qwen3.8-27B,qwen35,5120,UD-IQ3_S,blk.47.ffn_up.weight,ffn_up,47,5120,17408,fc,128,0.16,extract_adapter.py log (2-dec),log,/home/max/Documents/openbeast/research/lowrank/experiments/32-t117-gsq-head-to-head/extract-UD-IQ3_S.log
q38-27b-UD-IQ3S,27B,Qwen3.8-27B,qwen35,5120,UD-IQ3_S,blk.47.attn_k.weight,attn_k,47,5120,1024,fc,128,0.36,extract_adapter.py log (2-dec),log,/home/max/Documents/openbeast/research/lowrank/experiments/32-t117-gsq-head-to-head/extract-UD-IQ3_S.log
q38-27b-UD-IQ3S,27B,Qwen3.8-27B,qwen35,5120,UD-IQ3_S,blk.47.attn_output.weight,attn_o,47,6144,5120,fc,128,0.26,extract_adapter.py log (2-dec),log,/home/max/Documents/openbeast/research/lowrank/experiments/32-t117-gsq-head-to-head/extract-UD-IQ3_S.log
q38-27b-UD-IQ3S,27B,Qwen3.8-27B,qwen35,5120,UD-IQ3_S,blk.47.attn_q.weight,attn_q,47,5120,12288,fc,128,0.18,extract_adapter.py log (2-dec),log,/home/max/Documents/openbeast/research/lowrank/experiments/32-t117-gsq-head-to-head/extract-UD-IQ3_S.log
q38-27b-UD-IQ3S,27B,Qwen3.8-27B,qwen35,5120,UD-IQ3_S,blk.47.attn_v.weight,attn_v,47,5120,1024,fc,128,0.33,extract_adapter.py log (2-dec),log,/home/max/Documents/openbeast/research/lowrank/experiments/32-t117-gsq-head-to-head/extract-UD-IQ3_S.log
q38-27b-UD-IQ3S,27B,Qwen3.8-27B,qwen35,5120,UD-IQ3_S,blk.48.attn_qkv.weight,attn_qkv,48,5120,10240,fc,128,0.19,extract_adapter.py log (2-dec),log,/home/max/Documents/openbeast/research/lowrank/experiments/32-t117-gsq-head-to-head/extract-UD-IQ3_S.log
q38-27b-UD-IQ3S,27B,Qwen3.8-27B,qwen35,5120,UD-IQ3_S,blk.48.attn_gate.weight,attn_gate,48,5120,6144,fc,128,0.2,extract_adapter.py log (2-dec),log,/home/max/Documents/openbeast/research/lowrank/experiments/32-t117-gsq-head-to-head/extract-UD-IQ3_S.log
q38-27b-UD-IQ3S,27B,Qwen3.8-27B,qwen35,5120,UD-IQ3_S,blk.48.ssm_out.weight,ssm_out,48,6144,5120,fc,128,0.21,extract_adapter.py log (2-dec),log,/home/max/Documents/openbeast/research/lowrank/experiments/32-t117-gsq-head-to-head/extract-UD-IQ3_S.log
q38-27b-UD-IQ3S,27B,Qwen3.8-27B,qwen35,5120,UD-IQ3_S,blk.48.ffn_down.weight,ffn_down,48,17408,5120,fc,128,0.16,extract_adapter.py log (2-dec),log,/home/max/Documents/openbeast/research/lowrank/experiments/32-t117-gsq-head-to-head/extract-UD-IQ3_S.log
q38-27b-UD-IQ3S,27B,Qwen3.8-27B,qwen35,5120,UD-IQ3_S,blk.48.ffn_gate.weight,ffn_gate,48,5120,17408,fc,128,0.15,extract_adapter.py log (2-dec),log,/home/max/Documents/openbeast/research/lowrank/experiments/32-t117-gsq-head-to-head/extract-UD-IQ3_S.log
q38-27b-UD-IQ3S,27B,Qwen3.8-27B,qwen35,5120,UD-IQ3_S,blk.48.ffn_up.weight,ffn_up,48,5120,17408,fc,128,0.16,extract_adapter.py log (2-dec),log,/home/max/Documents/openbeast/research/lowrank/experiments/32-t117-gsq-head-to-head/extract-UD-IQ3_S.log
q38-27b-UD-IQ3S,27B,Qwen3.8-27B,qwen35,5120,UD-IQ3_S,blk.49.attn_qkv.weight,attn_qkv,49,5120,10240,fc,128,0.19,extract_adapter.py log (2-dec),log,/home/max/Documents/openbeast/research/lowrank/experiments/32-t117-gsq-head-to-head/extract-UD-IQ3_S.log
q38-27b-UD-IQ3S,27B,Qwen3.8-27B,qwen35,5120,UD-IQ3_S,blk.49.attn_gate.weight,attn_gate,49,5120,6144,fc,128,0.19,extract_adapter.py log (2-dec),log,/home/max/Documents/openbeast/research/lowrank/experiments/32-t117-gsq-head-to-head/extract-UD-IQ3_S.log
q38-27b-UD-IQ3S,27B,Qwen3.8-27B,qwen35,5120,UD-IQ3_S,blk.49.ssm_out.weight,ssm_out,49,6144,5120,fc,128,0.2,extract_adapter.py log (2-dec),log,/home/max/Documents/openbeast/research/lowrank/experiments/32-t117-gsq-head-to-head/extract-UD-IQ3_S.log
q38-27b-UD-IQ3S,27B,Qwen3.8-27B,qwen35,5120,UD-IQ3_S,blk.49.ffn_down.weight,ffn_down,49,17408,5120,fc,128,0.16,extract_adapter.py log (2-dec),log,/home/max/Documents/openbeast/research/lowrank/experiments/32-t117-gsq-head-to-head/extract-UD-IQ3_S.log
q38-27b-UD-IQ3S,27B,Qwen3.8-27B,qwen35,5120,UD-IQ3_S,blk.49.ffn_gate.weight,ffn_gate,49,5120,17408,fc,128,0.16,extract_adapter.py log (2-dec),log,/home/max/Documents/openbeast/research/lowrank/experiments/32-t117-gsq-head-to-head/extract-UD-IQ3_S.log
q38-27b-UD-IQ3S,27B,Qwen3.8-27B,qwen35,5120,UD-IQ3_S,blk.49.ffn_up.weight,ffn_up,49,5120,17408,fc,128,0.16,extract_adapter.py log (2-dec),log,/home/max/Documents/openbeast/research/lowrank/experiments/32-t117-gsq-head-to-head/extract-UD-IQ3_S.log
q38-27b-UD-IQ3S,27B,Qwen3.8-27B,qwen35,5120,UD-IQ3_S,blk.50.attn_qkv.weight,attn_qkv,50,5120,10240,fc,128,0.19,extract_adapter.py log (2-dec),log,/home/max/Documents/openbeast/research/lowrank/experiments/32-t117-gsq-head-to-head/extract-UD-IQ3_S.log
q38-27b-UD-IQ3S,27B,Qwen3.8-27B,qwen35,5120,UD-IQ3_S,blk.50.attn_gate.weight,attn_gate,50,5120,6144,fc,128,0.22,extract_adapter.py log (2-dec),log,/home/max/Documents/openbeast/research/lowrank/experiments/32-t117-gsq-head-to-head/extract-UD-IQ3_S.log
q38-27b-UD-IQ3S,27B,Qwen3.8-27B,qwen35,5120,UD-IQ3_S,blk.50.ssm_out.weight,ssm_out,50,6144,5120,fc,128,0.26,extract_adapter.py log (2-dec),log,/home/max/Documents/openbeast/research/lowrank/experiments/32-t117-gsq-head-to-head/extract-UD-IQ3_S.log
q38-27b-UD-IQ3S,27B,Qwen3.8-27B,qwen35,5120,UD-IQ3_S,blk.50.ffn_down.weight,ffn_down,50,17408,5120,fc,128,0.19,extract_adapter.py log (2-dec),log,/home/max/Documents/openbeast/research/lowrank/experiments/32-t117-gsq-head-to-head/extract-UD-IQ3_S.log
q38-27b-UD-IQ3S,27B,Qwen3.8-27B,qwen35,5120,UD-IQ3_S,blk.50.ffn_gate.weight,ffn_gate,50,5120,17408,fc,128,0.18,extract_adapter.py log (2-dec),log,/home/max/Documents/openbeast/research/lowrank/experiments/32-t117-gsq-head-to-head/extract-UD-IQ3_S.log
q38-27b-UD-IQ3S,27B,Qwen3.8-27B,qwen35,5120,UD-IQ3_S,blk.50.ffn_up.weight,ffn_up,50,5120,17408,fc,128,0.17,extract_adapter.py log (2-dec),log,/home/max/Documents/openbeast/research/lowrank/experiments/32-t117-gsq-head-to-head/extract-UD-IQ3_S.log
q38-27b-UD-IQ3S,27B,Qwen3.8-27B,qwen35,5120,UD-IQ3_S,blk.51.ffn_down.weight,ffn_down,51,17408,5120,fc,128,0.2,extract_adapter.py log (2-dec),log,/home/max/Documents/openbeast/research/lowrank/experiments/32-t117-gsq-head-to-head/extract-UD-IQ3_S.log
q38-27b-UD-IQ3S,27B,Qwen3.8-27B,qwen35,5120,UD-IQ3_S,blk.51.ffn_gate.weight,ffn_gate,51,5120,17408,fc,128,0.17,extract_adapter.py log (2-dec),log,/home/max/Documents/openbeast/research/lowrank/experiments/32-t117-gsq-head-to-head/extract-UD-IQ3_S.log
q38-27b-UD-IQ3S,27B,Qwen3.8-27B,qwen35,5120,UD-IQ3_S,blk.51.ffn_up.weight,ffn_up,51,5120,17408,fc,128,0.17,extract_adapter.py log (2-dec),log,/home/max/Documents/openbeast/research/lowrank/experiments/32-t117-gsq-head-to-head/extract-UD-IQ3_S.log
q38-27b-UD-IQ3S,27B,Qwen3.8-27B,qwen35,5120,UD-IQ3_S,blk.51.attn_k.weight,attn_k,51,5120,1024,fc,128,0.35,extract_adapter.py log (2-dec),log,/home/max/Documents/openbeast/research/lowrank/experiments/32-t117-gsq-head-to-head/extract-UD-IQ3_S.log
q38-27b-UD-IQ3S,27B,Qwen3.8-27B,qwen35,5120,UD-IQ3_S,blk.51.attn_output.weight,attn_o,51,6144,5120,fc,128,0.29,extract_adapter.py log (2-dec),log,/home/max/Documents/openbeast/research/lowrank/experiments/32-t117-gsq-head-to-head/extract-UD-IQ3_S.log
q38-27b-UD-IQ3S,27B,Qwen3.8-27B,qwen35,5120,UD-IQ3_S,blk.51.attn_q.weight,attn_q,51,5120,12288,fc,128,0.2,extract_adapter.py log (2-dec),log,/home/max/Documents/openbeast/research/lowrank/experiments/32-t117-gsq-head-to-head/extract-UD-IQ3_S.log
q38-27b-UD-IQ3S,27B,Qwen3.8-27B,qwen35,5120,UD-IQ3_S,blk.51.attn_v.weight,attn_v,51,5120,1024,fc,128,0.35,extract_adapter.py log (2-dec),log,/home/max/Documents/openbeast/research/lowrank/experiments/32-t117-gsq-head-to-head/extract-UD-IQ3_S.log
q38-27b-UD-IQ3S,27B,Qwen3.8-27B,qwen35,5120,UD-IQ3_S,blk.52.attn_qkv.weight,attn_qkv,52,5120,10240,fc,128,0.19,extract_adapter.py log (2-dec),log,/home/max/Documents/openbeast/research/lowrank/experiments/32-t117-gsq-head-to-head/extract-UD-IQ3_S.log
q38-27b-UD-IQ3S,27B,Qwen3.8-27B,qwen35,5120,UD-IQ3_S,blk.52.attn_gate.weight,attn_gate,52,5120,6144,fc,128,0.22,extract_adapter.py log (2-dec),log,/home/max/Documents/openbeast/research/lowrank/experiments/32-t117-gsq-head-to-head/extract-UD-IQ3_S.log
q38-27b-UD-IQ3S,27B,Qwen3.8-27B,qwen35,5120,UD-IQ3_S,blk.52.ssm_out.weight,ssm_out,52,6144,5120,fc,128,0.36,extract_adapter.py log (2-dec),log,/home/max/Documents/openbeast/research/lowrank/experiments/32-t117-gsq-head-to-head/extract-UD-IQ3_S.log
q38-27b-UD-IQ3S,27B,Qwen3.8-27B,qwen35,5120,UD-IQ3_S,blk.52.ffn_down.weight,ffn_down,52,17408,5120,fc,128,0.23,extract_adapter.py log (2-dec),log,/home/max/Documents/openbeast/research/lowrank/experiments/32-t117-gsq-head-to-head/extract-UD-IQ3_S.log
q38-27b-UD-IQ3S,27B,Qwen3.8-27B,qwen35,5120,UD-IQ3_S,blk.52.ffn_gate.weight,ffn_gate,52,5120,17408,fc,128,0.18,extract_adapter.py log (2-dec),log,/home/max/Documents/openbeast/research/lowrank/experiments/32-t117-gsq-head-to-head/extract-UD-IQ3_S.log
q38-27b-UD-IQ3S,27B,Qwen3.8-27B,qwen35,5120,UD-IQ3_S,blk.52.ffn_up.weight,ffn_up,52,5120,17408,fc,128,0.18,extract_adapter.py log (2-dec),log,/home/max/Documents/openbeast/research/lowrank/experiments/32-t117-gsq-head-to-head/extract-UD-IQ3_S.log
q38-27b-UD-IQ3S,27B,Qwen3.8-27B,qwen35,5120,UD-IQ3_S,blk.53.attn_qkv.weight,attn_qkv,53,5120,10240,fc,128,0.2,extract_adapter.py log (2-dec),log,/home/max/Documents/openbeast/research/lowrank/experiments/32-t117-gsq-head-to-head/extract-UD-IQ3_S.log
q38-27b-UD-IQ3S,27B,Qwen3.8-27B,qwen35,5120,UD-IQ3_S,blk.53.attn_gate.weight,attn_gate,53,5120,6144,fc,128,0.21,extract_adapter.py log (2-dec),log,/home/max/Documents/openbeast/research/lowrank/experiments/32-t117-gsq-head-to-head/extract-UD-IQ3_S.log
q38-27b-UD-IQ3S,27B,Qwen3.8-27B,qwen35,5120,UD-IQ3_S,blk.53.ssm_out.weight,ssm_out,53,6144,5120,fc,128,0.3,extract_adapter.py log (2-dec),log,/home/max/Documents/openbeast/research/lowrank/experiments/32-t117-gsq-head-to-head/extract-UD-IQ3_S.log
q38-27b-UD-IQ3S,27B,Qwen3.8-27B,qwen35,5120,UD-IQ3_S,blk.53.ffn_down.weight,ffn_down,53,17408,5120,fc,128,0.19,extract_adapter.py log (2-dec),log,/home/max/Documents/openbeast/research/lowrank/experiments/32-t117-gsq-head-to-head/extract-UD-IQ3_S.log
q38-27b-UD-IQ3S,27B,Qwen3.8-27B,qwen35,5120,UD-IQ3_S,blk.53.ffn_gate.weight,ffn_gate,53,5120,17408,fc,128,0.19,extract_adapter.py log (2-dec),log,/home/max/Documents/openbeast/research/lowrank/experiments/32-t117-gsq-head-to-head/extract-UD-IQ3_S.log
q38-27b-UD-IQ3S,27B,Qwen3.8-27B,qwen35,5120,UD-IQ3_S,blk.53.ffn_up.weight,ffn_up,53,5120,17408,fc,128,0.18,extract_adapter.py log (2-dec),log,/home/max/Documents/openbeast/research/lowrank/experiments/32-t117-gsq-head-to-head/extract-UD-IQ3_S.log
q38-27b-UD-IQ3S,27B,Qwen3.8-27B,qwen35,5120,UD-IQ3_S,blk.54.attn_qkv.weight,attn_qkv,54,5120,10240,fc,128,0.2,extract_adapter.py log (2-dec),log,/home/max/Documents/openbeast/research/lowrank/experiments/32-t117-gsq-head-to-head/extract-UD-IQ3_S.log
q38-27b-UD-IQ3S,27B,Qwen3.8-27B,qwen35,5120,UD-IQ3_S,blk.54.attn_gate.weight,attn_gate,54,5120,6144,fc,128,0.21,extract_adapter.py log (2-dec),log,/home/max/Documents/openbeast/research/lowrank/experiments/32-t117-gsq-head-to-head/extract-UD-IQ3_S.log
q38-27b-UD-IQ3S,27B,Qwen3.8-27B,qwen35,5120,UD-IQ3_S,blk.54.ssm_out.weight,ssm_out,54,6144,5120,fc,128,0.41,extract_adapter.py log (2-dec),log,/home/max/Documents/openbeast/research/lowrank/experiments/32-t117-gsq-head-to-head/extract-UD-IQ3_S.log
q38-27b-UD-IQ3S,27B,Qwen3.8-27B,qwen35,5120,UD-IQ3_S,blk.54.ffn_down.weight,ffn_down,54,17408,5120,fc,128,0.23,extract_adapter.py log (2-dec),log,/home/max/Documents/openbeast/research/lowrank/experiments/32-t117-gsq-head-to-head/extract-UD-IQ3_S.log
q38-27b-UD-IQ3S,27B,Qwen3.8-27B,qwen35,5120,UD-IQ3_S,blk.54.ffn_gate.weight,ffn_gate,54,5120,17408,fc,128,0.19,extract_adapter.py log (2-dec),log,/home/max/Documents/openbeast/research/lowrank/experiments/32-t117-gsq-head-to-head/extract-UD-IQ3_S.log
q38-27b-UD-IQ3S,27B,Qwen3.8-27B,qwen35,5120,UD-IQ3_S,blk.54.ffn_up.weight,ffn_up,54,5120,17408,fc,128,0.19,extract_adapter.py log (2-dec),log,/home/max/Documents/openbeast/research/lowrank/experiments/32-t117-gsq-head-to-head/extract-UD-IQ3_S.log
q38-27b-UD-IQ3S,27B,Qwen3.8-27B,qwen35,5120,UD-IQ3_S,blk.55.ffn_down.weight,ffn_down,55,17408,5120,fc,128,0.23,extract_adapter.py log (2-dec),log,/home/max/Documents/openbeast/research/lowrank/experiments/32-t117-gsq-head-to-head/extract-UD-IQ3_S.log
q38-27b-UD-IQ3S,27B,Qwen3.8-27B,qwen35,5120,UD-IQ3_S,blk.55.ffn_gate.weight,ffn_gate,55,5120,17408,fc,128,0.19,extract_adapter.py log (2-dec),log,/home/max/Documents/openbeast/research/lowrank/experiments/32-t117-gsq-head-to-head/extract-UD-IQ3_S.log
q38-27b-UD-IQ3S,27B,Qwen3.8-27B,qwen35,5120,UD-IQ3_S,blk.55.ffn_up.weight,ffn_up,55,5120,17408,fc,128,0.19,extract_adapter.py log (2-dec),log,/home/max/Documents/openbeast/research/lowrank/experiments/32-t117-gsq-head-to-head/extract-UD-IQ3_S.log
q38-27b-UD-IQ3S,27B,Qwen3.8-27B,qwen35,5120,UD-IQ3_S,blk.55.attn_k.weight,attn_k,55,5120,1024,fc,128,0.35,extract_adapter.py log (2-dec),log,/home/max/Documents/openbeast/research/lowrank/experiments/32-t117-gsq-head-to-head/extract-UD-IQ3_S.log
q38-27b-UD-IQ3S,27B,Qwen3.8-27B,qwen35,5120,UD-IQ3_S,blk.55.attn_output.weight,attn_o,55,6144,5120,fc,128,0.34,extract_adapter.py log (2-dec),log,/home/max/Documents/openbeast/research/lowrank/experiments/32-t117-gsq-head-to-head/extract-UD-IQ3_S.log
q38-27b-UD-IQ3S,27B,Qwen3.8-27B,qwen35,5120,UD-IQ3_S,blk.55.attn_q.weight,attn_q,55,5120,12288,fc,128,0.2,extract_adapter.py log (2-dec),log,/home/max/Documents/openbeast/research/lowrank/experiments/32-t117-gsq-head-to-head/extract-UD-IQ3_S.log
q38-27b-UD-IQ3S,27B,Qwen3.8-27B,qwen35,5120,UD-IQ3_S,blk.55.attn_v.weight,attn_v,55,5120,1024,fc,128,0.35,extract_adapter.py log (2-dec),log,/home/max/Documents/openbeast/research/lowrank/experiments/32-t117-gsq-head-to-head/extract-UD-IQ3_S.log
q38-27b-UD-IQ3S,27B,Qwen3.8-27B,qwen35,5120,UD-IQ3_S,blk.56.attn_qkv.weight,attn_qkv,56,5120,10240,fc,128,0.21,extract_adapter.py log (2-dec),log,/home/max/Documents/openbeast/research/lowrank/experiments/32-t117-gsq-head-to-head/extract-UD-IQ3_S.log
q38-27b-UD-IQ3S,27B,Qwen3.8-27B,qwen35,5120,UD-IQ3_S,blk.56.attn_gate.weight,attn_gate,56,5120,6144,fc,128,0.22,extract_adapter.py log (2-dec),log,/home/max/Documents/openbeast/research/lowrank/experiments/32-t117-gsq-head-to-head/extract-UD-IQ3_S.log
q38-27b-UD-IQ3S,27B,Qwen3.8-27B,qwen35,5120,UD-IQ3_S,blk.56.ssm_out.weight,ssm_out,56,6144,5120,fc,128,0.43,extract_adapter.py log (2-dec),log,/home/max/Documents/openbeast/research/lowrank/experiments/32-t117-gsq-head-to-head/extract-UD-IQ3_S.log
q38-27b-UD-IQ3S,27B,Qwen3.8-27B,qwen35,5120,UD-IQ3_S,blk.56.ffn_down.weight,ffn_down,56,17408,5120,fc,128,0.26,extract_adapter.py log (2-dec),log,/home/max/Documents/openbeast/research/lowrank/experiments/32-t117-gsq-head-to-head/extract-UD-IQ3_S.log
q38-27b-UD-IQ3S,27B,Qwen3.8-27B,qwen35,5120,UD-IQ3_S,blk.56.ffn_gate.weight,ffn_gate,56,5120,17408,fc,128,0.2,extract_adapter.py log (2-dec),log,/home/max/Documents/openbeast/research/lowrank/experiments/32-t117-gsq-head-to-head/extract-UD-IQ3_S.log
q38-27b-UD-IQ3S,27B,Qwen3.8-27B,qwen35,5120,UD-IQ3_S,blk.56.ffn_up.weight,ffn_up,56,5120,17408,fc,128,0.2,extract_adapter.py log (2-dec),log,/home/max/Documents/openbeast/research/lowrank/experiments/32-t117-gsq-head-to-head/extract-UD-IQ3_S.log
q38-27b-UD-IQ3S,27B,Qwen3.8-27B,qwen35,5120,UD-IQ3_S,blk.57.attn_qkv.weight,attn_qkv,57,5120,10240,fc,128,0.21,extract_adapter.py log (2-dec),log,/home/max/Documents/openbeast/research/lowrank/experiments/32-t117-gsq-head-to-head/extract-UD-IQ3_S.log
q38-27b-UD-IQ3S,27B,Qwen3.8-27B,qwen35,5120,UD-IQ3_S,blk.57.attn_gate.weight,attn_gate,57,5120,6144,fc,128,0.23,extract_adapter.py log (2-dec),log,/home/max/Documents/openbeast/research/lowrank/experiments/32-t117-gsq-head-to-head/extract-UD-IQ3_S.log
q38-27b-UD-IQ3S,27B,Qwen3.8-27B,qwen35,5120,UD-IQ3_S,blk.57.ssm_out.weight,ssm_out,57,6144,5120,fc,128,0.47,extract_adapter.py log (2-dec),log,/home/max/Documents/openbeast/research/lowrank/experiments/32-t117-gsq-head-to-head/extract-UD-IQ3_S.log
q38-27b-UD-IQ3S,27B,Qwen3.8-27B,qwen35,5120,UD-IQ3_S,blk.57.ffn_down.weight,ffn_down,57,17408,5120,fc,128,0.28,extract_adapter.py log (2-dec),log,/home/max/Documents/openbeast/research/lowrank/experiments/32-t117-gsq-head-to-head/extract-UD-IQ3_S.log
q38-27b-UD-IQ3S,27B,Qwen3.8-27B,qwen35,5120,UD-IQ3_S,blk.57.ffn_gate.weight,ffn_gate,57,5120,17408,fc,128,0.2,extract_adapter.py log (2-dec),log,/home/max/Documents/openbeast/research/lowrank/experiments/32-t117-gsq-head-to-head/extract-UD-IQ3_S.log
q38-27b-UD-IQ3S,27B,Qwen3.8-27B,qwen35,5120,UD-IQ3_S,blk.57.ffn_up.weight,ffn_up,57,5120,17408,fc,128,0.2,extract_adapter.py log (2-dec),log,/home/max/Documents/openbeast/research/lowrank/experiments/32-t117-gsq-head-to-head/extract-UD-IQ3_S.log
q38-27b-UD-IQ3S,27B,Qwen3.8-27B,qwen35,5120,UD-IQ3_S,blk.58.attn_qkv.weight,attn_qkv,58,5120,10240,fc,128,0.21,extract_adapter.py log (2-dec),log,/home/max/Documents/openbeast/research/lowrank/experiments/32-t117-gsq-head-to-head/extract-UD-IQ3_S.log
q38-27b-UD-IQ3S,27B,Qwen3.8-27B,qwen35,5120,UD-IQ3_S,blk.58.attn_gate.weight,attn_gate,58,5120,6144,fc,128,0.23,extract_adapter.py log (2-dec),log,/home/max/Documents/openbeast/research/lowrank/experiments/32-t117-gsq-head-to-head/extract-UD-IQ3_S.log
q38-27b-UD-IQ3S,27B,Qwen3.8-27B,qwen35,5120,UD-IQ3_S,blk.58.ssm_out.weight,ssm_out,58,6144,5120,fc,128,0.42,extract_adapter.py log (2-dec),log,/home/max/Documents/openbeast/research/lowrank/experiments/32-t117-gsq-head-to-head/extract-UD-IQ3_S.log
q38-27b-UD-IQ3S,27B,Qwen3.8-27B,qwen35,5120,UD-IQ3_S,blk.58.ffn_down.weight,ffn_down,58,17408,5120,fc,128,0.26,extract_adapter.py log (2-dec),log,/home/max/Documents/openbeast/research/lowrank/experiments/32-t117-gsq-head-to-head/extract-UD-IQ3_S.log
q38-27b-UD-IQ3S,27B,Qwen3.8-27B,qwen35,5120,UD-IQ3_S,blk.58.ffn_gate.weight,ffn_gate,58,5120,17408,fc,128,0.2,extract_adapter.py log (2-dec),log,/home/max/Documents/openbeast/research/lowrank/experiments/32-t117-gsq-head-to-head/extract-UD-IQ3_S.log
q38-27b-UD-IQ3S,27B,Qwen3.8-27B,qwen35,5120,UD-IQ3_S,blk.58.ffn_up.weight,ffn_up,58,5120,17408,fc,128,0.2,extract_adapter.py log (2-dec),log,/home/max/Documents/openbeast/research/lowrank/experiments/32-t117-gsq-head-to-head/extract-UD-IQ3_S.log
q38-27b-UD-IQ3S,27B,Qwen3.8-27B,qwen35,5120,UD-IQ3_S,blk.59.ffn_down.weight,ffn_down,59,17408,5120,fc,128,0.21,extract_adapter.py log (2-dec),log,/home/max/Documents/openbeast/research/lowrank/experiments/32-t117-gsq-head-to-head/extract-UD-IQ3_S.log
q38-27b-UD-IQ3S,27B,Qwen3.8-27B,qwen35,5120,UD-IQ3_S,blk.59.ffn_gate.weight,ffn_gate,59,5120,17408,fc,128,0.2,extract_adapter.py log (2-dec),log,/home/max/Documents/openbeast/research/lowrank/experiments/32-t117-gsq-head-to-head/extract-UD-IQ3_S.log
q38-27b-UD-IQ3S,27B,Qwen3.8-27B,qwen35,5120,UD-IQ3_S,blk.59.ffn_up.weight,ffn_up,59,5120,17408,fc,128,0.2,extract_adapter.py log (2-dec),log,/home/max/Documents/openbeast/research/lowrank/experiments/32-t117-gsq-head-to-head/extract-UD-IQ3_S.log
q38-27b-UD-IQ3S,27B,Qwen3.8-27B,qwen35,5120,UD-IQ3_S,blk.59.attn_k.weight,attn_k,59,5120,1024,fc,128,0.36,extract_adapter.py log (2-dec),log,/home/max/Documents/openbeast/research/lowrank/experiments/32-t117-gsq-head-to-head/extract-UD-IQ3_S.log
q38-27b-UD-IQ3S,27B,Qwen3.8-27B,qwen35,5120,UD-IQ3_S,blk.59.attn_output.weight,attn_o,59,6144,5120,fc,128,0.47,extract_adapter.py log (2-dec),log,/home/max/Documents/openbeast/research/lowrank/experiments/32-t117-gsq-head-to-head/extract-UD-IQ3_S.log
q38-27b-UD-IQ3S,27B,Qwen3.8-27B,qwen35,5120,UD-IQ3_S,blk.59.attn_q.weight,attn_q,59,5120,12288,fc,128,0.21,extract_adapter.py log (2-dec),log,/home/max/Documents/openbeast/research/lowrank/experiments/32-t117-gsq-head-to-head/extract-UD-IQ3_S.log
q38-27b-UD-IQ3S,27B,Qwen3.8-27B,qwen35,5120,UD-IQ3_S,blk.59.attn_v.weight,attn_v,59,5120,1024,fc,128,0.36,extract_adapter.py log (2-dec),log,/home/max/Documents/openbeast/research/lowrank/experiments/32-t117-gsq-head-to-head/extract-UD-IQ3_S.log
q38-27b-UD-IQ3S,27B,Qwen3.8-27B,qwen35,5120,UD-IQ3_S,blk.60.attn_qkv.weight,attn_qkv,60,5120,10240,fc,128,0.22,extract_adapter.py log (2-dec),log,/home/max/Documents/openbeast/research/lowrank/experiments/32-t117-gsq-head-to-head/extract-UD-IQ3_S.log
q38-27b-UD-IQ3S,27B,Qwen3.8-27B,qwen35,5120,UD-IQ3_S,blk.60.attn_gate.weight,attn_gate,60,5120,6144,fc,128,0.23,extract_adapter.py log (2-dec),log,/home/max/Documents/openbeast/research/lowrank/experiments/32-t117-gsq-head-to-head/extract-UD-IQ3_S.log
q38-27b-UD-IQ3S,27B,Qwen3.8-27B,qwen35,5120,UD-IQ3_S,blk.60.ssm_out.weight,ssm_out,60,6144,5120,fc,128,0.36,extract_adapter.py log (2-dec),log,/home/max/Documents/openbeast/research/lowrank/experiments/32-t117-gsq-head-to-head/extract-UD-IQ3_S.log
q38-27b-UD-IQ3S,27B,Qwen3.8-27B,qwen35,5120,UD-IQ3_S,blk.60.ffn_down.weight,ffn_down,60,17408,5120,fc,128,0.21,extract_adapter.py log (2-dec),log,/home/max/Documents/openbeast/research/lowrank/experiments/32-t117-gsq-head-to-head/extract-UD-IQ3_S.log
q38-27b-UD-IQ3S,27B,Qwen3.8-27B,qwen35,5120,UD-IQ3_S,blk.60.ffn_gate.weight,ffn_gate,60,5120,17408,fc,128,0.2,extract_adapter.py log (2-dec),log,/home/max/Documents/openbeast/research/lowrank/experiments/32-t117-gsq-head-to-head/extract-UD-IQ3_S.log
q38-27b-UD-IQ3S,27B,Qwen3.8-27B,qwen35,5120,UD-IQ3_S,blk.60.ffn_up.weight,ffn_up,60,5120,17408,fc,128,0.2,extract_adapter.py log (2-dec),log,/home/max/Documents/openbeast/research/lowrank/experiments/32-t117-gsq-head-to-head/extract-UD-IQ3_S.log
q38-27b-UD-IQ3S,27B,Qwen3.8-27B,qwen35,5120,UD-IQ3_S,blk.61.attn_qkv.weight,attn_qkv,61,5120,10240,fc,128,0.21,extract_adapter.py log (2-dec),log,/home/max/Documents/openbeast/research/lowrank/experiments/32-t117-gsq-head-to-head/extract-UD-IQ3_S.log
q38-27b-UD-IQ3S,27B,Qwen3.8-27B,qwen35,5120,UD-IQ3_S,blk.61.attn_gate.weight,attn_gate,61,5120,6144,fc,128,0.22,extract_adapter.py log (2-dec),log,/home/max/Documents/openbeast/research/lowrank/experiments/32-t117-gsq-head-to-head/extract-UD-IQ3_S.log
q38-27b-UD-IQ3S,27B,Qwen3.8-27B,qwen35,5120,UD-IQ3_S,blk.61.ssm_out.weight,ssm_out,61,6144,5120,fc,128,0.49,extract_adapter.py log (2-dec),log,/home/max/Documents/openbeast/research/lowrank/experiments/32-t117-gsq-head-to-head/extract-UD-IQ3_S.log
q38-27b-UD-IQ3S,27B,Qwen3.8-27B,qwen35,5120,UD-IQ3_S,blk.61.ffn_down.weight,ffn_down,61,17408,5120,fc,128,0.23,extract_adapter.py log (2-dec),log,/home/max/Documents/openbeast/research/lowrank/experiments/32-t117-gsq-head-to-head/extract-UD-IQ3_S.log
q38-27b-UD-IQ3S,27B,Qwen3.8-27B,qwen35,5120,UD-IQ3_S,blk.61.ffn_gate.weight,ffn_gate,61,5120,17408,fc,128,0.2,extract_adapter.py log (2-dec),log,/home/max/Documents/openbeast/research/lowrank/experiments/32-t117-gsq-head-to-head/extract-UD-IQ3_S.log
q38-27b-UD-IQ3S,27B,Qwen3.8-27B,qwen35,5120,UD-IQ3_S,blk.61.ffn_up.weight,ffn_up,61,5120,17408,fc,128,0.2,extract_adapter.py log (2-dec),log,/home/max/Documents/openbeast/research/lowrank/experiments/32-t117-gsq-head-to-head/extract-UD-IQ3_S.log
q38-27b-UD-IQ3S,27B,Qwen3.8-27B,qwen35,5120,UD-IQ3_S,blk.62.attn_qkv.weight,attn_qkv,62,5120,10240,fc,128,0.22,extract_adapter.py log (2-dec),log,/home/max/Documents/openbeast/research/lowrank/experiments/32-t117-gsq-head-to-head/extract-UD-IQ3_S.log
q38-27b-UD-IQ3S,27B,Qwen3.8-27B,qwen35,5120,UD-IQ3_S,blk.62.attn_gate.weight,attn_gate,62,5120,6144,fc,128,0.23,extract_adapter.py log (2-dec),log,/home/max/Documents/openbeast/research/lowrank/experiments/32-t117-gsq-head-to-head/extract-UD-IQ3_S.log
q38-27b-UD-IQ3S,27B,Qwen3.8-27B,qwen35,5120,UD-IQ3_S,blk.62.ssm_out.weight,ssm_out,62,6144,5120,fc,128,0.36,extract_adapter.py log (2-dec),log,/home/max/Documents/openbeast/research/lowrank/experiments/32-t117-gsq-head-to-head/extract-UD-IQ3_S.log
q35-08b-Q2K-rrinput,0.8B,Qwen3.5-0.8B,qwen35,1024,Q2_K-rr,blk.0.attn_qkv.weight,attn_qkv,0,1024,6144,fc,128,0.72,extract_adapter.py log (2-dec),log,/home/max/Documents/openbeast-research/research/lowrank/experiments/24-yaqa-lite/extract-fc.log
q35-08b-Q2K-rrinput,0.8B,Qwen3.5-0.8B,qwen35,1024,Q2_K-rr,blk.0.attn_gate.weight,attn_gate,0,1024,2048,fc,128,0.39,extract_adapter.py log (2-dec),log,/home/max/Documents/openbeast-research/research/lowrank/experiments/24-yaqa-lite/extract-fc.log
q35-08b-Q2K-rrinput,0.8B,Qwen3.5-0.8B,qwen35,1024,Q2_K-rr,blk.0.ssm_out.weight,ssm_out,0,2048,1024,fc,128,0.43,extract_adapter.py log (2-dec),log,/home/max/Documents/openbeast-research/research/lowrank/experiments/24-yaqa-lite/extract-fc.log
q35-08b-Q2K-rrinput,0.8B,Qwen3.5-0.8B,qwen35,1024,Q2_K-rr,blk.0.ffn_down.weight,ffn_down,0,3584,1024,fc,128,0.55,extract_adapter.py log (2-dec),log,/home/max/Documents/openbeast-research/research/lowrank/experiments/24-yaqa-lite/extract-fc.log
q35-08b-Q2K-rrinput,0.8B,Qwen3.5-0.8B,qwen35,1024,Q2_K-rr,blk.0.ffn_gate.weight,ffn_gate,0,1024,3584,fc,128,0.31,extract_adapter.py log (2-dec),log,/home/max/Documents/openbeast-research/research/lowrank/experiments/24-yaqa-lite/extract-fc.log
q35-08b-Q2K-rrinput,0.8B,Qwen3.5-0.8B,qwen35,1024,Q2_K-rr,blk.0.ffn_up.weight,ffn_up,0,1024,3584,fc,128,0.31,extract_adapter.py log (2-dec),log,/home/max/Documents/openbeast-research/research/lowrank/experiments/24-yaqa-lite/extract-fc.log
q35-08b-Q2K-rrinput,0.8B,Qwen3.5-0.8B,qwen35,1024,Q2_K-rr,blk.1.attn_qkv.weight,attn_qkv,1,1024,6144,fc,128,0.67,extract_adapter.py log (2-dec),log,/home/max/Documents/openbeast-research/research/lowrank/experiments/24-yaqa-lite/extract-fc.log
q35-08b-Q2K-rrinput,0.8B,Qwen3.5-0.8B,qwen35,1024,Q2_K-rr,blk.1.attn_gate.weight,attn_gate,1,1024,2048,fc,128,0.37,extract_adapter.py log (2-dec),log,/home/max/Documents/openbeast-research/research/lowrank/experiments/24-yaqa-lite/extract-fc.log
q35-08b-Q2K-rrinput,0.8B,Qwen3.5-0.8B,qwen35,1024,Q2_K-rr,blk.1.ssm_out.weight,ssm_out,1,2048,1024,fc,128,0.4,extract_adapter.py log (2-dec),log,/home/max/Documents/openbeast-research/research/lowrank/experiments/24-yaqa-lite/extract-fc.log
q35-08b-Q2K-rrinput,0.8B,Qwen3.5-0.8B,qwen35,1024,Q2_K-rr,blk.1.ffn_down.weight,ffn_down,1,3584,1024,fc,128,0.53,extract_adapter.py log (2-dec),log,/home/max/Documents/openbeast-research/research/lowrank/experiments/24-yaqa-lite/extract-fc.log
q35-08b-Q2K-rrinput,0.8B,Qwen3.5-0.8B,qwen35,1024,Q2_K-rr,blk.1.ffn_gate.weight,ffn_gate,1,1024,3584,fc,128,0.3,extract_adapter.py log (2-dec),log,/home/max/Documents/openbeast-research/research/lowrank/experiments/24-yaqa-lite/extract-fc.log
q35-08b-Q2K-rrinput,0.8B,Qwen3.5-0.8B,qwen35,1024,Q2_K-rr,blk.1.ffn_up.weight,ffn_up,1,1024,3584,fc,128,0.3,extract_adapter.py log (2-dec),log,/home/max/Documents/openbeast-research/research/lowrank/experiments/24-yaqa-lite/extract-fc.log
q35-08b-Q2K-rrinput,0.8B,Qwen3.5-0.8B,qwen35,1024,Q2_K-rr,blk.10.attn_qkv.weight,attn_qkv,10,1024,6144,fc,128,0.67,extract_adapter.py log (2-dec),log,/home/max/Documents/openbeast-research/research/lowrank/experiments/24-yaqa-lite/extract-fc.log
q35-08b-Q2K-rrinput,0.8B,Qwen3.5-0.8B,qwen35,1024,Q2_K-rr,blk.10.attn_gate.weight,attn_gate,10,1024,2048,fc,128,0.38,extract_adapter.py log (2-dec),log,/home/max/Documents/openbeast-research/research/lowrank/experiments/24-yaqa-lite/extract-fc.log
q35-08b-Q2K-rrinput,0.8B,Qwen3.5-0.8B,qwen35,1024,Q2_K-rr,blk.10.ssm_out.weight,ssm_out,10,2048,1024,fc,128,0.43,extract_adapter.py log (2-dec),log,/home/max/Documents/openbeast-research/research/lowrank/experiments/24-yaqa-lite/extract-fc.log
q35-08b-Q2K-rrinput,0.8B,Qwen3.5-0.8B,qwen35,1024,Q2_K-rr,blk.10.ffn_down.weight,ffn_down,10,3584,1024,fc,128,0.62,extract_adapter.py log (2-dec),log,/home/max/Documents/openbeast-research/research/lowrank/experiments/24-yaqa-lite/extract-fc.log
q35-08b-Q2K-rrinput,0.8B,Qwen3.5-0.8B,qwen35,1024,Q2_K-rr,blk.10.ffn_gate.weight,ffn_gate,10,1024,3584,fc,128,0.35,extract_adapter.py log (2-dec),log,/home/max/Documents/openbeast-research/research/lowrank/experiments/24-yaqa-lite/extract-fc.log
q35-08b-Q2K-rrinput,0.8B,Qwen3.5-0.8B,qwen35,1024,Q2_K-rr,blk.10.ffn_up.weight,ffn_up,10,1024,3584,fc,128,0.31,extract_adapter.py log (2-dec),log,/home/max/Documents/openbeast-research/research/lowrank/experiments/24-yaqa-lite/extract-fc.log
q35-08b-Q2K-rrinput,0.8B,Qwen3.5-0.8B,qwen35,1024,Q2_K-rr,blk.11.ffn_down.weight,ffn_down,11,3584,1024,fc,128,0.61,extract_adapter.py log (2-dec),log,/home/max/Documents/openbeast-research/research/lowrank/experiments/24-yaqa-lite/extract-fc.log
q35-08b-Q2K-rrinput,0.8B,Qwen3.5-0.8B,qwen35,1024,Q2_K-rr,blk.11.ffn_gate.weight,ffn_gate,11,1024,3584,fc,128,0.35,extract_adapter.py log (2-dec),log,/home/max/Documents/openbeast-research/research/lowrank/experiments/24-yaqa-lite/extract-fc.log
q35-08b-Q2K-rrinput,0.8B,Qwen3.5-0.8B,qwen35,1024,Q2_K-rr,blk.11.ffn_up.weight,ffn_up,11,1024,3584,fc,128,0.31,extract_adapter.py log (2-dec),log,/home/max/Documents/openbeast-research/research/lowrank/experiments/24-yaqa-lite/extract-fc.log
q35-08b-Q2K-rrinput,0.8B,Qwen3.5-0.8B,qwen35,1024,Q2_K-rr,blk.11.attn_k.weight,attn_k,11,1024,512,fc,128,0.61,extract_adapter.py log (2-dec),log,/home/max/Documents/openbeast-research/research/lowrank/experiments/24-yaqa-lite/extract-fc.log
q35-08b-Q2K-rrinput,0.8B,Qwen3.5-0.8B,qwen35,1024,Q2_K-rr,blk.11.attn_output.weight,attn_o,11,2048,1024,fc,128,0.88,extract_adapter.py log (2-dec),log,/home/max/Documents/openbeast-research/research/lowrank/experiments/24-yaqa-lite/extract-fc.log
q35-08b-Q2K-rrinput,0.8B,Qwen3.5-0.8B,qwen35,1024,Q2_K-rr,blk.11.attn_q.weight,attn_q,11,1024,4096,fc,128,0.33,extract_adapter.py log (2-dec),log,/home/max/Documents/openbeast-research/research/lowrank/experiments/24-yaqa-lite/extract-fc.log
q35-08b-Q2K-rrinput,0.8B,Qwen3.5-0.8B,qwen35,1024,Q2_K-rr,blk.11.attn_v.weight,attn_v,11,1024,512,fc,128,0.78,extract_adapter.py log (2-dec),log,/home/max/Documents/openbeast-research/research/lowrank/experiments/24-yaqa-lite/extract-fc.log
q35-08b-Q2K-rrinput,0.8B,Qwen3.5-0.8B,qwen35,1024,Q2_K-rr,blk.12.attn_qkv.weight,attn_qkv,12,1024,6144,fc,128,0.7,extract_adapter.py log (2-dec),log,/home/max/Documents/openbeast-research/research/lowrank/experiments/24-yaqa-lite/extract-fc.log
q35-08b-Q2K-rrinput,0.8B,Qwen3.5-0.8B,qwen35,1024,Q2_K-rr,blk.12.attn_gate.weight,attn_gate,12,1024,2048,fc,128,0.41,extract_adapter.py log (2-dec),log,/home/max/Documents/openbeast-research/research/lowrank/experiments/24-yaqa-lite/extract-fc.log
q35-08b-Q2K-rrinput,0.8B,Qwen3.5-0.8B,qwen35,1024,Q2_K-rr,blk.12.ssm_out.weight,ssm_out,12,2048,1024,fc,128,0.43,extract_adapter.py log (2-dec),log,/home/max/Documents/openbeast-research/research/lowrank/experiments/24-yaqa-lite/extract-fc.log
q35-08b-Q2K-rrinput,0.8B,Qwen3.5-0.8B,qwen35,1024,Q2_K-rr,blk.12.ffn_down.weight,ffn_down,12,3584,1024,fc,128,0.6,extract_adapter.py log (2-dec),log,/home/max/Documents/openbeast-research/research/lowrank/experiments/24-yaqa-lite/extract-fc.log
q35-08b-Q2K-rrinput,0.8B,Qwen3.5-0.8B,qwen35,1024,Q2_K-rr,blk.12.ffn_gate.weight,ffn_gate,12,1024,3584,fc,128,0.36,extract_adapter.py log (2-dec),log,/home/max/Documents/openbeast-research/research/lowrank/experiments/24-yaqa-lite/extract-fc.log
q35-08b-Q2K-rrinput,0.8B,Qwen3.5-0.8B,qwen35,1024,Q2_K-rr,blk.12.ffn_up.weight,ffn_up,12,1024,3584,fc,128,0.3,extract_adapter.py log (2-dec),log,/home/max/Documents/openbeast-research/research/lowrank/experiments/24-yaqa-lite/extract-fc.log
q35-08b-Q2K-rrinput,0.8B,Qwen3.5-0.8B,qwen35,1024,Q2_K-rr,blk.13.attn_qkv.weight,attn_qkv,13,1024,6144,fc,128,0.7,extract_adapter.py log (2-dec),log,/home/max/Documents/openbeast-research/research/lowrank/experiments/24-yaqa-lite/extract-fc.log
q35-08b-Q2K-rrinput,0.8B,Qwen3.5-0.8B,qwen35,1024,Q2_K-rr,blk.13.attn_gate.weight,attn_gate,13,1024,2048,fc,128,0.4,extract_adapter.py log (2-dec),log,/home/max/Documents/openbeast-research/research/lowrank/experiments/24-yaqa-lite/extract-fc.log
q35-08b-Q2K-rrinput,0.8B,Qwen3.5-0.8B,qwen35,1024,Q2_K-rr,blk.13.ssm_out.weight,ssm_out,13,2048,1024,fc,128,0.42,extract_adapter.py log (2-dec),log,/home/max/Documents/openbeast-research/research/lowrank/experiments/24-yaqa-lite/extract-fc.log
q35-08b-Q2K-rrinput,0.8B,Qwen3.5-0.8B,qwen35,1024,Q2_K-rr,blk.13.ffn_down.weight,ffn_down,13,3584,1024,fc,128,0.64,extract_adapter.py log (2-dec),log,/home/max/Documents/openbeast-research/research/lowrank/experiments/24-yaqa-lite/extract-fc.log
q35-08b-Q2K-rrinput,0.8B,Qwen3.5-0.8B,qwen35,1024,Q2_K-rr,blk.13.ffn_gate.weight,ffn_gate,13,1024,3584,fc,128,0.36,extract_adapter.py log (2-dec),log,/home/max/Documents/openbeast-research/research/lowrank/experiments/24-yaqa-lite/extract-fc.log
q35-08b-Q2K-rrinput,0.8B,Qwen3.5-0.8B,qwen35,1024,Q2_K-rr,blk.13.ffn_up.weight,ffn_up,13,1024,3584,fc,128,0.3,extract_adapter.py log (2-dec),log,/home/max/Documents/openbeast-research/research/lowrank/experiments/24-yaqa-lite/extract-fc.log
q35-08b-Q2K-rrinput,0.8B,Qwen3.5-0.8B,qwen35,1024,Q2_K-rr,blk.14.attn_qkv.weight,attn_qkv,14,1024,6144,fc,128,0.73,extract_adapter.py log (2-dec),log,/home/max/Documents/openbeast-research/research/lowrank/experiments/24-yaqa-lite/extract-fc.log
q35-08b-Q2K-rrinput,0.8B,Qwen3.5-0.8B,qwen35,1024,Q2_K-rr,blk.14.attn_gate.weight,attn_gate,14,1024,2048,fc,128,0.41,extract_adapter.py log (2-dec),log,/home/max/Documents/openbeast-research/research/lowrank/experiments/24-yaqa-lite/extract-fc.log
q35-08b-Q2K-rrinput,0.8B,Qwen3.5-0.8B,qwen35,1024,Q2_K-rr,blk.14.ssm_out.weight,ssm_out,14,2048,1024,fc,128,0.59,extract_adapter.py log (2-dec),log,/home/max/Documents/openbeast-research/research/lowrank/experiments/24-yaqa-lite/extract-fc.log
q35-08b-Q2K-rrinput,0.8B,Qwen3.5-0.8B,qwen35,1024,Q2_K-rr,blk.14.ffn_down.weight,ffn_down,14,3584,1024,fc,128,0.71,extract_adapter.py log (2-dec),log,/home/max/Documents/openbeast-research/research/lowrank/experiments/24-yaqa-lite/extract-fc.log
q35-08b-Q2K-rrinput,0.8B,Qwen3.5-0.8B,qwen35,1024,Q2_K-rr,blk.14.ffn_gate.weight,ffn_gate,14,1024,3584,fc,128,0.38,extract_adapter.py log (2-dec),log,/home/max/Documents/openbeast-research/research/lowrank/experiments/24-yaqa-lite/extract-fc.log
q35-08b-Q2K-rrinput,0.8B,Qwen3.5-0.8B,qwen35,1024,Q2_K-rr,blk.14.ffn_up.weight,ffn_up,14,1024,3584,fc,128,0.31,extract_adapter.py log (2-dec),log,/home/max/Documents/openbeast-research/research/lowrank/experiments/24-yaqa-lite/extract-fc.log
q35-08b-Q2K-rrinput,0.8B,Qwen3.5-0.8B,qwen35,1024,Q2_K-rr,blk.15.ffn_down.weight,ffn_down,15,3584,1024,fc,128,0.62,extract_adapter.py log (2-dec),log,/home/max/Documents/openbeast-research/research/lowrank/experiments/24-yaqa-lite/extract-fc.log
q35-08b-Q2K-rrinput,0.8B,Qwen3.5-0.8B,qwen35,1024,Q2_K-rr,blk.15.ffn_gate.weight,ffn_gate,15,1024,3584,fc,128,0.36,extract_adapter.py log (2-dec),log,/home/max/Documents/openbeast-research/research/lowrank/experiments/24-yaqa-lite/extract-fc.log
q35-08b-Q2K-rrinput,0.8B,Qwen3.5-0.8B,qwen35,1024,Q2_K-rr,blk.15.ffn_up.weight,ffn_up,15,1024,3584,fc,128,0.31,extract_adapter.py log (2-dec),log,/home/max/Documents/openbeast-research/research/lowrank/experiments/24-yaqa-lite/extract-fc.log
q35-08b-Q2K-rrinput,0.8B,Qwen3.5-0.8B,qwen35,1024,Q2_K-rr,blk.15.attn_k.weight,attn_k,15,1024,512,fc,128,0.62,extract_adapter.py log (2-dec),log,/home/max/Documents/openbeast-research/research/lowrank/experiments/24-yaqa-lite/extract-fc.log
q35-08b-Q2K-rrinput,0.8B,Qwen3.5-0.8B,qwen35,1024,Q2_K-rr,blk.15.attn_output.weight,attn_o,15,2048,1024,fc,128,0.87,extract_adapter.py log (2-dec),log,/home/max/Documents/openbeast-research/research/lowrank/experiments/24-yaqa-lite/extract-fc.log
q35-08b-Q2K-rrinput,0.8B,Qwen3.5-0.8B,qwen35,1024,Q2_K-rr,blk.15.attn_q.weight,attn_q,15,1024,4096,fc,128,0.33,extract_adapter.py log (2-dec),log,/home/max/Documents/openbeast-research/research/lowrank/experiments/24-yaqa-lite/extract-fc.log
q35-08b-Q2K-rrinput,0.8B,Qwen3.5-0.8B,qwen35,1024,Q2_K-rr,blk.15.attn_v.weight,attn_v,15,1024,512,fc,128,0.8,extract_adapter.py log (2-dec),log,/home/max/Documents/openbeast-research/research/lowrank/experiments/24-yaqa-lite/extract-fc.log
q35-08b-Q2K-rrinput,0.8B,Qwen3.5-0.8B,qwen35,1024,Q2_K-rr,blk.16.attn_qkv.weight,attn_qkv,16,1024,6144,fc,128,0.73,extract_adapter.py log (2-dec),log,/home/max/Documents/openbeast-research/research/lowrank/experiments/24-yaqa-lite/extract-fc.log
q35-08b-Q2K-rrinput,0.8B,Qwen3.5-0.8B,qwen35,1024,Q2_K-rr,blk.16.attn_gate.weight,attn_gate,16,1024,2048,fc,128,0.41,extract_adapter.py log (2-dec),log,/home/max/Documents/openbeast-research/research/lowrank/experiments/24-yaqa-lite/extract-fc.log
q35-08b-Q2K-rrinput,0.8B,Qwen3.5-0.8B,qwen35,1024,Q2_K-rr,blk.16.ssm_out.weight,ssm_out,16,2048,1024,fc,128,0.42,extract_adapter.py log (2-dec),log,/home/max/Documents/openbeast-research/research/lowrank/experiments/24-yaqa-lite/extract-fc.log
q35-08b-Q2K-rrinput,0.8B,Qwen3.5-0.8B,qwen35,1024,Q2_K-rr,blk.16.ffn_down.weight,ffn_down,16,3584,1024,fc,128,0.62,extract_adapter.py log (2-dec),log,/home/max/Documents/openbeast-research/research/lowrank/experiments/24-yaqa-lite/extract-fc.log
q35-08b-Q2K-rrinput,0.8B,Qwen3.5-0.8B,qwen35,1024,Q2_K-rr,blk.16.ffn_gate.weight,ffn_gate,16,1024,3584,fc,128,0.34,extract_adapter.py log (2-dec),log,/home/max/Documents/openbeast-research/research/lowrank/experiments/24-yaqa-lite/extract-fc.log
q35-08b-Q2K-rrinput,0.8B,Qwen3.5-0.8B,qwen35,1024,Q2_K-rr,blk.16.ffn_up.weight,ffn_up,16,1024,3584,fc,128,0.3,extract_adapter.py log (2-dec),log,/home/max/Documents/openbeast-research/research/lowrank/experiments/24-yaqa-lite/extract-fc.log
q35-08b-Q2K-rrinput,0.8B,Qwen3.5-0.8B,qwen35,1024,Q2_K-rr,blk.17.attn_qkv.weight,attn_qkv,17,1024,6144,fc,128,0.72,extract_adapter.py log (2-dec),log,/home/max/Documents/openbeast-research/research/lowrank/experiments/24-yaqa-lite/extract-fc.log
q35-08b-Q2K-rrinput,0.8B,Qwen3.5-0.8B,qwen35,1024,Q2_K-rr,blk.17.attn_gate.weight,attn_gate,17,1024,2048,fc,128,0.39,extract_adapter.py log (2-dec),log,/home/max/Documents/openbeast-research/research/lowrank/experiments/24-yaqa-lite/extract-fc.log
q35-08b-Q2K-rrinput,0.8B,Qwen3.5-0.8B,qwen35,1024,Q2_K-rr,blk.17.ssm_out.weight,ssm_out,17,2048,1024,fc,128,0.41,extract_adapter.py log (2-dec),log,/home/max/Documents/openbeast-research/research/lowrank/experiments/24-yaqa-lite/extract-fc.log
q35-08b-Q2K-rrinput,0.8B,Qwen3.5-0.8B,qwen35,1024,Q2_K-rr,blk.17.ffn_down.weight,ffn_down,17,3584,1024,fc,128,0.64,extract_adapter.py log (2-dec),log,/home/max/Documents/openbeast-research/research/lowrank/experiments/24-yaqa-lite/extract-fc.log
q35-08b-Q2K-rrinput,0.8B,Qwen3.5-0.8B,qwen35,1024,Q2_K-rr,blk.17.ffn_gate.weight,ffn_gate,17,1024,3584,fc,128,0.32,extract_adapter.py log (2-dec),log,/home/max/Documents/openbeast-research/research/lowrank/experiments/24-yaqa-lite/extract-fc.log
q35-08b-Q2K-rrinput,0.8B,Qwen3.5-0.8B,qwen35,1024,Q2_K-rr,blk.17.ffn_up.weight,ffn_up,17,1024,3584,fc,128,0.3,extract_adapter.py log (2-dec),log,/home/max/Documents/openbeast-research/research/lowrank/experiments/24-yaqa-lite/extract-fc.log
q35-08b-Q2K-rrinput,0.8B,Qwen3.5-0.8B,qwen35,1024,Q2_K-rr,blk.18.attn_qkv.weight,attn_qkv,18,1024,6144,fc,128,0.72,extract_adapter.py log (2-dec),log,/home/max/Documents/openbeast-research/research/lowrank/experiments/24-yaqa-lite/extract-fc.log
q35-08b-Q2K-rrinput,0.8B,Qwen3.5-0.8B,qwen35,1024,Q2_K-rr,blk.18.attn_gate.weight,attn_gate,18,1024,2048,fc,128,0.4,extract_adapter.py log (2-dec),log,/home/max/Documents/openbeast-research/research/lowrank/experiments/24-yaqa-lite/extract-fc.log
q35-08b-Q2K-rrinput,0.8B,Qwen3.5-0.8B,qwen35,1024,Q2_K-rr,blk.18.ssm_out.weight,ssm_out,18,2048,1024,fc,128,0.44,extract_adapter.py log (2-dec),log,/home/max/Documents/openbeast-research/research/lowrank/experiments/24-yaqa-lite/extract-fc.log
q35-08b-Q2K-rrinput,0.8B,Qwen3.5-0.8B,qwen35,1024,Q2_K-rr,blk.18.ffn_down.weight,ffn_down,18,3584,1024,fc,128,0.68,extract_adapter.py log (2-dec),log,/home/max/Documents/openbeast-research/research/lowrank/experiments/24-yaqa-lite/extract-fc.log
q35-08b-Q2K-rrinput,0.8B,Qwen3.5-0.8B,qwen35,1024,Q2_K-rr,blk.18.ffn_gate.weight,ffn_gate,18,1024,3584,fc,128,0.32,extract_adapter.py log (2-dec),log,/home/max/Documents/openbeast-research/research/lowrank/experiments/24-yaqa-lite/extract-fc.log
q35-08b-Q2K-rrinput,0.8B,Qwen3.5-0.8B,qwen35,1024,Q2_K-rr,blk.18.ffn_up.weight,ffn_up,18,1024,3584,fc,128,0.3,extract_adapter.py log (2-dec),log,/home/max/Documents/openbeast-research/research/lowrank/experiments/24-yaqa-lite/extract-fc.log
q35-08b-Q2K-rrinput,0.8B,Qwen3.5-0.8B,qwen35,1024,Q2_K-rr,blk.19.ffn_down.weight,ffn_down,19,3584,1024,fc,128,0.67,extract_adapter.py log (2-dec),log,/home/max/Documents/openbeast-research/research/lowrank/experiments/24-yaqa-lite/extract-fc.log
q35-08b-Q2K-rrinput,0.8B,Qwen3.5-0.8B,qwen35,1024,Q2_K-rr,blk.19.ffn_gate.weight,ffn_gate,19,1024,3584,fc,128,0.32,extract_adapter.py log (2-dec),log,/home/max/Documents/openbeast-research/research/lowrank/experiments/24-yaqa-lite/extract-fc.log
q35-08b-Q2K-rrinput,0.8B,Qwen3.5-0.8B,qwen35,1024,Q2_K-rr,blk.19.ffn_up.weight,ffn_up,19,1024,3584,fc,128,0.3,extract_adapter.py log (2-dec),log,/home/max/Documents/openbeast-research/research/lowrank/experiments/24-yaqa-lite/extract-fc.log
q35-08b-Q2K-rrinput,0.8B,Qwen3.5-0.8B,qwen35,1024,Q2_K-rr,blk.19.attn_k.weight,attn_k,19,1024,512,fc,128,0.61,extract_adapter.py log (2-dec),log,/home/max/Documents/openbeast-research/research/lowrank/experiments/24-yaqa-lite/extract-fc.log
q35-08b-Q2K-rrinput,0.8B,Qwen3.5-0.8B,qwen35,1024,Q2_K-rr,blk.19.attn_output.weight,attn_o,19,2048,1024,fc,128,0.9,extract_adapter.py log (2-dec),log,/home/max/Documents/openbeast-research/research/lowrank/experiments/24-yaqa-lite/extract-fc.log
q35-08b-Q2K-rrinput,0.8B,Qwen3.5-0.8B,qwen35,1024,Q2_K-rr,blk.19.attn_q.weight,attn_q,19,1024,4096,fc,128,0.34,extract_adapter.py log (2-dec),log,/home/max/Documents/openbeast-research/research/lowrank/experiments/24-yaqa-lite/extract-fc.log
q35-08b-Q2K-rrinput,0.8B,Qwen3.5-0.8B,qwen35,1024,Q2_K-rr,blk.19.attn_v.weight,attn_v,19,1024,512,fc,128,0.79,extract_adapter.py log (2-dec),log,/home/max/Documents/openbeast-research/research/lowrank/experiments/24-yaqa-lite/extract-fc.log
q35-08b-Q2K-rrinput,0.8B,Qwen3.5-0.8B,qwen35,1024,Q2_K-rr,blk.2.attn_qkv.weight,attn_qkv,2,1024,6144,fc,128,0.66,extract_adapter.py log (2-dec),log,/home/max/Documents/openbeast-research/research/lowrank/experiments/24-yaqa-lite/extract-fc.log
q35-08b-Q2K-rrinput,0.8B,Qwen3.5-0.8B,qwen35,1024,Q2_K-rr,blk.2.attn_gate.weight,attn_gate,2,1024,2048,fc,128,0.38,extract_adapter.py log (2-dec),log,/home/max/Documents/openbeast-research/research/lowrank/experiments/24-yaqa-lite/extract-fc.log
q35-08b-Q2K-rrinput,0.8B,Qwen3.5-0.8B,qwen35,1024,Q2_K-rr,blk.2.ssm_out.weight,ssm_out,2,2048,1024,fc,128,0.4,extract_adapter.py log (2-dec),log,/home/max/Documents/openbeast-research/research/lowrank/experiments/24-yaqa-lite/extract-fc.log
q35-08b-Q2K-rrinput,0.8B,Qwen3.5-0.8B,qwen35,1024,Q2_K-rr,blk.2.ffn_down.weight,ffn_down,2,3584,1024,fc,128,0.51,extract_adapter.py log (2-dec),log,/home/max/Documents/openbeast-research/research/lowrank/experiments/24-yaqa-lite/extract-fc.log
q35-08b-Q2K-rrinput,0.8B,Qwen3.5-0.8B,qwen35,1024,Q2_K-rr,blk.2.ffn_gate.weight,ffn_gate,2,1024,3584,fc,128,0.31,extract_adapter.py log (2-dec),log,/home/max/Documents/openbeast-research/research/lowrank/experiments/24-yaqa-lite/extract-fc.log
q35-08b-Q2K-rrinput,0.8B,Qwen3.5-0.8B,qwen35,1024,Q2_K-rr,blk.2.ffn_up.weight,ffn_up,2,1024,3584,fc,128,0.3,extract_adapter.py log (2-dec),log,/home/max/Documents/openbeast-research/research/lowrank/experiments/24-yaqa-lite/extract-fc.log
q35-08b-Q2K-rrinput,0.8B,Qwen3.5-0.8B,qwen35,1024,Q2_K-rr,blk.20.attn_qkv.weight,attn_qkv,20,1024,6144,fc,128,0.73,extract_adapter.py log (2-dec),log,/home/max/Documents/openbeast-research/research/lowrank/experiments/24-yaqa-lite/extract-fc.log
q35-08b-Q2K-rrinput,0.8B,Qwen3.5-0.8B,qwen35,1024,Q2_K-rr,blk.20.attn_gate.weight,attn_gate,20,1024,2048,fc,128,0.4,extract_adapter.py log (2-dec),log,/home/max/Documents/openbeast-research/research/lowrank/experiments/24-yaqa-lite/extract-fc.log
q35-08b-Q2K-rrinput,0.8B,Qwen3.5-0.8B,qwen35,1024,Q2_K-rr,blk.20.ssm_out.weight,ssm_out,20,2048,1024,fc,128,0.43,extract_adapter.py log (2-dec),log,/home/max/Documents/openbeast-research/research/lowrank/experiments/24-yaqa-lite/extract-fc.log
q35-08b-Q2K-rrinput,0.8B,Qwen3.5-0.8B,qwen35,1024,Q2_K-rr,blk.20.ffn_down.weight,ffn_down,20,3584,1024,fc,128,0.63,extract_adapter.py log (2-dec),log,/home/max/Documents/openbeast-research/research/lowrank/experiments/24-yaqa-lite/extract-fc.log
q35-08b-Q2K-rrinput,0.8B,Qwen3.5-0.8B,qwen35,1024,Q2_K-rr,blk.20.ffn_gate.weight,ffn_gate,20,1024,3584,fc,128,0.32,extract_adapter.py log (2-dec),log,/home/max/Documents/openbeast-research/research/lowrank/experiments/24-yaqa-lite/extract-fc.log
q35-08b-Q2K-rrinput,0.8B,Qwen3.5-0.8B,qwen35,1024,Q2_K-rr,blk.20.ffn_up.weight,ffn_up,20,1024,3584,fc,128,0.3,extract_adapter.py log (2-dec),log,/home/max/Documents/openbeast-research/research/lowrank/experiments/24-yaqa-lite/extract-fc.log
q35-08b-Q2K-rrinput,0.8B,Qwen3.5-0.8B,qwen35,1024,Q2_K-rr,blk.21.attn_qkv.weight,attn_qkv,21,1024,6144,fc,128,0.74,extract_adapter.py log (2-dec),log,/home/max/Documents/openbeast-research/research/lowrank/experiments/24-yaqa-lite/extract-fc.log
q35-08b-Q2K-rrinput,0.8B,Qwen3.5-0.8B,qwen35,1024,Q2_K-rr,blk.21.attn_gate.weight,attn_gate,21,1024,2048,fc,128,0.38,extract_adapter.py log (2-dec),log,/home/max/Documents/openbeast-research/research/lowrank/experiments/24-yaqa-lite/extract-fc.log
q35-08b-Q2K-rrinput,0.8B,Qwen3.5-0.8B,qwen35,1024,Q2_K-rr,blk.21.ssm_out.weight,ssm_out,21,2048,1024,fc,128,0.44,extract_adapter.py log (2-dec),log,/home/max/Documents/openbeast-research/research/lowrank/experiments/24-yaqa-lite/extract-fc.log
q35-08b-Q2K-rrinput,0.8B,Qwen3.5-0.8B,qwen35,1024,Q2_K-rr,blk.21.ffn_down.weight,ffn_down,21,3584,1024,fc,128,0.66,extract_adapter.py log (2-dec),log,/home/max/Documents/openbeast-research/research/lowrank/experiments/24-yaqa-lite/extract-fc.log
q35-08b-Q2K-rrinput,0.8B,Qwen3.5-0.8B,qwen35,1024,Q2_K-rr,blk.21.ffn_gate.weight,ffn_gate,21,1024,3584,fc,128,0.32,extract_adapter.py log (2-dec),log,/home/max/Documents/openbeast-research/research/lowrank/experiments/24-yaqa-lite/extract-fc.log
q35-08b-Q2K-rrinput,0.8B,Qwen3.5-0.8B,qwen35,1024,Q2_K-rr,blk.21.ffn_up.weight,ffn_up,21,1024,3584,fc,128,0.3,extract_adapter.py log (2-dec),log,/home/max/Documents/openbeast-research/research/lowrank/experiments/24-yaqa-lite/extract-fc.log
q35-08b-Q2K-rrinput,0.8B,Qwen3.5-0.8B,qwen35,1024,Q2_K-rr,blk.22.attn_qkv.weight,attn_qkv,22,1024,6144,fc,128,0.75,extract_adapter.py log (2-dec),log,/home/max/Documents/openbeast-research/research/lowrank/experiments/24-yaqa-lite/extract-fc.log
q35-08b-Q2K-rrinput,0.8B,Qwen3.5-0.8B,qwen35,1024,Q2_K-rr,blk.22.attn_gate.weight,attn_gate,22,1024,2048,fc,128,0.38,extract_adapter.py log (2-dec),log,/home/max/Documents/openbeast-research/research/lowrank/experiments/24-yaqa-lite/extract-fc.log
q35-08b-Q2K-rrinput,0.8B,Qwen3.5-0.8B,qwen35,1024,Q2_K-rr,blk.22.ssm_out.weight,ssm_out,22,2048,1024,fc,128,0.45,extract_adapter.py log (2-dec),log,/home/max/Documents/openbeast-research/research/lowrank/experiments/24-yaqa-lite/extract-fc.log
q35-08b-Q2K-rrinput,0.8B,Qwen3.5-0.8B,qwen35,1024,Q2_K-rr,blk.22.ffn_down.weight,ffn_down,22,3584,1024,fc,128,0.75,extract_adapter.py log (2-dec),log,/home/max/Documents/openbeast-research/research/lowrank/experiments/24-yaqa-lite/extract-fc.log
q35-08b-Q2K-rrinput,0.8B,Qwen3.5-0.8B,qwen35,1024,Q2_K-rr,blk.22.ffn_gate.weight,ffn_gate,22,1024,3584,fc,128,0.32,extract_adapter.py log (2-dec),log,/home/max/Documents/openbeast-research/research/lowrank/experiments/24-yaqa-lite/extract-fc.log
q35-08b-Q2K-rrinput,0.8B,Qwen3.5-0.8B,qwen35,1024,Q2_K-rr,blk.22.ffn_up.weight,ffn_up,22,1024,3584,fc,128,0.3,extract_adapter.py log (2-dec),log,/home/max/Documents/openbeast-research/research/lowrank/experiments/24-yaqa-lite/extract-fc.log
q35-08b-Q2K-rrinput,0.8B,Qwen3.5-0.8B,qwen35,1024,Q2_K-rr,blk.23.ffn_down.weight,ffn_down,23,3584,1024,fc,128,0.88,extract_adapter.py log (2-dec),log,/home/max/Documents/openbeast-research/research/lowrank/experiments/24-yaqa-lite/extract-fc.log
q35-08b-Q2K-rrinput,0.8B,Qwen3.5-0.8B,qwen35,1024,Q2_K-rr,blk.23.ffn_gate.weight,ffn_gate,23,1024,3584,fc,128,0.33,extract_adapter.py log (2-dec),log,/home/max/Documents/openbeast-research/research/lowrank/experiments/24-yaqa-lite/extract-fc.log
q35-08b-Q2K-rrinput,0.8B,Qwen3.5-0.8B,qwen35,1024,Q2_K-rr,blk.23.ffn_up.weight,ffn_up,23,1024,3584,fc,128,0.32,extract_adapter.py log (2-dec),log,/home/max/Documents/openbeast-research/research/lowrank/experiments/24-yaqa-lite/extract-fc.log
q35-08b-Q2K-rrinput,0.8B,Qwen3.5-0.8B,qwen35,1024,Q2_K-rr,blk.23.attn_k.weight,attn_k,23,1024,512,fc,128,0.6,extract_adapter.py log (2-dec),log,/home/max/Documents/openbeast-research/research/lowrank/experiments/24-yaqa-lite/extract-fc.log
q35-08b-Q2K-rrinput,0.8B,Qwen3.5-0.8B,qwen35,1024,Q2_K-rr,blk.23.attn_output.weight,attn_o,23,2048,1024,fc,128,0.89,extract_adapter.py log (2-dec),log,/home/max/Documents/openbeast-research/research/lowrank/experiments/24-yaqa-lite/extract-fc.log
q35-08b-Q2K-rrinput,0.8B,Qwen3.5-0.8B,qwen35,1024,Q2_K-rr,blk.23.attn_q.weight,attn_q,23,1024,4096,fc,128,0.34,extract_adapter.py log (2-dec),log,/home/max/Documents/openbeast-research/research/lowrank/experiments/24-yaqa-lite/extract-fc.log
q35-08b-Q2K-rrinput,0.8B,Qwen3.5-0.8B,qwen35,1024,Q2_K-rr,blk.23.attn_v.weight,attn_v,23,1024,512,fc,128,0.83,extract_adapter.py log (2-dec),log,/home/max/Documents/openbeast-research/research/lowrank/experiments/24-yaqa-lite/extract-fc.log
q35-08b-Q2K-rrinput,0.8B,Qwen3.5-0.8B,qwen35,1024,Q2_K-rr,blk.3.ffn_down.weight,ffn_down,3,3584,1024,fc,128,0.53,extract_adapter.py log (2-dec),log,/home/max/Documents/openbeast-research/research/lowrank/experiments/24-yaqa-lite/extract-fc.log
q35-08b-Q2K-rrinput,0.8B,Qwen3.5-0.8B,qwen35,1024,Q2_K-rr,blk.3.ffn_gate.weight,ffn_gate,3,1024,3584,fc,128,0.32,extract_adapter.py log (2-dec),log,/home/max/Documents/openbeast-research/research/lowrank/experiments/24-yaqa-lite/extract-fc.log
q35-08b-Q2K-rrinput,0.8B,Qwen3.5-0.8B,qwen35,1024,Q2_K-rr,blk.3.ffn_up.weight,ffn_up,3,1024,3584,fc,128,0.3,extract_adapter.py log (2-dec),log,/home/max/Documents/openbeast-research/research/lowrank/experiments/24-yaqa-lite/extract-fc.log
q35-08b-Q2K-rrinput,0.8B,Qwen3.5-0.8B,qwen35,1024,Q2_K-rr,blk.3.attn_k.weight,attn_k,3,1024,512,fc,128,0.59,extract_adapter.py log (2-dec),log,/home/max/Documents/openbeast-research/research/lowrank/experiments/24-yaqa-lite/extract-fc.log
q35-08b-Q2K-rrinput,0.8B,Qwen3.5-0.8B,qwen35,1024,Q2_K-rr,blk.3.attn_output.weight,attn_o,3,2048,1024,fc,128,0.83,extract_adapter.py log (2-dec),log,/home/max/Documents/openbeast-research/research/lowrank/experiments/24-yaqa-lite/extract-fc.log
q35-08b-Q2K-rrinput,0.8B,Qwen3.5-0.8B,qwen35,1024,Q2_K-rr,blk.3.attn_q.weight,attn_q,3,1024,4096,fc,128,0.33,extract_adapter.py log (2-dec),log,/home/max/Documents/openbeast-research/research/lowrank/experiments/24-yaqa-lite/extract-fc.log
q35-08b-Q2K-rrinput,0.8B,Qwen3.5-0.8B,qwen35,1024,Q2_K-rr,blk.3.attn_v.weight,attn_v,3,1024,512,fc,128,0.78,extract_adapter.py log (2-dec),log,/home/max/Documents/openbeast-research/research/lowrank/experiments/24-yaqa-lite/extract-fc.log
q35-08b-Q2K-rrinput,0.8B,Qwen3.5-0.8B,qwen35,1024,Q2_K-rr,blk.4.attn_qkv.weight,attn_qkv,4,1024,6144,fc,128,0.67,extract_adapter.py log (2-dec),log,/home/max/Documents/openbeast-research/research/lowrank/experiments/24-yaqa-lite/extract-fc.log
q35-08b-Q2K-rrinput,0.8B,Qwen3.5-0.8B,qwen35,1024,Q2_K-rr,blk.4.attn_gate.weight,attn_gate,4,1024,2048,fc,128,0.39,extract_adapter.py log (2-dec),log,/home/max/Documents/openbeast-research/research/lowrank/experiments/24-yaqa-lite/extract-fc.log
q35-08b-Q2K-rrinput,0.8B,Qwen3.5-0.8B,qwen35,1024,Q2_K-rr,blk.4.ssm_out.weight,ssm_out,4,2048,1024,fc,128,0.42,extract_adapter.py log (2-dec),log,/home/max/Documents/openbeast-research/research/lowrank/experiments/24-yaqa-lite/extract-fc.log
q35-08b-Q2K-rrinput,0.8B,Qwen3.5-0.8B,qwen35,1024,Q2_K-rr,blk.4.ffn_down.weight,ffn_down,4,3584,1024,fc,128,0.53,extract_adapter.py log (2-dec),log,/home/max/Documents/openbeast-research/research/lowrank/experiments/24-yaqa-lite/extract-fc.log
q35-08b-Q2K-rrinput,0.8B,Qwen3.5-0.8B,qwen35,1024,Q2_K-rr,blk.4.ffn_gate.weight,ffn_gate,4,1024,3584,fc,128,0.31,extract_adapter.py log (2-dec),log,/home/max/Documents/openbeast-research/research/lowrank/experiments/24-yaqa-lite/extract-fc.log
q35-08b-Q2K-rrinput,0.8B,Qwen3.5-0.8B,qwen35,1024,Q2_K-rr,blk.4.ffn_up.weight,ffn_up,4,1024,3584,fc,128,0.3,extract_adapter.py log (2-dec),log,/home/max/Documents/openbeast-research/research/lowrank/experiments/24-yaqa-lite/extract-fc.log
q35-08b-Q2K-rrinput,0.8B,Qwen3.5-0.8B,qwen35,1024,Q2_K-rr,blk.5.attn_qkv.weight,attn_qkv,5,1024,6144,fc,128,0.69,extract_adapter.py log (2-dec),log,/home/max/Documents/openbeast-research/research/lowrank/experiments/24-yaqa-lite/extract-fc.log
q35-08b-Q2K-rrinput,0.8B,Qwen3.5-0.8B,qwen35,1024,Q2_K-rr,blk.5.attn_gate.weight,attn_gate,5,1024,2048,fc,128,0.38,extract_adapter.py log (2-dec),log,/home/max/Documents/openbeast-research/research/lowrank/experiments/24-yaqa-lite/extract-fc.log
q35-08b-Q2K-rrinput,0.8B,Qwen3.5-0.8B,qwen35,1024,Q2_K-rr,blk.5.ssm_out.weight,ssm_out,5,2048,1024,fc,128,0.39,extract_adapter.py log (2-dec),log,/home/max/Documents/openbeast-research/research/lowrank/experiments/24-yaqa-lite/extract-fc.log
q35-08b-Q2K-rrinput,0.8B,Qwen3.5-0.8B,qwen35,1024,Q2_K-rr,blk.5.ffn_down.weight,ffn_down,5,3584,1024,fc,128,0.54,extract_adapter.py log (2-dec),log,/home/max/Documents/openbeast-research/research/lowrank/experiments/24-yaqa-lite/extract-fc.log
q35-08b-Q2K-rrinput,0.8B,Qwen3.5-0.8B,qwen35,1024,Q2_K-rr,blk.5.ffn_gate.weight,ffn_gate,5,1024,3584,fc,128,0.32,extract_adapter.py log (2-dec),log,/home/max/Documents/openbeast-research/research/lowrank/experiments/24-yaqa-lite/extract-fc.log
q35-08b-Q2K-rrinput,0.8B,Qwen3.5-0.8B,qwen35,1024,Q2_K-rr,blk.5.ffn_up.weight,ffn_up,5,1024,3584,fc,128,0.31,extract_adapter.py log (2-dec),log,/home/max/Documents/openbeast-research/research/lowrank/experiments/24-yaqa-lite/extract-fc.log
q35-08b-Q2K-rrinput,0.8B,Qwen3.5-0.8B,qwen35,1024,Q2_K-rr,blk.6.attn_qkv.weight,attn_qkv,6,1024,6144,fc,128,0.69,extract_adapter.py log (2-dec),log,/home/max/Documents/openbeast-research/research/lowrank/experiments/24-yaqa-lite/extract-fc.log
q35-08b-Q2K-rrinput,0.8B,Qwen3.5-0.8B,qwen35,1024,Q2_K-rr,blk.6.attn_gate.weight,attn_gate,6,1024,2048,fc,128,0.39,extract_adapter.py log (2-dec),log,/home/max/Documents/openbeast-research/research/lowrank/experiments/24-yaqa-lite/extract-fc.log
q35-08b-Q2K-rrinput,0.8B,Qwen3.5-0.8B,qwen35,1024,Q2_K-rr,blk.6.ssm_out.weight,ssm_out,6,2048,1024,fc,128,0.41,extract_adapter.py log (2-dec),log,/home/max/Documents/openbeast-research/research/lowrank/experiments/24-yaqa-lite/extract-fc.log
q35-08b-Q2K-rrinput,0.8B,Qwen3.5-0.8B,qwen35,1024,Q2_K-rr,blk.6.ffn_down.weight,ffn_down,6,3584,1024,fc,128,0.58,extract_adapter.py log (2-dec),log,/home/max/Documents/openbeast-research/research/lowrank/experiments/24-yaqa-lite/extract-fc.log
q35-08b-Q2K-rrinput,0.8B,Qwen3.5-0.8B,qwen35,1024,Q2_K-rr,blk.6.ffn_gate.weight,ffn_gate,6,1024,3584,fc,128,0.33,extract_adapter.py log (2-dec),log,/home/max/Documents/openbeast-research/research/lowrank/experiments/24-yaqa-lite/extract-fc.log
q35-08b-Q2K-rrinput,0.8B,Qwen3.5-0.8B,qwen35,1024,Q2_K-rr,blk.6.ffn_up.weight,ffn_up,6,1024,3584,fc,128,0.31,extract_adapter.py log (2-dec),log,/home/max/Documents/openbeast-research/research/lowrank/experiments/24-yaqa-lite/extract-fc.log
q35-08b-Q2K-rrinput,0.8B,Qwen3.5-0.8B,qwen35,1024,Q2_K-rr,blk.7.ffn_down.weight,ffn_down,7,3584,1024,fc,128,0.55,extract_adapter.py log (2-dec),log,/home/max/Documents/openbeast-research/research/lowrank/experiments/24-yaqa-lite/extract-fc.log
q35-08b-Q2K-rrinput,0.8B,Qwen3.5-0.8B,qwen35,1024,Q2_K-rr,blk.7.ffn_gate.weight,ffn_gate,7,1024,3584,fc,128,0.32,extract_adapter.py log (2-dec),log,/home/max/Documents/openbeast-research/research/lowrank/experiments/24-yaqa-lite/extract-fc.log
q35-08b-Q2K-rrinput,0.8B,Qwen3.5-0.8B,qwen35,1024,Q2_K-rr,blk.7.ffn_up.weight,ffn_up,7,1024,3584,fc,128,0.31,extract_adapter.py log (2-dec),log,/home/max/Documents/openbeast-research/research/lowrank/experiments/24-yaqa-lite/extract-fc.log
q35-08b-Q2K-rrinput,0.8B,Qwen3.5-0.8B,qwen35,1024,Q2_K-rr,blk.7.attn_k.weight,attn_k,7,1024,512,fc,128,0.59,extract_adapter.py log (2-dec),log,/home/max/Documents/openbeast-research/research/lowrank/experiments/24-yaqa-lite/extract-fc.log
q35-08b-Q2K-rrinput,0.8B,Qwen3.5-0.8B,qwen35,1024,Q2_K-rr,blk.7.attn_output.weight,attn_o,7,2048,1024,fc,128,0.84,extract_adapter.py log (2-dec),log,/home/max/Documents/openbeast-research/research/lowrank/experiments/24-yaqa-lite/extract-fc.log
q35-08b-Q2K-rrinput,0.8B,Qwen3.5-0.8B,qwen35,1024,Q2_K-rr,blk.7.attn_q.weight,attn_q,7,1024,4096,fc,128,0.33,extract_adapter.py log (2-dec),log,/home/max/Documents/openbeast-research/research/lowrank/experiments/24-yaqa-lite/extract-fc.log
q35-08b-Q2K-rrinput,0.8B,Qwen3.5-0.8B,qwen35,1024,Q2_K-rr,blk.7.attn_v.weight,attn_v,7,1024,512,fc,128,0.79,extract_adapter.py log (2-dec),log,/home/max/Documents/openbeast-research/research/lowrank/experiments/24-yaqa-lite/extract-fc.log
q35-08b-Q2K-rrinput,0.8B,Qwen3.5-0.8B,qwen35,1024,Q2_K-rr,blk.8.attn_qkv.weight,attn_qkv,8,1024,6144,fc,128,0.67,extract_adapter.py log (2-dec),log,/home/max/Documents/openbeast-research/research/lowrank/experiments/24-yaqa-lite/extract-fc.log
q35-08b-Q2K-rrinput,0.8B,Qwen3.5-0.8B,qwen35,1024,Q2_K-rr,blk.8.attn_gate.weight,attn_gate,8,1024,2048,fc,128,0.4,extract_adapter.py log (2-dec),log,/home/max/Documents/openbeast-research/research/lowrank/experiments/24-yaqa-lite/extract-fc.log
q35-08b-Q2K-rrinput,0.8B,Qwen3.5-0.8B,qwen35,1024,Q2_K-rr,blk.8.ssm_out.weight,ssm_out,8,2048,1024,fc,128,0.42,extract_adapter.py log (2-dec),log,/home/max/Documents/openbeast-research/research/lowrank/experiments/24-yaqa-lite/extract-fc.log
q35-08b-Q2K-rrinput,0.8B,Qwen3.5-0.8B,qwen35,1024,Q2_K-rr,blk.8.ffn_down.weight,ffn_down,8,3584,1024,fc,128,0.54,extract_adapter.py log (2-dec),log,/home/max/Documents/openbeast-research/research/lowrank/experiments/24-yaqa-lite/extract-fc.log
q35-08b-Q2K-rrinput,0.8B,Qwen3.5-0.8B,qwen35,1024,Q2_K-rr,blk.8.ffn_gate.weight,ffn_gate,8,1024,3584,fc,128,0.32,extract_adapter.py log (2-dec),log,/home/max/Documents/openbeast-research/research/lowrank/experiments/24-yaqa-lite/extract-fc.log
q35-08b-Q2K-rrinput,0.8B,Qwen3.5-0.8B,qwen35,1024,Q2_K-rr,blk.8.ffn_up.weight,ffn_up,8,1024,3584,fc,128,0.31,extract_adapter.py log (2-dec),log,/home/max/Documents/openbeast-research/research/lowrank/experiments/24-yaqa-lite/extract-fc.log
q35-08b-Q2K-rrinput,0.8B,Qwen3.5-0.8B,qwen35,1024,Q2_K-rr,blk.9.attn_qkv.weight,attn_qkv,9,1024,6144,fc,128,0.66,extract_adapter.py log (2-dec),log,/home/max/Documents/openbeast-research/research/lowrank/experiments/24-yaqa-lite/extract-fc.log
q35-08b-Q2K-rrinput,0.8B,Qwen3.5-0.8B,qwen35,1024,Q2_K-rr,blk.9.attn_gate.weight,attn_gate,9,1024,2048,fc,128,0.39,extract_adapter.py log (2-dec),log,/home/max/Documents/openbeast-research/research/lowrank/experiments/24-yaqa-lite/extract-fc.log
q35-08b-Q2K-rrinput,0.8B,Qwen3.5-0.8B,qwen35,1024,Q2_K-rr,blk.9.ssm_out.weight,ssm_out,9,2048,1024,fc,128,0.43,extract_adapter.py log (2-dec),log,/home/max/Documents/openbeast-research/research/lowrank/experiments/24-yaqa-lite/extract-fc.log
q35-08b-Q2K-rrinput,0.8B,Qwen3.5-0.8B,qwen35,1024,Q2_K-rr,blk.9.ffn_down.weight,ffn_down,9,3584,1024,fc,128,0.57,extract_adapter.py log (2-dec),log,/home/max/Documents/openbeast-research/research/lowrank/experiments/24-yaqa-lite/extract-fc.log
q35-08b-Q2K-rrinput,0.8B,Qwen3.5-0.8B,qwen35,1024,Q2_K-rr,blk.9.ffn_gate.weight,ffn_gate,9,1024,3584,fc,128,0.33,extract_adapter.py log (2-dec),log,/home/max/Documents/openbeast-research/research/lowrank/experiments/24-yaqa-lite/extract-fc.log
q35-08b-Q2K-rrinput,0.8B,Qwen3.5-0.8B,qwen35,1024,Q2_K-rr,blk.9.ffn_up.weight,ffn_up,9,1024,3584,fc,128,0.31,extract_adapter.py log (2-dec),log,/home/max/Documents/openbeast-research/research/lowrank/experiments/24-yaqa-lite/extract-fc.log
q35-08b-NVFP4,0.8B,Qwen3.5-0.8B,qwen35,1024,NVFP4,blk.0.attn_qkv.weight,attn_qkv,0,1024,6144,fc,128,0.74,extract_adapter.py log (2-dec),log,/home/max/Documents/openbeast/research/lowrank/experiments/34-e16-nvfp4-08b/extract-nvfp4all.log
q35-08b-NVFP4,0.8B,Qwen3.5-0.8B,qwen35,1024,NVFP4,blk.0.attn_gate.weight,attn_gate,0,1024,2048,fc,128,0.75,extract_adapter.py log (2-dec),log,/home/max/Documents/openbeast/research/lowrank/experiments/34-e16-nvfp4-08b/extract-nvfp4all.log
q35-08b-NVFP4,0.8B,Qwen3.5-0.8B,qwen35,1024,NVFP4,blk.0.ssm_out.weight,ssm_out,0,2048,1024,fc,128,0.81,extract_adapter.py log (2-dec),log,/home/max/Documents/openbeast/research/lowrank/experiments/34-e16-nvfp4-08b/extract-nvfp4all.log
q35-08b-NVFP4,0.8B,Qwen3.5-0.8B,qwen35,1024,NVFP4,blk.0.ffn_down.weight,ffn_down,0,3584,1024,fc,128,0.57,extract_adapter.py log (2-dec),log,/home/max/Documents/openbeast/research/lowrank/experiments/34-e16-nvfp4-08b/extract-nvfp4all.log
q35-08b-NVFP4,0.8B,Qwen3.5-0.8B,qwen35,1024,NVFP4,blk.0.ffn_gate.weight,ffn_gate,0,1024,3584,fc,128,0.68,extract_adapter.py log (2-dec),log,/home/max/Documents/openbeast/research/lowrank/experiments/34-e16-nvfp4-08b/extract-nvfp4all.log
q35-08b-NVFP4,0.8B,Qwen3.5-0.8B,qwen35,1024,NVFP4,blk.0.ffn_up.weight,ffn_up,0,1024,3584,fc,128,0.61,extract_adapter.py log (2-dec),log,/home/max/Documents/openbeast/research/lowrank/experiments/34-e16-nvfp4-08b/extract-nvfp4all.log
q35-08b-NVFP4,0.8B,Qwen3.5-0.8B,qwen35,1024,NVFP4,blk.1.attn_qkv.weight,attn_qkv,1,1024,6144,fc,128,0.7,extract_adapter.py log (2-dec),log,/home/max/Documents/openbeast/research/lowrank/experiments/34-e16-nvfp4-08b/extract-nvfp4all.log
q35-08b-NVFP4,0.8B,Qwen3.5-0.8B,qwen35,1024,NVFP4,blk.1.attn_gate.weight,attn_gate,1,1024,2048,fc,128,0.76,extract_adapter.py log (2-dec),log,/home/max/Documents/openbeast/research/lowrank/experiments/34-e16-nvfp4-08b/extract-nvfp4all.log
q35-08b-NVFP4,0.8B,Qwen3.5-0.8B,qwen35,1024,NVFP4,blk.1.ssm_out.weight,ssm_out,1,2048,1024,fc,128,0.77,extract_adapter.py log (2-dec),log,/home/max/Documents/openbeast/research/lowrank/experiments/34-e16-nvfp4-08b/extract-nvfp4all.log
q35-08b-NVFP4,0.8B,Qwen3.5-0.8B,qwen35,1024,NVFP4,blk.1.ffn_down.weight,ffn_down,1,3584,1024,fc,128,0.53,extract_adapter.py log (2-dec),log,/home/max/Documents/openbeast/research/lowrank/experiments/34-e16-nvfp4-08b/extract-nvfp4all.log
q35-08b-NVFP4,0.8B,Qwen3.5-0.8B,qwen35,1024,NVFP4,blk.1.ffn_gate.weight,ffn_gate,1,1024,3584,fc,128,0.65,extract_adapter.py log (2-dec),log,/home/max/Documents/openbeast/research/lowrank/experiments/34-e16-nvfp4-08b/extract-nvfp4all.log
q35-08b-NVFP4,0.8B,Qwen3.5-0.8B,qwen35,1024,NVFP4,blk.1.ffn_up.weight,ffn_up,1,1024,3584,fc,128,0.6,extract_adapter.py log (2-dec),log,/home/max/Documents/openbeast/research/lowrank/experiments/34-e16-nvfp4-08b/extract-nvfp4all.log
q35-08b-NVFP4,0.8B,Qwen3.5-0.8B,qwen35,1024,NVFP4,blk.10.attn_qkv.weight,attn_qkv,10,1024,6144,fc,128,0.73,extract_adapter.py log (2-dec),log,/home/max/Documents/openbeast/research/lowrank/experiments/34-e16-nvfp4-08b/extract-nvfp4all.log
q35-08b-NVFP4,0.8B,Qwen3.5-0.8B,qwen35,1024,NVFP4,blk.10.attn_gate.weight,attn_gate,10,1024,2048,fc,128,0.87,extract_adapter.py log (2-dec),log,/home/max/Documents/openbeast/research/lowrank/experiments/34-e16-nvfp4-08b/extract-nvfp4all.log
q35-08b-NVFP4,0.8B,Qwen3.5-0.8B,qwen35,1024,NVFP4,blk.10.ssm_out.weight,ssm_out,10,2048,1024,fc,128,0.75,extract_adapter.py log (2-dec),log,/home/max/Documents/openbeast/research/lowrank/experiments/34-e16-nvfp4-08b/extract-nvfp4all.log
q35-08b-NVFP4,0.8B,Qwen3.5-0.8B,qwen35,1024,NVFP4,blk.10.ffn_down.weight,ffn_down,10,3584,1024,fc,128,0.62,extract_adapter.py log (2-dec),log,/home/max/Documents/openbeast/research/lowrank/experiments/34-e16-nvfp4-08b/extract-nvfp4all.log
q35-08b-NVFP4,0.8B,Qwen3.5-0.8B,qwen35,1024,NVFP4,blk.10.ffn_gate.weight,ffn_gate,10,1024,3584,fc,128,0.77,extract_adapter.py log (2-dec),log,/home/max/Documents/openbeast/research/lowrank/experiments/34-e16-nvfp4-08b/extract-nvfp4all.log
q35-08b-NVFP4,0.8B,Qwen3.5-0.8B,qwen35,1024,NVFP4,blk.10.ffn_up.weight,ffn_up,10,1024,3584,fc,128,0.69,extract_adapter.py log (2-dec),log,/home/max/Documents/openbeast/research/lowrank/experiments/34-e16-nvfp4-08b/extract-nvfp4all.log
q35-08b-NVFP4,0.8B,Qwen3.5-0.8B,qwen35,1024,NVFP4,blk.11.ffn_down.weight,ffn_down,11,3584,1024,fc,128,0.62,extract_adapter.py log (2-dec),log,/home/max/Documents/openbeast/research/lowrank/experiments/34-e16-nvfp4-08b/extract-nvfp4all.log
q35-08b-NVFP4,0.8B,Qwen3.5-0.8B,qwen35,1024,NVFP4,blk.11.ffn_gate.weight,ffn_gate,11,1024,3584,fc,128,0.77,extract_adapter.py log (2-dec),log,/home/max/Documents/openbeast/research/lowrank/experiments/34-e16-nvfp4-08b/extract-nvfp4all.log
q35-08b-NVFP4,0.8B,Qwen3.5-0.8B,qwen35,1024,NVFP4,blk.11.ffn_up.weight,ffn_up,11,1024,3584,fc,128,0.69,extract_adapter.py log (2-dec),log,/home/max/Documents/openbeast/research/lowrank/experiments/34-e16-nvfp4-08b/extract-nvfp4all.log
q35-08b-NVFP4,0.8B,Qwen3.5-0.8B,qwen35,1024,NVFP4,blk.11.attn_k.weight,attn_k,11,1024,512,fc,128,0.81,extract_adapter.py log (2-dec),log,/home/max/Documents/openbeast/research/lowrank/experiments/34-e16-nvfp4-08b/extract-nvfp4all.log
q35-08b-NVFP4,0.8B,Qwen3.5-0.8B,qwen35,1024,NVFP4,blk.11.attn_output.weight,attn_o,11,2048,1024,fc,128,0.86,extract_adapter.py log (2-dec),log,/home/max/Documents/openbeast/research/lowrank/experiments/34-e16-nvfp4-08b/extract-nvfp4all.log
q35-08b-NVFP4,0.8B,Qwen3.5-0.8B,qwen35,1024,NVFP4,blk.11.attn_q.weight,attn_q,11,1024,4096,fc,128,0.69,extract_adapter.py log (2-dec),log,/home/max/Documents/openbeast/research/lowrank/experiments/34-e16-nvfp4-08b/extract-nvfp4all.log
q35-08b-NVFP4,0.8B,Qwen3.5-0.8B,qwen35,1024,NVFP4,blk.11.attn_v.weight,attn_v,11,1024,512,fc,128,0.81,extract_adapter.py log (2-dec),log,/home/max/Documents/openbeast/research/lowrank/experiments/34-e16-nvfp4-08b/extract-nvfp4all.log
q35-08b-NVFP4,0.8B,Qwen3.5-0.8B,qwen35,1024,NVFP4,blk.12.attn_qkv.weight,attn_qkv,12,1024,6144,fc,128,0.76,extract_adapter.py log (2-dec),log,/home/max/Documents/openbeast/research/lowrank/experiments/34-e16-nvfp4-08b/extract-nvfp4all.log
q35-08b-NVFP4,0.8B,Qwen3.5-0.8B,qwen35,1024,NVFP4,blk.12.attn_gate.weight,attn_gate,12,1024,2048,fc,128,0.82,extract_adapter.py log (2-dec),log,/home/max/Documents/openbeast/research/lowrank/experiments/34-e16-nvfp4-08b/extract-nvfp4all.log
q35-08b-NVFP4,0.8B,Qwen3.5-0.8B,qwen35,1024,NVFP4,blk.12.ssm_out.weight,ssm_out,12,2048,1024,fc,128,0.77,extract_adapter.py log (2-dec),log,/home/max/Documents/openbeast/research/lowrank/experiments/34-e16-nvfp4-08b/extract-nvfp4all.log
q35-08b-NVFP4,0.8B,Qwen3.5-0.8B,qwen35,1024,NVFP4,blk.12.ffn_down.weight,ffn_down,12,3584,1024,fc,128,0.61,extract_adapter.py log (2-dec),log,/home/max/Documents/openbeast/research/lowrank/experiments/34-e16-nvfp4-08b/extract-nvfp4all.log
q35-08b-NVFP4,0.8B,Qwen3.5-0.8B,qwen35,1024,NVFP4,blk.12.ffn_gate.weight,ffn_gate,12,1024,3584,fc,128,0.78,extract_adapter.py log (2-dec),log,/home/max/Documents/openbeast/research/lowrank/experiments/34-e16-nvfp4-08b/extract-nvfp4all.log
q35-08b-NVFP4,0.8B,Qwen3.5-0.8B,qwen35,1024,NVFP4,blk.12.ffn_up.weight,ffn_up,12,1024,3584,fc,128,0.71,extract_adapter.py log (2-dec),log,/home/max/Documents/openbeast/research/lowrank/experiments/34-e16-nvfp4-08b/extract-nvfp4all.log
q35-08b-NVFP4,0.8B,Qwen3.5-0.8B,qwen35,1024,NVFP4,blk.13.attn_qkv.weight,attn_qkv,13,1024,6144,fc,128,0.75,extract_adapter.py log (2-dec),log,/home/max/Documents/openbeast/research/lowrank/experiments/34-e16-nvfp4-08b/extract-nvfp4all.log
q35-08b-NVFP4,0.8B,Qwen3.5-0.8B,qwen35,1024,NVFP4,blk.13.attn_gate.weight,attn_gate,13,1024,2048,fc,128,0.82,extract_adapter.py log (2-dec),log,/home/max/Documents/openbeast/research/lowrank/experiments/34-e16-nvfp4-08b/extract-nvfp4all.log
q35-08b-NVFP4,0.8B,Qwen3.5-0.8B,qwen35,1024,NVFP4,blk.13.ssm_out.weight,ssm_out,13,2048,1024,fc,128,0.77,extract_adapter.py log (2-dec),log,/home/max/Documents/openbeast/research/lowrank/experiments/34-e16-nvfp4-08b/extract-nvfp4all.log
q35-08b-NVFP4,0.8B,Qwen3.5-0.8B,qwen35,1024,NVFP4,blk.13.ffn_down.weight,ffn_down,13,3584,1024,fc,128,0.65,extract_adapter.py log (2-dec),log,/home/max/Documents/openbeast/research/lowrank/experiments/34-e16-nvfp4-08b/extract-nvfp4all.log
q35-08b-NVFP4,0.8B,Qwen3.5-0.8B,qwen35,1024,NVFP4,blk.13.ffn_gate.weight,ffn_gate,13,1024,3584,fc,128,0.8,extract_adapter.py log (2-dec),log,/home/max/Documents/openbeast/research/lowrank/experiments/34-e16-nvfp4-08b/extract-nvfp4all.log
q35-08b-NVFP4,0.8B,Qwen3.5-0.8B,qwen35,1024,NVFP4,blk.13.ffn_up.weight,ffn_up,13,1024,3584,fc,128,0.72,extract_adapter.py log (2-dec),log,/home/max/Documents/openbeast/research/lowrank/experiments/34-e16-nvfp4-08b/extract-nvfp4all.log
q35-08b-NVFP4,0.8B,Qwen3.5-0.8B,qwen35,1024,NVFP4,blk.14.attn_qkv.weight,attn_qkv,14,1024,6144,fc,128,0.77,extract_adapter.py log (2-dec),log,/home/max/Documents/openbeast/research/lowrank/experiments/34-e16-nvfp4-08b/extract-nvfp4all.log
q35-08b-NVFP4,0.8B,Qwen3.5-0.8B,qwen35,1024,NVFP4,blk.14.attn_gate.weight,attn_gate,14,1024,2048,fc,128,0.85,extract_adapter.py log (2-dec),log,/home/max/Documents/openbeast/research/lowrank/experiments/34-e16-nvfp4-08b/extract-nvfp4all.log
q35-08b-NVFP4,0.8B,Qwen3.5-0.8B,qwen35,1024,NVFP4,blk.14.ssm_out.weight,ssm_out,14,2048,1024,fc,128,0.8,extract_adapter.py log (2-dec),log,/home/max/Documents/openbeast/research/lowrank/experiments/34-e16-nvfp4-08b/extract-nvfp4all.log
q35-08b-NVFP4,0.8B,Qwen3.5-0.8B,qwen35,1024,NVFP4,blk.14.ffn_down.weight,ffn_down,14,3584,1024,fc,128,0.72,extract_adapter.py log (2-dec),log,/home/max/Documents/openbeast/research/lowrank/experiments/34-e16-nvfp4-08b/extract-nvfp4all.log
q35-08b-NVFP4,0.8B,Qwen3.5-0.8B,qwen35,1024,NVFP4,blk.14.ffn_gate.weight,ffn_gate,14,1024,3584,fc,128,0.79,extract_adapter.py log (2-dec),log,/home/max/Documents/openbeast/research/lowrank/experiments/34-e16-nvfp4-08b/extract-nvfp4all.log
q35-08b-NVFP4,0.8B,Qwen3.5-0.8B,qwen35,1024,NVFP4,blk.14.ffn_up.weight,ffn_up,14,1024,3584,fc,128,0.74,extract_adapter.py log (2-dec),log,/home/max/Documents/openbeast/research/lowrank/experiments/34-e16-nvfp4-08b/extract-nvfp4all.log
q35-08b-NVFP4,0.8B,Qwen3.5-0.8B,qwen35,1024,NVFP4,blk.15.ffn_down.weight,ffn_down,15,3584,1024,fc,128,0.64,extract_adapter.py log (2-dec),log,/home/max/Documents/openbeast/research/lowrank/experiments/34-e16-nvfp4-08b/extract-nvfp4all.log
q35-08b-NVFP4,0.8B,Qwen3.5-0.8B,qwen35,1024,NVFP4,blk.15.ffn_gate.weight,ffn_gate,15,1024,3584,fc,128,0.79,extract_adapter.py log (2-dec),log,/home/max/Documents/openbeast/research/lowrank/experiments/34-e16-nvfp4-08b/extract-nvfp4all.log
q35-08b-NVFP4,0.8B,Qwen3.5-0.8B,qwen35,1024,NVFP4,blk.15.ffn_up.weight,ffn_up,15,1024,3584,fc,128,0.72,extract_adapter.py log (2-dec),log,/home/max/Documents/openbeast/research/lowrank/experiments/34-e16-nvfp4-08b/extract-nvfp4all.log
q35-08b-NVFP4,0.8B,Qwen3.5-0.8B,qwen35,1024,NVFP4,blk.15.attn_k.weight,attn_k,15,1024,512,fc,128,0.83,extract_adapter.py log (2-dec),log,/home/max/Documents/openbeast/research/lowrank/experiments/34-e16-nvfp4-08b/extract-nvfp4all.log
q35-08b-NVFP4,0.8B,Qwen3.5-0.8B,qwen35,1024,NVFP4,blk.15.attn_output.weight,attn_o,15,2048,1024,fc,128,0.83,extract_adapter.py log (2-dec),log,/home/max/Documents/openbeast/research/lowrank/experiments/34-e16-nvfp4-08b/extract-nvfp4all.log
q35-08b-NVFP4,0.8B,Qwen3.5-0.8B,qwen35,1024,NVFP4,blk.15.attn_q.weight,attn_q,15,1024,4096,fc,128,0.72,extract_adapter.py log (2-dec),log,/home/max/Documents/openbeast/research/lowrank/experiments/34-e16-nvfp4-08b/extract-nvfp4all.log
q35-08b-NVFP4,0.8B,Qwen3.5-0.8B,qwen35,1024,NVFP4,blk.15.attn_v.weight,attn_v,15,1024,512,fc,128,0.8,extract_adapter.py log (2-dec),log,/home/max/Documents/openbeast/research/lowrank/experiments/34-e16-nvfp4-08b/extract-nvfp4all.log
q35-08b-NVFP4,0.8B,Qwen3.5-0.8B,qwen35,1024,NVFP4,blk.16.attn_qkv.weight,attn_qkv,16,1024,6144,fc,128,0.76,extract_adapter.py log (2-dec),log,/home/max/Documents/openbeast/research/lowrank/experiments/34-e16-nvfp4-08b/extract-nvfp4all.log
q35-08b-NVFP4,0.8B,Qwen3.5-0.8B,qwen35,1024,NVFP4,blk.16.attn_gate.weight,attn_gate,16,1024,2048,fc,128,0.81,extract_adapter.py log (2-dec),log,/home/max/Documents/openbeast/research/lowrank/experiments/34-e16-nvfp4-08b/extract-nvfp4all.log
q35-08b-NVFP4,0.8B,Qwen3.5-0.8B,qwen35,1024,NVFP4,blk.16.ssm_out.weight,ssm_out,16,2048,1024,fc,128,0.81,extract_adapter.py log (2-dec),log,/home/max/Documents/openbeast/research/lowrank/experiments/34-e16-nvfp4-08b/extract-nvfp4all.log
q35-08b-NVFP4,0.8B,Qwen3.5-0.8B,qwen35,1024,NVFP4,blk.16.ffn_down.weight,ffn_down,16,3584,1024,fc,128,0.62,extract_adapter.py log (2-dec),log,/home/max/Documents/openbeast/research/lowrank/experiments/34-e16-nvfp4-08b/extract-nvfp4all.log
q35-08b-NVFP4,0.8B,Qwen3.5-0.8B,qwen35,1024,NVFP4,blk.16.ffn_gate.weight,ffn_gate,16,1024,3584,fc,128,0.77,extract_adapter.py log (2-dec),log,/home/max/Documents/openbeast/research/lowrank/experiments/34-e16-nvfp4-08b/extract-nvfp4all.log
q35-08b-NVFP4,0.8B,Qwen3.5-0.8B,qwen35,1024,NVFP4,blk.16.ffn_up.weight,ffn_up,16,1024,3584,fc,128,0.73,extract_adapter.py log (2-dec),log,/home/max/Documents/openbeast/research/lowrank/experiments/34-e16-nvfp4-08b/extract-nvfp4all.log
q35-08b-NVFP4,0.8B,Qwen3.5-0.8B,qwen35,1024,NVFP4,blk.17.attn_qkv.weight,attn_qkv,17,1024,6144,fc,128,0.75,extract_adapter.py log (2-dec),log,/home/max/Documents/openbeast/research/lowrank/experiments/34-e16-nvfp4-08b/extract-nvfp4all.log
q35-08b-NVFP4,0.8B,Qwen3.5-0.8B,qwen35,1024,NVFP4,blk.17.attn_gate.weight,attn_gate,17,1024,2048,fc,128,0.79,extract_adapter.py log (2-dec),log,/home/max/Documents/openbeast/research/lowrank/experiments/34-e16-nvfp4-08b/extract-nvfp4all.log
q35-08b-NVFP4,0.8B,Qwen3.5-0.8B,qwen35,1024,NVFP4,blk.17.ssm_out.weight,ssm_out,17,2048,1024,fc,128,0.84,extract_adapter.py log (2-dec),log,/home/max/Documents/openbeast/research/lowrank/experiments/34-e16-nvfp4-08b/extract-nvfp4all.log
q35-08b-NVFP4,0.8B,Qwen3.5-0.8B,qwen35,1024,NVFP4,blk.17.ffn_down.weight,ffn_down,17,3584,1024,fc,128,0.65,extract_adapter.py log (2-dec),log,/home/max/Documents/openbeast/research/lowrank/experiments/34-e16-nvfp4-08b/extract-nvfp4all.log
q35-08b-NVFP4,0.8B,Qwen3.5-0.8B,qwen35,1024,NVFP4,blk.17.ffn_gate.weight,ffn_gate,17,1024,3584,fc,128,0.76,extract_adapter.py log (2-dec),log,/home/max/Documents/openbeast/research/lowrank/experiments/34-e16-nvfp4-08b/extract-nvfp4all.log
q35-08b-NVFP4,0.8B,Qwen3.5-0.8B,qwen35,1024,NVFP4,blk.17.ffn_up.weight,ffn_up,17,1024,3584,fc,128,0.72,extract_adapter.py log (2-dec),log,/home/max/Documents/openbeast/research/lowrank/experiments/34-e16-nvfp4-08b/extract-nvfp4all.log
q35-08b-NVFP4,0.8B,Qwen3.5-0.8B,qwen35,1024,NVFP4,blk.18.attn_qkv.weight,attn_qkv,18,1024,6144,fc,128,0.76,extract_adapter.py log (2-dec),log,/home/max/Documents/openbeast/research/lowrank/experiments/34-e16-nvfp4-08b/extract-nvfp4all.log
q35-08b-NVFP4,0.8B,Qwen3.5-0.8B,qwen35,1024,NVFP4,blk.18.attn_gate.weight,attn_gate,18,1024,2048,fc,128,0.79,extract_adapter.py log (2-dec),log,/home/max/Documents/openbeast/research/lowrank/experiments/34-e16-nvfp4-08b/extract-nvfp4all.log
q35-08b-NVFP4,0.8B,Qwen3.5-0.8B,qwen35,1024,NVFP4,blk.18.ssm_out.weight,ssm_out,18,2048,1024,fc,128,0.79,extract_adapter.py log (2-dec),log,/home/max/Documents/openbeast/research/lowrank/experiments/34-e16-nvfp4-08b/extract-nvfp4all.log
q35-08b-NVFP4,0.8B,Qwen3.5-0.8B,qwen35,1024,NVFP4,blk.18.ffn_down.weight,ffn_down,18,3584,1024,fc,128,0.68,extract_adapter.py log (2-dec),log,/home/max/Documents/openbeast/research/lowrank/experiments/34-e16-nvfp4-08b/extract-nvfp4all.log
q35-08b-NVFP4,0.8B,Qwen3.5-0.8B,qwen35,1024,NVFP4,blk.18.ffn_gate.weight,ffn_gate,18,1024,3584,fc,128,0.75,extract_adapter.py log (2-dec),log,/home/max/Documents/openbeast/research/lowrank/experiments/34-e16-nvfp4-08b/extract-nvfp4all.log
q35-08b-NVFP4,0.8B,Qwen3.5-0.8B,qwen35,1024,NVFP4,blk.18.ffn_up.weight,ffn_up,18,1024,3584,fc,128,0.71,extract_adapter.py log (2-dec),log,/home/max/Documents/openbeast/research/lowrank/experiments/34-e16-nvfp4-08b/extract-nvfp4all.log
q35-08b-NVFP4,0.8B,Qwen3.5-0.8B,qwen35,1024,NVFP4,blk.19.ffn_down.weight,ffn_down,19,3584,1024,fc,128,0.68,extract_adapter.py log (2-dec),log,/home/max/Documents/openbeast/research/lowrank/experiments/34-e16-nvfp4-08b/extract-nvfp4all.log
q35-08b-NVFP4,0.8B,Qwen3.5-0.8B,qwen35,1024,NVFP4,blk.19.ffn_gate.weight,ffn_gate,19,1024,3584,fc,128,0.76,extract_adapter.py log (2-dec),log,/home/max/Documents/openbeast/research/lowrank/experiments/34-e16-nvfp4-08b/extract-nvfp4all.log
q35-08b-NVFP4,0.8B,Qwen3.5-0.8B,qwen35,1024,NVFP4,blk.19.ffn_up.weight,ffn_up,19,1024,3584,fc,128,0.72,extract_adapter.py log (2-dec),log,/home/max/Documents/openbeast/research/lowrank/experiments/34-e16-nvfp4-08b/extract-nvfp4all.log
q35-08b-NVFP4,0.8B,Qwen3.5-0.8B,qwen35,1024,NVFP4,blk.19.attn_k.weight,attn_k,19,1024,512,fc,128,0.86,extract_adapter.py log (2-dec),log,/home/max/Documents/openbeast/research/lowrank/experiments/34-e16-nvfp4-08b/extract-nvfp4all.log
q35-08b-NVFP4,0.8B,Qwen3.5-0.8B,qwen35,1024,NVFP4,blk.19.attn_output.weight,attn_o,19,2048,1024,fc,128,0.83,extract_adapter.py log (2-dec),log,/home/max/Documents/openbeast/research/lowrank/experiments/34-e16-nvfp4-08b/extract-nvfp4all.log
q35-08b-NVFP4,0.8B,Qwen3.5-0.8B,qwen35,1024,NVFP4,blk.19.attn_q.weight,attn_q,19,1024,4096,fc,128,0.73,extract_adapter.py log (2-dec),log,/home/max/Documents/openbeast/research/lowrank/experiments/34-e16-nvfp4-08b/extract-nvfp4all.log
q35-08b-NVFP4,0.8B,Qwen3.5-0.8B,qwen35,1024,NVFP4,blk.19.attn_v.weight,attn_v,19,1024,512,fc,128,0.79,extract_adapter.py log (2-dec),log,/home/max/Documents/openbeast/research/lowrank/experiments/34-e16-nvfp4-08b/extract-nvfp4all.log
q35-08b-NVFP4,0.8B,Qwen3.5-0.8B,qwen35,1024,NVFP4,blk.2.attn_qkv.weight,attn_qkv,2,1024,6144,fc,128,0.69,extract_adapter.py log (2-dec),log,/home/max/Documents/openbeast/research/lowrank/experiments/34-e16-nvfp4-08b/extract-nvfp4all.log
q35-08b-NVFP4,0.8B,Qwen3.5-0.8B,qwen35,1024,NVFP4,blk.2.attn_gate.weight,attn_gate,2,1024,2048,fc,128,0.78,extract_adapter.py log (2-dec),log,/home/max/Documents/openbeast/research/lowrank/experiments/34-e16-nvfp4-08b/extract-nvfp4all.log
q35-08b-NVFP4,0.8B,Qwen3.5-0.8B,qwen35,1024,NVFP4,blk.2.ssm_out.weight,ssm_out,2,2048,1024,fc,128,0.78,extract_adapter.py log (2-dec),log,/home/max/Documents/openbeast/research/lowrank/experiments/34-e16-nvfp4-08b/extract-nvfp4all.log
q35-08b-NVFP4,0.8B,Qwen3.5-0.8B,qwen35,1024,NVFP4,blk.2.ffn_down.weight,ffn_down,2,3584,1024,fc,128,0.52,extract_adapter.py log (2-dec),log,/home/max/Documents/openbeast/research/lowrank/experiments/34-e16-nvfp4-08b/extract-nvfp4all.log
q35-08b-NVFP4,0.8B,Qwen3.5-0.8B,qwen35,1024,NVFP4,blk.2.ffn_gate.weight,ffn_gate,2,1024,3584,fc,128,0.67,extract_adapter.py log (2-dec),log,/home/max/Documents/openbeast/research/lowrank/experiments/34-e16-nvfp4-08b/extract-nvfp4all.log
q35-08b-NVFP4,0.8B,Qwen3.5-0.8B,qwen35,1024,NVFP4,blk.2.ffn_up.weight,ffn_up,2,1024,3584,fc,128,0.6,extract_adapter.py log (2-dec),log,/home/max/Documents/openbeast/research/lowrank/experiments/34-e16-nvfp4-08b/extract-nvfp4all.log
q35-08b-NVFP4,0.8B,Qwen3.5-0.8B,qwen35,1024,NVFP4,blk.20.attn_qkv.weight,attn_qkv,20,1024,6144,fc,128,0.76,extract_adapter.py log (2-dec),log,/home/max/Documents/openbeast/research/lowrank/experiments/34-e16-nvfp4-08b/extract-nvfp4all.log
q35-08b-NVFP4,0.8B,Qwen3.5-0.8B,qwen35,1024,NVFP4,blk.20.attn_gate.weight,attn_gate,20,1024,2048,fc,128,0.8,extract_adapter.py log (2-dec),log,/home/max/Documents/openbeast/research/lowrank/experiments/34-e16-nvfp4-08b/extract-nvfp4all.log
q35-08b-NVFP4,0.8B,Qwen3.5-0.8B,qwen35,1024,NVFP4,blk.20.ssm_out.weight,ssm_out,20,2048,1024,fc,128,0.83,extract_adapter.py log (2-dec),log,/home/max/Documents/openbeast/research/lowrank/experiments/34-e16-nvfp4-08b/extract-nvfp4all.log
q35-08b-NVFP4,0.8B,Qwen3.5-0.8B,qwen35,1024,NVFP4,blk.20.ffn_down.weight,ffn_down,20,3584,1024,fc,128,0.64,extract_adapter.py log (2-dec),log,/home/max/Documents/openbeast/research/lowrank/experiments/34-e16-nvfp4-08b/extract-nvfp4all.log
q35-08b-NVFP4,0.8B,Qwen3.5-0.8B,qwen35,1024,NVFP4,blk.20.ffn_gate.weight,ffn_gate,20,1024,3584,fc,128,0.77,extract_adapter.py log (2-dec),log,/home/max/Documents/openbeast/research/lowrank/experiments/34-e16-nvfp4-08b/extract-nvfp4all.log
q35-08b-NVFP4,0.8B,Qwen3.5-0.8B,qwen35,1024,NVFP4,blk.20.ffn_up.weight,ffn_up,20,1024,3584,fc,128,0.74,extract_adapter.py log (2-dec),log,/home/max/Documents/openbeast/research/lowrank/experiments/34-e16-nvfp4-08b/extract-nvfp4all.log
q35-08b-NVFP4,0.8B,Qwen3.5-0.8B,qwen35,1024,NVFP4,blk.21.attn_qkv.weight,attn_qkv,21,1024,6144,fc,128,0.78,extract_adapter.py log (2-dec),log,/home/max/Documents/openbeast/research/lowrank/experiments/34-e16-nvfp4-08b/extract-nvfp4all.log
q35-08b-NVFP4,0.8B,Qwen3.5-0.8B,qwen35,1024,NVFP4,blk.21.attn_gate.weight,attn_gate,21,1024,2048,fc,128,0.81,extract_adapter.py log (2-dec),log,/home/max/Documents/openbeast/research/lowrank/experiments/34-e16-nvfp4-08b/extract-nvfp4all.log
q35-08b-NVFP4,0.8B,Qwen3.5-0.8B,qwen35,1024,NVFP4,blk.21.ssm_out.weight,ssm_out,21,2048,1024,fc,128,0.85,extract_adapter.py log (2-dec),log,/home/max/Documents/openbeast/research/lowrank/experiments/34-e16-nvfp4-08b/extract-nvfp4all.log
q35-08b-NVFP4,0.8B,Qwen3.5-0.8B,qwen35,1024,NVFP4,blk.21.ffn_down.weight,ffn_down,21,3584,1024,fc,128,0.67,extract_adapter.py log (2-dec),log,/home/max/Documents/openbeast/research/lowrank/experiments/34-e16-nvfp4-08b/extract-nvfp4all.log
q35-08b-NVFP4,0.8B,Qwen3.5-0.8B,qwen35,1024,NVFP4,blk.21.ffn_gate.weight,ffn_gate,21,1024,3584,fc,128,0.78,extract_adapter.py log (2-dec),log,/home/max/Documents/openbeast/research/lowrank/experiments/34-e16-nvfp4-08b/extract-nvfp4all.log
q35-08b-NVFP4,0.8B,Qwen3.5-0.8B,qwen35,1024,NVFP4,blk.21.ffn_up.weight,ffn_up,21,1024,3584,fc,128,0.75,extract_adapter.py log (2-dec),log,/home/max/Documents/openbeast/research/lowrank/experiments/34-e16-nvfp4-08b/extract-nvfp4all.log
q35-08b-NVFP4,0.8B,Qwen3.5-0.8B,qwen35,1024,NVFP4,blk.22.attn_qkv.weight,attn_qkv,22,1024,6144,fc,128,0.79,extract_adapter.py log (2-dec),log,/home/max/Documents/openbeast/research/lowrank/experiments/34-e16-nvfp4-08b/extract-nvfp4all.log
q35-08b-NVFP4,0.8B,Qwen3.5-0.8B,qwen35,1024,NVFP4,blk.22.attn_gate.weight,attn_gate,22,1024,2048,fc,128,0.82,extract_adapter.py log (2-dec),log,/home/max/Documents/openbeast/research/lowrank/experiments/34-e16-nvfp4-08b/extract-nvfp4all.log
q35-08b-NVFP4,0.8B,Qwen3.5-0.8B,qwen35,1024,NVFP4,blk.22.ssm_out.weight,ssm_out,22,2048,1024,fc,128,0.87,extract_adapter.py log (2-dec),log,/home/max/Documents/openbeast/research/lowrank/experiments/34-e16-nvfp4-08b/extract-nvfp4all.log
q35-08b-NVFP4,0.8B,Qwen3.5-0.8B,qwen35,1024,NVFP4,blk.22.ffn_down.weight,ffn_down,22,3584,1024,fc,128,0.76,extract_adapter.py log (2-dec),log,/home/max/Documents/openbeast/research/lowrank/experiments/34-e16-nvfp4-08b/extract-nvfp4all.log
q35-08b-NVFP4,0.8B,Qwen3.5-0.8B,qwen35,1024,NVFP4,blk.22.ffn_gate.weight,ffn_gate,22,1024,3584,fc,128,0.78,extract_adapter.py log (2-dec),log,/home/max/Documents/openbeast/research/lowrank/experiments/34-e16-nvfp4-08b/extract-nvfp4all.log
q35-08b-NVFP4,0.8B,Qwen3.5-0.8B,qwen35,1024,NVFP4,blk.22.ffn_up.weight,ffn_up,22,1024,3584,fc,128,0.76,extract_adapter.py log (2-dec),log,/home/max/Documents/openbeast/research/lowrank/experiments/34-e16-nvfp4-08b/extract-nvfp4all.log
q35-08b-NVFP4,0.8B,Qwen3.5-0.8B,qwen35,1024,NVFP4,blk.23.ffn_down.weight,ffn_down,23,3584,1024,fc,128,0.87,extract_adapter.py log (2-dec),log,/home/max/Documents/openbeast/research/lowrank/experiments/34-e16-nvfp4-08b/extract-nvfp4all.log
q35-08b-NVFP4,0.8B,Qwen3.5-0.8B,qwen35,1024,NVFP4,blk.23.ffn_gate.weight,ffn_gate,23,1024,3584,fc,128,0.79,extract_adapter.py log (2-dec),log,/home/max/Documents/openbeast/research/lowrank/experiments/34-e16-nvfp4-08b/extract-nvfp4all.log
q35-08b-NVFP4,0.8B,Qwen3.5-0.8B,qwen35,1024,NVFP4,blk.23.ffn_up.weight,ffn_up,23,1024,3584,fc,128,0.78,extract_adapter.py log (2-dec),log,/home/max/Documents/openbeast/research/lowrank/experiments/34-e16-nvfp4-08b/extract-nvfp4all.log
q35-08b-NVFP4,0.8B,Qwen3.5-0.8B,qwen35,1024,NVFP4,blk.23.attn_k.weight,attn_k,23,1024,512,fc,128,0.88,extract_adapter.py log (2-dec),log,/home/max/Documents/openbeast/research/lowrank/experiments/34-e16-nvfp4-08b/extract-nvfp4all.log
q35-08b-NVFP4,0.8B,Qwen3.5-0.8B,qwen35,1024,NVFP4,blk.23.attn_output.weight,attn_o,23,2048,1024,fc,128,0.87,extract_adapter.py log (2-dec),log,/home/max/Documents/openbeast/research/lowrank/experiments/34-e16-nvfp4-08b/extract-nvfp4all.log
q35-08b-NVFP4,0.8B,Qwen3.5-0.8B,qwen35,1024,NVFP4,blk.23.attn_q.weight,attn_q,23,1024,4096,fc,128,0.77,extract_adapter.py log (2-dec),log,/home/max/Documents/openbeast/research/lowrank/experiments/34-e16-nvfp4-08b/extract-nvfp4all.log
q35-08b-NVFP4,0.8B,Qwen3.5-0.8B,qwen35,1024,NVFP4,blk.23.attn_v.weight,attn_v,23,1024,512,fc,128,0.85,extract_adapter.py log (2-dec),log,/home/max/Documents/openbeast/research/lowrank/experiments/34-e16-nvfp4-08b/extract-nvfp4all.log
q35-08b-NVFP4,0.8B,Qwen3.5-0.8B,qwen35,1024,NVFP4,blk.3.ffn_down.weight,ffn_down,3,3584,1024,fc,128,0.54,extract_adapter.py log (2-dec),log,/home/max/Documents/openbeast/research/lowrank/experiments/34-e16-nvfp4-08b/extract-nvfp4all.log
q35-08b-NVFP4,0.8B,Qwen3.5-0.8B,qwen35,1024,NVFP4,blk.3.ffn_gate.weight,ffn_gate,3,1024,3584,fc,128,0.7,extract_adapter.py log (2-dec),log,/home/max/Documents/openbeast/research/lowrank/experiments/34-e16-nvfp4-08b/extract-nvfp4all.log
q35-08b-NVFP4,0.8B,Qwen3.5-0.8B,qwen35,1024,NVFP4,blk.3.ffn_up.weight,ffn_up,3,1024,3584,fc,128,0.61,extract_adapter.py log (2-dec),log,/home/max/Documents/openbeast/research/lowrank/experiments/34-e16-nvfp4-08b/extract-nvfp4all.log
q35-08b-NVFP4,0.8B,Qwen3.5-0.8B,qwen35,1024,NVFP4,blk.3.attn_k.weight,attn_k,3,1024,512,fc,128,0.8,extract_adapter.py log (2-dec),log,/home/max/Documents/openbeast/research/lowrank/experiments/34-e16-nvfp4-08b/extract-nvfp4all.log
q35-08b-NVFP4,0.8B,Qwen3.5-0.8B,qwen35,1024,NVFP4,blk.3.attn_output.weight,attn_o,3,2048,1024,fc,128,0.8,extract_adapter.py log (2-dec),log,/home/max/Documents/openbeast/research/lowrank/experiments/34-e16-nvfp4-08b/extract-nvfp4all.log
q35-08b-NVFP4,0.8B,Qwen3.5-0.8B,qwen35,1024,NVFP4,blk.3.attn_q.weight,attn_q,3,1024,4096,fc,128,0.69,extract_adapter.py log (2-dec),log,/home/max/Documents/openbeast/research/lowrank/experiments/34-e16-nvfp4-08b/extract-nvfp4all.log
q35-08b-NVFP4,0.8B,Qwen3.5-0.8B,qwen35,1024,NVFP4,blk.3.attn_v.weight,attn_v,3,1024,512,fc,128,0.81,extract_adapter.py log (2-dec),log,/home/max/Documents/openbeast/research/lowrank/experiments/34-e16-nvfp4-08b/extract-nvfp4all.log
q35-08b-NVFP4,0.8B,Qwen3.5-0.8B,qwen35,1024,NVFP4,blk.4.attn_qkv.weight,attn_qkv,4,1024,6144,fc,128,0.72,extract_adapter.py log (2-dec),log,/home/max/Documents/openbeast/research/lowrank/experiments/34-e16-nvfp4-08b/extract-nvfp4all.log
q35-08b-NVFP4,0.8B,Qwen3.5-0.8B,qwen35,1024,NVFP4,blk.4.attn_gate.weight,attn_gate,4,1024,2048,fc,128,0.78,extract_adapter.py log (2-dec),log,/home/max/Documents/openbeast/research/lowrank/experiments/34-e16-nvfp4-08b/extract-nvfp4all.log
q35-08b-NVFP4,0.8B,Qwen3.5-0.8B,qwen35,1024,NVFP4,blk.4.ssm_out.weight,ssm_out,4,2048,1024,fc,128,0.69,extract_adapter.py log (2-dec),log,/home/max/Documents/openbeast/research/lowrank/experiments/34-e16-nvfp4-08b/extract-nvfp4all.log
q35-08b-NVFP4,0.8B,Qwen3.5-0.8B,qwen35,1024,NVFP4,blk.4.ffn_down.weight,ffn_down,4,3584,1024,fc,128,0.53,extract_adapter.py log (2-dec),log,/home/max/Documents/openbeast/research/lowrank/experiments/34-e16-nvfp4-08b/extract-nvfp4all.log
q35-08b-NVFP4,0.8B,Qwen3.5-0.8B,qwen35,1024,NVFP4,blk.4.ffn_gate.weight,ffn_gate,4,1024,3584,fc,128,0.71,extract_adapter.py log (2-dec),log,/home/max/Documents/openbeast/research/lowrank/experiments/34-e16-nvfp4-08b/extract-nvfp4all.log
q35-08b-NVFP4,0.8B,Qwen3.5-0.8B,qwen35,1024,NVFP4,blk.4.ffn_up.weight,ffn_up,4,1024,3584,fc,128,0.62,extract_adapter.py log (2-dec),log,/home/max/Documents/openbeast/research/lowrank/experiments/34-e16-nvfp4-08b/extract-nvfp4all.log
q35-08b-NVFP4,0.8B,Qwen3.5-0.8B,qwen35,1024,NVFP4,blk.5.attn_qkv.weight,attn_qkv,5,1024,6144,fc,128,0.74,extract_adapter.py log (2-dec),log,/home/max/Documents/openbeast/research/lowrank/experiments/34-e16-nvfp4-08b/extract-nvfp4all.log
q35-08b-NVFP4,0.8B,Qwen3.5-0.8B,qwen35,1024,NVFP4,blk.5.attn_gate.weight,attn_gate,5,1024,2048,fc,128,0.77,extract_adapter.py log (2-dec),log,/home/max/Documents/openbeast/research/lowrank/experiments/34-e16-nvfp4-08b/extract-nvfp4all.log
q35-08b-NVFP4,0.8B,Qwen3.5-0.8B,qwen35,1024,NVFP4,blk.5.ssm_out.weight,ssm_out,5,2048,1024,fc,128,0.71,extract_adapter.py log (2-dec),log,/home/max/Documents/openbeast/research/lowrank/experiments/34-e16-nvfp4-08b/extract-nvfp4all.log
q35-08b-NVFP4,0.8B,Qwen3.5-0.8B,qwen35,1024,NVFP4,blk.5.ffn_down.weight,ffn_down,5,3584,1024,fc,128,0.54,extract_adapter.py log (2-dec),log,/home/max/Documents/openbeast/research/lowrank/experiments/34-e16-nvfp4-08b/extract-nvfp4all.log
q35-08b-NVFP4,0.8B,Qwen3.5-0.8B,qwen35,1024,NVFP4,blk.5.ffn_gate.weight,ffn_gate,5,1024,3584,fc,128,0.72,extract_adapter.py log (2-dec),log,/home/max/Documents/openbeast/research/lowrank/experiments/34-e16-nvfp4-08b/extract-nvfp4all.log
q35-08b-NVFP4,0.8B,Qwen3.5-0.8B,qwen35,1024,NVFP4,blk.5.ffn_up.weight,ffn_up,5,1024,3584,fc,128,0.64,extract_adapter.py log (2-dec),log,/home/max/Documents/openbeast/research/lowrank/experiments/34-e16-nvfp4-08b/extract-nvfp4all.log
q35-08b-NVFP4,0.8B,Qwen3.5-0.8B,qwen35,1024,NVFP4,blk.6.attn_qkv.weight,attn_qkv,6,1024,6144,fc,128,0.73,extract_adapter.py log (2-dec),log,/home/max/Documents/openbeast/research/lowrank/experiments/34-e16-nvfp4-08b/extract-nvfp4all.log
q35-08b-NVFP4,0.8B,Qwen3.5-0.8B,qwen35,1024,NVFP4,blk.6.attn_gate.weight,attn_gate,6,1024,2048,fc,128,0.81,extract_adapter.py log (2-dec),log,/home/max/Documents/openbeast/research/lowrank/experiments/34-e16-nvfp4-08b/extract-nvfp4all.log
q35-08b-NVFP4,0.8B,Qwen3.5-0.8B,qwen35,1024,NVFP4,blk.6.ssm_out.weight,ssm_out,6,2048,1024,fc,128,0.76,extract_adapter.py log (2-dec),log,/home/max/Documents/openbeast/research/lowrank/experiments/34-e16-nvfp4-08b/extract-nvfp4all.log
q35-08b-NVFP4,0.8B,Qwen3.5-0.8B,qwen35,1024,NVFP4,blk.6.ffn_down.weight,ffn_down,6,3584,1024,fc,128,0.59,extract_adapter.py log (2-dec),log,/home/max/Documents/openbeast/research/lowrank/experiments/34-e16-nvfp4-08b/extract-nvfp4all.log
q35-08b-NVFP4,0.8B,Qwen3.5-0.8B,qwen35,1024,NVFP4,blk.6.ffn_gate.weight,ffn_gate,6,1024,3584,fc,128,0.73,extract_adapter.py log (2-dec),log,/home/max/Documents/openbeast/research/lowrank/experiments/34-e16-nvfp4-08b/extract-nvfp4all.log
q35-08b-NVFP4,0.8B,Qwen3.5-0.8B,qwen35,1024,NVFP4,blk.6.ffn_up.weight,ffn_up,6,1024,3584,fc,128,0.66,extract_adapter.py log (2-dec),log,/home/max/Documents/openbeast/research/lowrank/experiments/34-e16-nvfp4-08b/extract-nvfp4all.log
q35-08b-NVFP4,0.8B,Qwen3.5-0.8B,qwen35,1024,NVFP4,blk.7.ffn_down.weight,ffn_down,7,3584,1024,fc,128,0.55,extract_adapter.py log (2-dec),log,/home/max/Documents/openbeast/research/lowrank/experiments/34-e16-nvfp4-08b/extract-nvfp4all.log
q35-08b-NVFP4,0.8B,Qwen3.5-0.8B,qwen35,1024,NVFP4,blk.7.ffn_gate.weight,ffn_gate,7,1024,3584,fc,128,0.74,extract_adapter.py log (2-dec),log,/home/max/Documents/openbeast/research/lowrank/experiments/34-e16-nvfp4-08b/extract-nvfp4all.log
q35-08b-NVFP4,0.8B,Qwen3.5-0.8B,qwen35,1024,NVFP4,blk.7.ffn_up.weight,ffn_up,7,1024,3584,fc,128,0.64,extract_adapter.py log (2-dec),log,/home/max/Documents/openbeast/research/lowrank/experiments/34-e16-nvfp4-08b/extract-nvfp4all.log
q35-08b-NVFP4,0.8B,Qwen3.5-0.8B,qwen35,1024,NVFP4,blk.7.attn_k.weight,attn_k,7,1024,512,fc,128,0.81,extract_adapter.py log (2-dec),log,/home/max/Documents/openbeast/research/lowrank/experiments/34-e16-nvfp4-08b/extract-nvfp4all.log
q35-08b-NVFP4,0.8B,Qwen3.5-0.8B,qwen35,1024,NVFP4,blk.7.attn_output.weight,attn_o,7,2048,1024,fc,128,0.82,extract_adapter.py log (2-dec),log,/home/max/Documents/openbeast/research/lowrank/experiments/34-e16-nvfp4-08b/extract-nvfp4all.log
q35-08b-NVFP4,0.8B,Qwen3.5-0.8B,qwen35,1024,NVFP4,blk.7.attn_q.weight,attn_q,7,1024,4096,fc,128,0.7,extract_adapter.py log (2-dec),log,/home/max/Documents/openbeast/research/lowrank/experiments/34-e16-nvfp4-08b/extract-nvfp4all.log
q35-08b-NVFP4,0.8B,Qwen3.5-0.8B,qwen35,1024,NVFP4,blk.7.attn_v.weight,attn_v,7,1024,512,fc,128,0.81,extract_adapter.py log (2-dec),log,/home/max/Documents/openbeast/research/lowrank/experiments/34-e16-nvfp4-08b/extract-nvfp4all.log
q35-08b-NVFP4,0.8B,Qwen3.5-0.8B,qwen35,1024,NVFP4,blk.8.attn_qkv.weight,attn_qkv,8,1024,6144,fc,128,0.76,extract_adapter.py log (2-dec),log,/home/max/Documents/openbeast/research/lowrank/experiments/34-e16-nvfp4-08b/extract-nvfp4all.log
q35-08b-NVFP4,0.8B,Qwen3.5-0.8B,qwen35,1024,NVFP4,blk.8.attn_gate.weight,attn_gate,8,1024,2048,fc,128,0.82,extract_adapter.py log (2-dec),log,/home/max/Documents/openbeast/research/lowrank/experiments/34-e16-nvfp4-08b/extract-nvfp4all.log
q35-08b-NVFP4,0.8B,Qwen3.5-0.8B,qwen35,1024,NVFP4,blk.8.ssm_out.weight,ssm_out,8,2048,1024,fc,128,0.71,extract_adapter.py log (2-dec),log,/home/max/Documents/openbeast/research/lowrank/experiments/34-e16-nvfp4-08b/extract-nvfp4all.log
q35-08b-NVFP4,0.8B,Qwen3.5-0.8B,qwen35,1024,NVFP4,blk.8.ffn_down.weight,ffn_down,8,3584,1024,fc,128,0.55,extract_adapter.py log (2-dec),log,/home/max/Documents/openbeast/research/lowrank/experiments/34-e16-nvfp4-08b/extract-nvfp4all.log
q35-08b-NVFP4,0.8B,Qwen3.5-0.8B,qwen35,1024,NVFP4,blk.8.ffn_gate.weight,ffn_gate,8,1024,3584,fc,128,0.73,extract_adapter.py log (2-dec),log,/home/max/Documents/openbeast/research/lowrank/experiments/34-e16-nvfp4-08b/extract-nvfp4all.log
q35-08b-NVFP4,0.8B,Qwen3.5-0.8B,qwen35,1024,NVFP4,blk.8.ffn_up.weight,ffn_up,8,1024,3584,fc,128,0.64,extract_adapter.py log (2-dec),log,/home/max/Documents/openbeast/research/lowrank/experiments/34-e16-nvfp4-08b/extract-nvfp4all.log
q35-08b-NVFP4,0.8B,Qwen3.5-0.8B,qwen35,1024,NVFP4,blk.9.attn_qkv.weight,attn_qkv,9,1024,6144,fc,128,0.72,extract_adapter.py log (2-dec),log,/home/max/Documents/openbeast/research/lowrank/experiments/34-e16-nvfp4-08b/extract-nvfp4all.log
q35-08b-NVFP4,0.8B,Qwen3.5-0.8B,qwen35,1024,NVFP4,blk.9.attn_gate.weight,attn_gate,9,1024,2048,fc,128,0.8,extract_adapter.py log (2-dec),log,/home/max/Documents/openbeast/research/lowrank/experiments/34-e16-nvfp4-08b/extract-nvfp4all.log
q35-08b-NVFP4,0.8B,Qwen3.5-0.8B,qwen35,1024,NVFP4,blk.9.ssm_out.weight,ssm_out,9,2048,1024,fc,128,0.72,extract_adapter.py log (2-dec),log,/home/max/Documents/openbeast/research/lowrank/experiments/34-e16-nvfp4-08b/extract-nvfp4all.log
q35-08b-NVFP4,0.8B,Qwen3.5-0.8B,qwen35,1024,NVFP4,blk.9.ffn_down.weight,ffn_down,9,3584,1024,fc,128,0.58,extract_adapter.py log (2-dec),log,/home/max/Documents/openbeast/research/lowrank/experiments/34-e16-nvfp4-08b/extract-nvfp4all.log
q35-08b-NVFP4,0.8B,Qwen3.5-0.8B,qwen35,1024,NVFP4,blk.9.ffn_gate.weight,ffn_gate,9,1024,3584,fc,128,0.73,extract_adapter.py log (2-dec),log,/home/max/Documents/openbeast/research/lowrank/experiments/34-e16-nvfp4-08b/extract-nvfp4all.log
q35-08b-NVFP4,0.8B,Qwen3.5-0.8B,qwen35,1024,NVFP4,blk.9.ffn_up.weight,ffn_up,9,1024,3584,fc,128,0.67,extract_adapter.py log (2-dec),log,/home/max/Documents/openbeast/research/lowrank/experiments/34-e16-nvfp4-08b/extract-nvfp4all.log
q35-08b-Q3KM,0.8B,Qwen3.5-0.8B,qwen35,1024,Q3_K_M,blk.0.attn_qkv.weight,attn_qkv,0,1024,6144,fc,128,0.73,extract_adapter.py log (2-dec),log,/home/max/Documents/openbeast/research/lowrank/experiments/34-e16-nvfp4-08b/extract-q3km.log
q35-08b-Q3KM,0.8B,Qwen3.5-0.8B,qwen35,1024,Q3_K_M,blk.0.attn_gate.weight,attn_gate,0,1024,2048,fc,128,0.74,extract_adapter.py log (2-dec),log,/home/max/Documents/openbeast/research/lowrank/experiments/34-e16-nvfp4-08b/extract-q3km.log
q35-08b-Q3KM,0.8B,Qwen3.5-0.8B,qwen35,1024,Q3_K_M,blk.0.ssm_out.weight,ssm_out,0,2048,1024,fc,128,0.83,extract_adapter.py log (2-dec),log,/home/max/Documents/openbeast/research/lowrank/experiments/34-e16-nvfp4-08b/extract-q3km.log
q35-08b-Q3KM,0.8B,Qwen3.5-0.8B,qwen35,1024,Q3_K_M,blk.0.ffn_down.weight,ffn_down,0,3584,1024,fc,128,0.54,extract_adapter.py log (2-dec),log,/home/max/Documents/openbeast/research/lowrank/experiments/34-e16-nvfp4-08b/extract-q3km.log
q35-08b-Q3KM,0.8B,Qwen3.5-0.8B,qwen35,1024,Q3_K_M,blk.0.ffn_gate.weight,ffn_gate,0,1024,3584,fc,128,0.67,extract_adapter.py log (2-dec),log,/home/max/Documents/openbeast/research/lowrank/experiments/34-e16-nvfp4-08b/extract-q3km.log
q35-08b-Q3KM,0.8B,Qwen3.5-0.8B,qwen35,1024,Q3_K_M,blk.0.ffn_up.weight,ffn_up,0,1024,3584,fc,128,0.65,extract_adapter.py log (2-dec),log,/home/max/Documents/openbeast/research/lowrank/experiments/34-e16-nvfp4-08b/extract-q3km.log
q35-08b-Q3KM,0.8B,Qwen3.5-0.8B,qwen35,1024,Q3_K_M,blk.1.attn_qkv.weight,attn_qkv,1,1024,6144,fc,128,0.67,extract_adapter.py log (2-dec),log,/home/max/Documents/openbeast/research/lowrank/experiments/34-e16-nvfp4-08b/extract-q3km.log
q35-08b-Q3KM,0.8B,Qwen3.5-0.8B,qwen35,1024,Q3_K_M,blk.1.attn_gate.weight,attn_gate,1,1024,2048,fc,128,0.73,extract_adapter.py log (2-dec),log,/home/max/Documents/openbeast/research/lowrank/experiments/34-e16-nvfp4-08b/extract-q3km.log
q35-08b-Q3KM,0.8B,Qwen3.5-0.8B,qwen35,1024,Q3_K_M,blk.1.ssm_out.weight,ssm_out,1,2048,1024,fc,128,0.8,extract_adapter.py log (2-dec),log,/home/max/Documents/openbeast/research/lowrank/experiments/34-e16-nvfp4-08b/extract-q3km.log
q35-08b-Q3KM,0.8B,Qwen3.5-0.8B,qwen35,1024,Q3_K_M,blk.1.ffn_down.weight,ffn_down,1,3584,1024,fc,128,0.51,extract_adapter.py log (2-dec),log,/home/max/Documents/openbeast/research/lowrank/experiments/34-e16-nvfp4-08b/extract-q3km.log
q35-08b-Q3KM,0.8B,Qwen3.5-0.8B,qwen35,1024,Q3_K_M,blk.1.ffn_gate.weight,ffn_gate,1,1024,3584,fc,128,0.64,extract_adapter.py log (2-dec),log,/home/max/Documents/openbeast/research/lowrank/experiments/34-e16-nvfp4-08b/extract-q3km.log
q35-08b-Q3KM,0.8B,Qwen3.5-0.8B,qwen35,1024,Q3_K_M,blk.1.ffn_up.weight,ffn_up,1,1024,3584,fc,128,0.63,extract_adapter.py log (2-dec),log,/home/max/Documents/openbeast/research/lowrank/experiments/34-e16-nvfp4-08b/extract-q3km.log
q35-08b-Q3KM,0.8B,Qwen3.5-0.8B,qwen35,1024,Q3_K_M,blk.10.attn_qkv.weight,attn_qkv,10,1024,6144,fc,128,0.67,extract_adapter.py log (2-dec),log,/home/max/Documents/openbeast/research/lowrank/experiments/34-e16-nvfp4-08b/extract-q3km.log
q35-08b-Q3KM,0.8B,Qwen3.5-0.8B,qwen35,1024,Q3_K_M,blk.10.attn_gate.weight,attn_gate,10,1024,2048,fc,128,0.74,extract_adapter.py log (2-dec),log,/home/max/Documents/openbeast/research/lowrank/experiments/34-e16-nvfp4-08b/extract-q3km.log
q35-08b-Q3KM,0.8B,Qwen3.5-0.8B,qwen35,1024,Q3_K_M,blk.10.ssm_out.weight,ssm_out,10,2048,1024,fc,128,0.75,extract_adapter.py log (2-dec),log,/home/max/Documents/openbeast/research/lowrank/experiments/34-e16-nvfp4-08b/extract-q3km.log
q35-08b-Q3KM,0.8B,Qwen3.5-0.8B,qwen35,1024,Q3_K_M,blk.10.ffn_down.weight,ffn_down,10,3584,1024,fc,128,0.61,extract_adapter.py log (2-dec),log,/home/max/Documents/openbeast/research/lowrank/experiments/34-e16-nvfp4-08b/extract-q3km.log
q35-08b-Q3KM,0.8B,Qwen3.5-0.8B,qwen35,1024,Q3_K_M,blk.10.ffn_gate.weight,ffn_gate,10,1024,3584,fc,128,0.73,extract_adapter.py log (2-dec),log,/home/max/Documents/openbeast/research/lowrank/experiments/34-e16-nvfp4-08b/extract-q3km.log
q35-08b-Q3KM,0.8B,Qwen3.5-0.8B,qwen35,1024,Q3_K_M,blk.10.ffn_up.weight,ffn_up,10,1024,3584,fc,128,0.69,extract_adapter.py log (2-dec),log,/home/max/Documents/openbeast/research/lowrank/experiments/34-e16-nvfp4-08b/extract-q3km.log
q35-08b-Q3KM,0.8B,Qwen3.5-0.8B,qwen35,1024,Q3_K_M,blk.11.ffn_down.weight,ffn_down,11,3584,1024,fc,128,0.6,extract_adapter.py log (2-dec),log,/home/max/Documents/openbeast/research/lowrank/experiments/34-e16-nvfp4-08b/extract-q3km.log
q35-08b-Q3KM,0.8B,Qwen3.5-0.8B,qwen35,1024,Q3_K_M,blk.11.ffn_gate.weight,ffn_gate,11,1024,3584,fc,128,0.74,extract_adapter.py log (2-dec),log,/home/max/Documents/openbeast/research/lowrank/experiments/34-e16-nvfp4-08b/extract-q3km.log
q35-08b-Q3KM,0.8B,Qwen3.5-0.8B,qwen35,1024,Q3_K_M,blk.11.ffn_up.weight,ffn_up,11,1024,3584,fc,128,0.69,extract_adapter.py log (2-dec),log,/home/max/Documents/openbeast/research/lowrank/experiments/34-e16-nvfp4-08b/extract-q3km.log
q35-08b-Q3KM,0.8B,Qwen3.5-0.8B,qwen35,1024,Q3_K_M,blk.11.attn_k.weight,attn_k,11,1024,512,fc,128,0.83,extract_adapter.py log (2-dec),log,/home/max/Documents/openbeast/research/lowrank/experiments/34-e16-nvfp4-08b/extract-q3km.log
q35-08b-Q3KM,0.8B,Qwen3.5-0.8B,qwen35,1024,Q3_K_M,blk.11.attn_output.weight,attn_o,11,2048,1024,fc,128,0.86,extract_adapter.py log (2-dec),log,/home/max/Documents/openbeast/research/lowrank/experiments/34-e16-nvfp4-08b/extract-q3km.log
q35-08b-Q3KM,0.8B,Qwen3.5-0.8B,qwen35,1024,Q3_K_M,blk.11.attn_q.weight,attn_q,11,1024,4096,fc,128,0.71,extract_adapter.py log (2-dec),log,/home/max/Documents/openbeast/research/lowrank/experiments/34-e16-nvfp4-08b/extract-q3km.log
q35-08b-Q3KM,0.8B,Qwen3.5-0.8B,qwen35,1024,Q3_K_M,blk.11.attn_v.weight,attn_v,11,1024,512,fc,128,0.78,extract_adapter.py log (2-dec),log,/home/max/Documents/openbeast/research/lowrank/experiments/34-e16-nvfp4-08b/extract-q3km.log
q35-08b-Q3KM,0.8B,Qwen3.5-0.8B,qwen35,1024,Q3_K_M,blk.12.attn_qkv.weight,attn_qkv,12,1024,6144,fc,128,0.7,extract_adapter.py log (2-dec),log,/home/max/Documents/openbeast/research/lowrank/experiments/34-e16-nvfp4-08b/extract-q3km.log
q35-08b-Q3KM,0.8B,Qwen3.5-0.8B,qwen35,1024,Q3_K_M,blk.12.attn_gate.weight,attn_gate,12,1024,2048,fc,128,0.77,extract_adapter.py log (2-dec),log,/home/max/Documents/openbeast/research/lowrank/experiments/34-e16-nvfp4-08b/extract-q3km.log
q35-08b-Q3KM,0.8B,Qwen3.5-0.8B,qwen35,1024,Q3_K_M,blk.12.ssm_out.weight,ssm_out,12,2048,1024,fc,128,0.79,extract_adapter.py log (2-dec),log,/home/max/Documents/openbeast/research/lowrank/experiments/34-e16-nvfp4-08b/extract-q3km.log
q35-08b-Q3KM,0.8B,Qwen3.5-0.8B,qwen35,1024,Q3_K_M,blk.12.ffn_down.weight,ffn_down,12,3584,1024,fc,128,0.6,extract_adapter.py log (2-dec),log,/home/max/Documents/openbeast/research/lowrank/experiments/34-e16-nvfp4-08b/extract-q3km.log
q35-08b-Q3KM,0.8B,Qwen3.5-0.8B,qwen35,1024,Q3_K_M,blk.12.ffn_gate.weight,ffn_gate,12,1024,3584,fc,128,0.76,extract_adapter.py log (2-dec),log,/home/max/Documents/openbeast/research/lowrank/experiments/34-e16-nvfp4-08b/extract-q3km.log
q35-08b-Q3KM,0.8B,Qwen3.5-0.8B,qwen35,1024,Q3_K_M,blk.12.ffn_up.weight,ffn_up,12,1024,3584,fc,128,0.7,extract_adapter.py log (2-dec),log,/home/max/Documents/openbeast/research/lowrank/experiments/34-e16-nvfp4-08b/extract-q3km.log
q35-08b-Q3KM,0.8B,Qwen3.5-0.8B,qwen35,1024,Q3_K_M,blk.13.attn_qkv.weight,attn_qkv,13,1024,6144,fc,128,0.7,extract_adapter.py log (2-dec),log,/home/max/Documents/openbeast/research/lowrank/experiments/34-e16-nvfp4-08b/extract-q3km.log
q35-08b-Q3KM,0.8B,Qwen3.5-0.8B,qwen35,1024,Q3_K_M,blk.13.attn_gate.weight,attn_gate,13,1024,2048,fc,128,0.77,extract_adapter.py log (2-dec),log,/home/max/Documents/openbeast/research/lowrank/experiments/34-e16-nvfp4-08b/extract-q3km.log
q35-08b-Q3KM,0.8B,Qwen3.5-0.8B,qwen35,1024,Q3_K_M,blk.13.ssm_out.weight,ssm_out,13,2048,1024,fc,128,0.76,extract_adapter.py log (2-dec),log,/home/max/Documents/openbeast/research/lowrank/experiments/34-e16-nvfp4-08b/extract-q3km.log
q35-08b-Q3KM,0.8B,Qwen3.5-0.8B,qwen35,1024,Q3_K_M,blk.13.ffn_down.weight,ffn_down,13,3584,1024,fc,128,0.63,extract_adapter.py log (2-dec),log,/home/max/Documents/openbeast/research/lowrank/experiments/34-e16-nvfp4-08b/extract-q3km.log
q35-08b-Q3KM,0.8B,Qwen3.5-0.8B,qwen35,1024,Q3_K_M,blk.13.ffn_gate.weight,ffn_gate,13,1024,3584,fc,128,0.77,extract_adapter.py log (2-dec),log,/home/max/Documents/openbeast/research/lowrank/experiments/34-e16-nvfp4-08b/extract-q3km.log
q35-08b-Q3KM,0.8B,Qwen3.5-0.8B,qwen35,1024,Q3_K_M,blk.13.ffn_up.weight,ffn_up,13,1024,3584,fc,128,0.72,extract_adapter.py log (2-dec),log,/home/max/Documents/openbeast/research/lowrank/experiments/34-e16-nvfp4-08b/extract-q3km.log
q35-08b-Q3KM,0.8B,Qwen3.5-0.8B,qwen35,1024,Q3_K_M,blk.14.attn_qkv.weight,attn_qkv,14,1024,6144,fc,128,0.73,extract_adapter.py log (2-dec),log,/home/max/Documents/openbeast/research/lowrank/experiments/34-e16-nvfp4-08b/extract-q3km.log
q35-08b-Q3KM,0.8B,Qwen3.5-0.8B,qwen35,1024,Q3_K_M,blk.14.attn_gate.weight,attn_gate,14,1024,2048,fc,128,0.8,extract_adapter.py log (2-dec),log,/home/max/Documents/openbeast/research/lowrank/experiments/34-e16-nvfp4-08b/extract-q3km.log
q35-08b-Q3KM,0.8B,Qwen3.5-0.8B,qwen35,1024,Q3_K_M,blk.14.ssm_out.weight,ssm_out,14,2048,1024,fc,128,0.79,extract_adapter.py log (2-dec),log,/home/max/Documents/openbeast/research/lowrank/experiments/34-e16-nvfp4-08b/extract-q3km.log
q35-08b-Q3KM,0.8B,Qwen3.5-0.8B,qwen35,1024,Q3_K_M,blk.14.ffn_down.weight,ffn_down,14,3584,1024,fc,128,0.7,extract_adapter.py log (2-dec),log,/home/max/Documents/openbeast/research/lowrank/experiments/34-e16-nvfp4-08b/extract-q3km.log
q35-08b-Q3KM,0.8B,Qwen3.5-0.8B,qwen35,1024,Q3_K_M,blk.14.ffn_gate.weight,ffn_gate,14,1024,3584,fc,128,0.77,extract_adapter.py log (2-dec),log,/home/max/Documents/openbeast/research/lowrank/experiments/34-e16-nvfp4-08b/extract-q3km.log
q35-08b-Q3KM,0.8B,Qwen3.5-0.8B,qwen35,1024,Q3_K_M,blk.14.ffn_up.weight,ffn_up,14,1024,3584,fc,128,0.72,extract_adapter.py log (2-dec),log,/home/max/Documents/openbeast/research/lowrank/experiments/34-e16-nvfp4-08b/extract-q3km.log
q35-08b-Q3KM,0.8B,Qwen3.5-0.8B,qwen35,1024,Q3_K_M,blk.15.ffn_down.weight,ffn_down,15,3584,1024,fc,128,0.62,extract_adapter.py log (2-dec),log,/home/max/Documents/openbeast/research/lowrank/experiments/34-e16-nvfp4-08b/extract-q3km.log
q35-08b-Q3KM,0.8B,Qwen3.5-0.8B,qwen35,1024,Q3_K_M,blk.15.ffn_gate.weight,ffn_gate,15,1024,3584,fc,128,0.76,extract_adapter.py log (2-dec),log,/home/max/Documents/openbeast/research/lowrank/experiments/34-e16-nvfp4-08b/extract-q3km.log
q35-08b-Q3KM,0.8B,Qwen3.5-0.8B,qwen35,1024,Q3_K_M,blk.15.ffn_up.weight,ffn_up,15,1024,3584,fc,128,0.71,extract_adapter.py log (2-dec),log,/home/max/Documents/openbeast/research/lowrank/experiments/34-e16-nvfp4-08b/extract-q3km.log
q35-08b-Q3KM,0.8B,Qwen3.5-0.8B,qwen35,1024,Q3_K_M,blk.15.attn_k.weight,attn_k,15,1024,512,fc,128,0.83,extract_adapter.py log (2-dec),log,/home/max/Documents/openbeast/research/lowrank/experiments/34-e16-nvfp4-08b/extract-q3km.log
q35-08b-Q3KM,0.8B,Qwen3.5-0.8B,qwen35,1024,Q3_K_M,blk.15.attn_output.weight,attn_o,15,2048,1024,fc,128,0.83,extract_adapter.py log (2-dec),log,/home/max/Documents/openbeast/research/lowrank/experiments/34-e16-nvfp4-08b/extract-q3km.log
q35-08b-Q3KM,0.8B,Qwen3.5-0.8B,qwen35,1024,Q3_K_M,blk.15.attn_q.weight,attn_q,15,1024,4096,fc,128,0.73,extract_adapter.py log (2-dec),log,/home/max/Documents/openbeast/research/lowrank/experiments/34-e16-nvfp4-08b/extract-q3km.log
q35-08b-Q3KM,0.8B,Qwen3.5-0.8B,qwen35,1024,Q3_K_M,blk.15.attn_v.weight,attn_v,15,1024,512,fc,128,0.8,extract_adapter.py log (2-dec),log,/home/max/Documents/openbeast/research/lowrank/experiments/34-e16-nvfp4-08b/extract-q3km.log
q35-08b-Q3KM,0.8B,Qwen3.5-0.8B,qwen35,1024,Q3_K_M,blk.16.attn_qkv.weight,attn_qkv,16,1024,6144,fc,128,0.73,extract_adapter.py log (2-dec),log,/home/max/Documents/openbeast/research/lowrank/experiments/34-e16-nvfp4-08b/extract-q3km.log
q35-08b-Q3KM,0.8B,Qwen3.5-0.8B,qwen35,1024,Q3_K_M,blk.16.attn_gate.weight,attn_gate,16,1024,2048,fc,128,0.78,extract_adapter.py log (2-dec),log,/home/max/Documents/openbeast/research/lowrank/experiments/34-e16-nvfp4-08b/extract-q3km.log
q35-08b-Q3KM,0.8B,Qwen3.5-0.8B,qwen35,1024,Q3_K_M,blk.16.ssm_out.weight,ssm_out,16,2048,1024,fc,128,0.8,extract_adapter.py log (2-dec),log,/home/max/Documents/openbeast/research/lowrank/experiments/34-e16-nvfp4-08b/extract-q3km.log
q35-08b-Q3KM,0.8B,Qwen3.5-0.8B,qwen35,1024,Q3_K_M,blk.16.ffn_down.weight,ffn_down,16,3584,1024,fc,128,0.6,extract_adapter.py log (2-dec),log,/home/max/Documents/openbeast/research/lowrank/experiments/34-e16-nvfp4-08b/extract-q3km.log
q35-08b-Q3KM,0.8B,Qwen3.5-0.8B,qwen35,1024,Q3_K_M,blk.16.ffn_gate.weight,ffn_gate,16,1024,3584,fc,128,0.76,extract_adapter.py log (2-dec),log,/home/max/Documents/openbeast/research/lowrank/experiments/34-e16-nvfp4-08b/extract-q3km.log
q35-08b-Q3KM,0.8B,Qwen3.5-0.8B,qwen35,1024,Q3_K_M,blk.16.ffn_up.weight,ffn_up,16,1024,3584,fc,128,0.71,extract_adapter.py log (2-dec),log,/home/max/Documents/openbeast/research/lowrank/experiments/34-e16-nvfp4-08b/extract-q3km.log
q35-08b-Q3KM,0.8B,Qwen3.5-0.8B,qwen35,1024,Q3_K_M,blk.17.attn_qkv.weight,attn_qkv,17,1024,6144,fc,128,0.72,extract_adapter.py log (2-dec),log,/home/max/Documents/openbeast/research/lowrank/experiments/34-e16-nvfp4-08b/extract-q3km.log
q35-08b-Q3KM,0.8B,Qwen3.5-0.8B,qwen35,1024,Q3_K_M,blk.17.attn_gate.weight,attn_gate,17,1024,2048,fc,128,0.78,extract_adapter.py log (2-dec),log,/home/max/Documents/openbeast/research/lowrank/experiments/34-e16-nvfp4-08b/extract-q3km.log
q35-08b-Q3KM,0.8B,Qwen3.5-0.8B,qwen35,1024,Q3_K_M,blk.17.ssm_out.weight,ssm_out,17,2048,1024,fc,128,0.8,extract_adapter.py log (2-dec),log,/home/max/Documents/openbeast/research/lowrank/experiments/34-e16-nvfp4-08b/extract-q3km.log
q35-08b-Q3KM,0.8B,Qwen3.5-0.8B,qwen35,1024,Q3_K_M,blk.17.ffn_down.weight,ffn_down,17,3584,1024,fc,128,0.63,extract_adapter.py log (2-dec),log,/home/max/Documents/openbeast/research/lowrank/experiments/34-e16-nvfp4-08b/extract-q3km.log
q35-08b-Q3KM,0.8B,Qwen3.5-0.8B,qwen35,1024,Q3_K_M,blk.17.ffn_gate.weight,ffn_gate,17,1024,3584,fc,128,0.76,extract_adapter.py log (2-dec),log,/home/max/Documents/openbeast/research/lowrank/experiments/34-e16-nvfp4-08b/extract-q3km.log
q35-08b-Q3KM,0.8B,Qwen3.5-0.8B,qwen35,1024,Q3_K_M,blk.17.ffn_up.weight,ffn_up,17,1024,3584,fc,128,0.7,extract_adapter.py log (2-dec),log,/home/max/Documents/openbeast/research/lowrank/experiments/34-e16-nvfp4-08b/extract-q3km.log
q35-08b-Q3KM,0.8B,Qwen3.5-0.8B,qwen35,1024,Q3_K_M,blk.18.attn_qkv.weight,attn_qkv,18,1024,6144,fc,128,0.72,extract_adapter.py log (2-dec),log,/home/max/Documents/openbeast/research/lowrank/experiments/34-e16-nvfp4-08b/extract-q3km.log
q35-08b-Q3KM,0.8B,Qwen3.5-0.8B,qwen35,1024,Q3_K_M,blk.18.attn_gate.weight,attn_gate,18,1024,2048,fc,128,0.79,extract_adapter.py log (2-dec),log,/home/max/Documents/openbeast/research/lowrank/experiments/34-e16-nvfp4-08b/extract-q3km.log
q35-08b-Q3KM,0.8B,Qwen3.5-0.8B,qwen35,1024,Q3_K_M,blk.18.ssm_out.weight,ssm_out,18,2048,1024,fc,128,0.77,extract_adapter.py log (2-dec),log,/home/max/Documents/openbeast/research/lowrank/experiments/34-e16-nvfp4-08b/extract-q3km.log
q35-08b-Q3KM,0.8B,Qwen3.5-0.8B,qwen35,1024,Q3_K_M,blk.18.ffn_down.weight,ffn_down,18,3584,1024,fc,128,0.67,extract_adapter.py log (2-dec),log,/home/max/Documents/openbeast/research/lowrank/experiments/34-e16-nvfp4-08b/extract-q3km.log
q35-08b-Q3KM,0.8B,Qwen3.5-0.8B,qwen35,1024,Q3_K_M,blk.18.ffn_gate.weight,ffn_gate,18,1024,3584,fc,128,0.75,extract_adapter.py log (2-dec),log,/home/max/Documents/openbeast/research/lowrank/experiments/34-e16-nvfp4-08b/extract-q3km.log
q35-08b-Q3KM,0.8B,Qwen3.5-0.8B,qwen35,1024,Q3_K_M,blk.18.ffn_up.weight,ffn_up,18,1024,3584,fc,128,0.7,extract_adapter.py log (2-dec),log,/home/max/Documents/openbeast/research/lowrank/experiments/34-e16-nvfp4-08b/extract-q3km.log
q35-08b-Q3KM,0.8B,Qwen3.5-0.8B,qwen35,1024,Q3_K_M,blk.19.ffn_down.weight,ffn_down,19,3584,1024,fc,128,0.63,extract_adapter.py log (2-dec),log,/home/max/Documents/openbeast/research/lowrank/experiments/34-e16-nvfp4-08b/extract-q3km.log
q35-08b-Q3KM,0.8B,Qwen3.5-0.8B,qwen35,1024,Q3_K_M,blk.19.ffn_gate.weight,ffn_gate,19,1024,3584,fc,128,0.77,extract_adapter.py log (2-dec),log,/home/max/Documents/openbeast/research/lowrank/experiments/34-e16-nvfp4-08b/extract-q3km.log
q35-08b-Q3KM,0.8B,Qwen3.5-0.8B,qwen35,1024,Q3_K_M,blk.19.ffn_up.weight,ffn_up,19,1024,3584,fc,128,0.71,extract_adapter.py log (2-dec),log,/home/max/Documents/openbeast/research/lowrank/experiments/34-e16-nvfp4-08b/extract-q3km.log
q35-08b-Q3KM,0.8B,Qwen3.5-0.8B,qwen35,1024,Q3_K_M,blk.19.attn_k.weight,attn_k,19,1024,512,fc,128,0.87,extract_adapter.py log (2-dec),log,/home/max/Documents/openbeast/research/lowrank/experiments/34-e16-nvfp4-08b/extract-q3km.log
q35-08b-Q3KM,0.8B,Qwen3.5-0.8B,qwen35,1024,Q3_K_M,blk.19.attn_output.weight,attn_o,19,2048,1024,fc,128,0.83,extract_adapter.py log (2-dec),log,/home/max/Documents/openbeast/research/lowrank/experiments/34-e16-nvfp4-08b/extract-q3km.log
q35-08b-Q3KM,0.8B,Qwen3.5-0.8B,qwen35,1024,Q3_K_M,blk.19.attn_q.weight,attn_q,19,1024,4096,fc,128,0.75,extract_adapter.py log (2-dec),log,/home/max/Documents/openbeast/research/lowrank/experiments/34-e16-nvfp4-08b/extract-q3km.log
q35-08b-Q3KM,0.8B,Qwen3.5-0.8B,qwen35,1024,Q3_K_M,blk.19.attn_v.weight,attn_v,19,1024,512,fc,128,0.79,extract_adapter.py log (2-dec),log,/home/max/Documents/openbeast/research/lowrank/experiments/34-e16-nvfp4-08b/extract-q3km.log
q35-08b-Q3KM,0.8B,Qwen3.5-0.8B,qwen35,1024,Q3_K_M,blk.2.attn_qkv.weight,attn_qkv,2,1024,6144,fc,128,0.65,extract_adapter.py log (2-dec),log,/home/max/Documents/openbeast/research/lowrank/experiments/34-e16-nvfp4-08b/extract-q3km.log
q35-08b-Q3KM,0.8B,Qwen3.5-0.8B,qwen35,1024,Q3_K_M,blk.2.attn_gate.weight,attn_gate,2,1024,2048,fc,128,0.73,extract_adapter.py log (2-dec),log,/home/max/Documents/openbeast/research/lowrank/experiments/34-e16-nvfp4-08b/extract-q3km.log
q35-08b-Q3KM,0.8B,Qwen3.5-0.8B,qwen35,1024,Q3_K_M,blk.2.ssm_out.weight,ssm_out,2,2048,1024,fc,128,0.82,extract_adapter.py log (2-dec),log,/home/max/Documents/openbeast/research/lowrank/experiments/34-e16-nvfp4-08b/extract-q3km.log
q35-08b-Q3KM,0.8B,Qwen3.5-0.8B,qwen35,1024,Q3_K_M,blk.2.ffn_down.weight,ffn_down,2,3584,1024,fc,128,0.5,extract_adapter.py log (2-dec),log,/home/max/Documents/openbeast/research/lowrank/experiments/34-e16-nvfp4-08b/extract-q3km.log
q35-08b-Q3KM,0.8B,Qwen3.5-0.8B,qwen35,1024,Q3_K_M,blk.2.ffn_gate.weight,ffn_gate,2,1024,3584,fc,128,0.67,extract_adapter.py log (2-dec),log,/home/max/Documents/openbeast/research/lowrank/experiments/34-e16-nvfp4-08b/extract-q3km.log
q35-08b-Q3KM,0.8B,Qwen3.5-0.8B,qwen35,1024,Q3_K_M,blk.2.ffn_up.weight,ffn_up,2,1024,3584,fc,128,0.63,extract_adapter.py log (2-dec),log,/home/max/Documents/openbeast/research/lowrank/experiments/34-e16-nvfp4-08b/extract-q3km.log
q35-08b-Q3KM,0.8B,Qwen3.5-0.8B,qwen35,1024,Q3_K_M,blk.20.attn_qkv.weight,attn_qkv,20,1024,6144,fc,128,0.73,extract_adapter.py log (2-dec),log,/home/max/Documents/openbeast/research/lowrank/experiments/34-e16-nvfp4-08b/extract-q3km.log
q35-08b-Q3KM,0.8B,Qwen3.5-0.8B,qwen35,1024,Q3_K_M,blk.20.attn_gate.weight,attn_gate,20,1024,2048,fc,128,0.8,extract_adapter.py log (2-dec),log,/home/max/Documents/openbeast/research/lowrank/experiments/34-e16-nvfp4-08b/extract-q3km.log
q35-08b-Q3KM,0.8B,Qwen3.5-0.8B,qwen35,1024,Q3_K_M,blk.20.ssm_out.weight,ssm_out,20,2048,1024,fc,128,0.8,extract_adapter.py log (2-dec),log,/home/max/Documents/openbeast/research/lowrank/experiments/34-e16-nvfp4-08b/extract-q3km.log
q35-08b-Q3KM,0.8B,Qwen3.5-0.8B,qwen35,1024,Q3_K_M,blk.20.ffn_down.weight,ffn_down,20,3584,1024,fc,128,0.62,extract_adapter.py log (2-dec),log,/home/max/Documents/openbeast/research/lowrank/experiments/34-e16-nvfp4-08b/extract-q3km.log
q35-08b-Q3KM,0.8B,Qwen3.5-0.8B,qwen35,1024,Q3_K_M,blk.20.ffn_gate.weight,ffn_gate,20,1024,3584,fc,128,0.78,extract_adapter.py log (2-dec),log,/home/max/Documents/openbeast/research/lowrank/experiments/34-e16-nvfp4-08b/extract-q3km.log
q35-08b-Q3KM,0.8B,Qwen3.5-0.8B,qwen35,1024,Q3_K_M,blk.20.ffn_up.weight,ffn_up,20,1024,3584,fc,128,0.73,extract_adapter.py log (2-dec),log,/home/max/Documents/openbeast/research/lowrank/experiments/34-e16-nvfp4-08b/extract-q3km.log
q35-08b-Q3KM,0.8B,Qwen3.5-0.8B,qwen35,1024,Q3_K_M,blk.21.attn_qkv.weight,attn_qkv,21,1024,6144,fc,128,0.74,extract_adapter.py log (2-dec),log,/home/max/Documents/openbeast/research/lowrank/experiments/34-e16-nvfp4-08b/extract-q3km.log
q35-08b-Q3KM,0.8B,Qwen3.5-0.8B,qwen35,1024,Q3_K_M,blk.21.attn_gate.weight,attn_gate,21,1024,2048,fc,128,0.8,extract_adapter.py log (2-dec),log,/home/max/Documents/openbeast/research/lowrank/experiments/34-e16-nvfp4-08b/extract-q3km.log
q35-08b-Q3KM,0.8B,Qwen3.5-0.8B,qwen35,1024,Q3_K_M,blk.21.ssm_out.weight,ssm_out,21,2048,1024,fc,128,0.81,extract_adapter.py log (2-dec),log,/home/max/Documents/openbeast/research/lowrank/experiments/34-e16-nvfp4-08b/extract-q3km.log
q35-08b-Q3KM,0.8B,Qwen3.5-0.8B,qwen35,1024,Q3_K_M,blk.21.ffn_down.weight,ffn_down,21,3584,1024,fc,128,0.63,extract_adapter.py log (2-dec),log,/home/max/Documents/openbeast/research/lowrank/experiments/34-e16-nvfp4-08b/extract-q3km.log
q35-08b-Q3KM,0.8B,Qwen3.5-0.8B,qwen35,1024,Q3_K_M,blk.21.ffn_gate.weight,ffn_gate,21,1024,3584,fc,128,0.78,extract_adapter.py log (2-dec),log,/home/max/Documents/openbeast/research/lowrank/experiments/34-e16-nvfp4-08b/extract-q3km.log
q35-08b-Q3KM,0.8B,Qwen3.5-0.8B,qwen35,1024,Q3_K_M,blk.21.ffn_up.weight,ffn_up,21,1024,3584,fc,128,0.74,extract_adapter.py log (2-dec),log,/home/max/Documents/openbeast/research/lowrank/experiments/34-e16-nvfp4-08b/extract-q3km.log
q35-08b-Q3KM,0.8B,Qwen3.5-0.8B,qwen35,1024,Q3_K_M,blk.22.attn_qkv.weight,attn_qkv,22,1024,6144,fc,128,0.75,extract_adapter.py log (2-dec),log,/home/max/Documents/openbeast/research/lowrank/experiments/34-e16-nvfp4-08b/extract-q3km.log
q35-08b-Q3KM,0.8B,Qwen3.5-0.8B,qwen35,1024,Q3_K_M,blk.22.attn_gate.weight,attn_gate,22,1024,2048,fc,128,0.82,extract_adapter.py log (2-dec),log,/home/max/Documents/openbeast/research/lowrank/experiments/34-e16-nvfp4-08b/extract-q3km.log
q35-08b-Q3KM,0.8B,Qwen3.5-0.8B,qwen35,1024,Q3_K_M,blk.22.ssm_out.weight,ssm_out,22,2048,1024,fc,128,0.86,extract_adapter.py log (2-dec),log,/home/max/Documents/openbeast/research/lowrank/experiments/34-e16-nvfp4-08b/extract-q3km.log
q35-08b-Q3KM,0.8B,Qwen3.5-0.8B,qwen35,1024,Q3_K_M,blk.22.ffn_down.weight,ffn_down,22,3584,1024,fc,128,0.71,extract_adapter.py log (2-dec),log,/home/max/Documents/openbeast/research/lowrank/experiments/34-e16-nvfp4-08b/extract-q3km.log
q35-08b-Q3KM,0.8B,Qwen3.5-0.8B,qwen35,1024,Q3_K_M,blk.22.ffn_gate.weight,ffn_gate,22,1024,3584,fc,128,0.79,extract_adapter.py log (2-dec),log,/home/max/Documents/openbeast/research/lowrank/experiments/34-e16-nvfp4-08b/extract-q3km.log
q35-08b-Q3KM,0.8B,Qwen3.5-0.8B,qwen35,1024,Q3_K_M,blk.22.ffn_up.weight,ffn_up,22,1024,3584,fc,128,0.76,extract_adapter.py log (2-dec),log,/home/max/Documents/openbeast/research/lowrank/experiments/34-e16-nvfp4-08b/extract-q3km.log
q35-08b-Q3KM,0.8B,Qwen3.5-0.8B,qwen35,1024,Q3_K_M,blk.23.ffn_down.weight,ffn_down,23,3584,1024,fc,128,0.87,extract_adapter.py log (2-dec),log,/home/max/Documents/openbeast/research/lowrank/experiments/34-e16-nvfp4-08b/extract-q3km.log
q35-08b-Q3KM,0.8B,Qwen3.5-0.8B,qwen35,1024,Q3_K_M,blk.23.ffn_gate.weight,ffn_gate,23,1024,3584,fc,128,0.77,extract_adapter.py log (2-dec),log,/home/max/Documents/openbeast/research/lowrank/experiments/34-e16-nvfp4-08b/extract-q3km.log
q35-08b-Q3KM,0.8B,Qwen3.5-0.8B,qwen35,1024,Q3_K_M,blk.23.ffn_up.weight,ffn_up,23,1024,3584,fc,128,0.77,extract_adapter.py log (2-dec),log,/home/max/Documents/openbeast/research/lowrank/experiments/34-e16-nvfp4-08b/extract-q3km.log
q35-08b-Q3KM,0.8B,Qwen3.5-0.8B,qwen35,1024,Q3_K_M,blk.23.attn_k.weight,attn_k,23,1024,512,fc,128,0.89,extract_adapter.py log (2-dec),log,/home/max/Documents/openbeast/research/lowrank/experiments/34-e16-nvfp4-08b/extract-q3km.log
q35-08b-Q3KM,0.8B,Qwen3.5-0.8B,qwen35,1024,Q3_K_M,blk.23.attn_output.weight,attn_o,23,2048,1024,fc,128,0.87,extract_adapter.py log (2-dec),log,/home/max/Documents/openbeast/research/lowrank/experiments/34-e16-nvfp4-08b/extract-q3km.log
q35-08b-Q3KM,0.8B,Qwen3.5-0.8B,qwen35,1024,Q3_K_M,blk.23.attn_q.weight,attn_q,23,1024,4096,fc,128,0.8,extract_adapter.py log (2-dec),log,/home/max/Documents/openbeast/research/lowrank/experiments/34-e16-nvfp4-08b/extract-q3km.log
q35-08b-Q3KM,0.8B,Qwen3.5-0.8B,qwen35,1024,Q3_K_M,blk.23.attn_v.weight,attn_v,23,1024,512,fc,128,0.83,extract_adapter.py log (2-dec),log,/home/max/Documents/openbeast/research/lowrank/experiments/34-e16-nvfp4-08b/extract-q3km.log
q35-08b-Q3KM,0.8B,Qwen3.5-0.8B,qwen35,1024,Q3_K_M,blk.3.ffn_down.weight,ffn_down,3,3584,1024,fc,128,0.52,extract_adapter.py log (2-dec),log,/home/max/Documents/openbeast/research/lowrank/experiments/34-e16-nvfp4-08b/extract-q3km.log
q35-08b-Q3KM,0.8B,Qwen3.5-0.8B,qwen35,1024,Q3_K_M,blk.3.ffn_gate.weight,ffn_gate,3,1024,3584,fc,128,0.67,extract_adapter.py log (2-dec),log,/home/max/Documents/openbeast/research/lowrank/experiments/34-e16-nvfp4-08b/extract-q3km.log
q35-08b-Q3KM,0.8B,Qwen3.5-0.8B,qwen35,1024,Q3_K_M,blk.3.ffn_up.weight,ffn_up,3,1024,3584,fc,128,0.63,extract_adapter.py log (2-dec),log,/home/max/Documents/openbeast/research/lowrank/experiments/34-e16-nvfp4-08b/extract-q3km.log
q35-08b-Q3KM,0.8B,Qwen3.5-0.8B,qwen35,1024,Q3_K_M,blk.3.attn_k.weight,attn_k,3,1024,512,fc,128,0.82,extract_adapter.py log (2-dec),log,/home/max/Documents/openbeast/research/lowrank/experiments/34-e16-nvfp4-08b/extract-q3km.log
q35-08b-Q3KM,0.8B,Qwen3.5-0.8B,qwen35,1024,Q3_K_M,blk.3.attn_output.weight,attn_o,3,2048,1024,fc,128,0.8,extract_adapter.py log (2-dec),log,/home/max/Documents/openbeast/research/lowrank/experiments/34-e16-nvfp4-08b/extract-q3km.log
q35-08b-Q3KM,0.8B,Qwen3.5-0.8B,qwen35,1024,Q3_K_M,blk.3.attn_q.weight,attn_q,3,1024,4096,fc,128,0.71,extract_adapter.py log (2-dec),log,/home/max/Documents/openbeast/research/lowrank/experiments/34-e16-nvfp4-08b/extract-q3km.log
q35-08b-Q3KM,0.8B,Qwen3.5-0.8B,qwen35,1024,Q3_K_M,blk.3.attn_v.weight,attn_v,3,1024,512,fc,128,0.78,extract_adapter.py log (2-dec),log,/home/max/Documents/openbeast/research/lowrank/experiments/34-e16-nvfp4-08b/extract-q3km.log
q35-08b-Q3KM,0.8B,Qwen3.5-0.8B,qwen35,1024,Q3_K_M,blk.4.attn_qkv.weight,attn_qkv,4,1024,6144,fc,128,0.67,extract_adapter.py log (2-dec),log,/home/max/Documents/openbeast/research/lowrank/experiments/34-e16-nvfp4-08b/extract-q3km.log
q35-08b-Q3KM,0.8B,Qwen3.5-0.8B,qwen35,1024,Q3_K_M,blk.4.attn_gate.weight,attn_gate,4,1024,2048,fc,128,0.75,extract_adapter.py log (2-dec),log,/home/max/Documents/openbeast/research/lowrank/experiments/34-e16-nvfp4-08b/extract-q3km.log
q35-08b-Q3KM,0.8B,Qwen3.5-0.8B,qwen35,1024,Q3_K_M,blk.4.ssm_out.weight,ssm_out,4,2048,1024,fc,128,0.71,extract_adapter.py log (2-dec),log,/home/max/Documents/openbeast/research/lowrank/experiments/34-e16-nvfp4-08b/extract-q3km.log
q35-08b-Q3KM,0.8B,Qwen3.5-0.8B,qwen35,1024,Q3_K_M,blk.4.ffn_down.weight,ffn_down,4,3584,1024,fc,128,0.53,extract_adapter.py log (2-dec),log,/home/max/Documents/openbeast/research/lowrank/experiments/34-e16-nvfp4-08b/extract-q3km.log
q35-08b-Q3KM,0.8B,Qwen3.5-0.8B,qwen35,1024,Q3_K_M,blk.4.ffn_gate.weight,ffn_gate,4,1024,3584,fc,128,0.67,extract_adapter.py log (2-dec),log,/home/max/Documents/openbeast/research/lowrank/experiments/34-e16-nvfp4-08b/extract-q3km.log
q35-08b-Q3KM,0.8B,Qwen3.5-0.8B,qwen35,1024,Q3_K_M,blk.4.ffn_up.weight,ffn_up,4,1024,3584,fc,128,0.63,extract_adapter.py log (2-dec),log,/home/max/Documents/openbeast/research/lowrank/experiments/34-e16-nvfp4-08b/extract-q3km.log
q35-08b-Q3KM,0.8B,Qwen3.5-0.8B,qwen35,1024,Q3_K_M,blk.5.attn_qkv.weight,attn_qkv,5,1024,6144,fc,128,0.69,extract_adapter.py log (2-dec),log,/home/max/Documents/openbeast/research/lowrank/experiments/34-e16-nvfp4-08b/extract-q3km.log
q35-08b-Q3KM,0.8B,Qwen3.5-0.8B,qwen35,1024,Q3_K_M,blk.5.attn_gate.weight,attn_gate,5,1024,2048,fc,128,0.75,extract_adapter.py log (2-dec),log,/home/max/Documents/openbeast/research/lowrank/experiments/34-e16-nvfp4-08b/extract-q3km.log
q35-08b-Q3KM,0.8B,Qwen3.5-0.8B,qwen35,1024,Q3_K_M,blk.5.ssm_out.weight,ssm_out,5,2048,1024,fc,128,0.73,extract_adapter.py log (2-dec),log,/home/max/Documents/openbeast/research/lowrank/experiments/34-e16-nvfp4-08b/extract-q3km.log
q35-08b-Q3KM,0.8B,Qwen3.5-0.8B,qwen35,1024,Q3_K_M,blk.5.ffn_down.weight,ffn_down,5,3584,1024,fc,128,0.53,extract_adapter.py log (2-dec),log,/home/max/Documents/openbeast/research/lowrank/experiments/34-e16-nvfp4-08b/extract-q3km.log
q35-08b-Q3KM,0.8B,Qwen3.5-0.8B,qwen35,1024,Q3_K_M,blk.5.ffn_gate.weight,ffn_gate,5,1024,3584,fc,128,0.68,extract_adapter.py log (2-dec),log,/home/max/Documents/openbeast/research/lowrank/experiments/34-e16-nvfp4-08b/extract-q3km.log
q35-08b-Q3KM,0.8B,Qwen3.5-0.8B,qwen35,1024,Q3_K_M,blk.5.ffn_up.weight,ffn_up,5,1024,3584,fc,128,0.65,extract_adapter.py log (2-dec),log,/home/max/Documents/openbeast/research/lowrank/experiments/34-e16-nvfp4-08b/extract-q3km.log
q35-08b-Q3KM,0.8B,Qwen3.5-0.8B,qwen35,1024,Q3_K_M,blk.6.attn_qkv.weight,attn_qkv,6,1024,6144,fc,128,0.69,extract_adapter.py log (2-dec),log,/home/max/Documents/openbeast/research/lowrank/experiments/34-e16-nvfp4-08b/extract-q3km.log
q35-08b-Q3KM,0.8B,Qwen3.5-0.8B,qwen35,1024,Q3_K_M,blk.6.attn_gate.weight,attn_gate,6,1024,2048,fc,128,0.76,extract_adapter.py log (2-dec),log,/home/max/Documents/openbeast/research/lowrank/experiments/34-e16-nvfp4-08b/extract-q3km.log
q35-08b-Q3KM,0.8B,Qwen3.5-0.8B,qwen35,1024,Q3_K_M,blk.6.ssm_out.weight,ssm_out,6,2048,1024,fc,128,0.76,extract_adapter.py log (2-dec),log,/home/max/Documents/openbeast/research/lowrank/experiments/34-e16-nvfp4-08b/extract-q3km.log
q35-08b-Q3KM,0.8B,Qwen3.5-0.8B,qwen35,1024,Q3_K_M,blk.6.ffn_down.weight,ffn_down,6,3584,1024,fc,128,0.56,extract_adapter.py log (2-dec),log,/home/max/Documents/openbeast/research/lowrank/experiments/34-e16-nvfp4-08b/extract-q3km.log
q35-08b-Q3KM,0.8B,Qwen3.5-0.8B,qwen35,1024,Q3_K_M,blk.6.ffn_gate.weight,ffn_gate,6,1024,3584,fc,128,0.7,extract_adapter.py log (2-dec),log,/home/max/Documents/openbeast/research/lowrank/experiments/34-e16-nvfp4-08b/extract-q3km.log
q35-08b-Q3KM,0.8B,Qwen3.5-0.8B,qwen35,1024,Q3_K_M,blk.6.ffn_up.weight,ffn_up,6,1024,3584,fc,128,0.67,extract_adapter.py log (2-dec),log,/home/max/Documents/openbeast/research/lowrank/experiments/34-e16-nvfp4-08b/extract-q3km.log
q35-08b-Q3KM,0.8B,Qwen3.5-0.8B,qwen35,1024,Q3_K_M,blk.7.ffn_down.weight,ffn_down,7,3584,1024,fc,128,0.54,extract_adapter.py log (2-dec),log,/home/max/Documents/openbeast/research/lowrank/experiments/34-e16-nvfp4-08b/extract-q3km.log
q35-08b-Q3KM,0.8B,Qwen3.5-0.8B,qwen35,1024,Q3_K_M,blk.7.ffn_gate.weight,ffn_gate,7,1024,3584,fc,128,0.69,extract_adapter.py log (2-dec),log,/home/max/Documents/openbeast/research/lowrank/experiments/34-e16-nvfp4-08b/extract-q3km.log
q35-08b-Q3KM,0.8B,Qwen3.5-0.8B,qwen35,1024,Q3_K_M,blk.7.ffn_up.weight,ffn_up,7,1024,3584,fc,128,0.65,extract_adapter.py log (2-dec),log,/home/max/Documents/openbeast/research/lowrank/experiments/34-e16-nvfp4-08b/extract-q3km.log
q35-08b-Q3KM,0.8B,Qwen3.5-0.8B,qwen35,1024,Q3_K_M,blk.7.attn_k.weight,attn_k,7,1024,512,fc,128,0.83,extract_adapter.py log (2-dec),log,/home/max/Documents/openbeast/research/lowrank/experiments/34-e16-nvfp4-08b/extract-q3km.log
q35-08b-Q3KM,0.8B,Qwen3.5-0.8B,qwen35,1024,Q3_K_M,blk.7.attn_output.weight,attn_o,7,2048,1024,fc,128,0.82,extract_adapter.py log (2-dec),log,/home/max/Documents/openbeast/research/lowrank/experiments/34-e16-nvfp4-08b/extract-q3km.log
q35-08b-Q3KM,0.8B,Qwen3.5-0.8B,qwen35,1024,Q3_K_M,blk.7.attn_q.weight,attn_q,7,1024,4096,fc,128,0.72,extract_adapter.py log (2-dec),log,/home/max/Documents/openbeast/research/lowrank/experiments/34-e16-nvfp4-08b/extract-q3km.log
q35-08b-Q3KM,0.8B,Qwen3.5-0.8B,qwen35,1024,Q3_K_M,blk.7.attn_v.weight,attn_v,7,1024,512,fc,128,0.79,extract_adapter.py log (2-dec),log,/home/max/Documents/openbeast/research/lowrank/experiments/34-e16-nvfp4-08b/extract-q3km.log
q35-08b-Q3KM,0.8B,Qwen3.5-0.8B,qwen35,1024,Q3_K_M,blk.8.attn_qkv.weight,attn_qkv,8,1024,6144,fc,128,0.67,extract_adapter.py log (2-dec),log,/home/max/Documents/openbeast/research/lowrank/experiments/34-e16-nvfp4-08b/extract-q3km.log
q35-08b-Q3KM,0.8B,Qwen3.5-0.8B,qwen35,1024,Q3_K_M,blk.8.attn_gate.weight,attn_gate,8,1024,2048,fc,128,0.76,extract_adapter.py log (2-dec),log,/home/max/Documents/openbeast/research/lowrank/experiments/34-e16-nvfp4-08b/extract-q3km.log
q35-08b-Q3KM,0.8B,Qwen3.5-0.8B,qwen35,1024,Q3_K_M,blk.8.ssm_out.weight,ssm_out,8,2048,1024,fc,128,0.72,extract_adapter.py log (2-dec),log,/home/max/Documents/openbeast/research/lowrank/experiments/34-e16-nvfp4-08b/extract-q3km.log
q35-08b-Q3KM,0.8B,Qwen3.5-0.8B,qwen35,1024,Q3_K_M,blk.8.ffn_down.weight,ffn_down,8,3584,1024,fc,128,0.54,extract_adapter.py log (2-dec),log,/home/max/Documents/openbeast/research/lowrank/experiments/34-e16-nvfp4-08b/extract-q3km.log
q35-08b-Q3KM,0.8B,Qwen3.5-0.8B,qwen35,1024,Q3_K_M,blk.8.ffn_gate.weight,ffn_gate,8,1024,3584,fc,128,0.69,extract_adapter.py log (2-dec),log,/home/max/Documents/openbeast/research/lowrank/experiments/34-e16-nvfp4-08b/extract-q3km.log
q35-08b-Q3KM,0.8B,Qwen3.5-0.8B,qwen35,1024,Q3_K_M,blk.8.ffn_up.weight,ffn_up,8,1024,3584,fc,128,0.65,extract_adapter.py log (2-dec),log,/home/max/Documents/openbeast/research/lowrank/experiments/34-e16-nvfp4-08b/extract-q3km.log
q35-08b-Q3KM,0.8B,Qwen3.5-0.8B,qwen35,1024,Q3_K_M,blk.9.attn_qkv.weight,attn_qkv,9,1024,6144,fc,128,0.66,extract_adapter.py log (2-dec),log,/home/max/Documents/openbeast/research/lowrank/experiments/34-e16-nvfp4-08b/extract-q3km.log
q35-08b-Q3KM,0.8B,Qwen3.5-0.8B,qwen35,1024,Q3_K_M,blk.9.attn_gate.weight,attn_gate,9,1024,2048,fc,128,0.73,extract_adapter.py log (2-dec),log,/home/max/Documents/openbeast/research/lowrank/experiments/34-e16-nvfp4-08b/extract-q3km.log
q35-08b-Q3KM,0.8B,Qwen3.5-0.8B,qwen35,1024,Q3_K_M,blk.9.ssm_out.weight,ssm_out,9,2048,1024,fc,128,0.73,extract_adapter.py log (2-dec),log,/home/max/Documents/openbeast/research/lowrank/experiments/34-e16-nvfp4-08b/extract-q3km.log
q35-08b-Q3KM,0.8B,Qwen3.5-0.8B,qwen35,1024,Q3_K_M,blk.9.ffn_down.weight,ffn_down,9,3584,1024,fc,128,0.57,extract_adapter.py log (2-dec),log,/home/max/Documents/openbeast/research/lowrank/experiments/34-e16-nvfp4-08b/extract-q3km.log
q35-08b-Q3KM,0.8B,Qwen3.5-0.8B,qwen35,1024,Q3_K_M,blk.9.ffn_gate.weight,ffn_gate,9,1024,3584,fc,128,0.69,extract_adapter.py log (2-dec),log,/home/max/Documents/openbeast/research/lowrank/experiments/34-e16-nvfp4-08b/extract-q3km.log
q35-08b-Q3KM,0.8B,Qwen3.5-0.8B,qwen35,1024,Q3_K_M,blk.9.ffn_up.weight,ffn_up,9,1024,3584,fc,128,0.66,extract_adapter.py log (2-dec),log,/home/max/Documents/openbeast/research/lowrank/experiments/34-e16-nvfp4-08b/extract-q3km.log
